run	[Clostridium] innocuum group	[Eubacterium] brachy group	[Eubacterium] oxidoreducens group	[Eubacterium] ruminantium group	[Eubacterium] saphenum group	[Eubacterium] siraeum group	[Eubacterium] sulci group	[Eubacterium] ventriosum group	[Eubacterium] xylanophilum group	[Eubacterium] yurii group	[Polyangium] brachysporum group	[Ruminococcus] gauvreauii group	[Ruminococcus] gnavus group	AAP99	Abditibacterium	Abiotrophia	Acetobacter	Achromobacter	Acidibacter	Acidicapsa	Acidiferrimicrobium	Acidiphilium	Acidipila	Acidipropionibacterium	Acidisphaera	Acidocella	Acidothermus	Acidovorax	Acinetobacter	Actinobacillus	Actinomyces	Actinomycetospora	Acutalibacter	Adhaeribacter	Aeribacillus	Aerococcus	Aeromicrobium	Aeromonas	Aerosphaera	Aestuariimicrobium	Afipia	Agathobacter	Aggregatibacter	Agrobacterium	Agrococcus	Alcaligenes	Algibacter	Aliidongia	Alistipes	Aliterella	Alkanindiges	Allomeiothermus	Alloprevotella	alphaI cluster	Altererythrobacter	Amaricoccus	Aminobacter	Ammoniphilus	Amnibacterium	Amphiplicatus	Ampullimonas	Amylibacter	Anaerobacillus	Anaerobutyricum	Anaerococcus	Anaerocolumna	Anaerolinea	Anaerorhabdus	Anaerospora	Anaerostipes	Ancalomicrobium	Anoxybacillus	Aquabacterium	Aquicella	Aquihabitans	Aquisphaera	Arachnia	Armatimonas	Arsenicicoccus	Arthrobacter	Arthrospira PCC-7345	ASF356	Asticcacaulis	Atopobium	Atopostipes	Aurantimonas	Aurantivirga	Aureimonas	Azohydromonas	Azospira	Azospirillum	Bacillus	Bacteriovorax	Bacteroides	Barrientosiimonas	Bauldia	Beggiatoa	Belnapia	Bergeyella	BIyi10	Blastocatella	Blastococcus	Blastomonas	Blattabacterium	Blautia	Bordetella	Bosea	Brachybacterium	Bradyrhizobium	Brevibacillus	Brevibacterium	Brevundimonas	Breznakibacter	Brochothrix	Brucella	Bryobacter	Bryocella	Buchananella	Burkholderia-Caballeronia-Paraburkholderia	Butyribacter	Butyrivibrio	C1-B045	Caenimonas	Caldicellulosiruptor	Caldimonas	Caldovatus	Calidifontibacter	Camelimonas	Campylobacter	Candidatus Alysiosphaera	Candidatus Arthromitus	Candidatus Berkiella	Candidatus Competibacter	Candidatus Koribacter	Candidatus Nucleicultrix	Candidatus Obscuribacter	Candidatus Omnitrophus	Candidatus Protochlamydia	Candidatus Riegeria	Candidatus Saccharimonas	Candidatus Soleaferrea	Candidatus Solibacter	Candidatus Symbiobacter	Candidatus Tokpelaia	Capnocytophaga	Cardiobacterium	Carnimonas	Carnobacterium	Caryophanon	Catellicoccus	Catenibacterium	Catonella	Caulobacter	Cavicella	Cedecea	Cellulosimicrobium	Cellvibrio	Centipeda	Chitinophaga	Christensenellaceae R-7 group	Chroococcidiopsis SAG 2023	Chryseobacterium	Chryseomicrobium	Citricoccus	Clade Ia	Cloacibacterium	Clostridium	Cnuella	Cocleimonas	Cohnella	Colidextribacter	Collinsella	Colwellia	Comamonas	Companilactobacillus	Conchiformibius	Conexibacter	Corallococcus	Corynebacterium	Coxiella	Craurococcus	Croceibacterium	Crocinitomix	Cronobacter	Cryobacterium	Cumulibacter	Cupriavidus	Curtobacterium	Curvibacter	Cutibacterium	Cyanobium PCC-6307	Cytophaga	Daeguia	Daejeonia	Dankookia	Dechloromonas	Defluviicoccus	Defluviimonas	Defluviitaleaceae UCG-011	Deinococcus	Delftia	Dermabacter	Dermacoccus	Desemzia	Desertimonas	Devosia	Dialister	Dictyobacter	Dietzia	Dokdonella	Dolosigranulum	Dongia	Dorea	DSSF69	Dyella	Edaphobacter	Edwardsiella	Eggerthia	Eikenella	Elizabethkingia	Empedobacter	Emticicia	Endobacterium	Enhydrobacter	Enterobacter	Enterocloster	Enterococcus	Enterovirga	Epulopiscium	Eremococcus	Erysipelothrix	Erysipelotrichaceae UCG-006	Escherichia-Shigella	Ewingella	Exiguobacterium	Ezakiella	F0332	Facklamia	Faecalibacterium	Faecalitalea	Falsochrobactrum	Fannyhessea	Fastidiosipila	FCPS473	Fenollaria	Ferrovibrio	Fibrisoma	Filifactor	Fimbriiglobus	Finegoldia	Flavicella	Flavihumibacter	Flavisolibacter	Flavobacterium	Fluviicola	Fonticella	Fournierella	Franconibacter	Frederiksenia	Fretibacterium	Frigoribacterium	Frisingicoccus	Fructilactobacillus	Fructobacillus	Fulvimonas	Fundidesulfovibrio	Fusicatenibacter	Fusobacterium	Gemella	Gemmata	Gemmatimonas	Gemmiger	Geodermatophilus	Geomicrobium	Geothermomicrobium	Gilvibacter	Gleimia	Gluconacetobacter	Gluconobacter	Gordonia	Granulicatella	Granulicella	Granulosicoccus	Haematobacter	Haematomicrobium	Haemophilus	Halomonas	Helcococcus	Herbaspirillum	Holdemanella	Hornefia	Hoylesella	Hydrogenophaga	Hymenobacter	Hypericibacter	Hyphomicrobium	Iamia	Ideonella	Ignavibacterium	IheB2-31	Ilumatobacter	Inquilinus	Intestinimonas	Intrasporangium	Janibacter	Janthinobacterium	Jeotgalicoccus	JGI 0001001-H03	Johnsonella	JSC-12	JTB255 marine benthic group	Kineobactrum	Kineosphaera	Kingella	Klebsiella	Klenkia	Kocuria	Komagataeibacter	Ktedonobacter	Kurthia	Kytococcus	Labrys	Lachnoanaerobaculum	Lachnoclostridium	Lachnospiraceae AC2044 group	Lachnospiraceae NK4A136 group	Lachnospiraceae NK4B4 group	Lachnospiraceae UCG-004	Lachnospiraceae UCG-006	Lachnospiraceae UCG-008	Lacinutrix	Lacticaseibacillus	Lactiplantibacillus	Lactobacillus	Lactococcus	Lancefieldella	Latilactobacillus	Lautropia	Lawsonella	Legionella	Lelliottia	Lentimicrobium	Leptolyngbya Es-Yyy1000	Leptospira	Leptothrix	Leptotrichia	Leucobacter	Leuconostoc	Leucothrix	Levilactobacillus	Lichenibacterium	Ligilactobacillus	Limnobacter	Limosilactobacillus	Liquorilactobacillus	Listeria	Longibaculum	Longimicrobium	Lonsdalea	Luteimonas	Luteitalea	Luteococcus	Lutibacter	Lysinibacillus	Lysobacter	Macellibacteroides	Macrococcus	Magnetospira	Magnetospirillum	Mammaliicoccus	Mariniblastus	Marinilactibacillus	Mariniluteicoccus	Marinoscillum	Marinosulfonomonas	Marmoricola	Marvinbryantia	Massilia	Mediterraneibacter	Megasphaera	Meiothermus	Mesorhizobium	Metabacillus	Methylobacterium	Methylocapsa	Methylopila	Methylorubrum	Methylovirgula	Microbacterium	Micrococcus	Microlunatus	Micropruina	Microvirga	Mobilicoccus	Mobiluncus	Modestobacter	Mogibacterium	Monoglobus	Moraxella	Moritella	Mucilaginibacter	Muricoccus	Mycetocola	Mycobacterium	Myroides	Nakamurella	Naumannella	Negativicoccus	Neisseria	Neobacillus	Neomicrococcus	Neorhizobium	Nesterenkonia	Nevskia	Niallia	Nibribacter	Nitrobacter	Nitrospira	Niveibacterium	Niveispirillum	NK4A214 group	Nocardioides	Nocardiopsis	Nordella	Noviherbaspirillum	Novispirillum	Novosphingobium	NS2b marine group	NS5 marine group	Nubsella	Occallatibacter	Odoribacter	Oerskovia	Oharaeibacter	Oleiharenicola	Olleya	Olsenella	OM43 clade	Oribacterium	Oryzomicrobium	Oscillibacter	Ottowia	P3OB-42	Paenarthrobacter	Paenibacillus	Paeniclostridium	Pajaroellobacter	Paludicola	Paludisphaera	Pandoraea	Pannonibacter	Pantoea	Papillibacter	Paracoccus	Paramesorhizobium	Parasutterella	Parvimonas	Parviterribacter	Patulibacter	Paucibacter	Pectobacterium	Pediococcus	Pedobacter	Pelagerythrobacter	Pelagimonas	Peptoanaerobacter	Peptoclostridium	Peptococcus	Peptoniphilus	Peptostreptococcus	Periweissella	Perlucidibaca	Phaselicystis	Phenylobacterium	Phocaeicola	Photobacterium	Phreatobacter	Pir4 lineage	Pirellula	Planctopirus	Planifilum	Planktomarina	Planococcus	Plasticicumulans	Pleomorphomonas	PMMR1	Polaribacter	Polymorphobacter	Pontibacter	Porphyromonas	Prevotella	Prevotellaceae UCG-001	Priestia	Propioniciclava	Propionicimonas	Propionivibrio	Proteiniclasticum	Proteus	Providencia	Pseudactinotalea	Pseudaeromonas	Pseudarthrobacter	Pseudoalteromonas	Pseudoclavibacter	Pseudofulvimonas	Pseudoleptotrichia	Pseudomonas	Pseudonocardia	Pseudorhodoferax	Pseudorhodoplanes	Pseudoxanthomonas	Psychrobacter	Psychroglaciecola	Psychromonas	Puia	Pygmaiobacter	Pyrinomonas	Raineya	Ralstonia	Raoultella	Rectinema	Reyranella	Rheinheimera	Rhodanobacter	Rhodoblastus	Rhodococcus	Rhodoferax	Rhodomicrobium	Rhodopila	Rhodopirellula	Rhodovarius	Rhodovastum	Rickettsiella	Rikenellaceae RC9 gut group	Rivicola	Romboutsia	Roseateles	Roseburia	Roseiarcus	Roseicella	Roseomonas	Rossellomorea	Rothia	Rubellimicrobium	Rubritepida	Ruminococcus	Ruthenibacterium	Saccharedens	Saccharibacillus	Sandaracinobacter	Sandarakinorhabdus	SAR92 clade	Sarcina	Schaalia	Schinkia	Schlesneria	SD04E11	Segatella	Selenomonas	Serratia	SH-PL14	Shewanella	Shimazuella	Shinella	Shuttleworthia	Silanimonas	Silvibacterium	Singulisphaera	Skermanella	Slackia	SN8	Sneathia	Solibacillus	Solirubrobacter	Solobacterium	Sphaerotilus	Sphingoaurantiacus	Sphingobacterium	Sphingobium	Sphingomonas	Spirosoma	Staphylococcus	Stenotrophobacter	Stenotrophomonas	Steroidobacter	Stomatobaculum	Streptobacillus	Streptococcus	Streptomyces	Sulfitobacter	Sumerlaea	SUP05 cluster	Tabrizicola	Tahibacter	Tannerella	Tautonia	Telluribacter	Tepidimonas	Terracidiphilus	Terriglobus	Terrimonas	Terrisporobacter	Tetrasphaera	Thauera	Thermobrachium	Thermomonas	Thermus	Thioclava	Thomasclavelia	Tianweitania	TM7a	TM7x	Tolumonas	Trabulsiella	Treponema	Truepera	Tsukamurella	Tumebacillus	Tundrisphaera	Turicibacter	Tychonema CCAP 1459-11B	Tyzzerella	UCG-003	UCG-005	UCG-008	Unassigned	Undibacterium	Vallitalea	Varibaculum	Variovorax	Veillonella	Verticiella	Vogesella	Weissella	Williamsia	Winkia	Xanthobacter	Xanthomonas	Xylanibacter	Xylophilus	YC-ZSS-LKJ147	Yersinia	Yimella	Yoonia	Zhengella	Zoogloea
SRR11426356	0	0	0	0	0	0	0.0175056893490384	0	0	0	0	0	0	0.0175056893490384	0	0.0525170680471153	0	0	0	0	0	0	0	0	0	0.185060144546978	0	0.0350113786980769	0.627704003801235	0	0.275089404056318	0	0	0.0050016255282967	0	0.125040638207417	0	0	0	0	0.0250081276414835	0	0.0175056893490384	0.150048765848901	0	0	0.0200065021131868	0	0	0	0	0.0350113786980769	0	0	0.0100032510565934	0	0	0	0	0	0	0	0	0	0.0625203191037087	0	0	0	0.0250081276414835	0	0.0250081276414835	0.502663365593818	0	0	0	0	0.0100032510565934	0	0	0	0	0	0.125040638207417	0	0	0	0	0	0	0	0.0525170680471153	0	0	0.0175056893490384	0	0	0	0	0.0950308850376372	0	0	0.0350113786980769	0	0	0	0	0	0.0875284467451922	0.250081276414835	0	0	0.110035761622527	0.0125040638207417	0	0.155050391377198	0	0	0	0.880286092980219	0	0	0	0	0	0.0400130042263736	0	0	0	0.0175056893490384	0	0	0	0.0425138169905219	0	0	0	0	0	0.0325105659339285	0	0	0	0	0	0.100032510565934	0	0	0.0125040638207417	0	0	0	0.0400130042263736	0.057518693575412	0	0	0	0.0150048765848901	0	0	0	0	0.0700227573961537	0	0	0	1.61302423287568	0.277590216820467	0.0175056893490384	0	0	0	0	0	0	0	0	0	0	1.28041613524395	0	0	0	0	0	0	0	0.0475154425188186	0	0	53.539900467652	0	0	0	0	0	0	0	0	0	0	0.235076399829945	0	0	0	0	0	0	0	0	0	0	0	0	0	0.0100032510565934	0	0.0450146297546703	0	0.0400130042263736	0	0	0	0	1.2053917523195	0.0200065021131868	0	0	0	0	0	0	0	0	0	0.0350113786980769	0	0.0250081276414835	0	0	0	0	0	0	0	0	0.0125040638207417	0	0	0	0.0225073148773351	0	0	0	0	0	0.0350113786980769	0.0425138169905219	0	0	0	0	0	0	0	0	0.0125040638207417	0	0.24257883812239	0.905294220621702	0	0	0	0	0	0	0	0	0	0	0	2.66336559381799	0	0	0	0	2.1256908495261	0	0	0.050016255282967	0	0	0.337609723160027	0.31760322104684	0	0	0	0	0.0100032510565934	0.00750243829244504	0	0	0	0	0	0.0550178808112637	0	0	0	0	0	0	0	0	0.0100032510565934	0	0	0.175056893490384	0	0	0	0	0	0	0	0	0	0	0	0	0	0	0	0	0.0125040638207417	0	0	0	0.050016255282967	0	0.0100032510565934	0.00250081276414835	0	0	0	0	0.0150048765848901	0	0.112536574386676	0	0	0	0	0	0	0	0	0	0	0	0	0	0	0	0.0200065021131868	0.0250081276414835	0	0	0	0	0	0	0.0125040638207417	0	0	0	0	0	0.0275089404056318	0	0	0	0	0.0150048765848901	1.33293320329107	0	0	0	0	0.0650211318678571	0.157551204141346	0.0125040638207417	0	0	0	0	0	0	0	0	0	0	0	0	0	0	0	0	0	1.7480681221397	0	0	0	0	0	0	0	0	0	0.0250081276414835	0	0	0	0	0	0.0100032510565934	0	0.0950308850376372	0	0	0	0	0	0	0	0	0	0	0	0.0900292595093405	0	0	0	0	0	0	0	0	0	0	0	0	0.0200065021131868	0	0.0100032510565934	0	0	0.0100032510565934	0	0	0	0	0	0	0	0	0	0	0	0.0300097531697802	0.0325105659339285	0	0	0	0	0	0	0.0325105659339285	0	0	0	0	0.0375121914622252	0	0.122539825443269	0.0950308850376372	0	0	0	0	1.18038362467802	0.865281216395328	0	0	0	0.0425138169905219	0	0	0	0	0	0	0	0	0	0.0100032510565934	0.0225073148773351	0.0775251956885988	0	0	0	0.360117038037362	0	0	0	0	0	0	0.0100032510565934	1.08785355240453	0	0.0275089404056318	0	0	1.54800310100783	0	0.00750243829244504	0	0	0	0	0.0300097531697802	0	0	0	0	0.180058519018681	0	0	0	0	0.0400130042263736	0	0.0475154425188186	0	0	0	0	0	0	0	0	0	0	0.340110535924175	0	0	0	0.0125040638207417	0	0	0	0	0	0.0175056893490384	0	0	0	0	0.260084527471428	0	0	0	0	0	0.0050016255282967	0.0525170680471153	0	0	0.0450146297546703	0.27258859129217	0	2.47080301097857	0	0.0600195063395604	0	0	0	14.32965713857	0	0.0175056893490384	0	0	0	0	0	0	0	0.340110535924175	0	0	0	0	0	0	0.0150048765848901	0	0	0.0425138169905219	0	0	0	0.0100032510565934	0.0225073148773351	0	0.00750243829244504	0	0	0	0	0	0	0	0	0	0	0.880286092980219	0	0	0	0	0.962812914197114	0	0	0.0350113786980769	0	0	0	0	0.0050016255282967	0	0	0.00750243829244504	0	0	0	0.135043889264011
SRR11426369	0	0	0	0	0	0	0	0	0	0	0	0	0.0551724137931034	0	0	0.137931034482759	0	0	0	0	0	0	0	0	0	0.193103448275862	0	0	1.73793103448276	0	0.551724137931034	0	0	0	0	0	0	0	0	0	0	0	0	0.386206896551724	0	0	0.0551724137931034	0	0	0	0.0551724137931034	0.110344827586207	0	0	0	3.39310344827586	0	0	0	0	0	0	0	0	0.193103448275862	0	0	0	0	0	0	0	0	0	0	0	0.0551724137931034	0	0	0	0	0	0	0	0	0	0	0	0	0	0	0.0551724137931034	0	0	0	0	0	0	0	0	0	0.0551724137931034	0	0	0.220689655172414	0	0.0827586206896552	0	0.248275862068966	0	0.0275862068965517	1.29655172413793	0	0	0.579310344827586	0	0	0	13.1586206896552	0	0	0	0	0	0	0	0	0	0	4.57931034482759	0	0	0	0	0	0	0	0	0	0	0	0	0	0	0	0	0	0	0	0	0	0	0	0	0	0	0	0	0	0	0	4.52413793103448	0	0	0.0551724137931034	0	0.0827586206896552	0	0	0	0	0	0	0	0	0	0	0	2.37241379310345	0	0	0	0	0	0	0	0	0	0	9.35172413793103	0	0	0	0	0.855172413793103	0	0	0	0	0	0.413793103448276	0	0	0	0	0	0	0	0	0.220689655172414	0.551724137931034	0	0	0	0	0	0	0	0.0827586206896552	0	0	0	0.248275862068966	2.4551724137931	0.993103448275862	0	0	0	0	0	0	0	0.220689655172414	0	0	0	0	0	0	0	0	0	0	0	0	0	0	0	0	0.137931034482759	0	0	0.0827586206896552	0	0	0	0	0	0	0	0	0	0	0	0	0	0	0	0	0	0	0	0	0	0	0	0	0	0	1.15862068965517	0.386206896551724	0	0	0	0	0.63448275862069	0	0	0	0	0	0	0	0	0	0	0	0	0	0	0	0	0	0	0.0827586206896552	0	0	0	0	0	0	0	0.0275862068965517	0	0.0827586206896552	0	0.16551724137931	0	0	0	0	0	0	0.0275862068965517	0	0	0	0	0	0	0	0	0	4.93793103448276	0	0	0.110344827586207	0.0551724137931034	0	0	0.248275862068966	0	0	0	0	0	0	0.0551724137931034	0	0	0	0	0	0.110344827586207	0	0	0	0	0	0.0551724137931034	0	0	0.0551724137931034	0.0551724137931034	0	0	0	0	0	0	0	0	0	0	0	0	0	0	0	0	0	0	0	0.16551724137931	0	0	0.0275862068965517	0	0.96551724137931	0	0.0551724137931034	0	0	0	0	0	0	0	1.21379310344828	0	0	0	0	1.62758620689655	0	0.717241379310345	0	0	0.496551724137931	0	0	0	0	0	0	0	0	0	0	0	0	0	0	0	0	0	0.16551724137931	0	0	0.358620689655172	0	0	0	0	0	0	0	0	0	0	0	0.0275862068965517	0	0	0	0	0	0	0	0	0	0.0275862068965517	0	0.386206896551724	0	0	0	0	0	0	0	0	0	0	0	0	0	0	0.220689655172414	0	0	0	0	0	0	0	0	0.16551724137931	0	0	0	0	0	0	0	0	0	0	0	0.110344827586207	0.413793103448276	0	0	0	0	0	0	0	0	0	0	0	0	0	0	0	1.10344827586207	0.0275862068965517	0.0551724137931034	0	0.137931034482759	0	0	0	0	0	0	0	0.413793103448276	0	0	0	0	1.62758620689655	0	0.0827586206896552	0	0	0	0	0	0	0	0	0	0.0551724137931034	0	0.0551724137931034	0	0	0.0275862068965517	0	1.6	0	0	0	0	0	0	0	0	0	0	0.303448275862069	0	0	0	0	0	0	0	0	0	0	0	0	0	0	6.56551724137931	0	0	0	0	0	0	0	0	0.0551724137931034	0.0551724137931034	1.21379310344828	0	7.58620689655172	0	0.524137931034483	0	0	0	6.17931034482759	0	0	0.110344827586207	0	0	0	0	0	0	0	0	0	0	0	0	0	0	0	0	0	0	0	0	0	0	0	0.137931034482759	0	0	0	0	0	0	0	0	0.16551724137931	0	4.66206896551724	0	0	0	0	0.882758620689655	0	0	0.63448275862069	0.0827586206896552	0	0	0.275862068965517	0	0.110344827586207	0	0	0	0	0	0
SRR11426371	0	0.0572390572390572	0	0	0	0	0	0	0	0	0	0	0	0	0	0	0	0	0	0	0	0	0	0	0	0.164983164983165	0	0	0.102693602693603	0	0.0454545454545455	0	0	0	0	0	0	0	0.00336700336700337	0.0707070707070707	0	0	0	0.15993265993266	0	0	0	0	0	0	0	0	0	0	0.0286195286195286	0.122895622895623	0	0	0	0	0	0	0	0	0.0572390572390572	0	0	0	0	0	0	0	0	0	0	0.0134680134680135	0	0	0	0	0	0	0	0.0437710437710438	0	0	0	0.0909090909090909	0	0	0	0.0505050505050505	0	0.164983164983165	0	0	0	0	0	0	0	0	0	0	0	0	0.031986531986532	1.10942760942761	0	0	0.491582491582492	6.32659932659933	0	0	1.18181818181818	0.136363636363636	0	0	22.4292929292929	0	0	0	0	0	0	0	0	0	0	0.0202020202020202	0	0	0	0.037037037037037	0	0	0	0	0	0	0	0	0	0	0.0235690235690236	0	0	0	0	0	0	0	0	0	0	0	0	0	0	0	0	0	0	0	0	0	0	0	0	0	0	0	0	0	0	0	0	0	7.8973063973064	0	0	0	0	0	0	0.0336700336700337	0	0	0	2.08249158249158	0	0	0	0	0	0	0	0	0	0.52020202020202	0.407407407407407	0	0.244107744107744	0	0	0	0.00336700336700337	0	0.0151515151515152	0	0	0.031986531986532	0	0	0.0218855218855219	0	0	0	0.0875420875420875	0	0	0	0	16.3198653198653	0.19023569023569	0	0	0	0	0	0	0	0.0387205387205387	0	0	0	0	0.0488215488215488	0	0	0	0	0	0	0	0	0	0	0	0.00505050505050505	0	0	0	0	0	0	0	0	0	0	0	0	0	0	0	0	0	0	0.0303030303030303	0	0	0	0	0	0	0	0	0	0	0.0841750841750842	0.0101010101010101	0	0	0	0	0.0117845117845118	0	0	0.0740740740740741	0	0	0	0	0	0.131313131313131	0.104377104377104	0	0	0	0	0	0	0	0	5.12457912457912	0	0	0	0	0	0	0	0.0303030303030303	0	0	0	0.85016835016835	0	0	0	0.131313131313131	0	0.0471380471380471	0	0	0.0606060606060606	0	0	0	0	0	0	0	0	0.00841750841750842	0	0	0.0589225589225589	0	0	0	0	0	0	0	0	0	0	0	0	0	0	0	0	0	0	0	0	0	0	0	0.0269360269360269	0	0	0.0134680134680135	0	0	0	0	0	0	0	0	0	0	0	0	0	0	0	0	0	0	0.102693602693603	0	0	0	0	0.063973063973064	8.4006734006734	0	0	0	0	0	0	0.0235690235690236	0	0	0	0	0	0	0	0	0.0151515151515152	0	0	0.0336700336700337	0	0	0	0	0	0	0	0	0	0	0	0	0	0	0	0	0	0	0	0	0	0	0	0	0	0	0	0	0	0	0	0	0	0	0	0.0976430976430976	0	0	0	0	0	0	0	0	6.94107744107744	0.063973063973064	0.153198653198653	0	0	0.0101010101010101	0	0	0.0168350168350168	0	0	0	0	0	0	0.0707070707070707	0	0	0	0.227272727272727	0	0	0	0.0740740740740741	0	0	0	0	0	0	0	0	0	0	0	0	0.0134680134680135	0.0892255892255892	0	0	0.0303030303030303	0	0	0	0	0	0	0	0	0	0.0404040404040404	0	0.0117845117845118	0.437710437710438	0.00841750841750842	0	0	0	0	0	0	0	0	0	0	0.00168350168350168	0	0	0	0	1.59090909090909	0	0.0572390572390572	0	0	0	0	0	0	0	0	0	0.00336700336700337	0	0	0	0.00336700336700337	0.328282828282828	0	0.122895622895623	0	0	0	0	0	0	0	0	0	0	0	0	0	0	0	0	0	0	0	0	0	0	0	0	0	0.0117845117845118	0	0	0	0	0	0	0	0	0	0	0.213804713804714	0	7.11111111111111	0	0.146464646464646	0	0	0	0.37037037037037	0	0	0	0	0	0	0	0	0	0	0	0	0	0	0	0	0	0	0	0	0	0	0	0	0	0	0	0	0	0	0	0	0	0	0	0.0252525252525253	0	5.17676767676768	0	0	0	0	0.0555555555555556	0	0	0	0.00505050505050505	0	0	0.0925925925925926	0	0	0	0.0471380471380471	0	0	0	0
SRR11426372	0	0	0	0	0	0	0	0	0	0	0	0	0	0	0	0	0	0	0	0	0	0	0	0	0	0.0410284463894967	0	0.0136761487964989	0.218818380743982	0	0.0136761487964989	0	0	0	0	0.0273522975929978	0	0.0273522975929978	0	0.136761487964989	0	0	0	0.0957330415754923	0	0	0	0	0	0	0.0547045951859956	0.0273522975929978	0	0	0	0	0	0	0	0	0	0	0	0	0	0	0	0	0	0	0	0	0	0	0	0	0	0	0	0	0	0	0	0	0	0	0	0.0547045951859956	0	0.0136761487964989	0	0.519693654266958	0	0	0	0	0	0	0	0	0	0.396608315098468	0	0	0	0	0.191466083150985	0.396608315098468	0	0	0.136761487964989	1.96936542669584	0	0	0.0410284463894967	0	0	0	0	0	0	0	0	0	0	0	0	0	0	0	0	0	0	0	0	0	0	0	0	0	0	0	0	0	0	0	0	0	0	0	0	0	0	0	0	0	0	0	0	0	0	0.656455142231947	0	0	0	0	0	0	0	0	0	0	0	0	0	0	0	0	0.547045951859956	0	0	0	0	0	0	0	0	0	0	20.2817286652079	0	0	0	0	0	0	0	0	0	0.0547045951859956	0.0683807439824945	0	0.341903719912473	0	0	0.0136761487964989	0	0	1.10776805251641	0	0	0	0	0	0	0	0	0	0.0273522975929978	0	0	0	0	3.02242888402626	0.0273522975929978	0	0	0	0	0	0	0	0	0	0.0136761487964989	0	0	0	0	0	0	0	0	0	0	0	0	0	0	0	0	0	0	0	0	0	0	0	0	0	0	0	0.150437636761488	0	0	0	0	0	0	0	0	0	0	0	0	0	0	0	0	2.29759299781182	0	0	0	0.0547045951859956	0	0	0.0136761487964989	0	0	0	0	0	0	0	0	0	0	0	0	0	0	0	0	0	13.8265864332604	0	0	0	0	0	0	0	0	0	0.0136761487964989	0	1.85995623632385	0	0	0	0.0547045951859956	0	0	0	0	0	0	0	0	0	0	0	0.0136761487964989	0	0	0	0.0547045951859956	0	0	0	0	0	0	0	0	0	0	0	0	0	0	0	0	0	0	0	0	0	0	5.66192560175055	0	0	0	0.0273522975929978	0	0	0	0	0	0	0	0	0.12308533916849	0	0	0	0	0.0273522975929978	0	0	0	0	0	0.232494529540481	0	0	0	0	0.36925601750547	4.03446389496718	0.0683807439824945	0	0.0820568927789934	0	0	0	0	0	0	0	0	0.0136761487964989	0	0.0136761487964989	0	0.0136761487964989	0	0	0.0683807439824945	0	0	0	0.0136761487964989	0	0	0	0	0	0	0	0	0.259846827133479	0	0	0	0	0	0	0	0.547045951859956	0	0	0	0	0	0	0	0	0	0	0	0	0	0	0	0	0	0	0	0	0	0	0	6.64660831509847	0	0	0	0.0957330415754923	0	0	0	0.0410284463894967	0	0	0	0	0	0	0	0	0	0	0	0	0	0	0	0	0	0	0	0	0	0	0	0	0	0	0	0	0.0136761487964989	0	0	0	0	0	0	0	0	0	0	0	0	0	0	0	0.12308533916849	0	0.0410284463894967	0	0	0	0	0	0	0	0	0	0.0273522975929978	0	0	0	0	0.273522975929978	0	0.0136761487964989	0	0	0	0	0	0	0	0	0	0	0.0136761487964989	0	0	0	0.492341356673961	0	0.0683807439824945	0	0	0	0	0	0	0	0	0	0	0	0	0	0	0	0	0	0	0	0	0.191466083150985	0	0	0	0	0	0	0	0	0	0	0	0	0	1.17614879649891	0	0.642778993435449	0	18.503829321663	0	0.0410284463894967	0	0	0	0.0683807439824945	0	0	0.683807439824945	0	0	0	0.0410284463894967	0	0	0	0	0	0	0	0	0	0	0	0	0	0	0	0.0547045951859956	0	0	0	0	0	0	0	0	0	0	0	0	0	0	8.64332603938731	0	0	0	0	0.0547045951859956	0.0273522975929978	0	0.191466083150985	1.09409190371991	0	0	0	0	0.287199124726477	0	0.0136761487964989	0	0	0	0
SRR11426373	0	0	0	0	0	0	0	0	0.11097239561659	0	0	0	0	0	0	0	0	0	0	0	0	0	0	0	0	0.240440190502612	0	0	1.52124658991076	0	0.138715494520738	0	0	0	0	0	0	0	0	0	0	0	0.0369907985388635	0.203449391963749	0	0	0	0	0	0	0	0.0647338974430111	0	0	0.0184953992694317	0	0	0	0	0	0	0	0	0	0	0	0	0	0	0	0	0	0	0	0	0	0	0	0	0	0	0	0	0	0	0	0	0	0	0	0	0	0.069357747260369	0	0	0	0	0	0	0	0	0	0	0	0	0	0	0	0.0323669487215055	0	0	6.31617885051094	0	0	4.5175012715587	0	0	0	54.1082905627225	0	0	0	0	0	0.0416146483562214	0	0	0	0	0	0	0	0	0.0462384981735793	0	0	0	0	0	0	0	0.0462384981735793	0	0	0	0	0	0	0	0	0	0	0	0	0	0	0	0	0	0	0	0.314421787580339	0	0	0	0	0	0	0	0	0	0	0	0	0	0	0	0	1.07273315762704	0	0	0	0	0	0	0	0	0	0	1.46576039210246	0	0	0	0	0	0	0	0	0	0	0.235816340685255	0	0	0	0	0	0	0	0	0	0	0	0	0.0554861978082952	0.208073241781107	0	0	0	0	0	0	0	0	10.1216072501965	0	0	0	0	0	0	0	0	0	0	0	0	0	0	0	0	0.0971008461645166	0	0	0	0	0	0	0	0	0	0	0	0	0	0	0	0	0	0	0	0	0	0	0	0	0	0	0	0	0	0	0	0	0	0	0	0	0	0	0	0	0	0	0	0	0.00462384981735793	0	0	0.194201692329033	0	0	0	0	0	0	0	0	0	0	0	0	0	0	0	0.0138715494520738	0	0	0	0	0	0	0	0	0	0	0	0.00462384981735793	0	0	0	0	0.194201692329033	0	0	0	0.29130253849355	0	0	0	0	0	0	0	0	0	0	0	0	0	0	0	0	0	0	0	0	0	0	0	0	0	0	0	0.0277430989041476	0	0	0.203449391963749	0	0	0	0	0	0	0.0416146483562214	0	0	0	0	0	0	0	0	0	0	0	0	0	0	0	0	0	0	0	0.212697091598465	0	0	0.0277430989041476	0	0.069357747260369	0.189577842511675	0	0	0	0	0	0	0	0	0	0	0	0	0	0	0	0	0	0	0.101724695981875	0	0	0	0	0	0	0	0	0	0	0	0	0	0	0	0	0	0	0	0	0	0	0	0	0	0	0	0	0	0	0	0	0	0	0	0	0	0	0	0	0	0	0	0	0	0	0.129467794886022	0	0	0	0	0	0	0	0	0	0	0	0	0	0	0	0	0	0	0	0	0	0	0	0	0	0	0	0	0	0	0.184953992694317	0	0	0	0.0277430989041476	0	0	0	0	0	0	0	0	0	0	0	0	0	0	0	1.90040227493411	0.0277430989041476	0	0	0	0	0	0	0	0	0	0	0.249687890137328	0	0	0	0	1.50737504045869	0	0.277430989041476	0	0.0924769963471586	0	0	0	0	0	0	0	0.0601100476256531	0	0	0.226568641050539	0	0.198825542146391	0	0.0601100476256531	0	0	0.0832292967124428	0	0	0	0	0	0	0	0.0231192490867897	0	0	0	0	0	0	0	0	0	0	0	0	0	0.166458593424886	0.319045637397697	0	0	0	0	0	0	0	0	0	0.0231192490867897	4.29093263050816	0	1.29467794886022	0	0.069357747260369	0	0	0	0.221944791233181	0	0	0	0	0	0	0	0	0	0	0	0	0	0	0	0	0	0	0	0	0	0	0	0	0	0	0	0	0	0	0	0	0	0	0	0.416146483562214	0	5.40990428630878	0	0	0	0	0.00924769963471586	0	0	0.0138715494520738	0	0	0	0.0138715494520738	0	0	0	0.0416146483562214	0	0	0	0
SRR11426374	0	0	0	0	0	0	0	0	0	0	0	0	0	0	0	0	0	0	0	0	0	0	0	0	0	0.690744029998026	0	0	0.187487665285179	0.246694296427867	0	0	0	0	0	0	0	0	0	0	0.108545490428261	0	0.00986777185711466	0.453917505427275	0	0	0	0	0	0	0	1.33214920071048	0	0	0.621669626998224	0	0	0	0	0	0	0	0.0394710874284587	0	0.177619893428064	0	0	0	0	0	0	0	0	0	0	0	0.138148805999605	0	0	0	0	0	0	0	0	0	0	0	0	0	0	0.157884349713835	0	0	0	0	0	0	0	0	0	0	0.059206631142688	0	0	0	0	0	0.661140714426682	0	0	2.92086046970594	0	0.108545490428261	1.08545490428261	0	0	0	27.5113479376357	0	0	0	0	0	0.059206631142688	0.0690744029998027	0	0	0	0	0.118413262285376	0	0	0	0.226958752713637	0	0	0	0	0	0.0789421748569173	0	0	0	0.0986777185711466	0	0	0	0	0	0	0	0	0	0	0	0	0	0	0	0	0.108545490428261	0.0197355437142293	0	0.374975330570357	0.0197355437142293	0.217090980856523	0	0	0	0	0	0	0	0	0	0	0	2.03276100256562	0	0	0	0	0	0	0	0	0	0	12.9465166765344	0	0	0	0	0	0	0	0	0	0.138148805999605	1.39135583185317	0	0.059206631142688	0	0	0.0394710874284587	0	0	0.029603315571344	0	0	0	0	0	0.0493388592855733	0	0	0	0.029603315571344	0	0	0	0	0.848628379711861	0.187487665285179	0	0	0.128281034142491	0	0	0	0	0.059206631142688	0	0	0	0	0	0	0	0	0	0	0	0	0	0	0	0	0.14801657785672	0	0	0	0.059206631142688	0	0	0	0	0	0	0	0	0	0	0	0	0	0.0493388592855733	0.0789421748569173	0	0	0	0	0	0	0	0	0	0	0.00986777185711466	0.14801657785672	0.088809946714032	0	0	0	0.197355437142293	0	0	0.0394710874284587	0	0	0	0	0	0	0.207223208999408	0	0	0	0	0	0	0	0	0	0	0	0	0	0	0	0	0	0	0.453917505427275	0	0.0394710874284587	0	0	0	0	0	0	0	0	0.473653049141504	0	0	0	0	0	0	0	0.088809946714032	0	0	0	0.0197355437142293	0	0	0	0	0	0	0	0	0.088809946714032	0	0	0	0	0	0	0	0	0	0	0	0	0	0	0	0	0.286165383856325	0.197355437142293	0	0	0	0	0	0	0	0	0	0	0	0	0	0	0	0	0	0	3.77935662127492	0	0	0	0	0.0690744029998027	0.384843102427472	0.0197355437142293	0	0.0197355437142293	0	0	0.0986777185711466	0	0	0	0	0	0	0	0	0	0	0	0	0.325636471284784	0	0	0	0	0	0	0	0	0	0	0	0.0197355437142293	0	0	0	0	0	0	0	0	0	0	0	0	0	0	0	0	0	0	0	0	0.108545490428261	0	0	0	0	0	0	0	0	0	0	0	0.167752121570949	0.394710874284587	0	0	0	0	0	0	0	0	0	0	0	0	0	0	0	0	0	0	0	0	0	0.059206631142688	0	0	0	0	0	0	0	0	0	0	0	0	0.059206631142688	0.374975330570357	0	0	0	0	0	0	0	0	0	0	0	0	0	0	0	1.0065127294257	0	0	0	0	0	0	0	0	0	0.0493388592855733	0	2.81231497927768	0	0	0	0	2.54588513913558	0	0.0789421748569173	0	0	0	0	0	0	0.0690744029998027	0	0	0.286165383856325	0	0	0	0	0.029603315571344	0	0.059206631142688	0	0	0	0	0	0	0	0	0	0	0	0	0	0	0	0	0	0	0	0	0	0	0	0	0	0.217090980856523	0	0	0	0	0	0	0	0	0	0	0.138148805999605	0	17.3968817840932	0	0.463785277284389	0	0	0	1.96368659956582	0	0	0	0	0	0	0	0	0	0	0	0	0	0.157884349713835	0	0	0	0	0	0	0	0	0	0	0	0	0	0	0	0	0.0789421748569173	0	0	0	0	0	0	4.20367081113085	0	0	0	0	0.0986777185711466	0	0	0	0	0	0	3.8385632524176	0	0	0	0	0.108545490428261	0	0	0
SRR11426377	0	0.0118741341777162	0	0	0	0	0.10290916287354	0	0	0	0	0	0	0	0.0039580447259054	0	0	0	0	0	0	0	0	0	0	0.116762319414209	0	0.0376014248961013	0.148426677221453	0	0.231545616465466	0.0059370670888581	0.00989511181476351	0	0	0.00989511181476351	0	0.0059370670888581	0.00791608945181081	0	0	0	0.110825252325351	0.0316643578072432	0	0	0	0	0	0.0158321789036216	0	0	0.217692459924797	0	0	0	0	0	0	0	0	0	0	0	0.0257272907183851	0	0	0	0	0	0	0.00791608945181081	0	0	0	0	0.0138531565406689	0	0	0.118741341777162	0	0	0	0	0	0	0	0	0	0.0237482683554324	0	0.0474965367108648	0	0	0	0	0	0	0.0257272907183851	0	0	0	0	0	0	0	0	0	0.0316643578072432	0	0	0	0	0	0.0554126261626756	0	0	0	0.0118741341777162	0	0	0	0	0	0	0	0	0	0.0296853354442905	0	0	0	0	0	0	0	0	0	0	0.0039580447259054	0	0	0	0	0.0356224025331486	0	0	0	0	0	0	0.0455175143479121	0	0	0	0	0	0.0138531565406689	0	0	0	0.0217692459924797	0	0	0	0.0118741341777162	0.0178112012665743	0	0	0	0	0	0	0.00791608945181081	0	0	0	0	1.7613299030279	0	0	0	0	0	0	0	0	0	0.00989511181476351	66.1765287947754	0	0	0	0	0	0	0	0	0	0	0.154363744310311	0	0	0	0	0	0.00989511181476351	0	0.0237482683554324	0	0.0376014248961013	0	0	0	0	0	0	0	0.019790223629527	0	0	0	0	0.0316643578072432	0.00989511181476351	0	0	0	0	0	0	0	0	0	0.0059370670888581	0	0	0	0	0	0	0	0	0	0.0158321789036216	0	0	0	0	0.0019790223629527	0	0	0	0	0	0	0	0	0	0	0	0	0	0	0	0	0	0.178112012665743	0.0870769839699189	0	0	0	0	0	0	0	0	0	0	0.0039580447259054	0.381951316049871	0	0	0	0	0.108846229962399	0.0059370670888581	0	0.0316643578072432	0	0.0158321789036216	0.455175143479121	0.0158321789036216	0	0	0	0	0.00989511181476351	0	0	0	0	0	0	0	0	0	0	0	0	0	0	0	0	0	0	0.136552543043736	0	0	0	0	0	0.0316643578072432	0.0316643578072432	0	0.00989511181476351	0	0	0	0	0	0	0	0.0376014248961013	0	0.0435384919849594	0.0217692459924797	0	0.0217692459924797	0	0	0	0	0	0	0.0217692459924797	0	0.0019790223629527	0	0	0	0	0	0	0	0	0	0	0	0	0	0	0	0.0633287156144864	0.0059370670888581	0	0	0	0	0	0	0	0	0	0	0	0	0.0158321789036216	0	0.019790223629527	0	0	0	0.126657431228973	0	0	0.0257272907183851	0	0	0.108846229962399	0	0	0	0	0	0	0.0415594696220067	0	0	0	0	0	0	0.0613496932515337	0	0	0	0	0.403720562042351	0	0	0	0.0039580447259054	0	0.0217692459924797	0	0	0	0	0	0.0138531565406689	0	0	0	0	0	0	0	0	0	0	0	0	0	0	0	0	0	0.0949930734217297	0	0	0	0	0	0	0	0	0	0	0	0	0	0	0.0178112012665743	0	0	0.12467840886602	0	0	0	0	0	0	0	0	0	0	0	0	0.336433801701959	0	0	0	0	0	0	0.00989511181476351	0	0	0	0	0	0	0.0296853354442905	0	0	0	0	0	0.0712448050662973	3.82347120522462	0	0.0019790223629527	0	0	0	0	0	0.0178112012665743	0	0	0	0	0	0	0.0455175143479121	0.0356224025331486	0.0019790223629527	0	0	0.0039580447259054	0	0	0	0	0	0	0	0.0514545814367702	0	0	0	0	0.854937660795567	0	0.0158321789036216	0	0	0	0	0	0	0	0	0	0.0019790223629527	0	0	0	0	0	0	0	0	0	0.0158321789036216	0	0	0	0	0	0	0	0.24144072828023	0	0	0	0.0870769839699189	0.0158321789036216	0	0	0	0	0	0	0	0	0	0	0	0	0	0	0	0.0949930734217297	0.0534336037997229	0	0	0	0.0494755590738175	0	15.1494161884029	0	0.0415594696220067	0	0	0	3.55432416386305	0.0059370670888581	0	0.0059370670888581	0	0	0	0.0138531565406689	0.0059370670888581	0	0.0217692459924797	0	0	0	0	0	0	0	0	0	0	0	0	0	0	0	0	0.0257272907183851	0	0	0	0	0.00989511181476351	0	0	0	0	0	1.93152582624184	0	0	0	0	0.647140312685533	0	0	0.019790223629527	0	0	0	0	0	0	0	0.00791608945181081	0	0	0	0.019790223629527
SRR11426383	0	0	0	0	0	0	0.00968077639826714	0	0	0	0	0	0.174253975168809	0	0	0.108908734480505	0	0	0	0	0	0	0	0.0298490605613237	0	0.0935808385165824	0	0.0588913897561251	1.05278443331155	0	0.428374355623321	0	0.0193615527965343	0	0.0121009704978339	0.186354945666642	0	0.000806731366522262	0	0	0	0	0.0354961801269795	0.187161677033165	0	0	0	0	0	0	0	0	0	0	0.0177480900634898	0.0484038819913357	0	0	0	0.0193615527965343	0	0	0	0	0.0927741071500601	0	0	0	0	0.0177480900634898	0	0.0395298369595908	0.0346894487604573	0	0	0	0.0233952096291456	0	0	0	0	0	0.0104875077647894	0	0	0	0	0	0	0.0161346273304452	0.0717990916204813	0	0	0.0387231055930686	0	0	0.0129077018643562	0	0.0903539130504933	0	0	0.0161346273304452	0	0	0	0	0	0.125043361810951	0.0201682841630565	0	0.0145211645974007	0.407399340093742	0	0	0.171027049702719	0	0	0	0.304944456545415	0.0258154037287124	0	0	0	0	0	0	0	0	0	0	0	0	0.018554821430012	0	0	0	0	0	0	0	0	0	0	0	0.39933202642852	0	0	0	0.0314625232943682	0	0	0	0.0363029114935018	0	0	0	0.0363029114935018	0	0	0	0.0484038819913357	0.234758827657978	0	0	0	0.325919472074994	0	0	0	0	0	0	0	0.0258154037287124	0	0	0	0	2.6670538977226	0	0.0161346273304452	0	0	0	0	0	0	0	0.000806731366522262	38.6287180231855	0	0	0	0	0.0258154037287124	0.0250086723621901	0	0	0	0.0242019409956679	0.309784844744548	0	0.158119347838363	0	0	0	0	0	0.0104875077647894	0	0	0	0.0169413586969675	0	0	0	0	0	0.183128020200553	0	0	0	0	2.39841235267068	0.0112942391313117	0	0	0	0	0	0	0	0.283969441015836	0	0.0451769565252467	0	0.0274288664617569	0	0	0	0	0	0	0	0	0	0	0	0	0.00968077639826714	0	0	0	0.00968077639826714	0	0	0	0.0104875077647894	0	0	0	0	0	0	0	0	0	0.207329961196221	1.3044846196665	0	0	0	0	0	0	0	0	0	0	0.0306557919278459	3.30921206547432	0	0	0	0	3.14867252353639	0	0	0.209750155295788	0	0	0.268641545051913	0.0258154037287124	0.0193615527965343	0	0	0	0	0	0	0	0	0	0	0.0951943012496269	0	0	0	0	0	0	0	0	0.037109642860024	0.00242019409956679	0	0.471937849415523	0	0	0	0	0	0.00564711956565583	0	0	0	0	0.0104875077647894	0	0	0	0	0.0467904192582912	1.55295788055535	0	0.00161346273304452	0	0.335600248473261	0.0104875077647894	0	0	0	0.0927741071500601	0	0	0.00322692546608905	0	0.0645385093217809	0	0.00161346273304452	0	0	0	0	0	0	0	0	0	0.0193615527965343	0	0	0	0.0645385093217809	0.0750260170865703	0	0	0	0.0217817468961011	0	0	0	0	0	0	0	0	0.0839000621183152	0	0	0.0201682841630565	0	0	0.0798664052857039	0	0	0.083093330751793	0	0.0613115838556919	0.198455916164476	0.00484038819913357	0	0.0193615527965343	0	0	0	0.015327895963923	0	0.0613115838556919	0	0	0	0	0	0.0129077018643562	0.00806731366522262	0	0	2.05232459643263	0	0	0	0	0	0	0	0	0	0.0137144332308784	0	0	0.0201682841630565	0	0	0	0	0	0	0	0	0	0	0	0	0	0	0	0	0.0798664052857039	0.0266221350952346	0	0	0	0	0	0	0	0	0	0	0	0	0	0.134724138209218	0	0.0911606444170156	0.101648152181805	0	0	0	0	0	0	0	0	0	0	0	0.0887404503174488	0.089547181683971	0	0	0	0	0	0	0	0	0	0	0	0	0	0.0645385093217809	0.0484038819913357	0	0	0	0	0.960817057528014	1.01486805908501	0	0.00484038819913357	0	0	0	0	0	0	0	0.00484038819913357	0	0	0	0	0.0992279580822382	0.0508240760909025	0.00564711956565583	0	0.00726058229870036	0.0572779270230806	0	0	0	0	0	0	0	0.156505885105319	0	0	0	0	1.30045096283389	0	0.0201682841630565	0	0	0	0	0	0	0.0225884782626233	0	0	0.102454883548327	0	0	0	0	0.0742192857200481	0	0.125850093177473	0.00484038819913357	0	0	0	0	0	0	0	0.0790596739191817	0	0.622796614955186	0	0	0	0.0177480900634898	0	0	0	0	0	0	0	0	0	0	0.200876110264043	0	0	0	0	0	0.0201682841630565	0.0274288664617569	0	0.000806731366522262	0.00564711956565583	0.180707826100987	0	4.86216994602967	0	0.189581871132732	0	0	0	20.7563913292513	0.00322692546608905	0	0	0	0	0	0.0169413586969675	0	0	0.101648152181805	0	0	0	0	0	0	0.0298490605613237	0	0	0	0	0	0.00403365683261131	0	0	0	0.0443702251587244	0	0	0	0	0	0	0	0	0.018554821430012	0	2.33064691788281	0	0	0	0.0112942391313117	1.29803076873432	0	0.0201682841630565	0.0419500310591576	0.0330759860274127	0	0.015327895963923	0	0	0	0.0129077018643562	0	0	0	0.0750260170865703	0.033882717393935
SRR11426384	0	0	0	0	0	0	0	0	0	0	0	0	0	0	0	0	0	0	0	0	0	0	0	0	0	0.104486785494776	0	0.0122925629993854	0.0491702519975415	0	0	0	0	0	0	0	0	0	0.0307314074984634	0.00614628149969269	0	0	0	0.0245851259987707	0	0	0	0	0	0	0	0.0860479409956976	0	0	0	0	0	0	0	0	0	0	0	0	0.116779348494161	0	0	0	0	0	0	0	0	0	0	0	0	0	0.00614628149969269	0	0	0	0	0	0	0	0	0	0	0	0	0.00614628149969269	0	0	0	0	0	0	0	0	0	0	0	0	0	0	0	0	0.0676090964966195	0	0.0184388444990781	0.0430239704978488	0	0.00614628149969269	0	0	0	0	0	0	0	0	0	0	0	0	0	0	0	0	0	0	0	0	0.00614628149969269	0	0	0	0	0	0	0	0	0	0	0	0	0	0	0	0	0	0	0	0	0	0	0	0	0	0	0	0	0	0	0	0	0	0	0	0	0	0	0	0	0	0	0	2.53226797787339	0	0	0	0	0	0	0	0	0	0	88.3589428395821	0	0	0	0	0	0	0	0	0	0.0122925629993854	0	0	0	0	0	0	0.0122925629993854	0	0	0	0	0	0	0	0	0	0	0	0	0	0	0	0	0.387215734480639	0	0	0	0	0	0	0	0	0	0	0	0	0	0	0	0	0	0	0	0	0	0	0	0	0	0.0368776889981561	0	0	0	0	0	0	0	0	0	0	0	0	0	0	0	0	0	0	0	0	0	0	0	0	0	0	0	0	0	0	0	0	0	0	0	0.0184388444990781	0	0.0307314074984634	0	0	0	0	0	0	0	0	0	0	0	0	0	0	0	0	0.0245851259987707	0	0	0	0	0	0	0	0	0	0	0	0.0307314074984634	0	0	0	0	0	0	0	0	0	0	0	0	0	0	0	0	0.202827289489859	0.0122925629993854	0	0	0	0	0	0	0	0	0	0	0	0	0.0245851259987707	0	0	0	0	0	0	0	0	0	0	0	0	0	0	0	0	0	0	0	0	0	0	0	0	0	0	0	0	0	0.0368776889981561	0	0	0	0	0	0.522433927473878	0	0	0	0	0.00614628149969269	0.172095881991395	0	0	0	0	0	0	0	0	0.0676090964966195	0	0	0	0	0	0	0	0	0	0.00614628149969269	0	0	0	0.00614628149969269	0	0	0	0	0	0	0	0	0	0	0	0	0	0	0.0430239704978488	0	0	0	0	0	0	0	0	0	0	0	0	0	0	0	0	0	0	0	0	0	0	0	0	0	0.0122925629993854	0	0	0	0	0	0	0	0	0	0	0	0	0	0	0.0430239704978488	0	0	0	0	0	0	0	0	0	0	0	0	0	0	0	0	0	0.0184388444990781	0	0	0	0	0	0	0	0	0	0	0	0	0	0	0	0	0.00614628149969269	0	0	0.153657037492317	0	0	0	0	0	0	0	0	0	0.0122925629993854	0	0.448678549477566	0	0	0	0	0.964966195451752	0	0	0	0	0	0	0	0	0	0	0	0	0	0	0	0	0.0799016594960049	0	0.0122925629993854	0	0	0	0	0	0	0	0	0	0	0	0	0	0	0	0	0	0	0	0	0	0	0	0	0	0	0	0	0	0	0	0	0	0	0	0	0.0430239704978488	0	4.35156730178242	0	0	0	0	0	0.135218192993239	0.0122925629993854	0	0	0	0	0	0	0	0	0	0	0	0	0	0	0	0	0	0	0	0	0	0	0	0	0	0	0	0	0	0	0	0	0	0	0	0	0.473263675476337	0	0	0	0	0	0	0	0	0	0	0	0.104486785494776	0	0	0	0	0	0	0	0
SRR11426385	0	0	0	0	0	0	0	0	0	0	0	0	0	0	0	0.00825593395252838	0	0.346749226006192	0	0	0	0	0	0.218782249742002	0	0.0123839009287926	0	0	0	0	0.0123839009287926	0	0	0	0	0	0	0	0	0	0	0	0	0	0	0	0	0	0	0	0	0	0	0	0	0	0	0	0	0	0	0	0	0	0.00825593395252838	0	0	0	0	0	0	0	0	0	0	0	0	0	0	0	0	0	0	0	0	0	0	0	0	0	0	0	0	0	0	0	0	0	0	0	0	0	0	0	0	0	0	0	0	0	0	0.00412796697626419	0	0	0	0	0	0	0.00412796697626419	0	0	0	0	0	0	0	0	0	0	0.0330237358101135	0	0	0	0	0	0	0	0	0	0	0	0	0	0	0.0206398348813209	0	0	0	0	0	0	0	0	0	0	0	0	0	0	0	0	0	0	0	0	0	0	0	0	0	0	0	0	0	0	0	0	0	10.0227038183695	0	0	0	0	0	0	0	0	0	0	25.9607843137255	0	0	0	0	0	0	0	0	0	0.00412796697626419	0	0	0	0	0	0	0	0	0.00412796697626419	0	0	0	0	0	0	0	0	0	0.00825593395252838	0	0	0	0	0.0784313725490196	0.00825593395252838	0	0	0	0	0	0	0	0	0	0.0206398348813209	0	0	0	0	0	0	0	0	0	0	0	0	0	0	0	0	0	0	0	0	0	0	0	0	0	0	0	0	0	0	0	0	0.0123839009287926	0	0	0	0	0	0	0	0	0	0	0	0	0	0	0	0	0	0.0743034055727554	0	0	0	0	0	0	0	0	0	0	0	0	0	0	0	0	0	0	0	0	0	0	0	0	0	0	0	0	0	0	0	0	0	0	0	0	0	0	0	0	0	0	0	0	0	0	0	0.0619195046439629	0	0	0	0.0123839009287926	0	0	0	0	0	0	0	0	0	0	0	0	0	0	0	0	0	0	0	0	0	0	0	0	0	0.00412796697626419	0	0	0	0	0	0	0	0	0	0	0	0	0	0	0	0	0	0	0	0.00412796697626419	0	0	0	0	0	0.0330237358101135	0	0	0	0	0	0	0	0	0	0.0165118679050568	0	0	0	0	0	0	0	0	0.0165118679050568	0	0	0	0	0	0	0	0	0	0	0	0	0	0	0	0	0	0	0	0	0	0	0	0	0	0	0	0	0	0.00412796697626419	0	0	0	0.0123839009287926	0	0	0	0	0	0	0.148606811145511	0	0	0	0.0206398348813209	0	0	0	0	0	0	0	0	0	0	0	0	0	0	0	0	0	0	0	0	0	0	0	0	0	0	0	0	0	0	0	0	0	0	0	0	0.00412796697626419	0	0	0	0	0	0	0	0	0	0	0	0	0	0	0	0.0288957688338493	0	0	0	0.0495356037151703	0	0	0	0	0	0	0	0	0	0	0	0	0.22703818369453	0	0.00412796697626419	0	0	0	0	0	0	0	0	0	0.0123839009287926	0	0	0	0	0	0	0.00825593395252838	0	0	0	0	0	0	0	0	0	0	0	0	0	0	0	0	0	0	0	0	0	0	0	0	0	0	0	0	0	0	0	0	0	0	0	0	0	0	62.2827657378741	0	0.0123839009287926	0	0	0	0.136222910216718	0	0	0	0	0	0	0	0	0	0	0	0	0	0	0	0	0	0	0	0	0	0	0	0	0	0	0	0	0	0	0	0	0	0	0	0	0	0.0371517027863777	0	0	0	0	0	0	0	0	0	0	0	0	0	0	0	0	0	0	0	0
SRR11426387	0	0	0	0	0	0	0	0	0	0	0	0	0	0	0	0	0	0	0	0	0	0	0	0	0	0	0	0	1.24917195041166	0.0946342386675499	0	0	0	0	0	0	0	0	0	0	0	0	0	0.160878205734835	0	0	0	0	0	0	0	0	0	0	0.179805053468345	0.28390271600265	0	0	0	0	0	0	0	0	0	0	0	0	0	0	0	0	0	0	0	0	0	0	0	0	0	0	0	0	0	0	0	0.482634617204505	0	0	0	0	0	0	0	0	0	0.388000378536955	0	0	0	0	0	0	0	0	0.28390271600265	0	0.26497586826914	0	0.03785369546702	5.82946910192108	0	0	1.59931863348159	0	0	0	29.9990536576133	0	0	0	0	0	0	0	0	0	0	0.179805053468345	0	0	0	0	0	0	0	0	0	0	0	0.0851708148007949	0	0	0	0	0	0	0	0	0	0	0	0	0	0	0	0	0	0	0	0.312292987602915	0	0	0.24604902053563	0	0	0	0	0.15141478186808	0	0	0	0	0	0	0	0	1.00312292987603	0	0	0	0	0	0	0	0	0	0	22.3147534778083	0	0	0	0	0	0	0	0	0	0.11356108640106	1.42897700388	0	0	0	0	0.028390271600265	0	0	0	0	0	0	0	0	0.30282956373616	0.293366139869405	0	0	0	0	0	0	0	1.46683069934702	0	0	0	0	0	0	0	0	0.577268855872055	0	0	0	0	0	0	0	0	0	0	0	0	0	0	0	0	0	0	0	0	0.104097662534305	0	0	0	0	0	0	0	0	0	0	0	0	0.13248793413457	0.0567805432005299	0	0	0	0	0	0	0	0	0	0	0	0.0757073909340399	0	0	0	0	0	0.00946342386675499	0	0	0.123024510267815	0	0	0	0	0	0	0.463707769470995	0	0	0	0	0	0	0	0	0.236585596668875	0	0	0	0	0	0	0	0	0	0	0	0.123024510267815	0	0	0	0	0	0	0	0	0.11356108640106	0	0	0	0	0	0	0	0.00946342386675499	0	0	0	0	0	0	0	0	0	0	0	0	0	0	0	0	0	0	0	0	0	0	0	0	0.0757073909340399	0	0	0	0	0.047317119333775	0	0	0	0	0	0	0.520488312671525	0	0.00946342386675499	0	0	0	0.198731901201855	0	0	0	0	0	0	2.24283145642093	0	0	0.028390271600265	0	0	0.1892684773351	0	0	0.00946342386675499	0	0	0	0	0	0	0	0	0	0	1.30595249361219	0	0	0	0	0	0	0	0	0	0	0.388000378536955	0	0	0	0	0	0	0.11356108640106	0	0	0	0	0.0757073909340399	0	0	0	0	0	0	0	0	0	0	0	0	0	0	0	0	0	0	0	0.047317119333775	0	0	0	0	0	0	1.60878205734835	0	0	0	0	0	0	0	0	0	0	0	0	0	0	0	0	0	0	0	0	0	0	0	0	0	0	0	0	0	0	0	0	0	0	0	0	0	0.0946342386675499	0	0	0	0	0	0	0	0	0	0	0	0	0	0	0.30282956373616	0	0	0	0	0	0	0	0	0	0	0	0	0	0	0	0	0.26497586826914	0	0.0757073909340399	0	0	0	0	0	0	0	0	0	0	0.160878205734835	0	0	0.482634617204505	0.889561843474969	0	0.0946342386675499	0	0	0.312292987602915	0	0	0	0	0.0662439670672849	0.312292987602915	0	0	0	0	0	0	0	0	0	0	0	0	0	0	0	0	0.03785369546702	0	0	0	0	0	0	0	0	0	0	1.12614744014384	0	8.92400870634996	0	0.1892684773351	0	0	0	0.52995173653828	0	0	0	0	0	0	0	0.03785369546702	0	0	0	0	0	0	0	0	0	0	0	0	0	0	0	0	0	0	0	0	0	0	0	0.047317119333775	0	0	0	0	0	7.83571496167313	0	0	0	0.160878205734835	0	0	0	0	0.1892684773351	0.0757073909340399	0	0.104097662534305	0	0	0	0.01892684773351	0	0	0	0
SRR11426391	0	0	0	0	0	0	0	0	0	0	0	0	0	0	0	0	0.110226344096239	0	0.049411809422452	0	0	0	0	0	0	0.323077215454494	0	0.216651779775366	1.89285239172162	0.049411809422452	0.625249434614873	0	0.235656321860925	0	0	0.0209049962941143	0.00950227104277922	0	0.0114027252513351	0	0.0513122636310078	0	0.104524981470571	0.161538607727247	0	0	0	0	0	0	0	0.138733157224577	0.0152036336684468	0	0	0	0	0	0	0	0	0	0	0	0.203348600315475	0	0	0	0	0	0	0	0	0	0	0	0	0	0	0	0	0	0	0.00950227104277922	0	0	0	0.0418099925882286	0	0	0.0114027252513351	0.172941332978582	0	0	0	0	0	0	0.0190045420855584	0	0	0.231855413443813	0	0	0	0	0	0.724073053459777	0.254660863946483	0	0.0171040878770026	1.79782968129383	0	0	0.520724453144301	0.0342081757540052	0	0	8.73258708831411	0	0	0	0	0	0.0475113552138961	0	0	0	0	0	0	0	0	0	0	0	0	0	0	0	0	0	0	0	0.197647237689808	0	0	0	0	0	0	0	0	0	0	0.036108629962561	0	0	0	0	0	0.501719911058743	0	0.00380090841711169	0.0741177141336779	0.0399095383796727	0.0912218020106806	0	0	0	0	0	0	0.0532127178395637	0	0.0950227104277922	0	0	5.36688268496171	0	0.0399095383796727	0	0	0	0	0	0	0.0304072673368935	0.024705904711226	2.17411961458789	0	0	0	0	0.00950227104277922	0	0	0	0	0.0760181683422338	0.408597654839507	0	0.0969231646363481	0	0	0.0836199851764572	0.0950227104277922	0	6.45204203804709	0	0.0133031794598909	0	0	0	0	0	0	0	0.0418099925882286	0	0	0	0	4.46986829852335	0.0817195309679013	0	0	0.0532127178395637	0	0	0	0	0.144434519850244	0	0.0190045420855584	0	0.0266063589197818	0	0	0	0	0	0	0	0.00760181683422338	0	0	0.00950227104277922	0	0.0380090841711169	0	0	0	0	0	0	0	0	0	0	0	0	0	0	0	0	0	0.178642695604249	0.12352952355613	0	0	0	0	0	0	0	0	0	0	0.0893213478021247	0.729774416085444	0.0475113552138961	0	0.0171040878770026	0	1.48615519109067	0.00570136262566753	0	0.0456109010053403	0	0	0.469412189513294	0	0	0	0	0	0	0	0	0	0	0.0589140804652312	0	0.0380090841711169	0	0.0114027252513351	0	0	0	0	0	0	0	0.0665158972994546	0	0.355384936999943	0	0	0	0	0	0	0	0	0.182443604021361	0	0	0	0	0	0	0	0	0.00950227104277922	0	0.127330431973242	0.75448032079667	0	0	0	0	0	0	0	0	0	0.573937170983865	0	0	0.0456109010053403	0	0	0	0	0	0	0	0	0.0114027252513351	0	0	0	0.00760181683422338	0	0	0	0	0	0	0	0	0	0	0	0	0	0.212850871358255	0	0	0	0	0.0152036336684468	1.16687888405329	0	0	0.0475113552138961	0	0.207149508732587	19.7685246773979	0	0	0.330679032288717	0	0	0	0	0.0133031794598909	0	0	0	0.00190045420855584	0	0.0703168057165663	0	0	0	0	2.28244550447557	0	0	0	0	0	0	0	0	0	0	0	0	0	0	0	0	0	0	0	0	0	0	0	0	0	0	0	0	0	0.0171040878770026	0	0	0	0	0	0.0551131720481195	0	0	0	0.00950227104277922	0	0	0.00760181683422338	0	0.695566240331439	0	0	0.0551131720481195	0.00950227104277922	0	0.00190045420855584	0.0133031794598909	0.150135882475912	0	0	0	0	0	0.0399095383796727	0.00950227104277922	0.0342081757540052	0	0	0	0.00760181683422338	0	0	0	0	0	0	0	0	0	0	0	0	0.0988236188449039	0	0	0.34778312016572	0.480814914764629	0	0.0342081757540052	0	0	0.0209049962941143	0	0	0	0	0.0171040878770026	0	0	0	0	0.0380090841711169	0.304072673368935	0.0266063589197818	0.00380090841711169	0	0.0285068131283377	0	0.0171040878770026	0	0	0	0.0133031794598909	0	0.697466694539995	0	0	0	0	1.92325965905852	0	0.0171040878770026	0	0	0	0	0	0	0	0.0342081757540052	0	0.243258138695148	0	0	0	0.0304072673368935	0.381991295919725	0	0.535928086812748	0.00760181683422338	0	0	0	0	0.0133031794598909	0	0	0	0	0.294570402326156	0	0	0	0.024705904711226	0.0190045420855584	0	0	0	0	0	0	0	0	0	0.0912218020106806	0	0	0	0	0	0.00760181683422338	0	0	0.0114027252513351	0.134932248807465	0.705068511374218	0	9.70752009730326	0	0.0703168057165663	0	0.024705904711226	0.0437104467967844	7.39276687128224	0	0	0	0	0	0	0	0	0	0.0190045420855584	0	0	0	0	0	0	0	0	0	0	0	0	0	0	0	0	0.036108629962561	0	0	0	0	0	0	0	0	0.290769493909044	0	2.54280773104772	0	0	0.060814534673787	0	0.627149888823429	0	0	4.0631710978924	0	0.0152036336684468	0	0.0627149888823429	0.0266063589197818	0.024705904711226	0	0.0399095383796727	0	0	0	0
SRR11426394	0	0	0	0	0	0	0	0	0	0	0	0	0.208412277377795	0	0	0	0	0	0	0	0	0	0	0	0	0.757862826828344	0	0	0	0	0.0378931413414172	0.094732853353543	0	0	0	0	0	0.284198560060629	0	0	0.0378931413414172	0	0	0.246305418719212	0	0	0	0	0	0	0.303145130731338	0.359984842743463	0	0	0.170519136036377	0.13262599469496	0	0	0	0	0	0	0	0	0.113679424024252	0	0	0	0	0	0	0	0	0	0	0	0	0	0.0757862826828344	0	0	0	0	0	0	0	0	0	0	0	0	0.0757862826828344	0	0	0	0	0	0	0	0	0	0	0	0	0	0	0.227358848048503	0	0.359984842743463	0	0	0.151572565365669	0	0	0.170519136036377	0	0	0	0.0378931413414172	0.113679424024252	0	0	0	0	0	0	0	0	0	0	0	0	0	0	0	0	0	0	0	0	0.13262599469496	0	0	0	0.0568397120121258	0	0	0	0	0	0	0	0	0	0	0	0	0	0	0	0	0.322091701402046	0	0	0.397877984084881	0	0.359984842743463	0	0	0	0	0	0	0	0	0	0	0	5.15346722243274	0	0	0	0	0	0	0	0	0	0	27.0367563471012	0	0	0	0	0	0	0	0	0	0.170519136036377	1.00416824554756	0	6.25236832133384	0	0	0	0	0	0	0	0	0	0	0	0	0	0	0	0	0	0	0	0.359984842743463	7.95755968169761	0	0	0.189465706707086	0	0	0	0	0	0.246305418719212	0	0	0	0	0.094732853353543	0	0.246305418719212	0	0	0	0	0	0	0	0	0	0	0	0.246305418719212	0	0	0	0	0	0	0	0	0	0	0	0	0	0	0	0	0	0	0	0	0	0	0	0	0	0	0	0.341038272072755	0.113679424024252	0	0	0	0	0	0	0	0.151572565365669	0	0	0	0	0	0	0	0	0	0	0	0	0	0	0	0	0	0	0	0	0	0	0	0	0	0	0	0.625236832133384	0	0	0	0	0	0	0	0	0	0	0	0	0	0	0	0	0	0	0	0	0	0	0	0	0	0	0	0	0	0	0	0	0	0	0	0	0	0	0	0	0	0	0	0	0	0	0.0568397120121258	0	0	0	0	0	0	0	0	0	0	0	0	0	0.0568397120121258	0	0	0	0	0.0189465706707086	1.61045850701023	0	0.113679424024252	0.284198560060629	0	0.094732853353543	0.378931413414172	0	0.0568397120121258	0	0	0	0	0	0	0	0	0	0	0	0	0	0	0	0	0.0568397120121258	0	0	0	0	0	0	0	0	0	0	0	0	0.378931413414172	0	0	0	0	0.151572565365669	0	0	0	0	0	0	0	0	0	0	0	0	0	0	0	0	0	0.094732853353543	0	0	0	0.0378931413414172	0	0	0	0	1.19363395225464	0	0	0	0	0	0	0	0	0	0	0.189465706707086	0	0	0	0.208412277377795	0	0	0	0	0	0	0	0.113679424024252	0	0	0	0	0	0	0	0	0	0	0	0	0	0.26525198938992	0	0	0	0	0	0	0	0	0	0	0	0	0	0	0	0.284198560060629	0	0	0	0	0	0	0	0	0	0	0	1.47783251231527	0	0	0	0	2.15990905646078	0	0.0378931413414172	0	0	0	0	0	0	0	0	0	0.151572565365669	0	0	0	0	0.0757862826828344	0	0.0568397120121258	0	0	0.284198560060629	0	0	0	0	0	0	0	0.0189465706707086	0	0	0	0	0	0	0	0	0	0	0	0	0	0	0.0757862826828344	0	0	0	0	0	0	0	0	0	0.113679424024252	0.0757862826828344	0	26.9420234937476	0	0.359984842743463	0	0	0	0.511557408109132	0	0	0	0	0	0	0	0	0	0	0	0	0	0.13262599469496	0	0	0	0	0	0	0	0	0	0	0	0	0	0	0.81470253884047	0	0	0	0	0	0	0.13262599469496	0	3.61879499810534	0	0	0	0	0.189465706707086	0	0	0	1.51572565365669	0	0.113679424024252	0	0	0.0757862826828344	0	0	0	0	0	0
SRR11426399	0	0	0	0	0	0	0	0	0	0	0	0	0	0	0	0	0	0	0	0	0	0	0	0	0	0.231347599768652	0	0	0.954308849045691	0	0.809716599190283	0	0	0	0	0	0	0	0	0	0	0	0	0.144592249855408	0	0	0	0	0	0	0	0	0	0	0.101214574898785	0.419317524580682	0	0	0	0	0	0	0	0	0.0578368999421631	0	0	0	0	0	0	0	0	0	0	0	0	0	0	0	0	0	0	0	0	0	0	0	0	0	0	0.0433776749566223	0	0	0	0	0	0	0	0	0	0.0144592249855408	0	0	0	0	0	0.0289184499710815	0.0722961249277039	0	0	0.173510699826489	0	0	0.0289184499710815	0	0	0	0	0	0	0	0	0	0	0	0	0	0.0144592249855408	0.245806824754193	0	0	0	0	0	0	0	0	0	0	0	0	0	0	0	0	0	0	0	0	0	0	0	0	0	0	0	0	0	0	0	1.61943319838057	0	0	0	0	0	0	0	0	0	0	0	0	0	0	0	0	2.18334297281666	0	0	0	0	0	0	0	0	0	0	0.477154424522846	0	0	0	0	0.0433776749566223	0	0	0	0	0	0.115673799884326	0	0	0.0867553499132447	0	0	0	0	0	0	2.16888374783112	0	0	0	0	0	0	0	0.0144592249855408	0	0	0	0	0.260266049739734	0.202429149797571	0	0	0	0	0	0	0	0	0	0	0	0	0	0	0	0	0	0	0	0	0	0	0	0	0.0144592249855408	0	0	0	0	0	0	0	0	0	0	0	0	0	0	0	0	0	0.0867553499132447	0.101214574898785	0	0	0	0	0	0	0	0	0	0	0.332562174667438	1.08444187391556	0	0	0	0	0.303643724696356	0	0	0.0289184499710815	0	0	0	0	0	0	0	0	0	0	0	0	0	0	0	0	0	0	0	0	0	0	0	0	0	0	0	0.101214574898785	0	0	0	0	0	0.0722961249277039	0	0	0	0	0	0	0	0	0.115673799884326	0	3.06535569693464	0.0578368999421631	0.101214574898785	0	0	0	0	0.0578368999421631	0	0	0	0	1.04106419895894	0	0.0289184499710815	0	0	0.0578368999421631	0	0	0	0.0144592249855408	0	0	0	0	0	0	0.0144592249855408	0	0.0289184499710815	0	0	0	0	0	0	0	0	0	0	0	0	0	0.0578368999421631	0	0.289184499710816	0	0	0	0.101214574898785	0	0	0	0	0.231347599768652	0	0	0	0	0	0	0	0	0	16.9751301330249	0	0	0	0	0.303643724696356	0	0	0	0	1.61943319838057	0	0	0	0	0	0	0	0	0	0	0	0	0	0	0	0	0	0	0	0	0	0	0	0	0	0	0	0	0	0.477154424522846	0	0	0	0	0	0	0	0	0	0	0	0	0	0	0.202429149797571	0	0	0	0	0	0	0	0	0	0	0	0	0	0	0	0	0	0	0	0	0	0	0	0	0	0	0	0.0144592249855408	0	0	0	0	0	0	0	0.101214574898785	1.44592249855408	0	0	0	0	0	0	0	0	0	0	0	0	0	0	0	0.260266049739734	0	0.0433776749566223	0	0	0	0	0	0	0	0	0	0.0867553499132447	0	0	0	0	1.53267784846732	0	0.0433776749566223	0	0	0	0	0	0	0	0	0	0	0.0578368999421631	0.0289184499710815	0	0	0.0722961249277039	0	0.549450549450549	0	0	0	0	0	0	0	0	0	0	0.578368999421631	0	0	0	0.332562174667438	0.0722961249277039	0	0	0	0	0	0	0	0	0	1.89415847310584	0	0	0	0	0	0	0	0	0	0.0578368999421631	0.130133024869867	0	3.368999421631	0	0.130133024869867	0	0.0722961249277039	0	42.2787738577212	0	0	0	0	0	0	0	0	0	0	0	0	0	0	0	0	0	0	0	0	0	0	0	0	0	0.419317524580682	0	0	0	0	0	0	0	0	0	0	0	2.5882012724118	0	0	0	0	5.23423944476576	0	0	1.12781954887218	0	0	0	0	0	0	0	0	0	0	0	0
SRR11426402	0	0	0	0	0	0.0109835795485749	0	0	0.124938217365039	0	0	0	0.0109835795485749	0	0	0	0	0	0.101598110824318	0.0384425284200121	0	0	0	0	0	0.0631555824043056	0.049426107968587	0	0.0151024218792905	0	0.019221264210006	0.00274589488714372	0.11807348014718	0	0	0.0205942116535779	0	0	0	0	0.0219671590971498	0	0	0.0343236860892965	0	0	0	0.0109835795485749	0	0	0	0.100225163380746	0	0	0.0137294744357186	0.00961063210500302	0.0068647372178593	0	0	0	0	0	0	0	0	0	0	0	0	0	0	0	0	0	0	0	0	0	0	0	0	0	0	0	0	0	0	0.00411884233071558	0	0	0	0	0	0	0	0	0	0	0	0	0	0	0	0	0.019221264210006	0	0	0.0466802130814432	0.356966335328684	0.0178483167664342	0.0892415838321709	10.2380690867154	0	0	4.65841067603932	0.087868636388599	0	0	62.7999890164205	0	0	0	0	0	0	0	0	0	0	0.0068647372178593	0	0	0	0.137294744357186	0	0	0.0260860014278653	0	0	0	0.0164753693228623	0.11807348014718	0	0	0.00411884233071558	0	0	0	0	0	0	0	0	0	0	0	0	0	0	0.019221264210006	0	0.0439343181942995	0	0	0	0	0.0576637926300181	0	0	0.0205942116535779	0	0	0	0.0178483167664342	0	0	0	0	0.837497940578835	0	0	0	0	0	0	0	0	0	0	0.303421385029381	0	0	0	0	0	0	0	0	0	0.0247130539842935	0.194958536987204	0	0.0329507386457246	0	0	0	0.0109835795485749	0	0	0	0	0	0	0	0.318523806908672	0	0	0	0	0	0	0	0	0.269097698940085	0	0	0	0	0	0	0	0	0.111208742929321	0	0	0	0	0	0	0	0	0	0	0	0	0	0	0	0	0.00549178977428744	0	0	0.0068647372178593	0.00961063210500302	0	0	0	0	0	0	0	0	0	0	0	0	0.0260860014278653	0	0	0	0	0	0	0	0	0	0	0	0	0.0151024218792905	0.019221264210006	0.148278323905761	0	0	0	0.0329507386457246	0	0	0.0137294744357186	0	0	0.00961063210500302	0	0	0.0741391619528805	0.245757592399363	0.00823768466143116	0	0	0	0	0	0	0	0.3171508594651	0	0	0	0	0	0	0	0	0	0.00274589488714372	0	0.119446427590752	0	0.0329507386457246	0	0	0.0768850568400242	0	0.0288318963150091	0	0.78258004283596	0	0	0	0	0	0	0	0	0	0	0	0.00549178977428744	0	0	0	0	0	0.0288318963150091	0	0	0	0	0	0	0	0.0219671590971498	0	0	0	0	0.0617826349607337	0	0	0	0	0	0	0.0343236860892965	0.00137294744357186	0	0	0	0	0	0	0	0	0	0	0	0.0659014772914493	0	0	0	0	0	0	0.152397166236476	0.0260860014278653	0	0	0.0164753693228623	0.0713932670657367	0.755121093964523	0	0	0	0	0	0	0	0	0.00549178977428744	0	0.0741391619528805	0	0	0.14004063924433	0	0	0	0	0.00411884233071558	0	0	0	0	0	0.0151024218792905	0	0.0453072656378714	0	0	0	0	0	0	0	0	0	0	0	0	0.078258004283596	0.0384425284200121	0	0	0	0.0356966335328684	0	0	0	0	0	0	0.00823768466143116	0	0	0.156516008567192	0	0	0	0	0	0	0	0.0425613707507277	0.0961063210500302	0	0.156516008567192	0	0	0	0	0	0	0	0	0	0	0	0.0164753693228623	0	0	0	0	0	0	0	0	0	0	0	0	0	0.0274589488714372	0	0	0	0	0.269097698940085	0	0	0	0.0205942116535779	0.0315777912021528	0	0	0	0	0	0	0	0	0	0	0	0	0	0	1.54868471634906	0	0.0356966335328684	0	0.00823768466143116	0	0	0	0.0315777912021528	0	0.00274589488714372	0	0.145532429018617	0	0	0	0	0.291064858037234	0	0.0329507386457246	0	0	0.0425613707507277	0	0	0	0	0	0	0	0	0.0233401065407216	0.115327585260036	0	0.0123565269921467	0	0.0109835795485749	0	0	0.0329507386457246	0	0	0	0	0	0	0	0.00961063210500302	0	0	0	0	0.00274589488714372	0	0	0	0	0	0	0	0	0	0.0151024218792905	0	0	0	0	0	0	0	0	0	0	0.0178483167664342	0	0.792190674940963	0	0.00961063210500302	0	0	0	0.130430007139327	0	0	0	0	0	0	0	0.0151024218792905	0	0	0.0219671590971498	0	0	0	0	0	0	0	0	0	0	0	0	0	0	0	0	0	0	0	0	0	0	0	0	0.604096875171618	0	9.83579548574881	0	0	0.0123565269921467	0	0.0356966335328684	0	0	0	0	0	0	0.0109835795485749	0	0	0	0.0109835795485749	0	0	0	0
SRR11426403	0	0	0	0	0	0	0	0	0.0816607211931061	0	0	0	0	0	0	0	0	0	0.02148966347187	0	0	0	0	0	0	0.034383461554992	0	0.017191730777496	0.287961490523058	0	0.030085528860618	0.025787596166244	0.0558731250268621	0	0	0	0.0472772596381141	0	0	0.137533846219968	0	0	0	0.120342115442472	0.025787596166244	0	0	0	0	0	0.0816607211931061	0.0687669231099841	0	0	0.030085528860618	0.00859586538874801	0	0	0	0	0	0	0	0	0.00859586538874801	0	0	0	0	0	0	0	0	0	0	0	0	0	0.012893798083122	0	0.00859586538874801	0	0	0	0	0	0	0.0902565865818541	0	0.017191730777496	0	2.85382730906434	0	0	0	0	0	0	0	0	0	0.395409807882409	0	0	0	0	0.0687669231099841	0.386813942493661	0.0988524519706021	0	0.176215240469334	3.71341384793914	0	0	1.07878110628788	0	0	0	10.0313749086689	0	0	0	0	0	0	0	0	0	0	0	0	0	0	0	0	0	0	0	0	0	0	0	0	0	0.025787596166244	0	0	0	0	0	0	0	0.030085528860618	0	0	0	0	0	0.034383461554992	0	0	1.07878110628788	0	0.025787596166244	0	0	0.02148966347187	0	0	0	0	0	0	0	0.0515751923324881	0	0	0	1.09597283706537	0	0	0	0	0	0	0	0	0	0	14.939614045644	0	0	0	0	0.025787596166244	0	0	0	0	0.0429793269437401	0.120342115442472	0	0.36532427902179	0	0	0.034383461554992	0	0	0.747840288821077	0	0	0	0	0	0.17191730777496	0	0	0	0.0472772596381141	0	0	0	0	3.96269394421283	0.116044182748098	0	0	0.00429793269437401	0	0	0	0	0.0601710577212361	0	0	0	0	0	0	0.00859586538874801	0	0	0	0	0	0	0	0	0	0.0859586538874801	0	0	0	0	0	0	0	0	0	0	0	0	2.37675677998883	0	0	0	0	0.0386813942493661	0.030085528860618	0	0	0	0	0	0	0	0	0	0	3.2578329823355	0.00859586538874801	0	0	0.025787596166244	0	0.034383461554992	0.0687669231099841	0	0.137533846219968	0	0	0	0	0	0	0.0386813942493661	0	0	0	0.0601710577212361	0	0	0.025787596166244	0	8.95689173507543	0	0.0515751923324881	0	0	0	0	0	0	0	0	0	1.02720591395539	0	0	0	0.0859586538874801	0	0	0	0	0.15042764430309	0	0	0	0	0	0	0.0859586538874801	0.0386813942493661	0.017191730777496	0	0.0773627884987321	0.017191730777496	0	0	0.02148966347187	0	0	0	0	0	0	0.180513173163708	0	0.19340697124683	0	0	0	0.02148966347187	0	0	0	0	0	4.09163192504405	0	0.0558731250268621	0	0.012893798083122	0	0	0	0	0	0	0	0	0.197704903941204	0	0	0	0	0	0	0	0	0	0	0.12893798083122	0	0	0	0	0.661881634933597	3.60166759788542	0	0	0.103150384664976	0	0	0	0	0	0.017191730777496	0	0	0.025787596166244	0	0.017191730777496	0	0.00859586538874801	0	0	0.0945545192762281	0	0	0.025787596166244	0.034383461554992	0	0	0	0	0	0	0	0	0.244982163579318	0	0	0	0	0	0	0	0.446985000214897	0	0	0	0	0	0	0	0	0	0	0	0	0	0	0	0	0	0	0	0	0	0.012893798083122	0	5.35092620449564	0	0.0687669231099841	0	0.163321442386212	0	0	0	0.030085528860618	0	0	0	0	0	0	0	0	0	0	0	0	0	0	0.0558731250268621	0	0	0	0	0.00429793269437401	0	0	0	0	0	0	0	0.0429793269437401	0.017191730777496	0	0.0429793269437401	0	0	0	0	0	0	0	0	0	0	0	0	0	0.528645721408003	0.0429793269437401	0.189109038552456	0	0.025787596166244	0.0601710577212361	0	0	0	0	0	0	0.0945545192762281	0	0	0	0	0.249280096273692	0	0.0773627884987321	0	0	0	0	0	0	0	0	0	0.0386813942493661	0	0	0.017191730777496	0	0.511453990630507	0	0.0902565865818541	0	0	0	0	0	0	0	0	0	0	0.00429793269437401	0	0	0	0	0	0	0	0	0	0.210598702024326	0	0	0	0	0	0	0	0.012893798083122	0	0	0	0	0	0.773627884987321	0.0515751923324881	0.593114711823613	0	5.41969312760562	0	0.0472772596381141	0	0	0	0.373920144410539	0.00429793269437401	0	0.782223750376069	0	0	0	0	0	0	0	0	0	0	0	0	0	0	0	0	0	0	0.0902565865818541	0	0	0	0	0	0	0	0.017191730777496	0	0	0	0	0	0.025787596166244	0	11.7634417845017	0	0	0	0	0.0515751923324881	0	0	0.244982163579318	1.45699918339279	0	0	0	0	0.442687067520523	0	0.00859586538874801	0	0	0	0
SRR11426404	0	0	0	0	0	0	0	0	0	0	0	0	0	0	0	0	0	0	0	0	0	0	0	0	0	0.227738556137554	0	0	6.90047825096789	0	0.341607834206331	0	0	0	0	0	0	0	0	0	0	0	0	0.136643133682532	0	0	0	0	0	0	0	0	0	0	0	0	0	0	0	0	0	0	0	0	0	0	0	0	0	0	0	0	0	0	0	0	0.0910954224550216	0	0	0	0	0	0	0	0	0	0	0	0	0	0	0	0.0227738556137554	0	0	0	0	0	0.0455477112275108	0	0.0455477112275108	0	0	0	0	0	0.159416989296288	0	0	0	0.455477112275108	1.00204964700524	0	0	0.113869278068777	0	0	0	0.387155545433842	0	0	0	0	0	0.0227738556137554	0	0	0	0	0	0	0	0	0	0	0	0	0	0	0	0	0	0	0	0	0	0	0	0	0	0	0	0	0	0	0	0	0.0455477112275108	0	0	0	0.592120245957641	0	0	0	0	0.0455477112275108	0	0	0	0	0	0	0	0	0	0	0	1.0703712138465	0	0	0	0	0	0	0	0	0	0.0227738556137554	9.81553176952858	0	0	0	0	0	0	0	0	0	0	0.660441812798907	0	0	0	0	0	0	0	0	0	0	0	0	0	0	0	0	0	0.0227738556137554	0	0	0	0	6.9460259621954	0.865406513322705	0	0	0.182190844910043	0	0	0	0	0	0	0	0	0	0	0	0	0	0	0	0	0	0	0	0	0	0	0	0	0	0	0	0	0	0	0	0	0	0	0	0	0	0	0	0	1.09314506946026	0	0	0	0	0	0	0	0	0	0	0.0455477112275108	3.02892279662947	0	0	0	0	6.10339330448645	0	0	0.0455477112275108	0	0	0.523798679116374	0	0	0	0	0	0	0	0	0	0	0	0	0	0	0	0	0	0	0	0	0	0.227738556137554	0	0.409929401047597	0	0	0	0	0	0	0	0	0	0	0	0	0	0	0	0	0	0.0227738556137554	0	0	0.0227738556137554	0	0	0	0	0	0	0	0	0	0	0	0	0	0	0	0	0	0	0	0	0	0	0	0	0	0	0.0227738556137554	0	0	0	0.0455477112275108	0	0	0	0	0	0	0	0	0	0	0	0	0	0.0455477112275108	0	3.9854247324072	0	0	0	0	0.660441812798907	0.0227738556137554	0	0	0	0	0	0	0	0	0	0	0	0	0	0	0	1.6852653154179	0	0	13.5504440901845	0	0	0	0	0	0	0	0	0	0	0	0	0.25051241175131	0	0	0	0	0.182190844910043	0	0	0	0	0	0	0	0	0	0	0	0.0910954224550216	0	0	0	0	0	0	0	0	0	0	0	0	0	0	0	0	0	0	0	0	0	0	0	0	0	0	0	0	0	0	0	0	0	0	0	0	0	0.113869278068777	0	0	0	0	0	0	0	0	0	0	0	0	0.159416989296288	0.478250967888864	0	0	0	0	0	0	0	0	0	0	0	0	0	0	0	0.0455477112275108	0	0	0	0	0	0	0	0	0	0	0	0	0	0	0	0	1.57139603734912	0	1.98132543839672	0	0	0	0	0	0	0	0	0	0.113869278068777	0	0	0	0	0.204964700523799	0	0	0	0.0683215668412662	0.0455477112275108	0	0	0	0	0	0	0	0.592120245957641	0	0	0	0	0.0910954224550216	0	0	0	0	0	0	0	0	0	0.705989524026418	0	0	0	0	0	0.0910954224550216	0	0	0	0.501024823502619	7.37872921885675	1.16146663630153	1.43475290366659	0	0.341607834206331	0	0.0683215668412662	0	15.8506035071738	0	0	0	0	0	0	0	0	0	0	0	0	0	0	0	0	0	0	0	0	0	0	0	0	0	0	0	0.318833978592576	0	0	0	0	0	0	0	0	0	1.77636073787292	0	0	0	0	2.43680255067183	0	0	0.0910954224550216	0	0	0	0.0910954224550216	0	0	0	0	0	0	0	0
SRR11426407	0	0	0	0	0	0	0	0	0	0	0	0	0.0877370587838294	0	0	0	0	0	0	0	0	0	0	0	0	0.182223122089492	0	0	0.904366605925626	0	0	0	0.134980090436661	0	0	0	0	0	0	0	0	0	0	0.168725113045826	0	0	0	0	0	0	0	0.236215158264156	0	0	0.0134980090436661	0	0	0	0	0	0	0	0	0	0	0	0	0	0	0	0	0	0	0	0	0	0	0	0	0	0	0	0	0	0.0337450226091651	0	0	0	0	0	0	0	0	0	0	0	0	0	0	0	0	0	0	0	0	0	0	0	0.776135520010798	0	0	6.68826348113653	0	0	2.36890058716339	0	0	0	36.6943375852062	0	0	0	0	0	0	0	0	0	0	0	0	0	0	0	0	0	0	0	0	0	0	0	0	0	0	0	0	0	0	0	0	0	0	0	0	0	0	0	0	0	0	0.0539920361746642	0	0	0	0.0202470135654991	0	0	0	0	0	0	0	0	0	0	0	0	0.593912397921307	0	0	0	0	0	0	0	0	0	0	27.043261118985	0	0	0	0	0	0	0	0	0	0	0.89086859688196	0	0	0	0	0	0	0	0	0	0	0	0	0	0.168725113045826	0	0	0	0	0	0	0	0	0.51292434365931	0.0877370587838294	0	0	0	0	0	0	0	0.195721131133158	0	0.0269960180873321	0	0	0	0	0	0	0	0	0	0	0	0	0	0	0	0	0	0	0	0	0	0	0	0	0	0	0	0	0	0	0	0	0	0	0	0	0	0	0	0	0	0	0	0	0	0	0	0	0	0	0.107984072349328	0.209219140176824	0	0.229466153742323	0	0	0	0	0	0	0	0	0	0	0	0	0	0.114733076871161	0	0	0	0	0	0	0	0	0	0	0	0	0	0	0	0	0	0	0	0	0.317203212526152	0	0.0742390497401633	0	0	0	0	0	0	0	0.107984072349328	0.0269960180873321	0	0	0	0	0	0	0	0	0	0	0	0	0	0	0	0	0	0	0	0	0	0	0	0	0	0	0	0	0.0742390497401633	0	0	0	0	0	0	0	0	0	0	0	0	0	0	0	0	0	0	0	1.60626307619626	0	0	0.0539920361746642	0	0.148478099480327	0.276709185395154	0	0	0	0	0	0.0134980090436661	0	0	0	0	0	0	0	0	0	0	0	0	0	0	0	0	0	0	0	0	0	0	0	0	0	0	0	0	0	0	0	0	0	0	0	0	0	0	0	0	0	0	0	0	0	0	0	0	0	0	0	0	0	0	0	0	0	0	0	0.303705203482486	0	0	0	0	0	0	0	0	0	0	0	0	0	0	0	0	0	0	0	0	0	0	0	0	0	0	0	0	0	0	0.263211176351488	0	0	0	0	0	0	0	0	0	0	0	0	0	0	0	0	0	0	0	0.371195248700817	0	0	0	0	0	0	0	0	0.114733076871161	0.0404940271309982	0	2.17317945603024	0	0	0	0	1.35654990888844	0	0.0809880542619963	0	0	0	0	0	0	0	0	0	0	0	0.121482081392995	0	0	0.101235067827495	0	0.0877370587838294	0	0	0.0742390497401633	0	0	0	0	0	0	0	0	0	0	0	0	0	0	0	0	0	0	0	0	0	0	0.0674900452183303	0	0	0	0	0	0	0	0	0	0	0.134980090436661	0	8.58473375177161	0	0.391442262266316	0	0	0	0.0809880542619963	0	0	0	0	0	0	0	0	0	0	0	0	0	0.0742390497401633	0	0	0	0.0539920361746642	0	0	0	0	0	0	0	0	0	0	0	0	0	0	0	0	0	0.317203212526152	0	3.7794425322265	0	0	0	0.0202470135654991	0	0	0	0	0	0	0	0.0809880542619963	0	0	0	0.0809880542619963	0	0	0	0
SRR11426354	0	0	0	0	0	0	0.0119688809096349	0	0	0	0	0	0	0	0	0	0	0	0	0	0	0	0	0.0119688809096349	0	0.161579892280072	0	0	0.0957510472770796	0	0.125673249551167	0	0	0	0	0	0.0478755236385398	0	0	0.0299222022740874	0.0179533213644524	0	0	0.00598444045481747	0	0	0	0	0.0418910831837223	0	0.125673249551167	0	0	0	0	0	0	0	0	0	0	0	0	0	0	0	0	0	0	0	0	0	0	0	0	0	0	0	0.0179533213644524	0	0	0	0	0	0	0	0	0.0299222022740874	0	0	0	0	0	0	0	0	0	0	0.0239377618192699	0	0	0.0179533213644524	0	0	0.0299222022740874	0	0	0.245362058647516	0	0	0.0777977259126272	1.31657690005984	0	0	0	0	0	0	0.0239377618192699	0	0	0	0	0	0	0	0	0	0	0	0	0	0	0	0	0	0	0	0	0	0	0	0	0	0	0	0	0	0	0	0	0	0	0	0	0	0	0	0	0.0359066427289048	0	0.203470975463794	0	0.0478755236385398	0	0	0.0658288450029922	0	0	0	0	0	0	0	0	0.406941950927588	0	0	9.85637342908438	0	0	0	0	0	0	0	0	0	0	52.4775583482944	0	0	0	0	0	0	0	0	0	0.221424296828247	0.0239377618192699	0	0.0837821663674446	0	0	0	0	0	0.329144225014961	0	0	0	0	0	0.0239377618192699	0	0	0	0	0	0	0	0	2.19628964691801	0	0	0	0	0	0	0	0	0	0	0	0	0	0	0	0	0	0	0	0	0	0	0	0	0	0.173548773189707	0	0	0	0	0	0	0	0	0.107719928186715	0	0	0	0	0	0	0	0	0	0.0239377618192699	0	0	0	0	0	0	0	0.0359066427289048	0	0	0.293237582286056	0.0718132854578097	0	0	0	0	0.0538599640933573	0	0	0	0	0	0	0	0	0	0	0	0	0	0	0	0	0	0	0.353081986834231	0	0	0	0	0	0	0	0	0	0.0239377618192699	0	0.442848593656493	0	0	0	0.00598444045481747	0	0	0	0.0179533213644524	0	0	0	0	0	0	0	0	0.0478755236385398	0	0.00598444045481747	0.68821065230401	0	0	0	0	0	0	0	0.0119688809096349	0.0179533213644524	0	0.131657690005984	0	0	0.0239377618192699	0	0	0	0	0	0	0	0	0.0418910831837223	0	0	0	0	0	0	0	0	0	0	0	0	0	0	0	0	0	0.0179533213644524	0	0	0	0	0.0119688809096349	0.233393177737881	0	0	0.0239377618192699	0	0.0299222022740874	2.24416517055655	0	0	0	0	0	0	0.00598444045481747	0	0.0837821663674446	0	0	0	0	0.0299222022740874	0	0	0	0	0.0478755236385398	0	0	0.287253141831239	0	0	0	0	0	0	0	0	0	0	0	0	0	0	0	0	0	0	0	0	0	0	0	0	0	0	0.00598444045481747	0	0	0	0	0	0	0.0478755236385398	0	0	0	0	0	0	0	1.65170556552962	0	0	0	0	0	0	0	0	0	0	0	0	0	0	0	0.0119688809096349	0	0	0	0	0	0	0	0	0	0	0	0	0.0598444045481747	0	0	0	0	0	0	0	0.0418910831837223	0	0	0	0	0	0	0	0	0	0	0	0	0	0	0.0119688809096349	0.0299222022740874	0.0119688809096349	0	0	0	0	0	0	0	0	0	0	0.167564332734889	0	0	0	0	1.68162776780371	0	0	0	0	0	0.0119688809096349	0	0	0	0	0	0.0359066427289048	0.0119688809096349	0	0	0	0.161579892280072	0	0.143626570915619	0	0	0	0	0	0	0	0	0	0	0.0119688809096349	0	0	0	0	0	0	0	0	0	0	0	0	0	0	0	0	0	0	0.149611011370437	0	0	0	0	0.0179533213644524	0	0.245362058647516	0	17.0137642130461	0	0.0179533213644524	0	0	0	1.07719928186715	0	0	0	0	0	0	0	0	0	0	0	0	0	0	0	0	0	0	0	0	0	0	0	0	0	0	0	0	0	0	0	0.0418910831837223	0.0897666068222621	0	0	0.0359066427289048	0	2.87253141831239	0	0	0	0	0.0538599640933573	0	0	0.0598444045481747	0.0299222022740874	0	0	0.119688809096349	0	0.0538599640933573	0	0	0	0	0	0
SRR11426410	0	0	0	0	0	0	0	0	0	0	0	0	0.0344584990452124	0	0	0.00861462476130311	0	0	0	0	0	0	0	0.0172292495226062	0	0.0703527688839754	0	0	0.172292495226062	0	0.0287154158710104	0	0.0430731238065155	0	0	0	0	0	0	0	0	0	0.0531235193613692	0.0344584990452124	0	0	0	0	0	0	0	0.00717885396775259	0.00287154158710104	0	0.00861462476130311	0	0	0	0	0	0	0	0	0	0	0	0	0	0	0	0	0	0	0	0	0	0.00574308317420207	0	0	0	0	0	0	0	0	0	0	0	0.0172292495226062	0	0	0.0287154158710104	0	0	0	0	0	0	0.0186650203161567	0	0	0	0	0	0	0	0	0	0.0215365619032578	0	0	0.00861462476130311	0	0	0.0631739149162228	0	0	0	0.044508894600066	0	0	0	0	0	0	0.00574308317420207	0	0	0.00287154158710104	0	0	0	0	0	0	0	0	0	0	0	0	0	0	0	0.0258438742839093	0	0	0	0	0	0	0.00143577079355052	0	0	0	0	0	0.00287154158710104	0	0	0	0.00143577079355052	0	0	0.0129219371419547	0.00287154158710104	0	0	0	0	0	0	0	0	0	0	0	0	4.33459202572901	0	0	0	0	0	0	0	0	0	0	83.4283335008399	0	0	0	0	0	0	0	0	0.0129219371419547	0.00717885396775259	0.0861462476130311	0	0.1392697669744	0	0	0	0	0	0	0	0	0	0	0	0.00143577079355052	0	0	0	0	0	0	0	0	0.19526482792287	0.0459446653936166	0	0	0	0	0	0	0	0.0129219371419547	0	0	0	0.0344584990452124	0	0	0	0	0	0	0	0	0	0	0	0	0.00287154158710104	0	0	0	0	0	0	0	0.00574308317420207	0	0	0	0	0	0	0	0	0	0.0603023733291217	0.0847104768194805	0	0	0	0	0	0	0	0	0	0	0	0.0344584990452124	0	0.0143577079355052	0	0	0.0847104768194805	0	0	0.0229723326968083	0	0	0	0	0	0	0	0	0	0	0	0	0	0	0	0.00717885396775259	0	0	0	0.0100503955548536	0	0	0	0	0	0	0	0	0	0	0	0	0	0.00430731238065155	0	0	0	0	0	0	0	0	0	0	0.00143577079355052	0	0.00574308317420207	0	0.00430731238065155	0.00143577079355052	0	0.00143577079355052	0	0	0	0	0.0287154158710104	0	0	0	0	0	0	0	0	0	0	0	0	0	0	0	0	0	0.0358942698387629	0	0	0	0	0	0	0	0	0	0	0	0	0	0	0	0	0	0	0	0.0875820184065816	0	0	0	0	0	0.314433803787563	0	0	0	0	0	0	0.00287154158710104	0	0	0	0	0	0	0.00574308317420207	0	0	0	0	0.0574308317420207	0	0	0.00574308317420207	0	0	0	0	0	0	0	0.00574308317420207	0	0	0	0	0	0	0	0.0129219371419547	0	0	0	0	0	0	0	0	0	0	0.0143577079355052	0	0	0.00287154158710104	0	0	0	0	0	0	0	0	0	0.00287154158710104	0	0.00717885396775259	0	0	0	0	0	0	0	0	0	0	0	0	0	0	0	0.0129219371419547	0	0	0	0	0	0	0	0	0	0	0	0	0	0	0	0	0.0172292495226062	0	0	0.0330227282516619	0.0215365619032578	0	0	0	0	0	0	0	0	0	0	0	0	0	0	0.0143577079355052	0	0	0	0	0	0	0	0	0	0	0	0	0.0961966431678847	0	0	0	0	0.4149377593361	0	0	0	0	0	0	0	0	0	0	0	0.0272796450774598	0	0	0	0	0.0473804361871671	0	0.0114861663484041	0	0	0	0	0	0	0	0	0	0	0.00574308317420207	0	0	0	0	0	0	0	0	0	0	0	0	0	0	0	0	0	0	0	0	0	0	0	0	0.00143577079355052	0.0129219371419547	0	8.07190340134101	0	0.223980243793881	0	0	0	0.63748223233643	0	0	0	0	0	0	0.00287154158710104	0	0	0	0	0	0	0	0	0	0	0	0	0	0	0	0	0	0	0	0.00574308317420207	0	0	0	0	0	0	0	0	0	0	0.337406136484372	0	0	0	0.00717885396775259	0.0229723326968083	0	0	0	0	0	0	0	0	0	0	0	0	0	0	0
SRR11426412	0	0	0	0	0	0	0	0	0	0	0	0	0	0	0	0	0	0	0	0	0	0	0	0	0	0.02075365412553	0	0	0.00296480773221857	0	0.0118592309288743	0	0	0	0	0	0	0	0	0	0.02075365412553	0	0	0.0859794242343384	0	0	0	0	0	0	0	0.335023273740698	0	0	0.0237184618577485	0	0	0	0	0	0	0	0	0	0.0504017314477156	0	0	0	0	0	0	0	0	0.0326128850544042	0	0	0	0	0	0	0	0	0	0	0	0	0	0	0	0	0	0	0	0	0	0	0	0	0	0	0	0	0	0	0	0	0	0	0.112662693824306	0	0.0118592309288743	0.595926354175932	0	0	0.290551157757419	0	0	0	6.72418393667171	0	0	0	0	0	0	0	0	0	0	0	0	0	0	0	0.0652257701088085	0	0	0	0	0	0	0	0	0	0.0237184618577485	0	0	0	0	0	0	0	0	0	0	0	0	0	0	0	0	0	0	0	0.068190577841027	0	0	0	0	0	0	0	0	0	0	0	0	0	0.441756352100566	0	0	0	0	0	0	0	0	0	0	81.8820599484123	0	0	0	0	0	0	0	0	0	0	0.22829019538083	0	0	0	0	0	0	0	0	0	0	0	0	0	0.0296480773221857	0	0	0	0	0	0	0	0	0.0296480773221857	0.00592961546443713	0	0	0	0	0	0	0	0	0	0	0	0	0	0	0	0	0	0	0	0	0	0	0	0	0.00296480773221857	0	0	0	0	0	0	0	0	0	0	0	0	0	0	0	0	0	0	0.02075365412553	0	0	0	0	0	0	0	0	0	0	0	0.0177888463933114	0	0	0	0	0.00592961546443713	0.0148240386610928	0	0.0266832695899671	0	0	0	0	0	0	0	0	0	0	0	0	0	0	0	0	0	0	0	0	0	0	0	0	0	0	0	0.0830146165021198	0	0	0	0	0	0	0	0	0.00592961546443713	0	0	0	0	0	0	0	0.174923656200895	0	0	0	0	0	0	0	0	0	0	0	0	0	0	0	0	0	0	0	0	0	0	0	0	0	0	0	0	0	0.02075365412553	0	0	0	0	0	0	0	0	0	0	0	0	0	0.0266832695899671	0	0	0	0	0	0.773814818109046	0	0	0	0	0	0.0177888463933114	0	0	0	0	0	0	0	0.0177888463933114	0	0	0	0	0	0	0	0	0	0	0	0	0	0	0	0	0	0	0	0	0	0	0	0	0	0	0	0	0	0	0	0	0	0	0	0	0	0	0	0	0	0	0	0	0	0	0.0533665391799342	0	0	0	0	0	0	0	0	0	0	0	0	0	0	0	0	0	0	0	0	0	0	0	0	0	0	0	0	0	0	0	0	0	0	0	0	0	0	0	0	0	0	0	0	0	0	0	0.0118592309288743	0	0	0	0	0	0	0	0	0	0	0	0	0	0.12452192475318	0	0	0	0	0	0	0	0	0	0.0118592309288743	0	0.450650775297222	0	0	0	0	0.0711553855732456	0	0	0.0326128850544042	0	0	0	0	0	0	0	0	0	0	0	0	0	0.0563313469121528	0	0	0	0	0	0	0	0	0	0	0	0	0	0	0	0	0	0	0	0	0	0	0	0	0.0088944231966557	0	0	0	0	0	0	0	0	0	0	0	0	0	0.0563313469121528	0	4.9186160277506	0	0	0	0	0	0.0978386551632127	0	0	0	0	0	0	0	0	0	0	0	0	0	0	0	0	0	0	0	0	0	0	0	0	0	0	0	0	0	0	0	0	0	0	0	0	0	1.71069406149011	0	0	0.00296480773221857	0.0444721159832785	0.0237184618577485	0	0	0	0	0	0	0	0	0	0	0.02075365412553	0	0	0	0
SRR11426355	0	0	0	0	0	0	0	0	0	0	0	0	0	0	0	0	0	0	0	0	0	0	0	0	0	0	0	0	0.0225237907539839	0	0.0140773692212399	0	0	0	0	0	0	0	0	0	0	0	0	0	0	0	0	0	0	0	0	0	0	0	0	0	0	0	0	0	0	0	0	0	0	0	0	0	0	0	0	0	0	0	0	0	0	0	0	0	0	0	0	0	0	0	0	0.00281547384424799	0	0	0	0	0	0	0	0	0	0	0	0	0	0	0	0	0	0	0	0	0	0	0.00563094768849597	0.0168928430654879	0	0	0	0	0	0	0	0	0	0	0	0	0	0	0	0	0	0.00281547384424799	0	0	0	0	0	0	0	0	0	0	0	0	0	0	0	0	0	0	0	0	0	0	0.00563094768849597	0	0	0	0	0	0	0	0	0.00281547384424799	0	0	0	0	0	0	0	0	0	0	0	0	0	0	0	0	0.104172532237176	0	0	0	0	0.0112618953769919	0	0	0	0	0	98.8907033053663	0	0	0	0	0	0	0	0	0	0	0	0	0.00563094768849597	0	0	0	0	0	0.0140773692212399	0	0	0	0	0	0	0	0	0	0	0	0	0	0	0.0534940030407118	0.0112618953769919	0	0	0	0	0	0	0	0	0	0	0	0	0	0	0	0	0	0	0	0	0	0	0	0	0	0	0	0	0	0	0	0	0	0	0	0	0	0	0	0	0	0	0	0	0	0	0	0	0	0	0	0	0	0	0.00281547384424799	0.00844642153274396	0	0	0	0	0.0168928430654879	0	0	0	0	0	0.00563094768849597	0	0	0	0	0	0	0	0	0	0	0	0	0	0	0	0	0	0	0	0	0	0	0	0	0	0	0	0	0	0	0	0	0	0	0	0	0	0	0	0	0	0.0675713722619517	0	0	0.00844642153274396	0	0	0	0.0112618953769919	0	0	0	0	0.00281547384424799	0	0.00563094768849597	0	0	0	0	0	0	0	0	0	0	0	0	0	0	0	0	0	0	0	0	0	0	0	0	0	0	0	0	0	0.0197083169097359	0	0	0	0	0	0	0	0	0	0	0	0.0140773692212399	0	0	0	0	0	0	0	0	0	0	0	0	0	0	0	0	0	0	0.00281547384424799	0	0	0	0	0	0	0	0	0	0	0	0	0	0	0	0	0	0	0	0	0	0	0	0	0	0	0	0	0	0	0	0	0	0	0	0	0	0	0	0	0	0	0	0	0.00563094768849597	0	0	0	0	0	0	0	0	0	0	0	0	0	0	0	0	0	0	0	0	0	0	0	0	0	0	0	0	0	0	0	0	0	0	0	0	0.0112618953769919	0	0	0	0	0	0	0	0	0	0	0	0	0	0	0	0.0394166338194718	0	0	0	0	0	0	0	0	0	0	0	0	0	0	0	0	0.0675713722619517	0	0	0	0	0	0	0	0	0	0.0197083169097359	0	0	0	0	0	0	0.0253392645982319	0	0	0	0	0	0	0	0	0	0.00844642153274396	0	0	0	0	0	0	0	0	0	0	0	0	0	0	0	0	0	0.00844642153274396	0	0	0	0	0	0	0	0	0	0	0	0	0.171743904499127	0	0	0	0	0	0.180190326031871	0	0	0	0	0	0	0	0	0	0	0	0	0	0	0	0	0	0	0	0	0	0	0	0	0	0	0	0	0	0	0	0	0	0	0	0	0	0.109803479925671	0	0	0	0.00844642153274396	0.00563094768849597	0	0	0.00281547384424799	0.00563094768849597	0	0	0	0	0	0	0	0	0	0	0
SRR11426358	0	0	0	0	0	0	0	0	0	0	0	0	0	0	0	0	0	0	0	0	0	0	0	0	0	0	0	0	0.0656407264240391	0	0	0	0	0	0	0	0	0	0	0	0	0	0	0	0	0	0	0	0	0	0	0	0	0	0	0	0	0	0	0	0	0	0	0	0	0	0	0	0	0	0	0	0	0	0	0	0	0	0	0	0	0	0	0	0	0	0	0	0	0	0	0	0	0	0	0	0	0	0	0	0	0	0	0	0	0	0	0	0	0	0.00729341404711545	0	0	0	0	0	0	0	0	0	0	0	0	0	0	0	0	0	0	0	0	0	0	0	0	0	0	0	0	0	0	0	0	0	0	0	0	0	0	0	0	0	0	0	0	0	0	0	0	0	0	0.00729341404711545	0	0	0	0	0.0145868280942309	0	0	0	0	0	0	0	0	0	0	0	1.61913791845963	0	0	0	0	0	0	0	0	0	0	94.3840711837211	0	0	0	0	0	0	0	0	0	0	0.0145868280942309	0	0	0	0	0	0	0	0	0	0	0	0	0	0	0	0	0	0	0	0	0	0	0.0145868280942309	0	0	0	0	0	0	0	0	0	0	0	0	0	0	0	0	0	0	0	0	0	0	0	0	0	0.0145868280942309	0	0	0	0	0	0	0	0	0	0	0	0	0	0	0	0	0	0	0	0	0	0	0.0145868280942309	0	0	0	0	0	0	0	0	0	0	0	0	0	0	0	0	0	0	0	0	0	0	0	0	0	0	0	0	0	0	0	0	0	0	0	0	0	0	0	0	0	0	0	0	0	0	0	0	0	0	0	0	0	0	0	0	0	0	0	0	0	0	0	0	0	0	0	0	0	0	0	0	0	0	0.0218802421413464	0	0	0	0	0	0	0	0	0	0	0	0	0	0	0	0	0	0	0	0	0	0	0	0	0	0	0	0	0	0	0	0	0	0	0	0.0218802421413464	0	0	0	0	0	0.0145868280942309	0	0	0	0	0	0	0	0	0	0	0	0	0	0	0	0	0	0	0	0	0	0	0	0	0	0	0	0	0	0	0	0.0218802421413464	0	0	0	0	0	0	0	0	0	0	0	0	0	0	0	0	0	0	0	0.0218802421413464	0	0	0	0	0	0	0	0	0	0.0437604842826927	0	0.00729341404711545	0	0	0	0	0	0	0	0	0	0	0	0	0	0	0.00729341404711545	0	0	0	0	0	0	0	0	0	0	0	0	0	0	0	0	0	0	0	0	0.0145868280942309	0	0	0	0	0	0	0	0	0	0	0	0	0	0	0	0	0.0291736561884618	0	0	0	0	0	0	0	0	0	0	0	0.00729341404711545	0	0	0	0	0	0	0.00729341404711545	0	0	0	0	0	0	0	0	0	0	0	0	0	0	0	0	0	0	0	0	0	0	0	0	0	0	0	0	0	0	0	0	0	0	0	0	0	0	0	0	0	0	0	0	0	0	0	0	0	0	0	0	0	0.0145868280942309	0	3.537305812851	0	0	0	0	0	0.0145868280942309	0	0	0	0	0	0	0	0	0	0	0	0	0	0	0	0	0	0	0	0	0	0	0	0	0	0	0	0	0	0	0	0	0	0	0	0	0	0.0437604842826927	0	0	0	0	0.0145868280942309	0	0	0	0	0	0	0	0	0	0	0	0	0	0	0
SRR11426359	0	0	0	0	0	0	0	0	0	0	0	0	0.160771704180064	0	0	0	0	0	0	0	0	0	0	0	0	0.401929260450161	0	0	1.40675241157556	0	0.0401929260450161	0	0	0	0	0	0	0	0	0	0	0	0	0.482315112540193	0.321543408360129	0	0	0	0	0	0	0.522508038585209	0	0	0	0	0	0	0	0	0	0	0	0	0.482315112540193	0	0	0	0	0	0	0	0	0	0	0	0	0	0	0	0	0	0	0	0	0	0	0.361736334405145	0	0	0	0	0	0	0	0	0	0	0	0	0	0.120578778135048	0	0	0	0	0.92443729903537	0.321543408360129	0.643086816720257	0	0	1.20578778135048	0	0	0.482315112540193	0	0	0	9.64630225080386	0	0	0	0	0	0	0	0	0	0	0	0	0	0	0	0	0	0	0	0	0	0	0	0	0	0	0	0	0	0	0	0	0	0	0	0	0	0	0	0	0	0	0.160771704180064	0.281350482315113	0.0803858520900322	0	0	0	0	0	0	0	0	0	0.120578778135048	0	0	0	0	4.66237942122186	0	0	0	0	0	0	0	0	0	0	13.9067524115756	0	0	0	0	0	0	0	0	0	1.84887459807074	0.683279742765273	0	0	0	0	0	0	0	9.44533762057878	0	0	0	0	0	0	0	0	0	0	0	0	0	0	5.66720257234727	0	0	0	0	0	0	0	0	0.120578778135048	0	0	0	0	0	0	0	0	0	0	0	0	0	0	0	0	0.120578778135048	0	0	0	0	0	0	0	0	0	0	0	0	0	0	0	0	0	0.0803858520900322	0.482315112540193	0	0	0	0	0	0	0	0	0	0	0	0	0	0	0	0	0	0	0	0.522508038585209	0	0	0	0	0	0	0	0	0	0	0	0	0	0	0	0	0	0	0	0	0	0	0	0	0	0	0	0.0803858520900322	0	0	0	0	0	0	0.401929260450161	0	0	0	0	0	0	0	0	0	0	0	0	0	0.281350482315113	0	0	0	0	0	0	0	0.0803858520900322	0	0	0	0	0	0	0	0	0	0	0	0	0	0.0803858520900322	0	0	0	0	0	0	0	0	0	0	0	0	0	0	0	0	0	0	0	0	0	0	0	3.45659163987138	0	0	0.241157556270096	0	1.28617363344051	18.0466237942122	0	0	0	0	0	0	0	0	0.241157556270096	0	0	0	0	0	0	0	0	0	0	0	0.241157556270096	0	0	0	0	0	0	0	0	0	0	0	0	0	0	0	0	0	0	0	0	0	0	0	0	0	0	0	0	0	0	0	0	0	0	0	0	0	0	0	0	0	0	0.602893890675241	0	0	0	0	0	0	0	0	0	0	0	0	0	0	0	0	0	0	0	0	0	0	0	0	0	0	0	0	0	0	0	0	0	0	0	0	0.361736334405145	0	0	0	0	0	0	0	0	0	0	0	0	0	0	0	0	0	0	0	0	0	0	0	0	0	0	0	3.17524115755627	0	0	0	0	2.45176848874598	0	0	0	0	0	0	0	0	0	0	0	0	0	0	0	0	0	0	0	0	0	0	0	0	0	0	0	0	0	0.160771704180064	0	0	0	0	0	0	0	0	0	0	0	0	0	0	0.321543408360129	0	0	0	0	0	0	0	0	0	0	2.13022508038585	0	6.7524115755627	0	0.602893890675241	0	0	0	1.68810289389068	0	0	0	0	0	0	0	0	0	0	0	0	0	0	0	0	0	0	0	0	0	0	0	0	0	0	0	0	0	0	0	0	0	0	0	0	0	1.44694533762058	0	0	0	0	0.120578778135048	0	0	0	0	0.0401929260450161	0	0	0	0	0	0	0	0	0	0
SRR11426360	0	0	0	0	0	0	0	0	0	0	0.29603315571344	0	0	0	0	0	0	0	0	0	0	0	0	0	0	0	0	0	0.947306098283008	0	0	0	0	0	0	0	0	0	0	0	0	0	0	0.710479573712256	0	0	0	0	0	0	0	0.59206631142688	0	0	0.769686204854944	0	0	0	0	0	0	0	0	0	0.59206631142688	0	0	0	0	0.828892835997632	0	0	0	0	0	0	0	0	0	0	0	0	0	0	0	0	0	0	0	0	0	0	0	0	0	0.177619893428064	0	0	0	0	0	0.177619893428064	0	0	0	0	0	0	0	0	0	1.4801657785672	0	0	1.30254588513914	0	0	0	2.13143872113677	0	0	0	0	0	0	0	0	0	0	0	0	0	0	0	0	0	0.355239786856128	0	0	0	0	0	0	0	0	0	0	0	0	0	0	0	0	0.355239786856128	0	0	0	0	0	0	0	0.473653049141504	0	0	0	0	2.60509177027827	0	0	0	0	0	0	0	0	0	0	0	2.72350503256365	0	0	0	0	0	0	0	0	0	0	12.4925991711072	0	0	0	0	0	0	0	0	0	0	2.4866785079929	0	0	0	0	0	0	0	2.54588513913558	0	0	1.12492599171107	0	0	0	0	0	0	0.118413262285376	0	0	0	0	3.25636471284784	0	0	0	0	0	0	0	0	0.88809946714032	0	0	0	0	0	0	0	0	0	0	0	0	0	0	0	0	0.355239786856128	0	0	0	0	0	0	0	0	0	0	0	0	0	0	0	0	0	0	0	0	0	0	0	0	0	0	0	0	0	0	0.059206631142688	0	0	0	0	0.59206631142688	0.118413262285376	0	0.59206631142688	0	0	0.88809946714032	0	0	0	1.24333925399645	0	0	0	0	0	0	0.651272942569568	0	0.059206631142688	0	0	0	0	0	0	0	0	0	0	0	0.177619893428064	0	0	0	0	0	0	0	0	0	0	0	0	0	0	0	0	0.236826524570752	0.177619893428064	0	0	0.059206631142688	0	0	0	0	0	0	0	0.059206631142688	0	0	0	0	0	0	0	0	0	0	0	0	0	0	0	0	0	0	0	0	0	1.0065127294257	0	0	0	0	0	0	0	0	0	0.177619893428064	0	0	0	0	0	0.651272942569568	0	0	0.118413262285376	0	0.177619893428064	10.3611604499704	0	0	0.177619893428064	0	0	0	0	0	0	0	0	0	0	0	0	0	0	0	0.177619893428064	0	0	0	0	0	0	0	0	0.29603315571344	0	0	0	0	0	0	0	0	0	0	0	0	0	0	0	0	0	0	0	0	0	0	0	0	0	0	0	0	0	0	0	0	0	0	0	0.414446417998816	0	0	0.473653049141504	0	0	0	0	0	0	0	0	0	0	0	0	0.118413262285376	0	0	0	0	0	0	4.97335701598579	0	0	0	0	0	0	0	0	0	0.828892835997632	0	0	0	0.29603315571344	0	0.177619893428064	0	0	0	0	0	0	0	0	0	0	0	0	0	0.236826524570752	0	0	0	0	0	0	0	0	0	0	0	0.118413262285376	0	0	0.651272942569568	0	1.36175251628182	0	0.118413262285376	0	0	0	0	0	0	0	0	0	1.53937240970989	0	0	0	0	0.414446417998816	0	0.473653049141504	0	0	0	0	0	0	0	0	0	0	0	0	0	0	0.29603315571344	0	0	0	0	0	0	0	0	0	0	0.059206631142688	0	0	0	0	0	0	0	0	0	0	2.07223208999408	0	17.9396092362345	0	0.88809946714032	0	0	0	1.9538188277087	0.059206631142688	0.88809946714032	0	0	0	0	0.118413262285376	0	0	0	0	0	0.118413262285376	0	0	0	0	0	0	0	0	0	0	0	0	0	0	0	0	0	0	0	0	0	0	0	0	3.61160449970397	0	0	0	0	1.24333925399645	0	0	0.236826524570752	0	0	0	0.473653049141504	0	0	0	0	0	0	0	0
SRR11426362	0	0	0	0	0	0	0.0547845142439737	0	0	0	0	0	0	0	0	0	5.04017531044558	0	0	0	0	0	0	0	0	0.0913075237399562	0	0	0.383491599707816	0.109569028487947	0.182615047479912	0	0	0	0	0	0	0	0	0	0	0	0.0730460189919649	0.14609203798393	0	0	0	0	0.14609203798393	0	0	0	0.0547845142439737	0	0	0	0	0	0	0	0	0	0	0	0.785244704163623	0	0	0	0	0	0	0	0	0	0	0	0	0	0	0	0	0	0	0	0	0	0	0	0	0	0	0.0730460189919649	0	0	0	0	0	0	0.365230094959825	0	0	0.0365230094959825	0	0	0	0	0	0.109569028487947	0.0547845142439737	0	0	0.0730460189919649	0	0.127830533235939	0.14609203798393	0	0	0	0.43827611395179	0	0	0	0	0	0	0	0	0	0	0	0	0	0	0	0	0	0	0	0	0	0	0	0	0	0.0547845142439737	0	0.14609203798393	0	0	0	0	0	0	0	0	0	0	0	0	0	0	0	0	0	0	0	0	0	0	0	0	0	0	0.0365230094959825	0	0	0	0	6.30021913805698	0	0	0.0730460189919649	0	0.0547845142439737	0	0	0	0	0	7.2863403944485	0	0	0	0	0	0	0	0	0	0.0730460189919649	0.785244704163623	0	0	0	0	0	0.14609203798393	0	0	0	0	0	0	0	0	0	0	0	0	0	0	0	0	1.40613586559533	0	0	0	0	0	0	0	0	0.255661066471877	0	0	0	0	0	0.0547845142439737	0	0	0	0	0	0	0	0	0	0	0.0913075237399562	0	0	0	0	0	0	0	0	0	0	0	0	0	0	0	0	0.0547845142439737	0.14609203798393	0.766983199415632	0	0	0	0	0	0	0	0	0	0	0.0730460189919649	0.14609203798393	0	0	0	0	0.474799123447772	0	0	0.127830533235939	0	0	0.14609203798393	0	0	0	0	0	0	0	0	0	0	0	0	0	0	0	0	0	0	0	0	0	0	0	0	0.273922571219869	0.0182615047479912	0	0	0	0	0	0	0	0.0913075237399562	0	0	0	0	0	0	0.200876552227904	6.40978816654492	0	0	0	0.0547845142439737	0	0	0	0	0	0	0	0.0365230094959825	0	0.310445580715851	0	0.0913075237399562	0	0	0	0	1.02264426588751	0	0	0	0	0	0	0	0	0.127830533235939	0.0547845142439737	0	0	0	0	0	0	0	0	0	0	0	0	0	0	0	0	0	0	0	0	0	0	0	0.0913075237399562	0.200876552227904	0	0	0	0	0	0.164353542731921	0.0913075237399562	0	0	0	0	0	0	0	0	0	0	0	0.182615047479912	0	0	0	0.109569028487947	0	0	0	0	0	0	0	0	0.0365230094959825	0	0	0.0182615047479912	0	0	0	0	0	0	0	0	0	0	0	0	0	0	0	0	0	0	0	0	0	0	0	0	0	0	0	0	0.273922571219869	0	0	0.127830533235939	0	0	0	0	0	0	0	0	0	0	0.0730460189919649	0.0365230094959825	0.237399561723886	0	0	0	0	0	0.14609203798393	0	0	0	0	0	0	0	0	0	0	0	0	0	0.43827611395179	1.00438276113952	0	0	0	0	0	0	0	0	0	0	0	0	0	0	0.0547845142439737	0.164353542731921	0	0.14609203798393	0	0	0	0	0	0	0	0	0	0	0	0	0	0	0.43827611395179	0	0.0365230094959825	0	0	0	0	0	0	0	0	0	0.0365230094959825	0	0	0	0	0.164353542731921	0	0.346968590211833	0	0	0.0913075237399562	0	0	0	0	0	0	0	0.127830533235939	0	0	0	0	0	0	0	0	0	0	0	0	0	0	0	0	0	0	0	0	0	0	0	0	0	0.109569028487947	0	6.31848064280497	0	0.255661066471877	0	0.127830533235939	0	4.49233016800584	0	0	0	0	0	0	0	0	0	0	0	0	0	0	0	0	0	0	0	0	0	0	0	0	0	0	0.0547845142439737	0	0	0	0	0.0365230094959825	0	0.0730460189919649	0	0	0	46.3294375456538	0	0	0	0.0547845142439737	0.474799123447772	0	0	0.766983199415632	0	0	0	0.182615047479912	0	0	0	0	0	0	0	0
SRR11426363	0	0	0	0	0	0	0	0	0	0	0	0	0	0	0	0	0	0	0	0	0	0	0	0.231039678553491	0	0.281265695630337	0	0	0.060271220492215	0	0.0200904068307383	0	0	0	0	0	0	0.12054244098443	0	0	0	0	0	0.0703164239075841	0	0	0	0	0	0	0	0	0	0	0	0.0200904068307383	0	0	0	0	0	0	0	0	0.130587644399799	0	0	0	0	0	0	0	0	0	0	0	0	0	0	0	0	0	0	0	0	0	0	0	0	0	0	0.0502260170768458	0	0	0	0	0	0	0	0	0	0	0	0	0	0	0	0	0.0904068307383225	0	0.0200904068307383	0.060271220492215	0	0	0.170768458061276	0	0	0	0.190858864892014	0	0	0	0	0	0	0	0	0	0	0	0	0	0	0	0	0	0	0	0	0	0	0	0	0	0	0	0	0	0	0	0	0	0	0	0	0	0	0	0	0	0	0.060271220492215	0	0	0	0	0	0	0	0	0	0	0	0	0	0	0	0	2.37066800602712	0	0	0	0	0	0	0	0	0	0	13.8724259166248	0	0	0	0	0	0	0.0301356102461075	0	0	0	0.291310899045706	0	2.21998995479658	0	0	0	0	0	0	0	0	0	0	0	0	0	0	0	0	0	0	0	0.0301356102461075	3.63636363636364	0	0	0	0	0	0	0	0	0	0	0	0	0	0	0	0	0	0	0	0	0	0	0	0	0	0.140632847815168	0	0	0	0.0904068307383225	0	0	0	0	0	0	0	0	0	0	0	0	0	0	0	0	0	0	0	0	0	0	0	0	0	0.0904068307383225	0	0	0	0	0	0.0502260170768458	0	0	0.170768458061276	0	0	0	0	0	0	0	0	0	0	0	0	0	0	0	0	0	0	0	0	0	0	0	0	0	0	0	0.110497237569061	0	0	0	0	0	0	0.0502260170768458	0	0	0.060271220492215	0	0	0	0	0	0	0	0	0	0	0	0	0	0	0	0	0	0	0	0	0	0	0	0	0.100452034153692	0	0	0	0	0	0	0	0.060271220492215	0	0	0	0	0	0	0	0	0	0	0	0	0	0	0	0	0	0	0	0	0	0.110497237569061	0	0.0100452034153692	0	0	0	0	0.0904068307383225	0.060271220492215	0	0	0	0	0	0	0	0	0.0904068307383225	0	0	0	0	0.0301356102461075	0	0.220994475138122	0	0	0	0	0	0	0	0	0	0	0	0	0	0	0	0	0	0	0	0	0	0	0	0.0200904068307383	0	0	0	0	0	0	0	0	0	0	0.251130085384229	0	0	0	0	0	0	0	0	0	0	0	0	0.140632847815168	0	0.0502260170768458	0	0	0	0	0	0	0	0	0	0	0	0	0.0100452034153692	0	0	0	0	0	0	0	0	0.0301356102461075	0	0	0	0	0	0	0	0	0	0	0	0	0.060271220492215	0	0.100452034153692	0	0	0	0	0	0	0	0	0	0	0	0	0	0.0803616273229533	0	0	0	0.0401808136614766	0	0	0	0	0	0	0	0	0	0	0	0	1.97890507282772	0	0.150678051230537	0	0	0	0	0	0	0	0	0	0	0	0	0	0.0301356102461075	0.0904068307383225	0	0	0	0	0.24108488196886	0	0	0	0	0	0	0	0	0	0	0	0	0	0	0	0.0401808136614766	0	0	0	0	0	0	0.0703164239075841	0	0	0	0	0	0	0	0.060271220492215	0	0.0502260170768458	0.0502260170768458	0	69.0909090909091	0	0.12054244098443	0	0	0	0.0803616273229533	0	0	0	0	0	0	0	0	0	0	0	0	0	0	0	0	0	0	0	0	0	0	0	0	0	0	0	0	0	0	0	0	0	0	0	0.0803616273229533	0	1.05474635861376	0	0	0	0	0.0200904068307383	0	0	0	0.341536916122551	0	0.060271220492215	0	0	0	0	0.0401808136614766	0	0	0	0
SRR11426364	0	0	0	0	0	0	0	0	0	0	0	0	0.0323834196891192	0	0	0	0	0	0	0	0	0	0	0	0	0.158107284364523	0	0.0590521182566291	0.588616275525754	0	0.0114294422432185	0	0	0	0	0	0	0.0647668393782384	0	0	0	0	0	0.289545870161536	0	0	0	0	0	0	0	0	0	0	0.0285736056080463	0.036193233770192	0	0	0	0	0	0	0	0	0.0914355379457483	0	0	0	0	0	0	0	0	0	0	0	0	0	0	0	0	0	0	0	0	0	0	0.0609570252971655	0	0	0	0.678146906430966	0	0	0	0	0	0	0	0	0	0	0	0	0	0	0.0761962816214569	0.00571472112160927	0	0	0.302880219445291	0.205729960377934	0	0.137153306918622	0.600045717768973	0	0	0	0.148582749161841	0	0	0	0	0	0	0	0	0	0	0	0	0	0	0	0	0	0	0	0	0	0	0	0	0	0	0	0	0	0	0	0	0	0	0	0	0	0	0	0	0.00190490704053642	0	0.897211216092655	0	0	0	0.0285736056080463	0	0	0	0	0	0	0	0.0742913745809205	0	0	0	0	2.90688814385858	0	0	0	0	0	0	0	0	0	0.0304785126485827	61.3722950320024	0	0.0266686985675099	0	0	0	0	0	0	0	0	0.512419993904297	0	0.0342883267296556	0	0	0	0	0	0.0666717464187748	0	0	0	0	0	0.00380981408107284	0	0	0	0	0	0	0	0.049527583053947	1.65155440414508	0.0438128619323377	0	0.0704815604998476	0	0	0	0	0	0.0247637915269735	1.11818043279488	0	0	0	0	0	0	0	0	0	0	0	0	0	0	0	0.0571472112160927	0	0	0	0.0400030478512649	0	0	0	0	0	0	0	0	0	0	0	0	0	0	0.0285736056080463	0	0	0	0	0	0	0	0	0	0	0.232398658945443	0	0	0	1.0305547089302	0	0.10096007314843	0	0	0.13334349283755	0	0	0.0114294422432185	0	0	0	0	0	0	0	0	0.00952453520268211	0	0	0	0.655288021944529	0	0	0	0.0190490704053642	0	0	0	0	0	0.0228588844864371	0	0.156202377323987	0	0	0	0.0285736056080463	0	0	0	0	0.0514324900944834	0	0	0	0.0514324900944834	0	0	0.0266686985675099	0	0	0	0	0.00761962816214569	0	0	0	0	0	0	0	0	0	0.0628619323377019	0	0	0	0	0	0	0	0	0	0	0	0	0	0	0	0	0	0	0	0	0	0	0	0	0	0	0	0.0285736056080463	0	0	0	0	0	0	0	0.0609570252971655	0	0	0	0	0	7.36437061871381	0	0	0	0	0	0	0	0	0	0	0	0	0.108579701310576	0.036193233770192	0	0	0	0	0.0209539774459006	0	0	0	0.0152392563242914	0	0	0	0	0	0	0	0	0	0	0	0	0	0	0	0	0.0266686985675099	0	0	0	0	0	0	0	0	0	0	0	0.0895306309052118	0	0	0	0	0	0	0	0	0.00761962816214569	0.0190490704053642	0	0.377171594026212	0	0	0	0	0	0.00952453520268211	0	0	0	0	0	0	0	0	0	0	0	0	0	0	0	0	0	0	0	0.0342883267296556	0	0	0	0	0	0	0	0	0	0	0.00952453520268211	0	0	0	0	0	0	0	0	0	0	0	0	2.14683023468455	0	0	1.40010667479427	0	0	0	0	0	0	0	0	0	0	0	0	0.0380981408107284	0	0	0	0.737199024687595	0	0.072386467540384	0	0	0	0	0	0	0	0	0	0	0	0	0	0	0.0971502590673575	0	0.293355684242609	0	0	0	0.0323834196891192	0	0	0	0	0	0	0	0	0	0	0	0	0.00952453520268211	0	0.0266686985675099	0	0	0	0	0	0	0	0	0	0	0	0	0	0	0	0.0457177689728741	0.00380981408107284	0.10667479427004	0.0152392563242914	8.2425327644011	0	0.12762877171594	0	0	0	0.720054861322767	0.00380981408107284	0	0	0	0.0628619323377019	0	0	0	0	0	0	0	0	0	0	0	0	0	0	0	0	0	0	0	0	0	0.0247637915269735	0	0	0	0	0	0	0	0	0	0	1.70679670832063	0	0	0.0114294422432185	0	0	0	0	0.0323834196891192	0	0	0.533373971350198	0	0	0	0	0.0304785126485827	0	0	0	0.0552423041755562
SRR11426366	0	0	0	0	0	0.0273782580127035	0	0	0.0273782580127035	0	0	0	0.0237278236110097	0	0	0	0	0	0.122289552456742	0	0	0	0	0	0	0.197123457691465	0	0.0127765204059283	0.164269548076221	0	0.116813900854202	0	0.0401547784186318	0.018252172008469	0	0.0748339052347229	0.0146017376067752	0.0255530408118566	0	0	0.0237278236110097	0	0	0.0164269548076221	0	0	0	0.0346791268160911	0	0	0	0.0164269548076221	0	0.0091260860042345	0.0419799956194787	0	0.0346791268160911	0	0	0	0.018252172008469	0	0	0	0.0383295612177849	0	0	0	0	0	0	0	0	0	0	0.102212163247426	0	0.0127765204059283	0	0	0	0	0	0	0	0	0	0	0	0	0	0.0438052128203256	0	0.0657078192304884	0	0	0	0	0	0	0.0255530408118566	0.0456304300211725	0	0	0.0127765204059283	0	0	0.0383295612177849	0.4124990873914	0	0.0949112944440388	6.13820544644813	0	0	2.8838431773381	0.107687814849967	0.0219026064101628	0	39.4885741403227	0	0	0	0.0073008688033876	0	0.0164269548076221	0	0	0	0	0	0	0	0	0.0529312988245601	0	0	0	0	0	0	0.0693582536321822	0.0492808644228663	0	0	0	0	0	0	0	0	0	0	0	0	0	0	0	0	0	0.0584069504271008	0.0054756516025407	0.250054756516025	0.0164269548076221	0	0	0.0109513032050814	0.0456304300211725	0	0	0	0	0	0	0	0.0164269548076221	0	0	0	1.91100240928671	0.018252172008469	0	0.0985617288457326	0	0	0	0	0	0	0.0219026064101628	12.6122508578521	0	0	0.0200773892093159	0.0529312988245601	0	0	0.0073008688033876	0	0	0.0438052128203256	0.138716507264364	0	0.0419799956194787	0	0	0	0	0	0.257355625319413	0.0638826020296415	0	0	0	0	0.155143462071987	0	0	0	0	0	0.0109513032050814	0	0	1.34701029422501	0.140541724465211	0	0	0.0091260860042345	0	0.0109513032050814	0	0	0.146017376067752	0	0.0620573848287946	0	0	0	0	0	0	0.0164269548076221	0	0.0584069504271008	0	0	0	0	0	0.054756516025407	0	0	0.0073008688033876	0	0	0	0	0.0018252172008469	0	0	0.0091260860042345	0	0.0073008688033876	0	0	0	0	0.0054756516025407	0	0.0693582536321822	0	0	0	0	0	0	0	0	0	0.0748339052347229	0.0109513032050814	0.0346791268160911	0	0.0109513032050814	0	0.0328539096152442	0.124114769657589	0	0.0784843396364167	0	0	0	0	0.0492808644228663	0.0401547784186318	0.136891290063518	0	0	0	0	0	0	0	0	0.23545301890925	0	0	0	0	0	0	0	0	0	0.0255530408118566	0	0.138716507264364	0	0	0	0.0109513032050814	0	0	0	0	0.281083448930423	0	0	0	0	0	0	0	0.0949112944440388	0.0127765204059283	0	0	0.0237278236110097	0	0.0219026064101628	0.0328539096152442	0	0	0	0	0	0	0.0219026064101628	0	0.0091260860042345	0.0292034752135504	0	0	0	0	0	0.0693582536321822	0	0	0.0584069504271008	0.0200773892093159	0	0	0.036504344016938	0	0	0	0	0	0	0	0	0.0036504344016938	0	0	0	0.0054756516025407	0.0219026064101628	0	0.0036504344016938	0	0	0.0036504344016938	0.368693874571074	0	0	0.0091260860042345	0	0.0456304300211725	1.09695553770899	0.091260860042345	0.0292034752135504	0.036504344016938	0	0	0.0091260860042345	0	0	0.0036504344016938	0	0.0401547784186318	0	0	0.140541724465211	0	0.0693582536321822	0.0164269548076221	0	0.0036504344016938	0	0	0.0200773892093159	0.0200773892093159	0	0	0	0	0	0	0	0	0.0492808644228663	0	0.0146017376067752	0.0657078192304884	0	0	0	0	0.0073008688033876	0.036504344016938	0	0	0	0	0	0	0	0.0109513032050814	0	0	0	0	0	0.114988683653355	0	0	0	0	0	0	0	0	0.213550412499087	0.0401547784186318	0.0766591224355698	0	0	0	0.0255530408118566	0	0	0	0	0	0	0	0	0.0511060816237132	0	0	0	0	0	0	0	0.036504344016938	0	0.0255530408118566	0	0	0	0	0	0	0	0.0839599912389574	0	0	0	0.0565817332262539	0	0.0054756516025407	0.344966050960064	0	0	0	0	0	0	0	0	0	0.0328539096152442	0.0073008688033876	0	1.00751989486749	0	0	0	0	0	0	0	0	0	0	0	0.344966050960064	0	0	0	0	1.36161203183179	0.0438052128203256	0.0401547784186318	0	0	0	0	0	0	0	0	0	0.0949112944440388	0.0018252172008469	0.0146017376067752	0.054756516025407	0	0.222676498503322	0	0.135066072862671	0.0018252172008469	0	0.0127765204059283	0	0	0	0	0	0	0	0.0109513032050814	0	0.0401547784186318	0	0.0237278236110097	0	0	0	0	0	0.0073008688033876	0	0	0	0.0219026064101628	0.0146017376067752	0	0	0	0	0	0	0	0	0.0328539096152442	0	0.191647806088925	0	11.9022413667226	0	0.0255530408118566	0	0	0	0.80674600277433	0	0.0620573848287946	0	0	0	0	0	0	0	0.0054756516025407	0.0419799956194787	0	0.0109513032050814	0	0	0	0	0.0146017376067752	0	0	0	0	0	0	0	0	0	0	0	0	0.018252172008469	0	0	0	0	0.160619113674527	0.0200773892093159	9.34876250273783	0	0	0	0	0.120464335255895	0	0	0.0109513032050814	0.0401547784186318	0.0054756516025407	0	0.0602321676279477	0	0	0	0.0200773892093159	0	0	0	0
SRR11426367	0.00609236018033386	0	0	0	0	0.0274156208115024	0	0	0.130985743877178	0	0	0	0.0792006823443402	0	0	0	0	0	0.207140246131351	0.0213232606311685	0	0	0	0	0	0	0	0	0.00304618009016693	0	0.0365541610820032	0	0.0578774217131717	0	0	0	0	0	0	0	0	0	0	0.00913854027050079	0	0	0	0.045692701352504	0	0	0	0	0	0	0	0	0.00913854027050079	0	0	0	0	0	0	0	0	0	0	0	0	0	0	0	0	0.00609236018033386	0	0.0152309004508347	0	0	0	0	0	0	0	0	0	0	0	0	0	0	0	0.0152309004508347	0	0.042646521262337	0	0	0	0	0	0	0	0.00913854027050079	0	0	0.00609236018033386	0	0	0	0.57572803704155	0	0	11.7613013281345	0	0	6.24466918484221	0.0761545022541733	0	0	62.4192762276106	0	0	0	0	0	0	0	0	0	0	0	0	0.00609236018033386	0	0.15840136468868	0	0	0	0	0	0	0.103570123065676	0.0792006823443402	0	0	0	0	0	0	0	0	0	0	0	0	0	0	0	0	0	0.0304618009016693	0	0.112708663336176	0	0	0.00609236018033386	0	0.0517850615328378	0	0	0.0304618009016693	0.0152309004508347	0	0	0	0	0	0.0182770805410016	0	0.161447544778847	0	0	0	0	0	0	0	0	0	0	0.328987449738029	0	0	0	0	0	0	0	0	0	0.0121847203606677	0.155355184598513	0	0.00304618009016693	0	0	0	0	0	0.042646521262337	0	0	0	0	0	0.46606555379554	0.00913854027050079	0	0	0.00609236018033386	0	0	0	0	0	0	0	0	0	0	0	0	0	0.143170464237846	0	0	0	0	0	0	0	0.00304618009016693	0	0	0	0	0	0	0	0	0.00609236018033386	0	0	0	0	0	0	0	0	0	0	0	0	0	0	0	0	0.0213232606311685	0	0	0.0121847203606677	0	0	0	0	0	0	0	0	0	0.00304618009016693	0	0.155355184598513	0	0	0	0.0243694407213354	0	0	0	0	0	0	0	0	0.0304618009016693	0.146216644328013	0	0	0	0	0	0.0152309004508347	0.0121847203606677	0	0	0	0	0	0	0	0	0	0	0	0	0	0.0182770805410016	0	0.0121847203606677	0	0	0.127939563787011	0	0	0	1.15754843426343	0	0	0	0	0	0	0	0	0.00609236018033386	0	0	0	0	0	0	0	0	0.00913854027050079	0	0	0	0.00304618009016693	0	0	0	0.0213232606311685	0	0	0	0	0.0487388814426709	0	0	0	0	0.00609236018033386	0	0	0	0	0	0	0	0	0	0	0	0	0.00913854027050079	0	0.0152309004508347	0	0.00304618009016693	0	0	0	0	0.0121847203606677	0	0	0	0	0.0365541610820032	0.0578774217131717	0	0	0	0	0	0	0	0	0	0	0.0243694407213354	0	0	0.219324966492019	0	0	0	0	0.00304618009016693	0	0	0	0	0	0.0243694407213354	0	0	0	0	0	0	0	0	0	0	0	0	0	0	0.0731083221640063	0	0	0	0	0	0	0	0	0	0	0	0	0	0	0.152309004508347	0	0.0274156208115024	0.0182770805410016	0	0	0	0	0	0.00913854027050079	0	0.140124284147679	0	0	0	0	0	0	0	0	0	0	0	0	0	0	0	0	0	0	0	0	0	0	0	0	0	0.0182770805410016	0	0	0	0	0.292433288656025	0	0	0	0.0121847203606677	0.0304618009016693	0	0	0	0	0	0	0	0	0	0	0	0	0	0	1.75155355184599	0	0	0	0	0	0	0	0.0274156208115024	0.00609236018033386	0	0	0.0121847203606677	0	0	0.0213232606311685	0	0.0609236018033386	0	0.0517850615328378	0	0.0121847203606677	0	0	0	0	0	0	0	0.0792006823443402	0	0	0.0974777628853418	0	0	0	0.0213232606311685	0	0	0.0243694407213354	0	0	0	0	0	0	0	0	0	0	0	0	0	0	0	0	0	0	0	0	0	0	0	0	0	0	0	0	0	0	0	0	0	0.00304618009016693	0	0.219324966492019	0	0	0	0	0	0.0365541610820032	0.0152309004508347	0.0396003411721701	0	0	0	0	0	0	0	0	0.0670159619836725	0	0	0	0	0	0	0	0	0	0.0182770805410016	0	0.00609236018033386	0	0	0	0	0	0	0	0	0	0	0	0	0.542220056049714	0	10.1163640794444	0	0	0	0	0.00609236018033386	0	0	0	0	0	0	0	0	0	0	0	0	0	0	0
SRR11426368	0	0	0	0	0	0	0	0	0	0	0	0	0	0	0	0	0	0.176035676563784	0	0	0	0	0	0.140828541251027	0	0.164299964792865	0	0.0821499823964323	0.164299964792865	0	0.0821499823964323	0	0	0	0	0.0117357117709189	0	0	0	0	0	0	0	0.0352071353127567	0	0	0	0	0	0	0	0.0352071353127567	0	0	0.0117357117709189	0	0	0	0	0	0	0	0	0	0.21124281187654	0	0	0	0	0	0	0	0	0	0	0	0.0234714235418378	0	0	0	0	0	0	0	0	0	0	0	0	0	0	0	0	0	0	0	0	0	0	0	0	0.0117357117709189	0	0	0	0	0	0	0	0	0	0	0	0	0.0586785588545945	0	0	0	0	0	0	0	0	0	0	0	0	0	0	0	0	0	0	0	0	0	0	0	0	0	0	0	0	0	0.140828541251027	0	0	0	0	0	0	0	0	0	0	0	0	0	0	0	0	0.0821499823964323	0	0	0	0	0.0469428470836756	0	0	0	0	0	0	0	0	0	0	0	3.34467785471189	0	0	0	0	0	0	0	0	0	0	57.2115948832297	0	0	0	0	0	0	0	0	0	0.164299964792865	0.129092829480108	0	0	0	0	0	0	0	0.0117357117709189	0	0	0	0	0	0.0117357117709189	0	0.0352071353127567	0	0	0	0	0	0	1.37307827719751	0	0	0	0	0	0	0	0	0.0117357117709189	0	0.563314165004107	0	0	0	0	0	0	0	0	0	0	0	0	0	0	0.152564253021946	0	0	0	0	0	0	0	0	0	0	0	0	0	0	0	0	0	0	0.0469428470836756	0	0	0	0	0	0	0	0	0	0	0.0469428470836756	0.0938856941673512	0	0	0	0	0.328599929585729	0	0	0.0469428470836756	0	0	0.0234714235418378	0	0	0	0	0	0	0	0	0	0	0	0	0	0	0	0	0	0	0	0.10562140593827	0	0.0352071353127567	0	0	0.0938856941673512	0	0	0	0.0586785588545945	0	0.0352071353127567	0	0	0	0	0	0	0	0	0	0	0.927121229902593	0	0	0	0.0469428470836756	0	0	0	0	0	0	0	0.0117357117709189	0	0	0.0821499823964323	0	0	0	0	0	0	0	0	0	0	0.0352071353127567	0	0	0	0	0	0	0	0	0	0	0	0	0	0	0	0	0	0	0	0.0234714235418378	0	0	0	0.0117357117709189	0	0	0	0	0	0.363807064898486	0	0	0	0	0	0	0	0	0	0	0	0	0	0.0704142706255134	0	0	0	0	0.117357117709189	0	0	0	0	0	0	0	0	0	0	0	0	0	0	0	0.0117357117709189	0	0	0	0	0	0	0	0	0	0	0	0	0	0	0	0	0	0	0	0	0	0	0	0	0.0586785588545945	0	0	0	0.0586785588545945	0	0	0.0117357117709189	0	0	0	0	0	0.0586785588545945	0	0	0	0	0	0.0469428470836756	0.0586785588545945	0	0	0	0	0	0	0	0	0	0	0	0	0	0	0	0	0	0	0	0.0469428470836756	0.0704142706255134	0	0	0	0	0	0	0	0	0	0	0	0	0	0	0	0.774556976880648	0	0	0	0	0	0	0	0	0	0	0	0	0	0	0	0	1.39654970073935	0	0.0117357117709189	0	0	0	0	0	0	0	0	0	0.0117357117709189	0	0	0	0	0	0	0	0	0	0	0	0	0	0	0	0	0	0.0117357117709189	0	0	0	0	0	0	0	0	0	0	0	0	0	0	0.0821499823964323	0	0	0	0	0	0	0	0	0	0	0.0586785588545945	0	28.3534796385401	0	0.0469428470836756	0	0.0352071353127567	0	1.00927121229903	0	0	0	0	0	0	0.0117357117709189	0	0	0	0	0	0	0	0	0	0	0	0	0	0	0	0	0	0	0	0	0	0	0	0	0.0352071353127567	0	0	0	0.0234714235418378	0	0.457692759065837	0	0	0	0.0117357117709189	0.129092829480108	0	0	0	0	0	0	0.0117357117709189	0	0	0	0.0117357117709189	0	0	0	0
SRR11426375	0	0	0	0	0	0	0.0401327467778035	0	0	0	0	0	0.00463070155128502	0	0.0138921046538551	0	0	0	0.0416763139615652	0	0	0	0	0	0	0.140464613722312	0	0	0.515551439376399	0	0.0447634483290885	0	0.00617426873504669	0	0	0	0	0	0.166705255846261	0	0.129659643435981	0	0	0.0370456124102802	0.0185228062051401	0	0	0	0	0	0.00771783591880837	0.267037122790769	0.0138921046538551	0	0.0123485374700934	0	0	0	0	0	0	0	0	0.0355020452265185	1.13297831288107	0	0	0	0	0	0	0	0	0	0	0	0.0185228062051401	0	0.11113683723084	0	0	0	0	0	0	0	0	0	0	0	0	0.0231535077564251	0	0.0524812842478969	0	0	0	0	0	0	0.0169792390213784	0.0262406421239484	0	0	0.0447634483290885	0	0	0.0833526279231304	0.256232152504438	0	0.0108049702863317	0.822721308944972	0	0	0.546422783051632	0.00771783591880837	0	0	7.42301458670989	0	0.00617426873504669	0	0	0.00926140310257004	0.0138921046538551	0.00308713436752335	0	0	0	0	0	0	0	0	0.00308713436752335	0	0	0	0	0	0	0	0.0123485374700934	0	0.0447634483290885	0	0	0	0	0	0	0	0.0185228062051401	0	0	0	0.0262406421239484	0	0	0	0.00926140310257004	0.0864397622906537	0	0	0	0.00308713436752335	0.0478505826966119	0	0	0.0586555529829436	0.0200663733889018	0	0	0.00617426873504669	0	0	0	0	1.15304468626997	0	0	0	0	0	0	0	0.0154356718376167	0.0123485374700934	0.0416763139615652	48.9218183221425	0	0	0	0	0	0	0.0617426873504669	0	0	1.05734352087675	0.168248823030022	0	0.305626302384811	0	0.0108049702863317	0	0.0632862545342286	0	0	0	0	0	0	0	0.243883615034344	0	0	0.0169792390213784	0	0	0	0	0	1.3490777186077	0.00926140310257004	0	0	0	0	0	0	0	0.0108049702863317	0	0.0740912248205603	0.194489465153971	0	0	0.00926140310257004	0	0	0	0.0447634483290885	0	0	0	0	0	0	0.884463996295439	0	0	0	0	0	0	0	0	0	0	0	0.0632862545342286	0	0	0	0	0.0293277764914718	0.0957011653932237	0.137377479354789	0	0	0	0	0	0	0	0.0108049702863317	0	0	0.00926140310257004	0.0818090607393687	0	0	0	0	0.0524812842478969	0	0	0.0524812842478969	0	0	0.220730107277919	0	0	0	0	0	0	0	0	0	0	0.0601991201667053	0	0.0663733889017519	0.0138921046538551	0	0.00617426873504669	0	0	0.00463070155128502	0	0	0	0	0	2.06066219032183	0	0	0	0	0	0.0108049702863317	0	0	0.0416763139615652	0	0	0	0.0308713436752335	0	0	0	0.00771783591880837	0.0370456124102802	0.0138921046538551	0.0524812842478969	0.00463070155128502	0	0	0	0	0	0	0	0.0108049702863317	0	0.0246970749401868	0	0	0.00771783591880837	0	0.0246970749401868	0	0	0	0	0	0	0.0169792390213784	0	0.0432198811453268	0	0.00617426873504669	0	0	0.0432198811453268	0	0	0	0	0	0.109593270047079	0	0	0	0	0.0277842093077101	0	0.00926140310257004	0	0	0.00771783591880837	1.14223971598364	0	0	0.0123485374700934	0	0.084896195106892	0.466157289496025	0	0	0.0154356718376167	0.0308713436752335	0.0432198811453268	0	0.00771783591880837	0	0	0	0	0	0	0.0108049702863317	0	0	0	0.0524812842478969	0.546422783051632	0	0	0	0.0740912248205603	0	0	0	0	0	0	0	0	0.0277842093077101	0	0	0	0	0.0262406421239484	0	0	0	0	0	0.0138921046538551	0	0	0	0	0	0.0246970749401868	0.0138921046538551	0	0	0	0	0	0	0	0	0	0	0	0.0231535077564251	0	0.0663733889017519	0	0	0.0478505826966119	0	0	0	0	0.0200663733889018	0	0	0	0	0	0.0416763139615652	0.72856371073551	0.0555684186154202	0	0	0	0	0	0	0.0493941498803735	0	0	0	0.00308713436752335	0	0.00771783591880837	0	0	0	0.0957011653932237	0.0262406421239484	0	0.617426873504669	0.50783360345759	0	0.0277842093077101	0.112680404414602	0	0	0	0	0	0	0	0	0	0.0108049702863317	0	0.0277842093077101	0.251601450953153	0	0	0	0.0185228062051401	0.0416763139615652	0	0	0	0	0.0416763139615652	0	0.598904067299529	0	0	0.0169792390213784	0	3.07015512850197	0	0.0401327467778035	0	0	0	0	0	0	0	0	0	0.0216099405726634	0	0	0	0	0.0108049702863317	0	0.0632862545342286	0	0.0108049702863317	0.0324149108589951	0	0	0	0	0	0.00463070155128502	0	0.160530987111214	0.0432198811453268	0	0.0138921046538551	0.0493941498803735	0	0	0	0	0	0	0.0200663733889018	0.00771783591880837	0	0	0.0231535077564251	0	0	0	0	0	0.00154356718376167	0	0	0	0.00617426873504669	0.196033032337733	0	11.1445550667593	0	0.0231535077564251	0	0.00926140310257004	0	1.37686192791541	0.00308713436752335	0.0355020452265185	0	0	0	0	0.0355020452265185	0	0	0	0	0	0	0	0.0401327467778035	0	0	0	0	0	0.0401327467778035	0	0	0	0	0	0.0385891795940418	0	0	0	0	0	0	0	0.0355020452265185	0.108049702863317	0	5.6263023848113	0	0.00308713436752335	0.155900285559929	0.0154356718376167	0.104962568495794	0	0	0.0833526279231304	0.0339584780427568	0	0	0.628231843791001	0	0.0154356718376167	0	0.0493941498803735	0	0	0	0
SRR11426380	0	0	0	0	0	0.0325395049927803	0	0.0101685953102438	0.0325395049927803	0	0	0	0.0183034715584389	0	0	0	0	0	0.0467755384271217	0	0	0	0	0	0.0122023143722926	0.00813487624819507	0	0	0.0183034715584389	0	0.0772813243578532	0	0.0203371906204877	0	0	0.00203371906204877	0	0	0	0	0	0	0	0.00610115718614631	0	0	0	0.0223709096825365	0	0	0	0	0.00406743812409754	0	0.00203371906204877	0	0	0	0	0	0	0	0.0142360334343414	0	0.142360334343414	0	0	0	0	0	0	0	0	0.0284720668686828	0	0	0.0244046287445852	0	0	0	0	0	0	0	0	0	0	0	0	0	0	0	0	0.0284720668686828	0	0	0	0	0	0	0	0	0	0	0	0	0.00203371906204877	0.0101685953102438	0.136259177157267	0	0.0101685953102438	3.94948241849871	0	0	1.94016798519453	0.0183034715584389	0	0	24.3293811392894	0	0	0	0	0	0	0	0	0	0	0	0	0	0	0.0508429765512192	0	0.0142360334343414	0	0	0	0	0.00813487624819507	0	0	0	0.00406743812409754	0	0	0	0	0	0	0	0	0	0	0	0	0	0	0.00813487624819507	0	0.0833824815439995	0	0	0	0	0.0183034715584389	0	0	0	0.0183034715584389	0	0	0	0	0	0	0	0.868398039494824	0.00813487624819507	0	0	0	0	0	0	0	0	0	41.0384169530821	0	0	0	0	0	0	0	0	0	0	0.103719672164487	0	0.16473124402595	0	0	0	0.00203371906204877	0	0.00610115718614631	0	0.00203371906204877	0	0	0	0.150495210591609	0.0101685953102438	0	0	0	0	0	0	0	0.178967277460292	0	0.0101685953102438	0	0	0	0	0	0	0.0691464481096581	0	0	0	0.0142360334343414	0	0	0	0	0	0	0	0	0	0	0	0	0.0325395049927803	0	0	0	0.00406743812409754	0	0	0.0162697524963901	0	0	0	0	0	0	0	0	0	0	0.0203371906204877	0.0467755384271217	0.0142360334343414	0	0	0	0	0	0	0	0	0	0.00813487624819507	0.0732138862337557	0.0345732240548291	0	0	0	0.0467755384271217	0	0	0	0	0	0.00610115718614631	0	0	0	0.0752476052958044	0	0	0	0	0	0	0	0	0.0162697524963901	0	0	0	0	0	0	0	0	0	0	0	0.13219173903317	0	0	0	0	0.0284720668686828	0	0	0	0.309125297431413	0	0	0	0	0	0	0	0.00203371906204877	0	0	0	0	0	0	0	0	0	0	0	0	0	0	0	0	0	0	0	0	0	0	0.00610115718614631	0	0	0	0	0	0	0	0	0	0	0	0	0	0	0	0	0	0	0	0	0.0183034715584389	0	0	0	0	0	0.00610115718614631	0	0	0	0	0.0162697524963901	0.191169591832584	0	0	0	0	0	0	0	0	0	0	0	0	0	0.0406743812409754	0	0	0	0	0.00610115718614631	0	0	0	0	0.0223709096825365	0.0122023143722926	0	0	0	0	0	0	0	0	0	0	0	0.00203371906204877	0	0	0.0244046287445852	0.00610115718614631	0	0	0	0	0	0	0	0.0162697524963901	0	0.0244046287445852	0	0	0	0.079315043419902	0	0.0183034715584389	0	0	0	0	0	0	0.0671127290476094	0	0.0508429765512192	0	0.0406743812409754	0	0	0	0	0	0	0	0	0	0	0.0122023143722926	0	0	0	0	0.0183034715584389	0	0	0	0	0	0	0	0	0	0	0	0	0.0935510768542434	0	0.00610115718614631	0.00610115718614631	0.0345732240548291	0.0345732240548291	0.0101685953102438	0	0	0	0	0	0	0	0	0	0	0	0	0.00813487624819507	0.473856541457363	0	0	0	0	0	0	0	0.0142360334343414	0	0	0	0	0	0	0.0183034715584389	0	0.0223709096825365	0	0.0122023143722926	0	0.0122023143722926	0	0	0	0	0	0	0	0.0101685953102438	0.00203371906204877	0	0.0122023143722926	0	0.138292896219316	0	0.0325395049927803	0	0	0.0223709096825365	0	0	0	0	0	0	0	0.0183034715584389	0	0	0	0	0	0	0.0122023143722926	0	0.0122023143722926	0	0	0	0	0	0.00610115718614631	0	0	0	0	0	0	0	0	0	0	0.0467755384271217	0	5.95879685180289	0	0.0366069431168778	0	0	0	1.43173821968233	0.0101685953102438	0	0	0	0	0	0	0	0	0	0.026438347806634	0	0	0	0	0	0	0	0	0	0.00406743812409754	0	0	0	0	0	0	0	0	0	0	0.00610115718614631	0	0	0	0.199304468080779	0	15.7938622358707	0	0	0	0	0.0854162006060483	0	0	0	0.0630452909235118	0	0	0	0	0	0	0	0	0	0	0
SRR11426381	0	0	0	0	0	0	0	0	0	0	0	0	0	0	0	0.00555432126194179	0	0	0	0	0	0.0291601866251944	0	0	0	0.0624861141968451	0	0	0.0638746945123306	0	0.00833148189291269	0	0	0	0	0	0	0	0	0.027771606309709	0.00138858031548545	0	0	0.0263830259942235	0	0	0	0	0	0	0.0735947567207287	0	0	0	0	0	0	0	0	0	0	0	0	0	0.0194401244167963	0	0	0.0249944456787381	0	0	0	0	0	0	0	0	0.0027771606309709	0	0	0	0	0	0	0	0	0	0	0	0	0	0	0	0	0	0	0	0	0	0	0	0	0.00138858031548545	0	0	0	0	0	0.168018218173739	0.00833148189291269	0	0.00694290157742724	1.20112197289491	0	0	0.0222172850477672	0	0	0.0291601866251944	0.0027771606309709	0	0	0	0	0	0	0	0	0	0	0	0	0	0	0	0	0	0	0	0	0	0	0	0	0	0.0222172850477672	0	0	0	0	0	0.00555432126194179	0	0	0	0	0	0	0	0	0	0	0.213841368584759	0	0.0333259275716507	0	0	0.00694290157742724	0	0	0	0	0	0	0	0	0.137469451233059	0	0	2.66329704510109	0	0	0	0	0	0	0	0	0	0	81.5138302599422	0	0	0	0	0	0	0	0	0	0.119417907131748	0.0694290157742724	0	0.0333259275716507	0	0	0.00555432126194179	0	0	0.0888691401910686	0	0	0.00416574094645634	0	0	0	0	0	0	0	0	0	0	0	1.41912908242613	0.00416574094645634	0	0	0	0	0	0	0	0	0	0.00694290157742724	0	0	0	0.0111086425238836	0	0	0	0	0	0	0	0	0	0	0.0972006220839813	0	0	0	0	0	0	0	0	0.0361030882026216	0	0	0	0	0	0	0	0.00138858031548545	0.0208287047322817	0.0513774716729616	0	0	0	0	0	0	0	0.0791490779826705	0	0	0.0416574094645634	0.0236058653632526	0	0	0	0	0.00833148189291269	0	0	0.00833148189291269	0	0	0	0	0	0	0	0	0	0	0	0	0	0	0	0.290213285936459	0	0.00833148189291269	0	0	0	0	0	0	0	0	0	0.187458342590535	0	0	0	0	0	0	0	0	0	0	0	0	0	0	0	0	0.00833148189291269	0	0.00694290157742724	0.281881804043546	0.0236058653632526	0.00694290157742724	0	0	0	0	0	0	0	0	0.130526549655632	0	0	0	0	0	0	0	0	0	0	0	0.0263830259942235	0	0	0	0	0	0	0	0	0	0	0	0	0	0	0	0	0	0.0499888913574761	0	0	0	0	0	0.0194401244167963	0	0	0.0222172850477672	0	0.0291601866251944	1.47050655409909	0	0	0	0	0	0	0.00694290157742724	0	0.0430459897800489	0	0	0.00555432126194179	0	0.00972006220839813	0	0	0	0	0.0583203732503888	0	0	0.223561430793157	0	0	0	0	0	0	0	0	0	0	0	0	0	0	0	0	0	0.00416574094645634	0	0	0	0	0	0	0	0	0.00972006220839813	0	0	0	0	0	0	0	0	0	0	0	0	0	0	1.03449233503666	0	0	0	0	0	0	0	0	0	0	0	0	0	0	0.012497222839369	0.0180515441013108	0	0	0.00555432126194179	0	0	0	0	0	0	0	0	0	0	0	0	0	0	0	0.00972006220839813	0.0749833370362142	0.027771606309709	0	0	0	0	0	0	0	0	0	0	0	0	0	0	0	0.0027771606309709	0	0	0	0	0	0	0	0	0	0	0	0.0236058653632526	0	0	0	0	0.758164852255054	0	0	0	0	0	0	0	0	0	0	0	0	0.00138858031548545	0	0	0	0.15552099533437	0	0.0749833370362142	0.0180515441013108	0	0.00555432126194179	0	0	0	0	0	0	0	0.00694290157742724	0	0	0	0	0	0	0	0	0	0	0	0	0	0	0	0	0	0	0	0	0	0	0	0.0027771606309709	0	0.21661852921573	0	5.58487002888247	0	0.0138858031548545	0	0	0	0.270773161519662	0	0	0	0	0	0	0	0	0	0	0	0	0	0	0	0	0	0	0	0	0	0	0	0	0	0	0	0	0	0	0	0	0	0	0	0	0	0.119417907131748	0	0	0	0	0.0305487669406799	0	0	0.0305487669406799	0.00972006220839813	0	0	0.0499888913574761	0	0	0	0.00555432126194179	0	0	0	0
SRR11426382	0	0	0	0	0	0	0	0	0	0	0	0	0.0279746363297277	0	0	0	0	0	0	0	0	0	0	0	0	0	0	0	0.0186497575531518	0	0.0559492726594554	0	0	0	0	0	0	0	0	0	0	0	0	0.0093248787765759	0	0	0	0	0	0	0	0	0	0	0	0	0	0	0	0	0	0	0	0	0	0	0	0	0	0	0	0	0	0	0	0	0	0	0.475568817605371	0	0	0	0	0	0	0	0	0	0	0	0	0	0	0	0	0	0	0	0	0	0	0	0	0	0	0	0	0	0	0	0	0	0	0	0.0559492726594554	0	0	0	0.0466243938828795	0	0	0	0	0	0	0.0326370757180157	0	0	0	0	0	0	0	0	0	0	0	0	0	0	0	0	0	0	0	0	0	0	0	0	0	0	0	0	0	0	0	0	0	0	0	0.0139873181648639	0	0	0	0	0.0186497575531518	0	0	0	0	0	0	0	0	0	0	0	0.0652741514360313	0	0	0	0	0	0	0	0	0	0	93.1368892204401	0	0	0	0	0	0	0	0	0	0	0.0559492726594554	0	0.0139873181648639	0	0	0	0	0	0	0	0	0	0	0	0	0	0	0	0	0	0	0	0	0	0.0186497575531518	0	0	0.0233121969414398	0	0	0	0	0	0	0	0	0	0	0	0	0	0	0	0	0	0	0	0	0	0	0	0	0	0	0	0	0	0	0	0	0	0	0	0	0	0	0	0.0139873181648639	0.219134651249534	0	0	0	0	0	0	0	0	0	0	0	0.293733681462141	0	0	0	0	0.43360686311078	0	0	0.00466243938828795	0	0	0	0	0	0	0	0	0	0	0	0	0	0	0	0	0	0	0	0	0	0	0	0	0	0	0	0.0093248787765759	0	0	0	0	0	0	0	0	0	0	0	0	0	0	0	0	0.0559492726594554	0	0	0	0	0	0	0.0233121969414398	0	0	0	0	0	0	0	0	0	0	0	0	0	0	0	0	0	0	0	0	0	0	0.0186497575531518	0	0	0	0	0	0	0	0	0	0	0	0	0	0	0	0	0	0	0	0	0	0	0	0	0.0559492726594554	0.093248787765759	0	0	0	0.871876165609847	0	0	0	0	0	0	0	0	0	0	0	0.0279746363297277	0	0	1.02573666542335	0	0	0	0	0	0	0	0	0	0	0	0	0	0	0	0	0	0	0	0	0	0	0	0	0	0	0	0	0	0.0233121969414398	0	0	0	0	0	0	0	0	0	0	0	0	0	0	0	0	0	0.0093248787765759	0	0	0	0	0	0	0	0	0	0	0	0	0	0	0	0	0	0	0	0	0	0	0	0	0.0233121969414398	0	0	0	0	0	0	0	0.0326370757180157	0.107236105930623	0	0	0	0	0	0	0	0	0	0	0	0	0	0	0	0	0	0	0	0	0	0	0	0	0	0	0	0	0	0	0	0	0.15852293920179	0	0.0233121969414398	0	0	0	0	0	0	0	0	0	0	0	0	0	0	0	0	0.0139873181648639	0	0	0.0233121969414398	0	0	0	0	0	0	0	0.0652741514360313	0	0	0	0	0	0	0	0	0	0	0	0	0	0	0	0	0	0	0	0	0	0	0	0	0	0.0093248787765759	0	0.219134651249534	0	0.0139873181648639	0	0	0	1.71577769488997	0	0	0	0	0	0	0	0	0	0	0	0	0	0	0	0	0	0	0	0	0	0	0	0	0	0	0	0	0	0	0	0	0	0	0	0	0	0.0326370757180157	0	0	0	0	0.303058560238717	0	0	0	0	0	0	0.0093248787765759	0	0	0	0	0	0	0	0
SRR11426392	0	0	0	0	0	0	0	0	0	0	0	0	0	0	0	0	0	0	0	0	0	0	0	0	0	0.123868508813721	0	0.028585040495474	0.524059075750357	0.0190566936636494	0.209623630300143	0	0	0	0	0	0	0	0	0	0.0571700809909481	0	0.0666984278227727	0.104811815150071	0	0	0	0	0	0	0	0.133396855645545	0.028585040495474	0	0.0762267746545974	0.0190566936636494	0	0	0	0	0	0	0	0	0.0857551214864221	0	0	0	0	0	0	0	0	0	0	0	0.00952834683182468	0	0.00952834683182468	0	0	0	0	0	0	0	0	0	0	0	0	0.30490709861839	0	0	0	0	0	0	0.0476417341591234	0	0	0	0	0.0952834683182468	0.0381133873272987	0	0	0.647927584564078	0.314435445450214	0	2.07717960933778	0.30490709861839	0	0.257265364459266	0.152453549309195	0	0	0	0.0762267746545974	0	0	0	0	0	0.0762267746545974	0	0	0	0	0	0	0	0	0	0	0	0	0	0	0	0	0	0	0	0.190566936636494	0.0190566936636494	0	0	0	0	0	0.0381133873272987	0.00952834683182468	0	0	0	0	0	0	0	0	0.276322058122916	0	0	0	0.0190566936636494	0.0381133873272987	0	0	0	0	0	0	0.028585040495474	0	0	0	0	5.48832777513101	0	0	0	0	0	0	0	0	0	0	63.6779418770843	0	0	0	0	0	0	0	0.00952834683182468	0	0	0.209623630300143	0	0.200095283468318	0	0	0	0	0	0.181038589804669	0	0	0	0	0	0	0	0	0	0	0	0	0	0.00952834683182468	1.20057170080991	0.14292520247737	0	0.0476417341591234	0	0	0	0	0	0	0	0	0.0190566936636494	0.0952834683182468	0	0	0	0	0	0	0	0	0	0	0	0	0.152453549309195	0	0	0	0	0	0	0	0	0	0.0476417341591234	0	0	0	0	0	0	0	0.123868508813721	0.0476417341591234	0	0	0	0	0	0	0	0	0	0	0.0857551214864221	0.0476417341591234	0	0	0	0	0.476417341591234	0	0	0.0190566936636494	0	0	0.0190566936636494	0.0666984278227727	0	0	0	0	0	0	0	0	0	0	0	0.0762267746545974	0	0.0190566936636494	0	0	0	0	0	0.0190566936636494	0	0	0	0.571700809909481	0	0	0	0.0190566936636494	0	0	0	0	0	0	0	0	0	0	0	0	0	0.0857551214864221	0	0	0	0	0	0.0666984278227727	0.0476417341591234	0	0	0	0.16198189614102	0	0.0762267746545974	0	0	0	0.0476417341591234	0	0	0	0	0	0	0	0	0	0	0	0.0571700809909481	0	0	0	0	0	0	0	0	0	0	0	0	0	0.209623630300143	0	0	0	0	0	2.02953787517866	0	0	0.0190566936636494	0	0.028585040495474	3.35397808480229	0	0	0	0	0	0	0.0666984278227727	0	0	0	0	0	0	0.0571700809909481	0	0	0	0	0.238208670795617	0	0	0	0	0	0	0	0	0	0	0	0	0	0	0	0	0	0	0	0	0	0	0	0	0	0	0	0	0	0	0	0	0	0	0	0	0	0	0	0	0	0	0	0	0.314435445450214	0	0	0.0381133873272987	0	0	0	0	0	0	0	0	0	0	0	0.0476417341591234	0	0	0	0	0	0.028585040495474	0	0.123868508813721	0	0	0	0	0	0	0	0	0	0	0	0	0.104811815150071	0.409718913768461	0	0	0	0	0	0	0	0	0	0	0	0	0	0	0.0190566936636494	0.762267746545974	0	0	0	0	0.028585040495474	0	0	0	0	0.0190566936636494	0	1.75321581705574	0	0	0	0	1.60076226774655	0	0.0190566936636494	0	0	0	0	0	0	0	0	0	0	0	0	0	0	0	0	0.0190566936636494	0	0	0	0	0	0	0	0	0	0	0.171510242972844	0	0	0	0.028585040495474	0.028585040495474	0	0	0	0	0	0	0	0	0	0.00952834683182468	0	0	0	0	0	0.00952834683182468	0	0	0.028585040495474	0.0476417341591234	0.0857551214864221	0	3.44926155312053	0	0.0666984278227727	0	0.0476417341591234	0	2.29633158646975	0.0190566936636494	0	0	0	0	0	0	0	0	0.104811815150071	0	0	0	0	0	0	0	0	0	0	0	0	0	0	0	0	0.0381133873272987	0	0	0	0	0.0857551214864221	0	0	0	0.14292520247737	0	1.61029061457837	0	0	0	0	0.30490709861839	0	0	0	0	0	0	0	0	0	0	0.00952834683182468	0	0	0	0
SRR11426395	0	0	0	0	0	0	0	0	0	0	0	0	0	0	0	0	0	0	0	0	0	0	0	0	0	0.0555690619247734	0	0.0555690619247734	1.83725210988782	0.031257597332685	0.0798805265168617	0	0	0	0	0	0	0.475810092730872	0	0.031257597332685	0	0	0	0.632098079394297	0	0	0	0	0	0	0	0	0.0138922654811933	0	0.156287986663425	0.0555690619247734	0	0	0	0	0	0	0	0	0.281318375994165	0.02083839822179	0	0	0	0	0	0	0	0	0	0	0	0	0	0	0	0	0	0	0	0	0	0.0382037300732817	0	0.0173653318514917	0	0.04167679644358	0	0	0	0	0	0	0	0	0.02083839822179	0	0	0	0	0	0	0.0138922654811933	0.0868266592574584	0	0.152814920293127	3.07366373771403	0	0.225749314069392	1.76084464974126	0.100718924738652	0	0	18.7163546695377	0	0	0	0	0	0.00694613274059667	0	0	0	0	0.0451498628138784	0	0	0	0.0694613274059667	0	0	0	0	0	0	0	0	0	0	0	0	0	0	0	0	0	0	0.0382037300732817	0	0.204910915847602	0	0.0555690619247734	0	0	0.0659882610356684	0.0555690619247734	1.36491508352725	0	0	0	0.0138922654811933	0.163234119404022	0	0	0	0	0	0	0	0	0	0	0	2.90695655193971	0	0	0	0	0	0	0	0	0	0.0590421282950717	13.6873545653457	0	0	0	0	0	0	0.0173653318514917	0.04167679644358	0	0.118084256590143	0.357725836140729	0	0.0729343937762651	0	0	0	0	0	0.152814920293127	0	0	0	0	0	0	0	0	0	0	0	0	0	0.138922654811933	6.07439308165179	0.163234119404022	0	0.225749314069392	0	0	0	0	0	0.0937727919980551	1.02455457923801	0.031257597332685	0	0	0	0	0	0	0	0	0	0	0	0	0	0	0.0729343937762651	0	0	0	0	0	0	0	0	0	0	0	0	0	0	0	0	0.0277845309623867	0.156287986663425	0.152814920293127	0	0	0	0	0	0	0	0	0	0	0.52095995554475	0.194491716736707	0	0	0.197964783107005	0	0.621678880283402	0	0	0.156287986663425	0	0	0.0243114645920884	0	0	0	0.128503455701038	0	0	0	0	0	0	0	0	1.68096412322439	0	0	0	0	0	0	0	0	0	0.18754558399611	0.0347306637029834	0.194491716736707	0	0	0	0	0	0	0.04167679644358	0	0.239641579550585	0	0	0	0	0	0	0	0.0277845309623867	0	0	0.02083839822179	0.149341853922828	0	0	0	0	0	0	0	0.00694613274059667	0	0.350779703400132	0	0	0	0	0	0.0694613274059667	0	0.0729343937762651	0.138922654811933	0	0	0	0	0	0	0.0694613274059667	0	0	0	0	0.0798805265168617	0.121557322960442	0	0	0.0173653318514917	0	0	0	0	0	0	0.00694613274059667	0	0	0	1.15305803493905	0	0	0.107665057479248	0	0.0833535928871601	6.94265967422637	0	0	0.010419199110895	0	0	0	0	0.142395721182232	0	0	0	0	0.0659882610356684	0.14586878755253	0	0.010419199110895	0	0	1.59066439759664	0	0	0.0798805265168617	0	0	0.00347306637029834	0	0	0	0	0	0	0.0382037300732817	0	0	0	0.0138922654811933	0	0	0	0	0	0	0	0	0	0	0	0	0	0.00694613274059667	0	0.0555690619247734	0	0	0	0	0	0	0.02083839822179	0	0	0	0	2.39988886187615	0	0	0	0	0	0	0	0	0	0	0	0	0	0	0	0.02083839822179	0	0.0347306637029834	0.0382037300732817	0	0	0	0	0	0	0	0	0	0	0	0	0	0	0	0	0	0.284791442364464	0	0	0	0	0	0	0	0	0	0	0	0	1.31629215434307	0	0.00347306637029834	1.73653318514917	0	0	0	0.107665057479248	0.02083839822179	0	0	0	0	0	0	0.052095995554475	0	0	0	0.0382037300732817	1.12527350397666	0	0.0833535928871601	0	0	0	0	0	0	0	0	0	0	0.00694613274059667	0.031257597332685	0	0	0.441079429027889	0	1.91018650366408	0.0277845309623867	0.10419199110895	0	0	0	0	0	0	0	0.02083839822179	0.16670718577432	0	0	0	0.02083839822179	0	0	0	0.0764074601465634	0	0	0	0	0	0	0	0	0	0	0	0	0	0	0	0	0.052095995554475	0.302156774215955	0	6.15427360816865	0	0.263953044142674	0	0	0	3.90719966658563	0	0	0	0	0	0	0	0	0	0	0	0.0347306637029834	0	0	0	0.0138922654811933	0	0	0	0	0	0	0	0	0	0	0	0	0	0	0	0.010419199110895	0	0	0	0	0	6.14385440905776	0	0	0	0	0.149341853922828	0	0	0.211857048588199	0	0	0.559163685618032	0.0729343937762651	0	0	0	0	0	0	0	0.593894349321016
SRR11426401	0	0	0	0	0	0	0	0	0	0	0	0	0	0	0	0	0	0	0	0	0	0	0	0	0	0	0	0	0.0805297065139585	0.00894774516821761	0.0894774516821761	0	0	0	0	0	0	0	0	0	0	0	0.0536864710093057	0	0	0	0	0	0	0	0	0	0	0	0	0.0268432355046528	0	0	0	0	0	0	0	0	0.0805297065139585	0	0	0	0	0	0	0	0	0	0	0	0	0	0	0	0	0	0	0	0	0	0	0	0	0	0	0.0178954903364352	0	0	0	0	0	0	0.0268432355046528	0	0	0	0	0	0	0	0	0	0	0	0	0.125268432355047	0	0	0	0	0	0	0.0268432355046528	0	0	0	0	0	0	0	0	0	0	0	0	0	0	0	0	0	0	0	0	0	0	0	0	0	0.0626342161775233	0	0	0	0	0	0	0	0	0	0	0	0	0	0	0	0	0.044738725841088	0	0	0	0	0	0	0	0	0	0	0	0	0	0	0	0	0.483178239083751	0	0	0	0	0	0	0	0	0	0	56.1202576950609	0	0	0	0	0	0	0	0	0	0.0984251968503937	0	0	0	0	0	0	0	0	0	0	0	0	0	0	0	0	0	0	0.0357909806728704	0	0	0	0	2.79169649248389	0.116320687186829	0	0	0	0	0	0	0	0	0	0	0	0	0	0.0268432355046528	0	0	0	0	0	0	0	0	0	0	0.134216177523264	0	0	0	0	0	0	0	0	0	0	0	0	0	0	0	0	0	0.0715819613457409	0.0805297065139585	0	0	0	0	0	0	0	0	0	0	0	0.232641374373658	0	0	0	0	0.250536864710093	0	0	0	0	0	0.0178954903364352	0	0	0	0	0	0	0	0	0	0	0	0	0.044738725841088	0	0	0	0	0	0	0	0	0	0	0	0.0715819613457409	0	0	0	0	0	0	0	0	0	0	0	0	0	0	0	0	0.0626342161775233	0	0	0	0	0	0	0	0	0	0	0	0.0357909806728704	0	0	0	0	0	0	0	0	0	0	0	0	0	0	0	0	0	0	0	0	0	0	0	0	0	0	0	0	0	0	0	0.0178954903364352	0	0	0	0	0	0.0178954903364352	0	0	0.0357909806728704	0	0	0.22369362920544	0	0	0.0536864710093057	0	0	0	0.0178954903364352	0	0	0	0	0	0	0.0268432355046528	0	0	0	0	0.41159627773801	0	0	0	0	0	0	0	0	0	0	0	0	0	0	0	0	0	0	0	0	0.0178954903364352	0	0	0	0	0	0	0	0	0	0	0	0	0	0	0	0	0	0	0	0	0	0	0	0.0357909806728704	0	0	0	0	0	0	0	0	0	0	0	0	0	0	0.259484609878311	0	0	0	0	0	0	0	0.0268432355046528	0	0	0	0	0	0	0	0	0	0.00894774516821761	0	0	0.205798138869005	0.196850393700787	0	0	0	0	0	0	0	0	0	0	0	0	0	0	0	0	0	0	0	0	0	0	0	0	0	0	0	0	0	0	0	0	0.0805297065139585	0	0.0805297065139585	0	0	0	0	0	0	0	0	0	0	0	0	0	0	0.0715819613457409	0	0	0	0	0	0	0	0	0	0	0	0	0	0	0	0	0	0	0	0	0	0	0	0	0	0	0	0.0715819613457409	0	0	0	0	0	0	0	0	0	0	0.214745884037223	0	4.08911954187545	0	0.00894774516821761	0	0	0	2.91696492483894	0	0	0	0	0	0	0	0	0	0	0	0	0	0	0	0	0	0	0	0	0	0	0	0	0	0	0	0	0	0	0	0	0	0	0	0	0	29.3754473872584	0	0	0	0	0.205798138869005	0	0	0	0.00894774516821761	0	0	0	0	0	0	0	0	0	0	0
SRR11426405	0	0	0	0	0.350877192982456	0	0	0	0	0	0	0	0	0	0	0	0	0	0	0	0	0	0	0	0	0.701754385964912	0	0	0.526315789473684	0.570175438596491	0.921052631578947	0	0	0	0	0	0	0	0	0	0	0	0.350877192982456	0.131578947368421	0	0	0	0	0	0	0	0	0	0	0.087719298245614	0	0	0	0	0	0	0	0	0	0.43859649122807	0	0	0	0	0.175438596491228	0	0	0	0	0	0	0.482456140350877	0	0	0	0	0	0	0	0	0	0	0	0	0	0	0.175438596491228	0	0	0	0	0	0	0	0	0	0	0	0	0	0	0	0.175438596491228	0	0	0.087719298245614	0	0	0	0.526315789473684	0	0	0	1.18421052631579	0	0	0	0	0	0.307017543859649	0	0	0	0	0	0	0	0	0	0	0	0	0	0	0	0	0	0	0	0.526315789473684	0	0	0	0	0	0	0.614035087719298	0	0	0	0	0	0	0	0	0	0	0	0	0.307017543859649	0.219298245614035	0.219298245614035	0	0	0	0	0	0	0	0	0	0	0	4.51754385964912	0	0	0	0	0	0	0	0	0	0	17.6315789473684	0	0	0	0.219298245614035	0	0	0	0	0	0.43859649122807	2.71929824561404	0	0.175438596491228	0	0	0	0	0	0	0	0	0	0	0	0.307017543859649	0	0	0	0.526315789473684	0	0	0	0	0.745614035087719	0	0	0	0.131578947368421	0	0	0	0	0	0.131578947368421	0	0	0	0	0	0	0	0	0	0	0	0	0	0.175438596491228	0	0.131578947368421	0	0	0	0.175438596491228	0	0	0	0	0	0	0	0	0	0	0	0	0	0.87719298245614	1.09649122807018	0	0	0	0	0	0	0	0	0	0	0.131578947368421	0.789473684210526	0	0	0.175438596491228	0	2.36842105263158	0	0	0.350877192982456	0	0	0.394736842105263	0	0	0	0	0	0	0	0	0	0	0	0.175438596491228	0.087719298245614	0	0	0	0	0	0	0	0	0	0.131578947368421	0	0	0	0	0	0	0	0	0	0	0	0	0	0	0	0	0.131578947368421	0	0	0.219298245614035	0.087719298245614	0	1.00877192982456	0	0	0	0	0	0	0	0	0	0.219298245614035	0	0	0	0	0	0	0	0	0	0	0	0.087719298245614	0	0	0	0	0	0	0	0	0	0	0	0	0	0	0	0	0	0.087719298245614	0	0	0	0	0	1.14035087719298	0	0	0	0	0.219298245614035	0.175438596491228	0	0	0	0	0	0	0	0	0	0	0	0	0	0	0	0	0	0	2.28070175438596	0	0	0	0	0	0	0	0	0	0	0	0	0.087719298245614	0	0	0	0	0	0	0	0	0	0	0	0	0	0	0	0	0.219298245614035	0	0	0	0	0	0	0	0	0	0	0	0	0	0	0.131578947368421	0	0.307017543859649	0.175438596491228	0	0	0	0	0	0	0	0	0	0	0	0	0.614035087719298	0	0	0	0	0	0	0.043859649122807	0	0.131578947368421	0	0	0	0	0	0	0	0	0	0	1.00877192982456	1.8859649122807	0	0	0	0	0	0	0	0	0	0	0	0.087719298245614	0	0	0	0	0	0	0	0	0.263157894736842	0	0	0	0	0	0	0.87719298245614	0	0	0	0	5.83333333333333	0	0.087719298245614	0	0	0	0	0	0	0	0	0	0	0	0	0	0.307017543859649	0	0	0.657894736842105	0.131578947368421	0	0	0	0	0	0	0	0	0	0.219298245614035	0	0	0	0	0	0	0	0	0	0	0	0	0	0	0.131578947368421	0	0	0	0	0	0	0	0	0	0	0.043859649122807	0	12.4122807017544	0	1.62280701754386	0	0	0	9.64912280701754	0	0	0	0	0	0	0	0	0	0	0	0	0	0	0	0	0	0	0	0	0	0	0	0	0	0	0.263157894736842	0	0	0	0	0	0	0	0	0.350877192982456	0	2.54385964912281	0	0	0	0.087719298245614	0.263157894736842	0	0	0	0	0	0.175438596491228	10.0438596491228	0	0	0	0	0	0	0	0
SRR11426408	0	0	0	0	0	0	0	0	0	0	0	0	0.0882200311364816	0	0	0	0	0	0	0	0	0	0	0	0	0.617540217955371	0	0.0129735339906591	0.00259470679813181	0	0.202387130254281	0	0	0	0	0	0	0	0	0	0.0700570835495589	0	0	0.176440062272963	0	0	0	0	0	0	0	0	0	0	0.160871821484172	0.285417747794499	0.0674623767514271	0	0	0	0	0	0.0363258951738454	0	0.0752464971458225	0	0	0	0	0	0	0	0	0	0.0129735339906591	0	0	0	0	0	0	0	0	0	0	0	0	0.0311364815775817	0	0	0	0	0	0.0570835495588998	0	0	0	0	0	0	0	0	0	0	0	0	0	0	0.121951219512195	0	0.0233523611831863	0.179034769071095	0	0	0.51634665282823	0	0	0	0.337311883757135	0	0	0	0	0	0.0856253243383498	0	0	0	0	0	0	0	0	0	0	0	0	0	0	0	0	0	0	0	0	0	0	0	0	0	0	0	0	0	0	0	0	0	0	0	0	0.256875973015049	0	0	0	0	0.282823040996367	0	0	0	0	0	0	0	0	0	0	0	1.09496626881162	0	0	0	0	0	0	0	0	0	0	64.7612869745719	0	0	0	0	0	0.00518941359626362	0	0	0	0.0596782563570317	0.887389724961079	0	0.129735339906591	0	0	0	0.0596782563570317	0	0	0	0	0	0	0	0	0	0	0	0	0	0	0	0	0.402179553710431	0	0	0	0	0	0	0	0	0.184224182667359	0	0	0	0	0	0	0	0	0	0	0	0	0	0	0	0	0.0778412039439543	0	0	0	0	0	0	0	0	0	0	0	0	0	0	0	0	0	0.0311364815775817	0.0726517903476907	0.054488842760768	0	0	0	0	0	0	0	0	0	0.915931499740529	0	0	0	0	0	0	2.9034769071095	0	0.262065386611313	0	0	0	0	0	0	0	0	0	0	0	0.0155682407887909	0	0	0	0.181629475869227	0	0	0	0	0.0389206019719772	0	0	0	0	0	0	0.910742086144266	0	0	0	0	0	0	0	0	0	0	0	0	0	0	0	0	0.806953814218993	0.0596782563570317	0	0	0	0	0	0	0	0	0	0	0.0181629475869227	0	0	0	0	0	0	0	0	0	0	0	0	0	0	0	0	0	0.137519460300986	0	0	0	0	0	0	0	0	0	0	0	0	0	0	0	0	0	0	0	0.280228334198236	0	0	0.0259470679813181	0	0.0778412039439543	1.40114167099118	0	0	0	0	0	0	0	0	0	0	0	0	0	0.0103788271925272	0	0	0	0	0	0	0	0	0.0233523611831863	0	0	0	0	0	0	0	0	0.160871821484172	0	0	0	0	0	0	0	0	0	0	0	0	0	0	0	0	0.00778412039439543	0	0	0	0	0	0	0	0	0	0	0	0	0	0	0.228334198235599	0	0	0	0.0622729631551635	0	0	0	0	0	0	0	0	0	0	0	0.0389206019719772	0	0	0	0	0	0	0	0	0	0	0	0	0	0	0	0.0908147379346134	0	0	0	0.041515308770109	0.0518941359626362	0	0	0	0	0	0	0	0	0	0	0.0233523611831863	0	0	0	0.0337311883757135	0.00518941359626362	0	0	0	0	0	0	0	0	0	0	0	0.233523611831863	0	0	0	0	2.71925272444214	0	0.0155682407887909	0	0	0	0	0	0	0	0	0	0.0934094447327452	0	0	0	0	0	0	0.0596782563570317	0	0	0.147898287493513	0	0	0	0	0	0	0	0.0389206019719772	0	0	0	0	0	0	0	0	0	0	0	0	0	0	0	0	0	0	0	0.0181629475869227	0	0	0	0	0	0.238713025428127	0	14.4187856772185	0.0674623767514271	0.137519460300986	0	0.0285417747794499	0	0.819927348209652	0	0	0	0	0	0	0	0	0	0	0	0	0	0	0	0	0	0	0.0233523611831863	0	0	0	0	0	0	0	0	0	0	0	0	0	0	0	0	0	0	0.490399584846912	0	0	0	0.0181629475869227	0.0129735339906591	0	0	0.00518941359626362	0	0	0	0	0	0	0	0.0778412039439543	0	0	0	0
SRR11426409	0	0	0	0.0208833663986635	0	0	0.0696112213288782	0.0313250495979952	0	0	0	0	0.00696112213288782	0	0	0	0	0	0	0	0	0	0	0	0	0.076572343461766	0	0	0.194911419720859	0	0.215794786119522	0	0.0835334655946539	0	0	0	0	0	0	0	0.125300198391981	0	0.0174028053322196	0.0591695381295465	0	0	0	0	0.0313250495979952	0	0	0.776165117816992	0.16010580905642	0	0.0730917823953221	0	0	0	0	0	0	0.0452472938637708	0	0	0.0800529045282099	0	0.0278444885315513	0	0	0	0	0.114858515192649	0	0	0	0	0.0522084159966587	0	0	0	0	0.00696112213288782	0	0	0	0	0.22275590825241	0	0	0	0.0139222442657756	0.038286171730883	0	0.153144686923532	0	0	0	0	0.0243639274651074	0.0174028053322196	0	0.00696112213288782	0	0	0	0	0.0591695381295465	0	0.38286171730883	0	0	0.0313250495979952	0	0	0.107897393059761	0	0	0	0.0348056106644391	0	0	0	0	0	0.0278444885315513	0	0	0	0.0243639274651074	0	0	0	0	0	0	0	0	0	0	0	0	0	0	0	0.1427030037242	0	0	0	0	0.0348056106644391	0	0.0591695381295465	0.0696112213288782	0	0	0	0	0	0.0208833663986635	0.038286171730883	0	0.038286171730883	0	0	0.306289373847064	0.236678152518186	0.56037033169747	0	0	0	0.0591695381295465	0	0.0904945877275417	0.0556889770631026	0	0	0	0	1.76812502175351	0	0	0	0.128780759458425	0	0	0	0	0	0	53.1481674845985	0	0	0	0	0	0	0	0	0	0.0591695381295465	0.487278549302148	0	0	0	0	0	0.038286171730883	0	0.0104416831993317	0	0.0487278549302148	0	0	0	0	0	0.327172740245728	0	0.0139222442657756	0	0	0	0	0.0243639274651074	0.167066931189308	0	0	0	0	0	0	0	0.184469736521527	0	0	0	0.0174028053322196	0	0	0.00696112213288782	0	0	0	0	0	0	0	0	0	0.0313250495979952	0.0174028053322196	0	0	0.0174028053322196	0.0208833663986635	0.0278444885315513	0	0	0	0.0139222442657756	0	0	0	0	0	0	0	0.539486965298806	0.0835334655946539	0	0.0139222442657756	0	0	0	0	0.0626500991959904	0	0	0	0.00348056106644391	0.469875743969928	0	0.0278444885315513	0	0	0.407225644773938	0	0	0.0939751487939856	0	0.0104416831993317	0.361978350910167	0.111377954126205	0	0	0	0	0	0	0.0174028053322196	0	0	0.128780759458425	0	0	0	0	0	0	0	0	0	0	0	0	0	0	0	0	0	0	0	0.0730917823953221	0.0174028053322196	0	0.184469736521527	0	0.0174028053322196	0	0	0.0417667327973269	0	0	0.1427030037242	0.0174028053322196	0.0452472938637708	0	0.0139222442657756	0.00348056106644391	0	0	0	0	0	0	0.0730917823953221	0	0.0208833663986635	0	0	0	0.0278444885315513	0	0	0	0	0	0	0	0	0	0	0.038286171730883	0	0.0487278549302148	0	0	0.0348056106644391	0	0	0	0	0	0.0278444885315513	0	0	0	0	0	0.0313250495979952	0	0	0	2.66610977689604	0	0	0	0	0.0417667327973269	0.0870140266610978	0	0	0	0	0	0	0.135741881591313	0.0208833663986635	0	0	0.0174028053322196	0	0	0.184469736521527	0	0	0	0	0.368939473043055	0	0	0	0.0348056106644391	0	0	0	0	0	0	0	0	0.0243639274651074	0	0	0	0	0.0139222442657756	0.0348056106644391	0.0174028053322196	0	0	0.0452472938637708	0	0	0	0	0	0.0313250495979952	0.038286171730883	0	0	0	0	0	0	0.0835334655946539	0.0104416831993317	0	0	0	0	0	0	0	0	0.0139222442657756	0.0591695381295465	0	0	0.0243639274651074	0	0	0	0.0278444885315513	0	0.0278444885315513	0	0.0139222442657756	0.0278444885315513	0.295847690647732	0	0	0	0	0	0	0	0	0	0	0	0.107897393059761	0	0	0.0104416831993317	0	0.264522641049737	0	0	0.417667327973269	2.36678152518186	0.194911419720859	0	0	0.0139222442657756	0	0	0.0174028053322196	0	0.0174028053322196	0	0	0	0	0	0.0522084159966587	0.0626500991959904	0	0	0	0.038286171730883	0	0	0.114858515192649	0	0	0	0	4.80665483275904	0	0	0	0	0.647384358358567	0	0.0243639274651074	0	0	0	0	0	0	0	0.00696112213288782	0	0.0939751487939856	0.0104416831993317	0.0313250495979952	0	0	0.0104416831993317	0	0	0	0	0.107897393059761	0	0	0	0	0	0.0870140266610978	0	0.170547492255752	0	0	0	0.153144686923532	0.0348056106644391	0	0	0	0	0	0	0.0208833663986635	0	0	0.100936270926873	0	0.0174028053322196	0	0	0	0.038286171730883	0.250600396783962	0	0.038286171730883	0	0.219275347185966	0	10.3546691726706	0	0.0243639274651074	0	0.0139222442657756	0	3.01068532247398	0	0.156625247989976	0	0.274964324249069	0	0	0.0591695381295465	0	0	0.038286171730883	0	0	0	0	0	0	0	0	0	0	0.0208833663986635	0	0	0	0	0	0.0313250495979952	0	0	0	0	0	0	0.0278444885315513	0	0.0487278549302148	0	5.45751975218405	0	0	0	0	0.612578747694128	0	0	0	0.00348056106644391	0	0	0	0	0	0	0.0208833663986635	0	0.0487278549302148	0	0.0208833663986635
SRR11426413	0	0	0.00842300322179873	0	0	0	0	0	0	0	0	0	0	0	0	0	0	0	0	0	0	0	0	0	0	0.0210575080544968	0	0	0.0105287540272484	0	0.0294805112762956	0	0	0	0	0.00842300322179873	0	0	0	0	0	0	0	0.0758070289961886	0	0	0	0	0	0	0	0	0	0	0	0	0	0	0	0	0	0	0	0	0.0526437701362421	0	0	0	0	0	0	0	0	0	0	0	0	0	0	0	0	0	0	0	0	0	0	0	0	0	0	0.0126345048326981	0	0	0	0	0	0	0	0	0	0.0126345048326981	0	0	0	0.0105287540272484	0	0	0	0	0	1.05708690433574	0	0	0.256901598264861	0.00421150161089937	0	0	2.49320895365242	0	0	0	0	0	0	0	0	0	0	0	0	0	0	0	0	0	0	0	0	0	0	0	0	0	0	0	0	0	0	0	0	0	0	0	0	0	0	0	0	0	0	0.0379035144980943	0	0	0	0	0	0	0	0	0	0	0.0379035144980943	0	0	0	0.0231632588599465	0	1.23186422118806	0	0	0	0	0.00842300322179873	0	0	0	0	0	63.296763461012	0	0	0	0	0	0	0	0	0	0	0.176883067657773	0	0	0	0	0	0.00842300322179873	0	0	0	0	0	0	0	0	0	0	0	0	0	0	0	0	6.66470129924825	0.0231632588599465	0	0	0	0	0	0	0	0.0294805112762956	0	0	0.0105287540272484	0	0.0126345048326981	0	0	0	0	0	0	0	0	0	0	0	0.0273747604708459	0	0	0	0	0	0	0	0	0	0	0	0	0	0	0	0	0	0	0.00210575080544968	0	0	0	0	0.00842300322179873	0	0	0	0	0	0	0.00421150161089937	0	0	0	0	0.0168460064435975	0	0	0.0273747604708459	0	0	0	0	0.00631725241634905	0	0	0	0	0	0	0	0	0	0	0	0	0	0	0	0	0	0	0	0	0	0	0.0168460064435975	0	0	0	0	0	0	0	0	0.0652782749689402	0	0	0	0	0	0	0	0.0105287540272484	0.00842300322179873	0	0.00631725241634905	0.00631725241634905	0	0	0	0	0	0	0	0	0	0	0	0	0.00421150161089937	0	0	0	0	0	0.0694897765798395	0	0	0	0	0	0	0	0	0	0	0	0	0	0	0	0	0	0	0	0	0	0	0	0	0	0	0.103181789467034	0	0	0.183200320074122	0	0	0	0	0	0	0	0	0	0	0	0	0	0	0	0	0	0	0	0	0	0	0	0	0	0	0	0	0	0	0	0	0	0	0	0	0	0	0	0.00421150161089937	0	0.0231632588599465	0	0	0	0	0	0	0.0421150161089937	0	0	0	0	0	0	0	0	0	0	0	0	0	0	0	0	0	0.0126345048326981	0.0547495209416918	0.0189517572490471	0	0	0	0	0	0	0	0	0	0	0	0	0.0273747604708459	0	0	0	0	0	0	0	0.0189517572490471	0	0	0	0	0	0	0	0	0	0.0147402556381478	0	0	0	0.0442207669144433	0	0	0	0	0	0	0	0	0	0	0	0	0	0	0	0.0968645370506854	0	0	0	0	0	0	0	0	0	0	0	0.0421150161089937	0	0	0	0	0.0779127798016383	0	0.00210575080544968	0	0	0	0	0	0	0	0	0	0	0	0	0	0.00631725241634905	0.941270610036008	0	0	0	0	0.0315862620817452	0	0	0	0	0	0	0	0.0168460064435975	0	0	0	0	0	0	0	0	0	0	0	0	0	0	0	0	0	0	0	0	0	0	0	0	0	1.43612204931668	0	5.25174250879151	0	0	0	0	0	0.193729074101371	0	0	0	0.0336920128871949	0	0	0	0	0	0	0.0357977636926446	0	0	0	0	0.00842300322179873	0	0	0	0	0	0	0	0	0	0	0	0	0	0	0	0	0	0	0	0	0	7.45014634968098	0	0	0.00421150161089937	0	0.0168460064435975	0	0	0	0	0	0	7.91130577607446	0	0	0	0	0	0	0	0
SRR11426365	0	0	0	0	0	0	0	0	0.0610662701784197	0	0	0	0	0	0	0	0	0	0.0531011045029737	0	0.00796516567544605	0	0	0	0	0.0743415463041631	0	0	0.337192013593883	0	0.00531011045029737	0	0.0132752761257434	0	0	0.00265505522514868	0	0.00531011045029737	0	0	0.00796516567544605	0	0	0.0531011045029737	0	0	0	0	0	0	0	0	0	0	0.0238954970263381	0.0318606627017842	0	0	0	0	0	0	0	0	0.0238954970263381	0	0	0	0	0	0	0	0	0	0	0	0	0	0	0	0	0	0	0	0	0	0	0	0	0	0	0.998300764655905	0.0212404418011895	0	0.0345157179269329	0	0	0	0	0	0.0159303313508921	0.00265505522514868	0	0	0.0132752761257434	0	0.00796516567544605	0.00796516567544605	0.132752761257434	0	0.103547153780799	2.37627442650807	0	0	0.767310960067969	0	0	0	18.4048428207307	0	0	0	0	0	0.00796516567544605	0	0.00265505522514868	0	0	0	0	0	0	0.0185853865760408	0	0	0	0	0	0	0.0371707731520816	0.0345157179269329	0	0	0	0	0	0	0	0	0	0	0.0159303313508921	0	0	0	0.0690314358538658	0	0	0.0212404418011895	0	0.419498725573492	0	0	0	0.0212404418011895	0	0	0	0	0.0531011045029737	0	0	0	0	0	0	0	0.54428632115548	0	0	0	0	0	0	0	0	0	0	38.2115548003398	0	0	0	0	0.0132752761257434	0	0	0	0	0.0424808836023789	0.0796516567544605	0	0	0	0	0	0	0	0.0159303313508921	0	0	0	0.00796516567544605	0	0.050446049277825	0	0	0	0	0	0	0.0159303313508921	0	0.14071792693288	0.058411214953271	0	0	0	0	0	0	0	0	0	0.00265505522514868	0	0	0	0.0238954970263381	0	0	0	0.0106202209005947	0	0	0	0	0	0	0	0	0	0	0	0.0185853865760408	0	0	0	0	0	0	0	0	0	0	0	0	0.0212404418011895	0.00796516567544605	0.0292056074766355	0	0	0	0	0	0	0	0.0212404418011895	0	0.0902718776550552	0.0292056074766355	0.0318606627017842	0	0	0.0106202209005947	0.0876168224299065	0	0	0.0212404418011895	0.0106202209005947	0	0.0106202209005947	0	0	0.0318606627017842	0.0318606627017842	0	0	0	0	0	0	0	0	0.0557561597281223	0	0	0	0	0	0	0	0.177888700084962	0	0	0	0.10089209855565	0	0	0	0	0.0212404418011895	0	0	0	0.119477485131691	0	0	0	0	0	0	0.00796516567544605	0	0.00796516567544605	0.0106202209005947	0.0106202209005947	0.00796516567544605	0	0.0132752761257434	0	0	0	0	0	0	0	0.0610662701784197	0	0	0	0.0185853865760408	0	0	0	0	0.0345157179269329	0	0	0.0159303313508921	0	0	0	0.0159303313508921	0	0	0	0	0	0	0	0	0.0106202209005947	0	0	0.00796516567544605	0	0.0929269328802039	0	0.00796516567544605	0	0	0.00265505522514868	0.0451359388275276	0	0	0.0185853865760408	0	0.0663763806287171	0.14071792693288	0.0212404418011895	0	0.0318606627017842	0	0	0	0.00531011045029737	0	0	0	0	0	0	0.0716864910790145	0	0	0	0	0.0690314358538658	0	0	0	0	0	0	0	0	0	0	0	0	0.0212404418011895	0.0159303313508921	0	0	0	0.00796516567544605	0	0	0.0159303313508921	0	0	0	0	0	0	0	0	0	0	0	0	0	0.0185853865760408	0.058411214953271	0	0	0.0265505522514868	0	0	0	0	0	0.0849617672047579	0	0	0	0	0	0	0	0	0	0	0	0	0	0	0	0.00531011045029737	0.0185853865760408	0	0	0.0106202209005947	0	0	0	0	0	0	0	0.0159303313508921	0	0	0	0	0.050446049277825	0	0	0.0238954970263381	0.0531011045029737	0.0185853865760408	0	0	0	0	0	0	0	0	0	0	0	0	0	0	0.414188615123195	0	0.0159303313508921	0	0.0159303313508921	0.0398258283772302	0	0	0	0	0	0	0.0318606627017842	0.00796516567544605	0	0	0	0.26285046728972	0	0.0292056074766355	0	0	0	0	0	0	0	0	0	0.0159303313508921	0.00265505522514868	0	0	0	0.0212404418011895	0	0.0185853865760408	0	0	0	0	0	0	0	0	0	0	0.0451359388275276	0	0	0	0	0	0	0	0	0	0	0	0	0	0	0.050446049277825	0	0	0	0	0	0	0	0	0.00531011045029737	0	0.172578589634664	0	29.4950084961767	0	0.0637213254035684	0	0.00531011045029737	0	0.531011045029737	0.0106202209005947	0	0	0	0	0	0	0	0	0	0	0	0	0	0	0	0	0	0	0	0.0132752761257434	0	0	0	0	0	0	0	0	0	0	0	0	0	0	0.00531011045029737	0	2.88870008496177	0	0	0	0.00265505522514868	0.050446049277825	0	0	0.0823067119796092	0.0106202209005947	0	0	0.00531011045029737	0	0.00796516567544605	0	0	0	0	0	0
SRR11426370	0	0	0	0	0	0	0	0	0.0230361667818475	0	0	0	0.00230361667818475	0	0	0	0	0	0	0	0	0	0	0	0	0.0207325501036628	0	0	0.00230361667818475	0	0.00230361667818475	0	0.0299470168164018	0	0	0.009214466712739	0	0	0	0	0	0	0	0.027643400138217	0	0	0	0	0	0	0	0	0	0	0.0046072333563695	0	0	0.00691085003455425	0	0	0	0	0	0	0.036857866850956	0	0	0	0	0	0	0	0	0	0	0	0	0	0	0	0	0	0	0	0	0	0	0	0	0	0	0	0	0	0	0	0	0	0	0	0	0	0	0	0	0	0.00230361667818475	0.0414651002073255	0.0391614835291408	0	0.0230361667818475	0.301773784842202	0	0	0.177378484220226	0	0	0	3.96452430315595	0	0	0	0	0	0	0	0	0	0	0	0	0	0	0.0322506334945865	0	0	0	0	0	0	0	0	0	0	0.0161253167472932	0	0	0	0	0	0	0	0	0	0	0	0	0	0	0	0	0	0	0	0	0	0.0621976503109883	0	0	0	0	0	0	0	0	0	0	0	0.41234738539507	0	0	0	0	0	0	0	0	0	0.0115180833909238	70.7463718037319	0	0	0	0	0	0	0	0	0	0	0.115180833909238	0	0	0	0	0	0	0	0.0391614835291408	0	0	0	0	0	0.0253397834600322	0	0.0483759502418798	0	0	0	0	0	0	0.1359133840129	0	0	0	0	0	0	0	0	0	0	0	0	0	0	0	0	0	0	0	0	0	0	0	0	0	0.0483759502418798	0	0	0	0	0	0	0	0	0	0	0	0	0	0	0	0	0	0	0.036857866850956	0	0	0	0	0	0	0.009214466712739	0	0	0	0.0138217000691085	0.0046072333563695	0	0	0	0	0.0506795669200645	0	0	0.036857866850956	0	0	0	0	0	0	0	0	0	0	0	0	0	0	0	0.00691085003455425	0	0	0	0.0115180833909238	0	0	0	0	0	0.00230361667818475	0	0.0414651002073255	0	0	0	0	0	0	0	0	0.0345542501727713	0	0	0	0	0	0	0	0.195807417645704	0	0	0	0	0	0	0	0	0	0	0	0	0	0	0	0	0	0	0	0	0	0	0	0	0	0	0	0	0	0.00691085003455425	0	0	0	0	0	0	0	0	0	0	0	0.0046072333563695	0	0	0	0	0	0	0	0.0506795669200645	0	0	0	0	0	0.124395300621977	0	0	0	0	0	0	0	0	0	0	0	0	0	0	0	0	0	0	0.0138217000691085	0	0	0	0	0	0	0	0	0	0	0	0	0	0	0	0	0	0	0	0	0	0	0	0	0	0	0	0	0	0	0	0	0	0	0	0.0046072333563695	0	0	0	0	0	0	0	0	0.0322506334945865	0	0	0	0	0	0	0	0	0	0	0	0	0	0	0.0391614835291408	0.00230361667818475	0	0	0	0	0	0	0	0	0	0	0	0	0	0	0	0	0.0391614835291408	0	0	0	0.0598940336328035	0	0	0	0	0	0	0	0	0	0	0	0	0.0046072333563695	0	0	0.168164017507487	0	0	0	0	0	0	0	0	0	0	0	0.00230361667818475	0	0	0	0	0	0	0.009214466712739	0	0	0	0	0	0	0	0	0	0.0437687168855102	0	0	0	0	0.122091683943792	0	0.0299470168164018	0	0	0	0	0	0	0.0161253167472932	0	0	0	0.0138217000691085	0	0	0	0	0	0	0	0	0	0	0	0	0	0	0	0	0	0	0	0	0.00230361667818475	0	0	0	0	0.036857866850956	0	20.72333563695	0	0.0230361667818475	0.0345542501727713	0	0	0.960608154803041	0	0	0	0	0	0	0	0	0	0	0	0	0	0	0	0	0	0	0	0	0	0	0	0	0	0	0	0	0	0	0	0	0	0	0	0	0	0.564386086155264	0	0	0	0.009214466712739	0.0046072333563695	0	0	0	0	0	0	0	0	0	0	0	0	0	0	0
SRR11426376	0	0	0	0	0	0	0	0	0	0	0	0	0	0	0	0	0	0	0	0	0	0	0	0	0	0.937766410912191	0	0	1.79028132992327	0	0	0	0.170502983802217	0	0	0	0	0	0	0	0.426257459505541	0	0	0.767263427109974	0	0	0	0	0	0	0	1.79028132992327	0	0	0.682011935208866	0	0	0	0	0	0	0	0	0	0	0	0	0	0	0	0	0	0	0	0	0	0	0	0	0	0	0	0	0	0	0	0	0	0	0	0	0	0	0	0	0	0	0	0	0	0	0	0	0	0	0	0	0	1.44927536231884	0	0	0	0	0	2.47229326513214	0	0	0	0.596760443307758	0	0	0	0	0	0	0	0	0	0	0	0	0	0	0	0.596760443307758	0	0	0	0	0	0	0	0	0	0	0	0	0	0	0	0	0	0	0	0	0	0	0	0	0	0	0.51150895140665	0	0	0	0.341005967604433	0.170502983802217	0	0	0	0	0	0	0	0	0	0	0	2.13128729752771	0	0	0	0	0	0	0	0	0	0	24.5524296675192	0	0	0	0	0	0	0	0	0	0	2.13128729752771	0	0	0	0	0	0	0	0	0	0	0	0	0	0	0	0	0	0	0	0	0	0	2.0460358056266	0	0	0	0	0	0	0	0	1.79028132992327	0	0	0	0	0	0	0	0	0	0	0	0	0	0	0	0	0	0	0	0	0	0	0	0	0	0	0	0	0	0	0	0	0	0	0	0.255754475703325	0	0	0	0	0	0	0	0	0	0	0	0	0	0	0	0	0	0	0	0.170502983802217	0	0	0	0	0	0	0	0	0	0	0	0	0	1.0230179028133	0	0	0	0	0	0	0	0	0	0	0	0	0	0	0	0	0	0	0	0	0	0	0	0	0	0	0	0	0	0	0	0	0	0	0	0	0	0	0	0	0	0	0	0	0.0852514919011083	0	0	0	0	0	0	0	0	0	0	0	0	0	0	0	0	0	0	0	0	0	0	0	0	0	0	0	0	0	0	0	0	0	0	0	6.82011935208866	0	0	0	0	0	3.49531116794544	0	0	0	0	0	0	0	0	0	0	0	0	0	0	0	0	0	0	1.87553282182438	0	0	0	0	0	0	0	0	0	0	0	0	0	0	0	0	0	0	0	0	0	0	0	0	0	0	0	0	0	0	0	0	0	0	0	0	0	0	0	0	0	0	0	0	0.341005967604433	0	0	0	0	0	0	0	0	0	0	0	0	0	0	0	0	0	0	0	0	0	0	0	0	0	1.19352088661552	0	0	0	0	0	0	0	0	0	0	0	0	0	0	0	0	0	0	0	0	0	0	0	0	0	0	0	0	0	0	0	0	0	0	0	0	0	0	6.56436487638534	0	0	0	0	5.62659846547315	0	0	0	0	0	0	0	0	0	0	0	0	0	0.596760443307758	0	0	0.0852514919011083	0	1.87553282182438	0	0	0.937766410912191	0	0	0	0	0	0	0	0	0	0	0	0	0	0	0	0	0	0	0	0	0	0	0	0	0	0	0	0	0	0	0	0.426257459505541	0	0.255754475703325	0	19.5225916453538	0	1.10826939471441	0	0	0	0.852514919011083	0	0	0	0.170502983802217	0	0	0	0	0	0	0	0	0	0	0	0	0	0	0	0	0	0	0	0	0	0	0	0	0	0	0	0	0	0	0	0	0	0.767263427109974	0	0	0	0	0	0	0	0	0	0	0	0.255754475703325	0	0	0	0.341005967604433	0	0	0	0
SRR11426378	0	0	0	0	0	0	0	0	0	0	0	0	0.00291608952394839	0	0	0	0	0	0	0	0	0	0	0	0	0.030618940001458	0	0	0.0583217904789677	0	0.0116643580957935	0	0.0145804476197419	0	0	0	0	0	0	0	0	0	0.0102063133338193	0.0174965371436903	0	0	0	0	0	0	0.00874826857184516	0	0.00583217904789677	0	0.00583217904789677	0.00729022380987096	0	0	0	0	0	0	0	0	0.00291608952394839	0	0	0	0	0	0	0	0	0	0	0	0	0	0	0	0	0	0	0	0	0	0	0	0	0	0	0.0174965371436903	0	0	0	0	0	0	0.00437413428592258	0	0	0	0	0	0	0	0	0	0.00291608952394839	0	0.00583217904789677	0.0160384923817161	0	0	0.0320769847634322	0	0	0	0.0218706714296129	0	0	0	0	0	0	0	0	0	0	0	0	0	0	0	0	0	0	0	0	0	0	0	0	0	0.00437413428592258	0	0	0	0	0	0	0	0	0	0	0	0	0	0	0	0	0	0	0	0.00874826857184516	0	0.00145804476197419	0	0	0	0	0	0	0	0	0	0	0	0.661952321936284	0	0	0	0	0	0	0	0	0	0.0145804476197419	93.387767004447	0	0	0	0	0	0	0	0	0	0.00729022380987096	0.0772763723846322	0	0.0685281038127871	0	0	0	0.00291608952394839	0	0	0	0	0	0	0	0	0	0	0	0	0	0	0	0	0.10789531238609	0.0145804476197419	0	0	0	0	0	0	0	0.0233287161915871	0	0	0	0.00145804476197419	0	0	0.00437413428592258	0	0	0	0	0	0	0	0	0	0.0160384923817161	0	0	0	0	0	0	0	0	0	0	0	0	0	0	0	0	0	0.0408252533352774	0.0933148647663483	0	0	0	0	0	0	0	0	0	0	0	0.075818327622658	0	0	0	0	0.0524896114310709	0	0	0.0291608952394839	0	0	0	0	0	0	0	0	0	0	0	0	0	0	0	0.0116643580957935	0	0	0	0.00291608952394839	0	0	0	0	0	0	0	0.00145804476197419	0	0	0	0	0	0	0	0	0.00874826857184516	0	0	0	0	0	0	0	0.0116643580957935	0	0	0	0.00291608952394839	0.00291608952394839	0	0	0	0	0	0	0.00437413428592258	0	0.00437413428592258	0	0	0	0	0	0	0	0	0	0	0	0	0	0	0	0.00583217904789677	0	0	0	0	0	0	0	0	0	0	0	0	0	0.00291608952394839	0	0.00145804476197419	0	0.00291608952394839	0	0.0422832980972516	0	0	0	0	0	0.164759058103084	0	0	0	0	0	0	0	0	0	0	0	0	0	0.00291608952394839	0	0	0	0	0.16330101334111	0	0	0	0	0	0	0	0	0	0	0	0	0	0	0	0	0	0	0	0	0	0	0	0	0.0189545819056645	0	0	0.00583217904789677	0	0	0	0	0	0	0	0	0	0	0	0	0	0	0	0	0.0247867609535613	0	0.0131224028577677	0	0	0	0	0	0	0	0	0	0	0	0	0.00437413428592258	0	0	0	0	0	0	0	0	0	0	0	0	0	0	0	0	0	0.0131224028577677	0	0	0.0116643580957935	0.0116643580957935	0	0.0116643580957935	0	0	0	0	0	0	0	0	0	0	0	0	0	0.00437413428592258	0	0	0	0.00729022380987096	0	0	0	0	0	0	0	0.0116643580957935	0	0	0	0	0.307647444776555	0	0.00729022380987096	0	0	0	0	0	0	0	0	0	0.00145804476197419	0	0	0	0	0.0131224028577677	0	0.00437413428592258	0	0	0	0	0	0	0	0	0	0	0.0116643580957935	0	0	0	0	0	0	0	0	0	0	0	0	0	0	0	0	0	0	0	0	0	0	0	0	0.00583217904789677	0.0204126266676387	0	3.41182474301961	0	0.0510315666690967	0	0	0	0.444703652402129	0	0.0102063133338193	0	0	0	0.00729022380987096	0	0	0	0	0	0	0	0	0	0	0	0	0	0	0	0	0	0	0	0	0.0116643580957935	0	0	0	0	0	0	0	0	0.00729022380987096	0	0.0976889990522709	0	0	0	0	0.0393672085733032	0	0	0	0	0	0	0	0	0	0	0	0	0	0	0
SRR11426389	0	0	0	0	0	0	0.01057753331923	0	0	0	0	0	0.0581764332557648	0	0	0	0	0	0	0	0	0	0	0	0	0.312037232917284	0	0	1.74529299767294	0.0581764332557648	0.407235032790353	0	0.0687539665749947	0	0	0	0	0	0	0	0	0	0.0211550666384599	0.280304632959594	0.100486566532685	0.0846202665538396	0	0	0	0	0	1.00486566532685	0.0158662999788449	0	0.0423101332769198	0	0	0	0	0	0	0	0.0158662999788449	0	0.0687539665749947	0	0	0	0	0	0	0	0	0	0	0	0	0	0	0	0	0	0	0	0	0	0	0.0370213666173048	0	0	0	0.0264438332980749	0	0	0	0	0	0	0.0264438332980749	0	0	0.391368732811508	0.0846202665538396	0	0	0	0.349058599534589	0.0158662999788449	0.470700232705733	0	0.00528876665961498	3.74973556166702	0	0	1.98857626401523	0	0	0	34.5779564205627	0	0	0	0	0	0	0	0	0	0	0	0	0	0	0	0	0	0	0	0	0	0	0	0	0	0.380791199492278	0	0	0	0	0	0	0	0	0	0	0	0	0.0158662999788449	0	0	0	0.465411466046118	0	0.00528876665961498	0	0	0.0846202665538396	0	0	0	0	0	0	0	0	0	0	0	3.36894436217474	0	0	0	0	0	0	0	0	0	0	7.53649248995134	0	0	0	0	0	0	0	0	0	0.772159932303787	1.057753331923	0.0581764332557648	0.111064099851915	0	0	0.0475988999365348	0	0	3.85551089485932	0	0	0	0	0	0.269727099640364	0	0	0	0	0	0	0	0	4.60651576052465	0.0475988999365348	0	0.0793314998942247	0	0	0	0	0	0.486566532684578	0	0	0	0.01057753331923	0	0	0	0	0	0	0	0	0	0	0	0	0.0475988999365348	0	0	0	0	0	0	0	0	0	0	0	0	0	0	0	0	0	0.0475988999365348	0.195684366405754	0	0	0	0	0	0	0	0	0	0	0.0634651999153797	0.100486566532685	0	0	0	0	0.354347366194204	0	0	0.248572033001904	0	0	0.232705733023059	0	0	0	0	0	0	0	0	0	0	0	0	0	0	0	0	0.0158662999788449	0	0	0	0	0	0.0264438332980749	0	0.0634651999153797	0	0	0	0	0	0	0	0	0	0	0	0	0	0	0	0	0	0	0	0.0634651999153797	0	0	0	0	0	0	0	0	0.0370213666173048	0	0	0	0	0	0	0	0	0	0	0	0	0	0.0528876665961498	0	0	0	0	0	0.0899090332134546	0	0	0	0	0	0	0	0	0	0	0	0.0581764332557648	0	0	0	0	0	1.50200973133065	0	0	0.269727099640364	0	0.502432832663423	6.26189972498413	0	0	0	0	0	0	0.0423101332769198	0	0.0317325999576899	0	0.0634651999153797	0	0	0	0	0	0	0	0.571186799238418	0.0687539665749947	0	0	0	0	0	0.0846202665538396	0	0	0	0	0	0	0	0	0	0	0	0	0	0	0	0	0	0	0	0	0.0158662999788449	0	0.0317325999576899	0	0	0	0	0	0	0	0	0	0	0	0	0	0	0.280304632959594	0.174529299767294	0	0.0581764332557648	0	0	0	0.0211550666384599	0.0634651999153797	0	0	0	0	0	0	0.111064099851915	0	0	0	0	0	0	0	0	0	0	0	0	0	0	0	0	0	0	0	0	0.100486566532685	0.306748466257669	0	0	0	0	0	0	0	0	0	0.0264438332980749	0	0	0	0	0.0211550666384599	1.43325576475566	0	0	0	0	0	0	0	0	0	0	0	2.21599323037868	0	0	0	0	1.5548973979268	0	0.0899090332134546	0	0	0	0	0	0	0	0	0.0528876665961498	0	0	0	0	0	0	0.0581764332557648	0.0475988999365348	0	0	0.163951766448064	0	0	0	0	0	0	0	0.0687539665749947	0	0	0	0.158662999788449	0	0	0	0	0	0	0	0	0	0	0.100486566532685	0	0	0	0	0	0	0	0	0	0.190395599746139	2.07319653056907	0	2.49100909667865	0	0.163951766448064	0	0	0	1.89337846414216	0	0.148085466469219	0	0	0	0	0.0687539665749947	0	0	0	0	0	0	0	0	0	0	0	0	0	0	0	0	0	0	0	0.0158662999788449	0	0	0	0	0	0	0	0	0.306748466257669	0	4.72286862703618	0	0	0	0	0.0317325999576899	0	0	0.142796699809604	0	0	0	0	0	0	0	0.00528876665961498	0	0	0.216839433044214	0
SRR11426390	0	0	0	0	0	0	0	0	0.0617045892788276	0.0115696104897802	0	0	0	0	0	0	0	0	0	0	0	0	0.0231392209795604	0	0	0.0732741997686078	0	0	0.134978789047435	0	0	0	0	0	0	0	0	0	0	0	0.0115696104897802	0	0	0.0809872734284612	0	0	0	0.0269957578094871	0	0	0.00771307365985345	0	0	0	0	0.00385653682992673	0.00771307365985345	0	0	0	0	0	0	0	0.0115696104897802	0	0	0	0	0	0	0	0	0	0	0	0	0	0	0	0	0	0	0	0	0	0	0.0115696104897802	0	0	0	0	0	0.0694176629386811	0	0	0	0	0	0	0	0	0	0	0	0	0.0617045892788276	0.00771307365985345	0.266101041264944	0	0.0385653682992673	8.63092942537601	0	0	2.83069803316622	0.131122252217509	0	0	66.0200539915156	0	0	0	0	0	0	0	0	0	0	0.0231392209795604	0	0	0	0.0809872734284612	0	0	0	0	0	0	0.0539915156189742	0.0462784419591207	0	0.0154261473197069	0	0	0	0	0	0	0	0	0.00771307365985345	0	0	0	0	0	0	0	0	0.154261473197069	0	0	0	0.00771307365985345	0.169687620516776	0	0	0	0	0	0	0	0	0	0	0	0.389510219822599	0	0	0	0	0	0	0	0	0	0.00385653682992673	4.40802159660625	0	0	0	0	0	0	0	0	0	0	0.339375241033552	0	0.0192826841496336	0	0	0	0	0.0231392209795604	0	0	0	0	0	0	0.354801388353259	0	0	0	0.0269957578094871	0.042421905129194	0	0	0	0.308522946394138	0	0	0	0	0	0	0	0	0.127265715387582	0	0	0	0	0	0	0	0	0	0	0	0	0	0	0	0	0.00385653682992673	0	0	0	0.0347088314693405	0	0	0	0	0	0	0	0	0	0	0	0	0	0.0539915156189742	0.00771307365985345	0	0	0	0	0	0	0.104126494408022	0	0	0	0	0.00771307365985345	0.0347088314693405	0	0	0	0.0771307365985345	0	0	0.042421905129194	0	0	0	0.00385653682992673	0	0.107983031237948	0.0385653682992673	0	0	0	0	0	0.0539915156189742	0.0231392209795604	0	0.0694176629386811	0	0	0	0	0	0	0	0	0	0	0	0	0	0	0	0	0.042421905129194	0.00385653682992673	0	0	0.551484766679522	0	0	0	0	0	0	0	0.0192826841496336	0.00385653682992673	0	0	0.0385653682992673	0	0	0	0	0	0	0	0	0	0	0	0	0	0	0	0	0	0	0.0308522946394138	0	0	0	0	0	0	0.0192826841496336	0	0	0	0	0	0	0	0	0	0	0	0	0	0	0	0	0	0	0	0.204396451986116	0	0	0.00771307365985345	0	0.0617045892788276	0.0192826841496336	0	0	0.00771307365985345	0	0	0	0	0	0	0	0.0154261473197069	0	0	0.532202082529888	0	0	0	0	0.0154261473197069	0	0	0	0	0.0925568839182414	0.0925568839182414	0	0	0	0	0	0	0	0	0	0	0	0	0	0	0.0115696104897802	0	0	0	0	0.0925568839182414	0	0	0	0	0	0	0	0	0	0.042421905129194	0	0	0	0	0	0	0	0	0.281527188584651	0	0.123409178557655	0	0	0	0	0	0	0	0	0	0	0	0	0	0	0	0	0	0	0	0	0	0	0	0	0	0	0	0	0	0	0.084843810258388	0	0	0.0154261473197069	0	0.0964134207481681	0	0	0	0	0	0	0	0	0	0	0	0	0	0	1.33436174315465	0	0	0	0.0154261473197069	0	0	0	0.0655611261087543	0	0	0	0.0732741997686078	0	0	0.0617045892788276	0	0.104126494408022	0	0	0	0.0617045892788276	0	0	0	0	0	0	0	0.134978789047435	0	0	0.0655611261087543	0.042421905129194	0.0694176629386811	0	0	0	0	0	0	0	0	0	0	0.0501349787890474	0	0	0	0	0	0	0	0	0	0	0	0	0	0	0	0	0	0	0	0	0	0	0	0	0	0	0.00385653682992673	0.123409178557655	0	1.08368684920941	0	0.100269957578095	0	0	0	0.142691862707289	0	0.0385653682992673	0	0	0	0	0	0.0539915156189742	0	0	0.084843810258388	0	0	0	0	0	0	0	0	0	0.0269957578094871	0	0	0	0	0	0.0655611261087543	0	0	0	0	0	0	0	0.0732741997686078	0.18897030466641	0	7.34284612418049	0	0	0	0.00385653682992673	0	0	0	0	0	0	0	0.293096799074431	0	0	0	0	0	0	0	0
SRR11426393	0	0.0358294518093873	0	0	0	0	0.0477726024125164	0	0	0	0	0	0	0	0	0	3.73820613877941	0	0	0	0	0	0	0	0	0.0119431506031291	0	0	0.943508897647199	0.0238863012062582	0.310521915681357	0	0	0	0	0	0	0	0	0	0	0.0477726024125164	0.179147259046937	0.0716589036187746	0	0	0	0	0	0	0	0	0.155260957840678	0	0	0	0	0	0	0	0	0	0	0	0.573271228950197	0	0	0	0	0.0238863012062582	0	0	0	0	0	0	0	0	0	0	0	0	0	0	0	0	0	0	0	0	0	0.226919861459453	0	0.0716589036187746	0	0	0	0	0.0238863012062582	0	0	0.0238863012062582	0	0	0	0	0	0.0238863012062582	0	0	0	0.0955452048250328	0	0.0358294518093873	0.0477726024125164	0	0	0	0.0836020542219037	0	0	0	0	0	0	0	0	0	0	0	0	0	0	0	0	0	0	0	0	0	0	0	0	0	0.40606712050639	0	0.0836020542219037	0	0	0	0	0	0	0	0	0	0	0.0836020542219037	0	0	0.0358294518093873	0.0238863012062582	0	0	0	0	0.0119431506031291	0	0	0	0	0	0	0.0119431506031291	0	0	0	0	4.717544488236	0	0	0	0	0	0	0	0	0	0	9.22011226561567	0	0	0	0	0.0597157530156455	0	0	0	0	0.0238863012062582	0.191090409650066	0	0	0	0	0	0.119431506031291	0	0	0	0	0	0	0	0	0	0	0	0	0	0	0	0	1.34957601815359	0	0	0.0119431506031291	0	0	0	0	0	0.0358294518093873	0	0	0	0.0597157530156455	0	0.0119431506031291	0.0119431506031291	0	0	0	0	0	0	0	0.0238863012062582	0	0.0119431506031291	0	0	0	0	0	0	0	0	0	0	0	0	0.0597157530156455	0.0477726024125164	0	0	0	0.501612325331422	0.597157530156455	0	0	0	0	0	0	0	0	0	0	0.0477726024125164	0.214976710856324	0	0	0	0	0.895736295234683	0.0836020542219037	0	0.0836020542219037	0	0.0238863012062582	0.346351367490744	0	0	0	0	0	0	0	0	0	0	0	0	0.143317807237549	0	0	0	0	0	0	0	0	0.0238863012062582	0.0358294518093873	0	0.13137465663442	0.214976710856324	0	0	0	0	0.0597157530156455	0	0	0	0	0	0	0	0	0	0.203033560253195	4.76531709064851	0.0238863012062582	0.13137465663442	0	0.322465066284486	0	0	0	0	0	0	0	0.0119431506031291	0	0.26274931326884	0	0.143317807237549	0	0	0	0.0477726024125164	1.95867669891317	0	0	0	0	0	0	0	0	0.0119431506031291	0	0	0	0	0	0	0	0	0	0	0	0	0	0	0	0.0358294518093873	0	0	0.0358294518093873	0.107488355428162	0	0	0.0119431506031291	0	0.0238863012062582	0.26274931326884	0	0	0	0	0	0	0.155260957840678	0	0	0	0	0	0.0597157530156455	0	0	0	0	0	0.656873283172101	0	0	0	0.0955452048250328	0	0	0	0	0	0	0	0	0	0	0	0	0	0	0	0	0	0	0	0	0	0	0	0	0	0.0716589036187746	0	0	0	0	0	0	0	0	0	0	0	0	0	0	0.489669174728293	0	0	0.214976710856324	0	0	0	0	0	0	0	0	0	0	0	0.0358294518093873	0.119431506031291	0	0	0	0	0	0.226919861459453	0	0	0	0	0	0	0	0	0	0	0	0	0	1.08682670488475	2.16171025916637	0	0.0597157530156455	0	0	0	0	0	0	0	0	0	0	0	0	0	0.298578765078228	0	0	0	0	0	0	0	0	0	0	0	0	0	0	0	0	0.274692463871969	0	0	0	0	0	0	0	0	0	0	0	0.0119431506031291	0	0	0	0	0.0597157530156455	0	0.453839722918906	0	0	0	0	0	0	0	0	0	0	0.298578765078228	0	0	0	0.214976710856324	0	0	0	0	0	0	0	0	0	0	0.214976710856324	0	0	0	0	0	0.0119431506031291	0	0	0	0	0.203033560253195	0	6.17460886181775	0	0.179147259046937	0	0.0238863012062582	0	4.28759106652335	0	0	0	0	0	0	0.0477726024125164	0	0	0	0	0	0	0	0	0	0	0	0	0	0	0	0	0	0	0	0.203033560253195	0	0	0	0	0	0	0	0	0.107488355428162	0	44.2852024364027	0	0	0	0	0.740475337394005	0	0	1.30180341574107	0	0	0	0	0	0	0	0	0	0	0	0
SRR11426396	0	0	0	0	0	0.0327011118378025	0.00817527795945062	0	0.138979725310661	0	0	0	0	0	0	0	0	0	0.138979725310661	0	0	0	0	0	0	0.0817527795945062	0	0	0.138979725310661	0	0.0163505559189012	0	0	0	0	0	0	0	0	0	0.0163505559189012	0	0	0.0327011118378025	0	0	0	0	0	0	0	0.0981033355134075	0.00817527795945062	0	0	0	0	0	0	0	0	0	0	0	0	0	0	0	0	0	0	0	0	0	0	0	0	0	0	0	0	0	0	0	0	0	0	0	0	0	0	0.899280575539568	0.0163505559189012	0	0	0	0	0	0	0	0	0.0572269457161543	0	0	0	0	0.00817527795945062	0.0245258338783519	0.498691955526488	0	0.0163505559189012	6.27861347285808	0	0	3.18835840418574	0	0	0	55.6000654022237	0	0	0	0	0	0	0	0	0	0	0	0	0	0	0.0572269457161543	0.0327011118378025	0	0	0	0	0	0	0	0	0	0.0408763897972531	0	0	0	0	0	0	0	0	0	0	0	0	0	0	0	0	0.122629169391759	0	0	0	0	0	0	0	0	0	0	0	0	0	0	0	0	0.318835840418574	0	0	0	0	0	0	0	0	0	0	12.9986919555265	0	0	0	0	0	0	0	0	0	0	0.277959450621321	0	0.0327011118378025	0	0	0	0	0	0	0	0	0	0	0	0.228907782864617	0	0	0	0	0	0	0	0	0.0572269457161543	0.0408763897972531	0	0	0	0	0	0	0	0	0	0	0	0	0	0	0	0	0	0	0	0	0	0	0	0	0	0	0	0	0	0	0	0	0	0	0	0	0	0	0	0	0	0	0.0245258338783519	0.0408763897972531	0	0	0	0	0	0	0	0	0	0	0.0735775016350556	0.171680837148463	0.0245258338783519	0	0	0	0.138979725310661	0.00817527795945062	0	0.0572269457161543	0	0	0.0163505559189012	0	0	0	0.0735775016350556	0	0	0	0	0	0.0408763897972531	0	0	0.0163505559189012	0	0	0	0	0	0	0	0	0	0	0	0.0735775016350556	0	0	0	0	0	0.0327011118378025	0	0	0.506867233485939	0	0	0	0	0	0	0	0	0	0	0	0.0163505559189012	0	0	0	0	0	0	0	0	0	0.00817527795945062	0	0	0	0.0327011118378025	0	0	0	0	0	0	0	0	0	0	0	0	0	0	0	0	0	0	0	0	0	0	0	0	0	0.0490516677567037	0	0	0	0	0	0.196206671026815	0	0	0	0	0	0.0817527795945062	0	0	0	0	0	0	0	0	0	0	0	0	0	0.0245258338783519	0	0	0	0	0.114453891432309	0	0	0	0	0	0	0	0	0	0	0	0	0	0	0	0	0	0	0	0	0	0	0	0	0	0	0	0	0	0	0	0	0	0	0	0	0	0	0	0	0	0	0	0	0.0245258338783519	0	0.0899280575539568	0	0	0	0	0	0	0	0	0	0	0	0	0	0	0	0	0	0	0	0	0	0.0327011118378025	0	0	0	0	0	0	0	0	0.302485284499673	0	0	0	0.0408763897972531	0.0408763897972531	0	0	0	0	0	0	0	0	0	0	0	0	0	0	0.65402223675605	0	0	0	0	0	0	0	0	0	0	0	0.179856115107914	0	0	0	0	0.343361674296926	0	0.0245258338783519	0	0	0	0	0	0.0490516677567037	0	0	0	0	0	0	0	0	0	0	0.0327011118378025	0	0	0.0408763897972531	0	0.0408763897972531	0	0	0	0	0	0.228907782864617	0	0	0	0	0	0	0	0	0	0	0	0	0	0	0.0408763897972531	0	0	0	0	0	0	0	0	0	0.0245258338783519	0.0245258338783519	0	8.10170045781557	0	0.00817527795945062	0	0	0	0.882930019620667	0.065402223675605	0	0	0.0572269457161543	0	0	0	0	0	0	0	0	0	0.0163505559189012	0	0	0	0	0	0	0	0	0	0	0	0	0.0163505559189012	0	0	0	0	0	0	0	0	0.253433616742969	0	4.76618705035971	0	0	0	0	0.204381948986266	0	0	0.0327011118378025	0	0	0	0	0	0.0490516677567037	0	0	0	0	0	0
SRR11426397	0	0	0	0	0	0	0	0	0.0563933330548477	0	0	0	0.0104432098249718	0	0	0	0	0	0.137850369689628	0.029240987509921	0	0	0.0835456785997744	0	0	0.175445925059526	0	0.0250637035799323	0.100254814319729	0	0.029240987509921	0	0.0375955553698985	0	0	0.133673085759639	0	0.00417728392998872	0	0	0.0125318517899662	0	0	0.0877229625297632	0.0187977776849492	0	0	0.0563933330548477	0	0	0	0.00208864196499436	0.00626592589498308	0	0.0271523455449267	0	0.0187977776849492	0.00626592589498308	0.0208864196499436	0	0.0187977776849492	0	0	0	0.0605706169848365	0	0	0	0	0	0	0	0	0	0	0	0	0	0	0.0668365428798195	0	0	0	0	0	0	0	0.0146204937549605	0	0	0	0.0689251848448139	0	0.0626592589498308	0	0	0	0	0.0187977776849492	0	0.029240987509921	0.0835456785997744	0	0	0	0	0	0	0.432348886753833	0	0.0689251848448139	6.40168762270771	0	0	2.65675257947283	0.0731024687748026	0	0	42.215631396466	0	0	0.0104432098249718	0.029240987509921	0	0.0104432098249718	0	0	0	0	0	0	0	0	0.185889134884498	0	0	0	0	0	0	0.0543046910898534	0.158736789339571	0	0	0	0	0	0	0	0	0	0	0	0	0	0	0	0	0	0	0	0.250637035799323	0	0.0125318517899662	0	0.0313296294749154	0.0877229625297632	0	0	0	0	0	0	0	0	0	0.0334182714399098	0	1.27824888257655	0	0	0	0	0	0	0	0.0125318517899662	0	0	10.4411211830068	0	0	0	0.0584819750198421	0.0417728392998872	0	0	0	0	0.0647479009148252	0.185889134884498	0	0	0	0	0	0	0	0.0438614812648816	0	0	0	0	0	0.198420986674464	0	0	0	0	0	0	0	0	1.30122394419149	0.187977776849492	0	0	0	0.00835456785997744	0	0	0	0.0814570366347801	0	0	0	0	0	0.00835456785997744	0	0	0	0	0	0	0	0	0	0.0334182714399098	0.022975061614938	0	0	0.00626592589498308	0.0208864196499436	0	0	0	0	0	0	0	0	0.00417728392998872	0	0.029240987509921	0	0	0.0417728392998872	0	0.0125318517899662	0	0	0	0	0	0	0	0	0.0334182714399098	0.0438614812648816	0	0.022975061614938	0	0.0187977776849492	0	0.0187977776849492	0.0605706169848365	0	0.0605706169848365	0	0	0	0.0250637035799323	0.0125318517899662	0	0.0250637035799323	0	0	0	0	0	0	0	0	0.198420986674464	0	0	0	0	0	0	0	0	0	0.0459501232298759	0.00208864196499436	0.0898116044947575	0	0	0.0187977776849492	0	0	0	0	0	0.39266468941894	0	0	0	0	0	0	0.0250637035799323	0.00417728392998872	0.0125318517899662	0	0.00417728392998872	0.0480387651948703	0	0	0	0	0	0	0	0	0	0.022975061614938	0	0	0.0104432098249718	0	0	0	0	0	0.0835456785997744	0	0	0	0	0	0	0.0731024687748026	0.0146204937549605	0	0	0	0	0	0	0	0	0	0	0.00626592589498308	0	0.267346171519278	0	0	0	0	0	0.131584443794645	0	0	0	0	0.0250637035799323	0.50753999749363	0.0104432098249718	0	0	0	0	0	0	0	0	0	0.0104432098249718	0	0	0.150382221479594	0	0	0	0	0.0187977776849492	0	0	0	0	0	0.0877229625297632	0.0271523455449267	0.022975061614938	0	0	0	0	0	0	0	0.0250637035799323	0	0	0	0	0	0.0417728392998872	0	0	0	0	0	0	0	0	0	0	0	0	0	0.0689251848448139	0	0	0	0	0	0	0	0	0.139939011654622	0.0793683946697857	0.127407159864656	0	0.0125318517899662	0	0	0	0	0.0584819750198421	0	0	0	0	0	0.0710138268098083	0.0104432098249718	0	0	0	0	0	0	0.0710138268098083	0	0	0	0	0.0271523455449267	0.0668365428798195	0	0	0	0.100254814319729	0	0	0	0.0647479009148252	0.0584819750198421	0.00417728392998872	0	0	0	0	0	0	0	0	0	0	0.160825431304566	0	0	1.00254814319729	0	0	0	0	0	0	0	0	0	0	0	0.217218764359413	0	0	0	0	1.32837628973641	0	0.00208864196499436	0	0.0501274071598646	0	0	0	0	0	0	0	0.21095283846443	0	0	0.0605706169848365	0	0.0731024687748026	0	0.0543046910898534	0.0313296294749154	0	0	0	0	0	0	0	0	0	0.0167091357199549	0	0	0	0	0	0	0	0	0	0	0	0	0	0	0	0	0	0	0	0	0	0	0	0	0	0.137850369689628	0	18.6515727473996	0	0.0250637035799323	0	0	0	0.557667404653494	0	0	0	0	0	0	0	0	0	0.00626592589498308	0	0	0	0	0	0	0	0.0271523455449267	0	0	0	0	0	0	0	0	0	0	0	0	0	0	0	0	0	0.275700739379256	0	4.99603158026651	0	0	0	0.0146204937549605	0.0480387651948703	0	0	0.0334182714399098	0	0	0.0146204937549605	0.0417728392998872	0	0	0	0	0	0	0	0
SRR11426398	0	0	0	0	0	0	0	0	0	0	0	0	0	0	0	0	0	0	0	0	0	0	0	0	0	0.138888888888889	0	0	1.05555555555556	0	1.63888888888889	0.361111111111111	0	0	0	0.138888888888889	0	0	0	0	0.0555555555555556	0	0	0	0	0	0	0	0	0	0	0.0277777777777778	0	0	0.277777777777778	1.22222222222222	0	0	0	0	0	0	0	0	0.0555555555555556	0	0	0	0	0	0	0	0	0	0	0	0	0	0	0	0	0	0	0	0	0	0	0	0	0	0	0.222222222222222	0	0	0	0	0	0	0	0	0	0.555555555555556	0	0	0	0	0.0555555555555556	0.138888888888889	0.0555555555555556	0	0	0.444444444444444	0	0	0.166666666666667	0	0	0	0.138888888888889	0	0	0	0	0	0	0	0	0.25	0	1.69444444444444	0	0	0	0	0	0	0	0	0	0	0	0	0	0	0	0	0	0	0	0	0	0	0	0	0	0	0	0	0	0	0	2.44444444444444	0.0277777777777778	0.0277777777777778	0	0	0.0555555555555556	0	0	0	0	0	0	0	0	0	0	0	3.55555555555556	0	0	0	0	0	0	0	0	0	0	10.6111111111111	0	0	0	0	0	0	0	0	0	0.25	0.416666666666667	0	0	0	0	0	0	0	0.666666666666667	0	0.0555555555555556	0	0	0	0	0	0	0	0.0277777777777778	0	0	0	0	0.527777777777778	0	0	0	0.0555555555555556	0	0	0	0	0	0	0.0555555555555556	0	0	0	0	0	0	0	0	0	0	0	0.138888888888889	0	0	0	0	0	0	0	0	0	0	0	0	0	0	0	0	0	0	0	0.111111111111111	0.0555555555555556	0.111111111111111	0	0	0	0	0	0	0	0	0	0	0.305555555555556	0.805555555555556	0	0	0	0	0	0	0	0.0555555555555556	0	0	0	0	0	0	0	0	0	0	0	0	0	0	0	0.194444444444444	0	0	0	0	0	0	0	0	0	0	0	1	0	0	0	0	0	0.111111111111111	0	0	0.0833333333333333	0	0	0	0	0	0	0	0	0.527777777777778	0	0	0.0555555555555556	0	0	0	0	0	0	0	0.194444444444444	0	0.638888888888889	0	0	0	0	0	0	0	0	0	0	0	0.388888888888889	0	0.638888888888889	0	0	0	0	0	0	0	0	0	0	0	0	0	0.277777777777778	0	0	0	0	0	0	0	2.16666666666667	0	0	0	0	0.194444444444444	4.33333333333333	0	0	0	0	0	0	0	0	0	0	0	0	0	0.0833333333333333	0	0	0	0	0.333333333333333	0	0	0	0	0	0	0	0	0	0	0	0	0	0	0	0	0	0	0	0	0	0	0	0	0	0	0	0	0	0	0	0	0	0	0	0	0	0	0	0	0	0	0	0	1.86111111111111	0	0	0	0	0	0	0	0	0	0	0	0	0	0	0	0	0	0	0	0	0	0	0.138888888888889	0	0	0	0	0	0	0	0	0	0	0	0	0.0833333333333333	0.166666666666667	0	0	0.0277777777777778	0	0	0	0	0	0	0	0	0	0	0	0	1.08333333333333	0	0	0	0	0	0	0	0	0	0	0	0.222222222222222	0	0	0	0	0.583333333333333	0	0.444444444444444	0	0	0	0	0	0	0	0	0	0	0	0	0	0	0	0	1.25	0	0	0	0	0	0	0	0	0	0	1.19444444444444	0	0	0	0	0	0	0	0	0	0	0	0	0	0	0.111111111111111	0	0	0	0	0	0	0	0	0.0833333333333333	0	0.194444444444444	0	13.4722222222222	0	0	0	0.166666666666667	0	27.3888888888889	0	0	0	0	0	0	0	0	0	0	0	0	0	0	0	0	0	0	0	0	0	0	0	0	0	0	0	0	0	0	0	0	0	0	0	0	0	6.61111111111111	0.111111111111111	0	0	0.0833333333333333	2.77777777777778	0	0	1.5	0.0277777777777778	0	0	0	0	0	0	0.138888888888889	0	0	0	0
SRR11426400	0	0	0	0	0	0	0	0	0	0	0	0	0	0	0	0	0	0	0	0	0	0	0	0	0	0.0685920577617329	0	0	0.0072202166064982	0.0144404332129964	0.23826714801444	0	0.0216606498194946	0	0	0.0072202166064982	0	0	0	0	0	0	0.0072202166064982	0.104693140794224	0	0	0	0.0288808664259928	0	0	0	0	0	0	0.0685920577617329	0	0	0	0	0	0	0	0.0072202166064982	0	0.303249097472924	0	0	0	0	0	0	0.0108303249097473	0	0	0	0	0.0144404332129964	0	0	0	0	0	0	0	0	0	0	0	0	0	0	0.0072202166064982	0	0	0	0	0	0	0.209386281588448	0	0	0	0	0	0	0	0.0216606498194946	0.747292418772563	0	0	0.32129963898917	0.646209386281588	0	0	0.498194945848375	0.0288808664259928	0	0	6.26353790613718	0	0	0	0	0	0	0	0	0	0	0	0	0	0	0.0288808664259928	0	0	0	0.0072202166064982	0	0	0	0	0	0	0.162454873646209	0	0	0	0	0	0	0.0252707581227437	0.0108303249097473	0	0	0	0	0	0	0	0	0.0685920577617329	0	0.036101083032491	0	0.0288808664259928	0	0	0	0	0	0	0	0	0	0	0	0	5.02166064981949	0	0	0	0	0	0	0	0	0	0	36.7725631768953	0	0	0	0	0	0	0	0	0	0	0.140794223826715	0	0.0072202166064982	0	0	0	0	0	0.292418772563177	0	0	0	0	0	0.0252707581227437	0	0.0577617328519856	0	0	0	0	0	0	3.88447653429603	0.0577617328519856	0	0	0	0	0	0	0	0.0433212996389892	0	0	0.0072202166064982	0.0252707581227437	0	0	0	0	0.0252707581227437	0	0	0	0	0	0	0	0.194945848375451	0	0	0	0	0	0	0	0	0	0	0	0	0	0	0	0	0	0.350180505415162	1.33212996389892	0	0	0	0	0	0.0108303249097473	0	0	0	0	0.0144404332129964	1.14440433212996	0.0252707581227437	0	0	0	1.11191335740072	0	0	0.15884476534296	0	0	0.1985559566787	0	0.0252707581227437	0	0	0	0	0	0	0	0	0	0	0.0324909747292419	0	0	0	0.0180505415162455	0	0	0	0	0	0.0938628158844765	0	0.346570397111913	0	0	0	0	0	0	0	0	0.0216606498194946	0	0	0	0	0	0	0	0.953068592057762	0	0	0	0.0108303249097473	0	0	0	0	0	0	0	0.0577617328519856	0	0	0	0	0	0	0	0.0505415162454874	0	0	0	0	0	0.0144404332129964	0	0	0	0.0324909747292419	0	0	0	0.0469314079422383	0	0	0	0	0	0	0	0	0	0.0216606498194946	0	0	0	0.0324909747292419	0	0.036101083032491	0	0	0.0144404332129964	0	0	1.4115523465704	0	0	0	0	0	0	0	0	0	0	0	0	0	0	0	0	0	0	0.63898916967509	0	0	0	0	0	0	0	0	0	0	0	0	0	0	0	0	0	0	0	0	0	0	0	0	0	0	0	0	0	0.0252707581227437	0	0	0	0	0	0	0	0.0144404332129964	0	0	0	0	0	0	0.24187725631769	0	0	0.0144404332129964	0	0	0	0	0	0	0	0	0	0	0	0.11913357400722	0.0469314079422383	0	0	0	0	0	0	0	0	0	0	0	0.0433212996389892	0	0	0	0	0	0	0	0.0830324909747292	0.256317689530686	0	0.133574007220217	0	0	0	0	0	0	0	0	0	0	0.0288808664259928	0	0.0216606498194946	0	0	0	0	0	0	0	0	0	0	0	0	0.0072202166064982	0	0	0	0	0.332129963898917	0	0	0	0	0	0	0	0	0	0	0	0.0324909747292419	0	0.0433212996389892	0	0	0.740072202166065	0	0.137184115523466	0	0	0	0	0	0	0.0397111913357401	0	0	0	0.173285198555957	0	0	0	0	0	0	0	0	0	0	0.0216606498194946	0	0	0	0	0	0	0	0	0	0	0	0	0.0180505415162455	0	0.0216606498194946	0	15.0324909747292	0	0.1985559566787	0	0.0288808664259928	0	15.4476534296029	0	0	0	0	0	0	0.0180505415162455	0	0	0	0	0	0	0	0	0	0	0	0	0	0	0	0.0144404332129964	0	0	0	0.036101083032491	0	0	0	0	0	0	0	0	0.115523465703971	0	1.44404332129964	0	0	0.0144404332129964	0	0.267148014440433	0	0	0.0036101083032491	0	0	0	0.0072202166064982	0	0	0	0	0	0	0	0
SRR11426406	0	0	0	0	0	0	0	0	0	0	0	0.0401816209265882	0	0	0	0	0	0	0	0	0	0.0241089725559529	0	0	0	0.140635673243059	0.0241089725559529	0.0160726483706353	0.634869610640093	0	0.0642905934825411	0	0.0522361072045646	0	0	0	0	0	0	0	0.144653835335717	0	0	0.0160726483706353	0	0	0	0	0	0	0	0.257162373930164	0.0200908104632941	0	0.0763450797605175	0.0160726483706353	0.0160726483706353	0	0	0	0	0	0	0	0.466106802748423	0	0	0	0	0	0	0	0	0	0	0	0.0160726483706353	0	0.00803632418531764	0	0	0	0	0	0.0120544862779765	0.0120544862779765	0	0	0	0	0	0.128581186965082	0	0.0120544862779765	0	0	0	0	0	0	0	0.0361634588339294	0	0	0.10045405231647	0	0	0.108490376501788	0.180817294169647	0	0	0.289307670671435	0	0.0200908104632941	0.257162373930164	0	0	0	2.60376903604291	0	0.0281271346486117	0	0	0	0.0160726483706353	0	0	0	0	0	0	0	0	0	0.0200908104632941	0	0	0	0	0	0	0	0	0	0.00803632418531764	0	0	0	0	0	0	0	0	0	0	0	0	0.0200908104632941	0	0	0	0.0281271346486117	0	0	0.108490376501788	0.00401816209265882	0.108490376501788	0	0	0	0	0.0281271346486117	0.0120544862779765	0.00803632418531764	0	0	0	0	1.32197532848475	0	0	0	0	0	0.0241089725559529	0	0	0	0	72.547916582955	0.0160726483706353	0	0	0	0.0281271346486117	0	0.0200908104632941	0	0	0.184835456262306	0.200908104632941	0	0.088399566038494	0	0	0	0	0	0	0	0	0	0	0	0	0	0	0	0.00401816209265882	0	0	0	0	0.622815124362117	0.0160726483706353	0	0	0.0281271346486117	0	0	0.0120544862779765	0.0200908104632941	0.0562542692972234	0	0	0.0120544862779765	0	0	0	0.0361634588339294	0	0	0	0	0	0	0	0	0	0.0723269176678587	0	0	0	0.0723269176678587	0	0	0	0	0	0	0	0	0	0	0	0	0	0.0642905934825411	0.253144211837506	0	0	0.0241089725559529	0	0	0	0	0	0	0	0.00803632418531764	0.0200908104632941	0	0	0	0	0.0401816209265882	0	0	0.0482179451119058	0	0	0.0482179451119058	0	0	0	0.0160726483706353	0	0	0	0	0	0	0	0	0.0964358902238116	0	0	0	0.0321452967412705	0	0	0	0	0	0.00803632418531764	0	0.960340740145457	0	0	0	0	0	0.00803632418531764	0	0	0.0281271346486117	0	0	0	0	0	0	0	0	0	0	0	0.00803632418531764	0	0	0	0	0	0	0	0.0241089725559529	0	0.0241089725559529	0	0	0	0.00803632418531764	0	0	0	0	0.0482179451119058	0.0241089725559529	0	0	0	0.00401816209265882	0	0	0	0	0	0	0	0	0	0	0.148671997428376	0	0	0	0	0.0401816209265882	0	0.0120544862779765	0	0	0.0361634588339294	0.827741391087716	0	0	0.0160726483706353	0	0.0924177281311528	0.598706151806164	0	0	0.0281271346486117	0	0	0	0	0	0	0	0	0	0	0	0	0.00401816209265882	0	0	0.277253184393458	0	0	0	0.0241089725559529	0	0	0	0	0	0	0	0	0.0401816209265882	0	0	0.00401816209265882	0	0	0	0	0	0	0	0	0	0	0	0	0	0.0160726483706353	0	0	0	0	0	0.0642905934825411	0	0	0	0	0	0	0.0683087555751999	0	0.124563024872423	0	0.0241089725559529	0.0160726483706353	0	0	0	0	0	0	0	0	0	0.108490376501788	0.0120544862779765	0.0281271346486117	0.0241089725559529	0	0	0	0	0	0.00803632418531764	0.0160726483706353	0	0	0	0	0	0.0321452967412705	0	0	0	0.0281271346486117	0	0	0.0723269176678587	0.0642905934825411	0	0.0200908104632941	0.160726483706353	0	0	0.0401816209265882	0	0	0	0	0	0	0	0	0	0.212962590910917	0.0200908104632941	0	0	0.00803632418531764	0	0	0	0	0	0.0361634588339294	0	0.719251014585928	0	0	0	0	0.787559770161128	0	0.00803632418531764	0	0	0	0	0	0	0	0	0	0.0160726483706353	0	0	0	0	0	0	0.0241089725559529	0	0	0	0	0	0	0	0	0	0	0.0241089725559529	0.0401816209265882	0	0	0.0200908104632941	0	0	0	0	0	0	0	0.0160726483706353	0	0	0	0.0160726483706353	0	0	0	0	0.00803632418531764	0	0.0200908104632941	0	0	0.208944428818259	0	6.42504118616145	0	0.116526700687106	0	0.0361634588339294	0	0.735323662956564	0.0683087555751999	0	0	0	0	0	0	0.0281271346486117	0.0200908104632941	0	0	0	0	0	0	0	0	0	0	0	0	0	0	0	0	0	0.0160726483706353	0	0	0	0	0.0120544862779765	0	0	0	0.0562542692972234	0	3.60429139711496	0	0	0	0	0.108490376501788	0	0	0.00803632418531764	0	0	0	0.120544862779765	0	0	0	0.0160726483706353	0	0	0	0
SRR11426411	0	0	0	0	0	0	0	0	0	0	0	0	0.00447474009217965	0	0	0	0	0	0.00894948018435929	0	0	0.0119326402458124	0	0	0	0.00149158003072655	0.00596632012290619	0	0.00149158003072655	0	0.0253568605223513	0.00149158003072655	0.0119326402458124	0	0	0	0	0	0	0	0	0	0	0.00447474009217965	0	0	0	0	0	0	0	0	0	0.0134242202765389	0.00596632012290619	0	0	0	0	0	0	0.0119326402458124	0	0	0.0790537416285071	0	0	0	0	0	0	0	0	0.00745790015363274	0	0	0	0	0	0	0	0	0	0	0	0	0	0.00149158003072655	0	0.00447474009217965	0	0.0029831600614531	0	0	0	0	0	0	0.00745790015363274	0	0	0.0223737004608982	0	0	0.0193905403994451	0	0	0	0.0775621615977805	0	0.0283400205838044	3.0845875035425	0	0	1.41252628909804	0.0149158003072655	0	0	20.8865951702639	0	0	0	0	0	0	0	0	0	0	0	0	0	0	0.0253568605223513	0	0	0	0.00596632012290619	0	0	0.0313231806452575	0.0029831600614531	0	0	0	0	0	0	0	0	0	0	0.0178989603687186	0	0	0	0	0	0	0.0193905403994451	0	0.0253568605223513	0	0	0	0	0.0134242202765389	0	0.00596632012290619	0.00745790015363274	0.016407380337992	0	0	0	0	0	0	0.0119326402458124	1.02322390107841	0	0	0	0	0	0	0	0	0	0	29.5839983294304	0	0	0	0	0.016407380337992	0	0	0	0	0	0.076070581567054	0	0.301299166206763	0	0	0.0029831600614531	0	0	0.00149158003072655	0	0	0	0	0	0.0894948018435929	0	0	0	0	0	0	0	0	0.220753844547529	0	0	0	0.0149158003072655	0	0	0	0	0.0343063407067106	0	0	0	0	0	0	0	0	0	0	0	0.00596632012290619	0	0	0	0	0.016407380337992	0	0	0	0	0.00596632012290619	0	0	0	0	0	0	0	0	0	0	0	0	0	0.00596632012290619	0	0	0	0	0	0	0	0	0	0	0.0343063407067106	0.00894948018435929	0.0313231806452575	0	0	0	0.0238652804916248	0	0	0.0104410602150858	0	0	0	0	0	0.00894948018435929	0.0701042614441478	0	0	0	0	0	0	0	0	0.016407380337992	0	0	0	0	0	0	0	0	0	0	0	0.0730874215056009	0	0	0	0	0.00745790015363274	0	0.00596632012290619	0	0.25058544516206	0	0	0.00894948018435929	0	0	0	0	0.0149158003072655	0	0	0	0	0	0.00596632012290619	0	0	0	0.00596632012290619	0	0.00149158003072655	0	0	0	0	0	0	0	0	0	0	0.0119326402458124	0	0	0.00447474009217965	0	0.0029831600614531	0	0	0	0	0	0	0	0	0	0	0	0	0	0	0.0029831600614531	0.0119326402458124	0	0	0	0	0	0.0447474009217965	0	0	0.00745790015363274	0	0.00894948018435929	0.161090643318467	0	0	0	0	0	0	0	0	0	0	0	0.0029831600614531	0	0.0551884611368823	0	0	0	0	0	0	0	0	0	0	0	0	0	0	0	0	0	0	0	0	0	0	0	0	0	0	0.0119326402458124	0	0	0	0	0	0	0	0	0	0	0	0	0	0.0656295213519681	0	0.0104410602150858	0	0	0	0	0	0	0.137225362826842	0	0.0268484405530779	0	0.128275882642483	0	0	0	0	0	0	0	0	0	0	0	0	0	0	0	0.0208821204301717	0	0	0	0	0	0	0	0.0119326402458124	0	0	0	0	0.0566800411676089	0	0	0	0.0104410602150858	0.00596632012290619	0	0	0	0	0	0	0	0	0	0	0	0	0	0	0.475814029801769	0	0	0	0	0	0	0	0	0	0	0	0.0208821204301717	0	0	0	0	0.0328147606759841	0	0.0447474009217965	0	0.00745790015363274	0	0	0	0	0	0	0	0.0313231806452575	0	0.00745790015363274	0.00894948018435929	0	0.116343242396671	0	0.016407380337992	0	0	0.00596632012290619	0	0	0	0	0	0	0	0	0	0	0	0	0	0	0	0	0	0	0	0	0.016407380337992	0	0.00447474009217965	0	0	0	0	0	0	0	0	0	0	0.122309562519577	0	4.18089882612652	0	0.00447474009217965	0	0	0	0.266992825500052	0	0.0178989603687186	0	0	0	0	0	0	0	0	0.0134242202765389	0	0	0	0	0	0	0	0	0	0.0104410602150858	0.0149158003072655	0	0	0	0	0	0	0	0	0	0	0	0	0	0.0850200617514133	0	35.6248974538729	0	0	0	0	0.00447474009217965	0	0	0	0.113360082335218	0	0	0.0313231806452575	0	0	0	0	0	0	0	0
