run	[Bacteroides] pectinophilus group	[Clostridium] innocuum group	[Clostridium] methylpentosum group	[Eubacterium] brachy group	[Eubacterium] eligens group	[Eubacterium] ruminantium group	[Eubacterium] siraeum group	[Eubacterium] ventriosum group	[Eubacterium] xylanophilum group	[Ruminococcus] gauvreauii group	[Ruminococcus] gnavus group	Achromobacter	Acidaminococcus	Acidovorax	Acinetobacter	Actinoallomurus	Actinobacillus	Actinomyces	Actinotignum	Acutalibacter	Adhaeribacter	Aeribacillus	Aerococcus	Aestuariimicrobium	Afipia	Agathobacter	Agathobaculum	Agrobacterium	Agrococcus	Akkermansia	Alicycliphilus	Alistipes	Alkanindiges	Allisonella	Alloscardovia	Amaricoccus	Aminicella	Aminobacter	Anaerobutyricum	Anaerococcus	Anaerofustis	Anaeroglobus	Anaerostipes	Anaerotignum	Anaerotruncus	Antarcticibacterium	Aquabacterium	Aquamonas	Aquicella	Arcanobacterium	Arcobacter	Arhodomonas	Asaccharobacter	Atopobium	Atopococcus	Atopostipes	Bacillus	Bacteroides	Barnesiella	Bergeyella	Berryella	Bifidobacterium	Bilophila	Blastococcus	Blautia	Bosea	Brachybacterium	Bradyrhizobium	Brevibacterium	Brevundimonas	Brucella	Burkholderia-Caballeronia-Paraburkholderia	Butyribacter	Butyricimonas	CAG-196	CAG-352	CAG-56	Caldicoprobacter	Caldimonas	Campylobacter	Candidatus Soleaferrea	Caproiciproducens	Catenibacillus	Catenibacterium	Catenisphaera	Caulobacter	Cellulomonas	CHKCI002	Christensenellaceae R-7 group	Chryseobacterium	Citricoccus	Citrobacter	Cloacibacillus	Cloacibacterium	Clostridium	Cohnella	Colidextribacter	Collinsella	Comamonas	Conyzicola	Coprobacillus	Coprobacter	Coprococcus	Corynebacterium	Criibacterium	Crossiella	CSP1-2	Cupriavidus	Curvibacter	Cutibacterium	Dechloromonas	Defluviitaleaceae UCG-011	Deinococcus	Delftia	Dermabacter	Dermacoccus	Desulfovibrio	Dialister	Diaphorobacter	Dielma	Dorea	DTU089	Eggerthella	Eisenbergiella	Enhydrobacter	Enterobacillus	Enterobacter	Enterocloster	Enterococcus	Eremococcus	Erysipelotrichaceae UCG-003	Escherichia-Shigella	Eubacterium	Exiguobacterium	Extibacter	Ezakiella	Facklamia	Faecalibacterium	Faecalicoccus	Faecalimonas	Faecalitalea	Falsochrobactrum	Family XIII AD3011 group	Family XIII UCG-001	Fannyhessea	Fastidiosipila	Faucicola	Fenollaria	Ferrovibrio	Finegoldia	Flavimobilis	Flavobacterium	Flavonifractor	Fontibacillus	Fournierella	Frisingicoccus	Fusicatenibacter	Fusobacterium	Gabonibacter	Gardnerella	GCA-900066575	Gemella	Gemmiger	Geothermomicrobium	Gleimia	Glutamicibacter	Gordonia	Gordonibacter	Granulicatella	Haemophilus	Halomonas	Helcococcus	Herbaspirillum	Holdemanella	Holdemania	Howardella	Hoylesella	HT002	Hungatella	Hydrocarboniphaga	Hydrogenoanaerobacterium	Hydrogenophilus	Hymenobacter	Intestinibacter	Intestinimonas	Jeotgalicoccus	Jonquetella	Kallipyga	Kingella	Kinneretia	Klebsiella	Knoellia	Kocuria	Kytococcus	Lachnoanaerobaculum	Lachnoclostridium	Lachnospira	Lachnospiraceae FCS020 group	Lachnospiraceae FE2018 group	Lachnospiraceae NC2004 group	Lachnospiraceae ND3007 group	Lachnospiraceae NK4A136 group	Lachnospiraceae UCG-004	Lachnospiraceae UCG-010	Lacticaseibacillus	Lactobacillus	Lactococcus	Latilactobacillus	Lawsonella	Leifsonia	Leyella	Ligilactobacillus	Limnobacter	Limosilactobacillus	Listeria	Luteimonas	Lysinibacillus	Mailhella	Marinococcus	Marmoricola	Marvinbryantia	Massilia	Massiliomicrobiota	Massiliprevotella	Mediterraneibacter	Megamonas	Megasphaera	Merdibacter	Mesorhizobium	Metabacillus	Methanobrevibacter	Methanosphaera	Methylobacillus	Methylobacterium	Methylocella	Methylopila	Methylorubrum	Microbacterium	Microcella	Micrococcus	Microlunatus	Microvirga	Mitsuokella	MN 122.2a	Mobiluncus	Modestobacter	Mogibacterium	Monoglobus	Moraxella	Moryella	Mucilaginibacter	Murdochiella	Mycobacterium	Ndongobacter	Negativibacillus	Negativicoccus	Neomicrococcus	Nesterenkonia	Nitrobacter	Nitrosomonas	Nitrospirillum	NK4A214 group	Nocardioides	Nosocomiicoccus	Noviherbaspirillum	Novispirillum	Novosphingobium	Nubsella	Odoribacter	Oligella	Olsenella	Oribacterium	Oscillibacter	Oscillospira	Ottowia	Paenarthrobacter	Paeniglutamicibacter	Paludicola	Pandoraea	Pantoea	Parabacteroides	Paracoccus	Paraprevotella	Parasutterella	Parvimonas	Patulibacter	Pediococcus	Peptococcus	Peptoniphilus	Peptostreptococcus	Phascolarctobacterium	Phocaeicola	Phyllobacterium	Pleomorphomonas	Pleurocapsa PCC-7319	Porphyromonas	Prevotella	Prevotellaceae NK3B31 group	Prevotellaceae UCG-001	Propionibacterium	Propioniciclava	Proteus	Pseudarthrobacter	Pseudoalteromonas	Pseudoclavibacter	Pseudoglutamicibacter	Pseudokineococcus	Pseudomonas	Pseudoxanthomonas	Psychrobacillus	Psychrobacter	Pygmaiobacter	Ralstonia	Rarimicrobium	Rathayibacter	Rhizobacter	Rhizobium	Rhizorhapis	Rhodococcus	Rhodocytophaga	Rickettsia	Rikenellaceae RC9 gut group	Robinsoniella	Romboutsia	Roseburia	Roseomonas	Rothia	Rouxiella	Rubellimicrobium	Ruminiclostridium	Ruminococcus	Ruthenibacterium	S5-A14a	Saccharibacillus	Saccharopolyspora	Salmonella	Salsuginibacillus	Schaalia	Segatella	Sellimonas	Senegalimassilia	SH-PL14	Shinella	Shuttleworthia	Slackia	Sneathia	Solirubrobacter	Solobacterium	Sphingobium	Sphingomonas	Sphingopyxis	Sporocytophaga	Staphylococcus	Stenotrophomonas	Streptococcus	Streptomyces	Subdoligranulum	Succinatimonas	Succiniclasticum	Sutterella	Synergistes	Tepidimonas	Terrisporobacter	Tessaracoccus	Thermomonas	Thomasclavelia	Tissierella	Treponema	Trueperella	Tsuneonella	Tundrisphaera	Turicibacter	Tyzzerella	UCG-002	UCG-003	UCG-004	UCG-005	UCG-007	UCG-008	UCG-009	Unassigned	Varibaculum	Variovorax	Veillonella	Vibrio	Victivallis	Vulcaniibacterium	W5053	Weissella	Winkia	Youngiibacter	Zag_111
SRR31465417	0	0	0	0	0	0	0	0	0	0	0	0	0	0	0.957265934191539	0	0	0	0	0	0	0	0	0	0	0	0	0.100012858796131	0	0	0.121444185681016	0	0	0	0	0	0	0	0	0	0	0	0	0	0	0	0	0	0	0	0	1.307310939978	0	0	0	0.13001671643497	0	0	0	0	0	0	0	0.168593104827764	0	0	0	0	0	0	0	0	0	0	0	0	0	0	0.0528639396493835	0	0	0	0	0	0	0	0	0	0	0	0	0	0	5.20924118815276	0	0	0	0	0	0	0	0	0	0.528639396493835	0	0	0	0	0	9.20546927462102	0	0	0	0	0	0	0	0	10.5685016644997	0	0	0	0	0	12.3644468574531	0	0	0	0	0	0	4.06766584275121	0	0	0	0	0	0	0	0	0	0	0	0	0	0	0	0	0	0	0	0	0	0	0	0	0	0	0	0	0	0	0	0	0	0	0	0	0	0	0	0	0	0	0	0	0	0	0	0	0	2.06312240145162	0	0	0	0	0	0	0	0	0	0	1.26159077595691	0.0828677972882228	0	0	0	0	0	0	0	0	0	0	0	0	0	0	0.181451900958695	0	0	0.0614364704033376	0	0	0	0	0	0	0	0.0342901230158163	0	0	0	0	0	0	0	0	0	0	0	0	3.06896600991556	0	0	0	0	0	0	0.00142875512565901	0	1.78880141732508	0	0	0	0	0	0	0	0	0	0	0	0	0	0	0	0	0	0	0	0	0	0	0	0.804389135746024	1.00441485333829	0	0	0	0	0	0	0	0	0	0	0	0	0	0	12.1244159963424	0	0	0	0	0	0	0	0	0	0	0	0.348616250660799	0	0	0	0	0	0	2.77178494377849	0	0	0	0	0	0	0	0	0	0	0	0	0	0	0	0	0	1.09156891600349	0	0	0	0	0	0	0	0	0	0	0	0	0	0	0	0	0	0	0	0	0	0	0	0	0	0	0	0	0	0	2.94323555885757	0	0	18.1223300138589	0	1.25301824520295	0	0	0	0	0	0	1.49162035118801	0	0	3.03038962152277	0	0	0	0	0	0	0	0	0	0	0	0	0	0	0	1.68878855852895	0	0	0	0	0	0	0	0	0	0	0
SRR31465420	0	0	0	0	0	0	0	0	0	0	0	0	0	0	0.00160369491307974	0	0	0	0	0	0	0	0	0	0	0	0	0	0	0	0	0	0	0	0	0	0	0	0	0	0	0	0	0	0	0	0	0	0	0	0	0	0	0	0	0	0	0	0	0	0	0	0	0	0	0	0	0	0	0	0	0	0	0	0	0	0	0	0	0	0	0	0	0	0	0	0	0	0	0.705625761755084	0	0	0	0	0	0	0	0	0	0	0	0	0	0	0	0	0	0	0	3.56180640195009	0	0	0	0	0	0	0	0	0	0	0	0	0	0	0.00641477965231894	0	0	0	0	0	0	45.153633972673	0	0	0	0	0	0	0	0	0	0	0	0	0	0	0	0	0	0	0	0	0	0	0	0	0	0	0	0	0	0	0	0	0	0	0	0	0	0	0	0	0	0	0	0	0	0	0	0	0	0	0	0	0	0	0	0	0	0	0	0	0	0	0	0	0	0	0	0	0	0	0	0	0	0	0	0	0	0	0	0	0	0	0	0	0	0	0	0	0	0	0	0	0	0	0	0	0	0	0	0	0	0	0	0	0	0	0	0	0	0	0	0	0	0	0	0	0	0	0	0	0	0	0	0	0	0	0	0	0	0	0	0	0	0	0	0	0	0	0	0	0	0	0	0	0	0	0	0	0	4.40695362114311	0	0	0	0	0	0	0	0	0	0	0	0	0	0	0	0	0	0	0	0	0	0	0	0	0	0	0	0	0	0	0	0	0	0	0	0	0	0	0	0	0	0	0	9.72320225800244	0	0	0	0	0	0	0	0	0	0	0	0	0	0	0	0	0	0	0	0	0	0	0	0	0	0	0	0	11.9026236448778	0	0	0	0	0	0	0	0	0	0	0	0	0	0	0	0	0	0	0	0	0	0	0	0	0	24.538135865033	0	0	0	0	0	0	0	0	0	0	0
SRR31465418	0	0	0	0	0	0	0	0	0	0	0	0	0	0	0.0020049321330473	0	0	0	0	0	0	0	0	0	0	0	0	2.35379032419753	0	0	0	0	0	0	0	0	0	0	0	0	0	0	0	0	0	0	0	0	0	0	0	0	0	0	0	0	0	0	0	5.62383463319767	0	0	0	0	0	0	0	0	0	0	0	0	0	0	0	0	0	0	0	0	0	0	0	0	0	0	0	0	0	0.0601479639914189	0	0	0	0	0	0	0	0	0	0	0	0	0	0	0	0	0	0	0	0.00601479639914189	0	0	0	0	0	0	0	0	0	0	0	0	0	0	5.30104055977705	0	0	0	0	0	0	40.2971309421176	0	0	0	0	0	0	0	0	0	0	0	0	0	0	0	0	0	0	0	0	0	0	0	0	0	0	0	0	0	13.01401447561	0	0	0	0	0	0	0	0	0	0	0	0	0	0	0	0	0	0	0	0	0	0	0	0	0	0	0	0	0	0	0	0	0	0	0	0	0	0	0.00400986426609459	0	0	0	0	0	0	0	0	0	0	0	0	0	0	0	0	0	0	0	0	0	0	0	0	0	0	0	0	0	0	0	0	0	0	0	0	0	0	8.32046835214628	0	0	0	0	0	0	0	0	0	0	0	0	0	0	0	0	0	0	0	0	0	0	0	0	0	0	0	0	0	0	0	0	0	0	0	0	0	0	0	0	4.74567435892295	7.85131423301321	0	0	0	0	0	0	0	0	0	0	0	0	0	0	0	0	0	0	0	0	0	0	0	0	0	0	0	0	0	0	0	0	0	0	0	0	0	0	0	0	0	0	0	0	0	0	0	0	0	0	0	0	0	0	0	2.05906530063957	0	0	0	0	0	0	0	0	0	0	0	0	0	0	0.288710227158811	0	10.0527297150991	0	0	0	0	0.0020049321330473	0	0	0	0	0	0	0	0	0	0	0	0	0	0	0	0	0	0	0	0	0.0180443891974257	0	0	0	0	0	0	0	0	0	0	0
SRR31465422	0	0	0	0	0	0	0	0	0	0	0	0	0	0	0	0	0	0	0	0	0	0	0	0	0	0	0	0	0	0	0	0	0	0	0	0	0	0	0	0	0	0	0	0	0	0	0	0	0	0	0	0	0	0	0	0	0	0	0	0	0	0	0	0	0	0	0	0	0	0	0	7.57924309358523	0	0	0	0	0	0	0	0	0	0	0	0	0	0	0	0	0	0	0	0	0	0	0	0	0	0	0	0	0	0	0	0	0	0	0	0	0	0	0	0	0	0	0	0	0	0	0	0	0	0	0	0	29.0690336108793	0	0	0	0	0	0	55.2899981677897	0	0	0	0	0	0.00407157834734635	0	0	0	0	0	0	0	0	0	0	0	0	0	0	0	0	0	0	0	0	0	0	0	0	0	0	0	0	0	0	0	0	0	0	0	0	0	0	0	0	0	0	0	0	0	0	0	0	0	0	0	0	0	0	0	0	0	0	0	0	0	0	0	0	0	0	0	0	0	0	0	0	0	0	0	0	0	0	0	0	0	0	0	0	0	0	0	0	0	0	0	0	0	0	0	0	0	0	0	0	0	7.52427678589605	0	0	0	0	0	0	0	0	0	0	0	0	0	0	0	0	0	0	0	0	0	0	0	0	0	0	0	0	0	0	0	0	0	0	0	0	0	0	0	0	0	0.354227316219132	0	0	0	0	0	0	0	0	0	0	0	0	0	0	0	0	0	0	0	0	0	0	0	0	0	0	0	0	0.0488589401681562	0	0	0	0	0	0	0	0	0	0	0	0	0	0	0	0	0	0	0	0	0	0	0	0	0	0	0	0	0	0	0	0	0	0	0	0	0	0	0	0	0	0.0508947293418294	0	0	0	0	0	0	0	0	0	0	0	0	0	0	0	0	0	0	0	0	0	0	0	0	0	0	0	0.0793957777732538	0	0	0	0	0	0	0	0	0	0	0
SRR31465423	0	0	0	0	0	0	0	0	0	0	0	0	0	4.82377738053947	14.7941623756036	0	0	0	0	0	0	0	0	0	0	0	0	1.95032149622475	0	0	0	0	0	0	0	0	0	0	0	0	0	0	0	0	0	0	12.945225580961	0	0	0	0	0	0	0	0	0	0	0	0	0	0	0	0	0	0	1.58480296683653	0	5.54681038392786	0	0	0	0	0	0	0	0	0	0	0	0	0	0	0	0	0	0	0.237453643179211	0	0	0	0	0	0	0	0	0	0	0	0	0	0	0	0	0.416210880179291	0	0	0	0	3.02019689976255	1.26730876977669	0	0	0	0	0	0	0	0	0	0	0	0	0	0	4.69037645740509	0	0	0	0	0	0	7.13694938768976	0	0	0	0	0	0	0	0	0	0	0	0	0	0	0	0	0	0	0	0	0	0	0	0	0	0	0	0	0	0	0	0	0	0	0	0	0	0	0	0	0	0	0	0	0	0	0	0	0	0	0	0	0	0	0	0	0	0	0	0	0	0	0	0	0	0	0	0	0	0	0	0	0	0	0	0	0	0	0	0	0	0	0	0	0	0	0	0	0	0	0	0	0	0	0	0	0	0	0	0	0	0	0	0	0	0	0	0	0	0	0	0	0	0	0	0	0	0	0	0	0	0	0	0	0	0	0	0	1.08321549585123	0	0	0	0	0	1.52877457912009	0	0	0	0	0	0	0	0	0	0	0	0	0	0	0	0	0	0	0	0	0	0	0	0	0	0	0	0	0	0	0	0	0	0	3.73522584776287	0	0	0	0	0	0.0506923507910675	0	0	0	0	0	0	0	0	0	0	0	0	0	0	0	0	0	0	0	0	0	0	0	0	0	0	0	0	0	0	0	0	0	0	0	0	0	0	0	0	27.4245617779675	0.120060830820949	1.95298951468744	0	0.0213441477015021	0	4.60499986659908	0	0	0	0	0	0	0	0	0	0	0	0	0	0	0	0	0	0	0	0	0	0	0	0	0	1.06453936661242	0	0	0	0	0	0	0	0	0	0	0
SRR31465425	0	0	0	0	0	0	0	0	0	0	0	0	0	0	0	0	0	0	0	0	0	0	0	0	0	0	0	0	0	0	0	0	0	0	0	0	0	0	0	0	0	0	0	0	0	0	0	0	0	0	0	0	0	0	0	0	0	0	0	0	0	0	0	0	0	0	0	0	0	0	0	0	0	0	0	0	0	0	0	0	0	0	0	0	0	0	0	0	0	0	0	0	0	0	0	0	0	0	0	0	0	0	0	0	0	0	0	0	0	20.9590334824213	0	0	0	0	0	0	0	0	0	0	0	0	0	0	0	0	0	0	0	0	0	79.0017641084125	0	0	0	0	0	0	0	0	0	0	0	0	0	0	0	0	0	0	0	0	0	0	0	0	0	0	0	0	0	0	0	0	0	0	0	0	0	0	0	0	0	0	0	0	0	0	0	0	0	0	0	0	0	0	0	0	0	0	0	0	0	0	0	0	0	0	0	0	0	0	0	0	0	0	0	0	0	0	0	0	0	0	0	0	0	0	0	0	0	0	0	0	0	0	0	0	0	0	0	0	0	0	0	0	0	0	0	0	0	0	0	0	0	0	0	0	0	0	0	0	0	0	0	0	0	0	0	0	0.00178192768937437	0	0	0	0	0	0	0	0	0	0	0	0	0	0	0	0	0	0	0	0	0	0	0	0	0	0	0	0	0	0	0	0	0	0	0	0	0	0	0	0	0	0	0	0	0	0	0	0	0	0	0	0	0	0	0	0	0	0	0	0	0	0	0	0	0	0	0	0	0	0	0	0	0	0	0	0	0	0	0	0	0	0	0	0	0	0	0	0	0	0	0	0.0124734938256206	0	0	0	0	0	0	0	0	0	0	0	0	0	0	0	0	0	0	0	0	0	0	0	0	0	0	0	0.0249469876512411	0	0	0	0	0	0	0	0	0	0	0
SRR31465427	0	0	0	0	0	0	0	0	0	0	0	0	0	0	0	0	0	0	0	0	0	0	0	0	0	0	0	0	0	0	0	0	0	0	0	0	0	0	0	0	0	0	0	0	0	0	0	0	0	0	0	0	0	0	0	0	0	0	0	0	0	0	0	0	0	0	0	0	0	0	0	0	0	0	0	0	0	0	0	0	0	0	0	0	0	0	0	0	0	0	0	0	0	9.10424111658014	0	0	0	0	0	0	0	0	0	2.00761917605017	0	0	0	0	0	16.4756253792731	0	0	0	0	0	0	0	0	0	0	0	0	0	0	19.6025217449936	0	0	0	0	0	0	52.186298968377	0	0	0	0	0	0	0	0	0	0	0	0	0	0	0	0	0	0	0	0	0	0	0	0	0	0	0	0	0	0	0	0	0	0	0	0	0	0	0	0	0	0	0	0	0	0	0	0	0	0	0	0	0	0	0	0	0	0	0	0	0	0	0	0	0	0	0	0	0	0	0	0	0	0	0	0	0	0	0	0	0	0	0	0	0	0	0	0	0	0	0	0	0	0	0	0	0	0	0	0	0	0	0	0	0	0	0	0	0	0	0	0	0	0	0	0	0	0	0	0	0	0	0	0	0	0	0	0	0	0	0	0	0	0	0	0	0	0	0	0	0	0	0	0	0	0	0	0	0.00337131683635628	0	0	0	0	0	0	0	0	0	0	0	0	0	0	0	0	0	0	0	0	0	0	0	0	0	0	0.0168565841817814	0	0	0	0	0	0	0	0	0	0	0	0	0	0	0	0	0	0	0	0	0	0	0	0	0	0	0	0	0	0	0	0	0	0	0	0	0	0	0	0	0.00168565841817814	0	0	0	0.564695570089677	0	0	0	0	0	0	0	0	0	0	0	0	0	0	0	0	0	0	0	0	0	0	0	0	0	0	0	0.0370844851999191	0	0	0	0	0	0	0	0	0	0	0
SRR31465419	0	0	0	0	0	0	0	0	0	0	0	0	0	0	1.25954198473282	0	0	0	0	0	0	0	0	0	0	0	0	0	0	0	0	0	0	0	0	0	0	0	0	0	0	0	0	0	0	0	0	0	0	0	0	0	0	0	0	0	0	0	0	0	0	0	0	0	0	0	0	0	0	0	0	0	0	0	0	0	0	0	0	0	0	0	0	0	0	0	0	0	0	1.37404580152672	0	0	0	0	0	0	0	0	0	0	0	0	0	0	0	0	0	0	0	0.0267175572519084	0	0	0	0	0	0	0	0	0	0	0	0	0	0	0	0	0	0	0	0	0	8.86068702290076	0	0	0	0	0	0	0	0	0	0	0	0	0	0	0	0	0	0	0	0	0	0	0	0	0	0	0	0	0	0	0	0	0	0	0	0	0	0	0	0	0	0	0	0	0	0	0	1.93702290076336	0	0	0	0	0	0	0	0	0	0	0	0	0	0	0	0	0	0	0	0	0	0	0	0	0	0	0	0	0	0	0	0	0	0	0	0	0	0	0	0	0	0	0	0	0	0	0	0	0	0	0	0	0	5.68320610687023	0	0	32.2175572519084	0	0	1.20419847328244	0	0	0	0	0	0	0	0	0	0	0	0	0	0	0	0	0	0	0	0	0	0	0	0	0	0	0	2.72900763358779	0	0	0	0	0	0	0	0	0	0	0	0	0	0	0	0	0	0	0	0	0	0	0	0	0	0	0	0	0	0	0	0	0	0	0	0	0	0	0	0.00190839694656489	0	0	0	0	0	0	0	0	0	0	0	0	0	0	0	0	0	0	0	0	0	0	0	0	0	0	0	0	0	0	0	0	0	0	0	0	0	0	0	0	5.02862595419847	39.662213740458	0	0	0.00190839694656489	0	0	0	0	0	0	0	0	0	0	0	0	0	0	0	0	0	0	0	0	0	0	0	0	0	0	0	0.0133587786259542	0	0	0	0	0	0	0	0	0	0	0
SRR31465429	0	0	0	0	0	0	0	0	0	0	0	0	0	0	0	0	0	0	0	0	0	0	0	0	0	0	0	0	0	0	0	0	0	0	0	0	0	0	0	0	0	0	0	0	0	0	0	0	0	0	0	0	0	0	0	0	0	0	0	0	0	0	0	0	0.00202786283535782	0	0	0	0	0	0	0	0	0	0	0	0	0	0	0	0	0	0	0	0	0	0	0	0	0	0	0	0	0	0	0	0	0	0	0	0	0	0	0	0	0	0	0	0	0.101393141767891	0	0	0	0	0	0	0	0	0	0	0	0	0	0	0	0	0	0	0	0	0	69.3184353010362	0	0	0	0	0	0	0	0	0	0	0	0	0	0	0	0	0	0	0	0	0	0	0	0	0	0	0	0	0	0	0	0	0	0	0	0	0	0	0	0	0	0	0	0	0	0	0	0	0	0	0	0	0	0	0	0	0	0	0	0	0	0	0	0	0	0	0	0	0	0	0	0	0	0	0	0	0	0	0	0	0	0	0	0	0	0	0	0	0	0	0	0	0	0	0	0	0	0	0	0	0	0	0	0	0	0	0	7.23135887088597	0	0	0	0	0	0	0	0	0	0	0	0	0	0	0	0	0	0	0	0	0	0	0	0	0	0	0	0	0	0	0	0	0	0	0	0	0	0	0	0	0.00405572567071563	0	0	0	0	0	0	0	0	0	0	0	0	0	0	0	0	0	0	0	0	0	0	0	0	0	0	0.022306491188936	0	0	0	0	0	0	0	0	0	0	0	0	0	0	0	0	0	0	0	0	0	0	0	0	0	0	0	0	0	0	0	0	0	0	0	0	0	0	0	0	0	0	0	15.9227789832296	0.0608358850607345	0	0	0	0	0	0	0	0	0	0	0	0	0	0	0	0	0	0	0	0	0	0	0	0	0	0	0	7.33680773832458	0	0	0	0	0	0	0	0	0	0	0
SRR31465428	0	0	0	0	0	0	0	0	0	0	0	0	0	0	0.00500776203114828	0	0	0	0	0	0	0	0	0	0	0	0	0	0	0	0	0	0	0	0	0	0	0	0	0	0	0	0	0	0	0	0	0	0	0	0	0	0	0	0	0	0	0	0	0	0	0	0	1.48730532325104	0	0	0	0	0	0	0	0	0	0	0	0	0	0	0	0	0	0	0	0	0	0	0	0	0	0	0	0	0	0	0	0	0	0	0	0	0	0	0	0	0	0	0	12.621229572504	0	3.84763049393226	0	0	0	10.1073330328676	0	0	0	0	0	0	0	0	0	0	22.7919942577662	0	0	0	0.00166925401038276	0	0	14.1619510240873	0	0	0	0	0	0	0	0	0	0	0	0	0	0	0	0	0	0	0	0	0	0	0	0	0	0	0	0	0	0	0	0	0	0	0	0	0	0	0	0	0	0	0	0	0	0	0	0	0	0	0	0	0	0	0	0	0	0	0	0	0	0	0	0	0	0	0	0	0	0	0	0	0	0	0	0	0	0	0	0	0	0	13.1036439815047	0	0	0	0	0	0	0	0	0	0	0	0	0	0	0	0	0	0	0	0	0	0	0	0	0.168594655048659	0	0	0	0	0	0	0	0	0	0	0	0	0	0	0	0	8.24444555728045	0	0	0	0	0	0	0	0	0	0	0	0	0	0	0	0	0	0	0	0	0	0	0	0	11.3459195085716	0	0	0	0	0	0	0	0	0	0	0	0	0	0.00333850802076552	0	0	0	0	0	0	0	0	0	0	0	0	0	0	0	0	0	0	0	0	0	0	0	0	0	0	0	0	0	0	0	0	0	0	0	0	0	0	0	0	0	0	0	0	0	0	0	0	0	0	0	0	0	0	0	0	0.0684394144256932	0	0	0	0	0	0	0	0	0	0	0	0	0	0	0	0	0	0	0	0	0	0	0	0	0	0	0	2.04149765469812	0	0	0	0	0	0	0	0	0	0	0
SRR31465432	0	0	0	0	0	0	0	0	0	0	0	0	0	0	0	0	0	0	0	0	0	0	0	0	0	0	0	0	0	0	0	0	0	0	0	0	0	0	0	0	0	0	0	0	0	0	0	0	0	0	0	0	0	0	0	0	0	0	0	0	0	0	0	0	0	0	0	0	0	0	0	0	0	0	0	0	0	0	0	0	0	0	0	0	0	0	0	0	0	0	0	0	0	0	0	0	0	0	0	0	0	0	0	0	0	0	0	0	0	3.77032580856513	0	0	0	3.23723866817559	0	0	0	0	0	0	0	0	0	0	12.5245696587051	0	0	0	0	0	0	34.40198939782	0	0	0	0	0	0	0	0	0	0	0	0	0	0	0	0	0	0	0	0	0	0	0	0	0	0	0	0	0	0	0	0	0	0	0	0	0	0	0	0	0	0	0	0	0	0	0	0	0	0	0	0	0	0	0	0	0	0	0	0	0	0	0	0	0	0	0	0	0	0	0	0	0	0	0	0	1.48013580320448	0	0	0	0	0	0	0	0	0	0	0	0	0	0	0	0	0	0	0	0	0	0	0	0	0	0	0	0	0	0	0	0	0	0	0	0	0	0	0	0	0	0	0	0	0	0	0	0	0	0	0	0	0	0	0	0	0	0	0	0	0	0	0	0	0	0	0	0	0	0	0	0	0	0	0	0	0	0	0	0	0	0	0	0	0	0	0	0	0	0	0	0	0	0	0	0	0	0	0	0	0	0	0	0	0	0	0	0	0	0	0	0	0	0	0	0	0	0	0	0	0	0.00148907022455179	0	0	0	0	0	0	0	0	0	0	0	0	0	0	0	0	0	0.00148907022455179	0	0	0	39.2444457680624	0	5.33087140389541	0	0	0	0	0	0	0	0	0	0	0	0	0	0	0	0	0	0	0	0	0	0	0	0	0	0.00744535112275895	0	0	0	0	0	0	0	0	0	0	0
SRR31465436	0	0	0	0	0	0	0	0	0	0	0	0	0	0	0	0	0	0	0	0	0	0	0	0	0	0	0	0	0	0	0	0	0	0	0	0	0	0	0	0	0	0	0	0	0	0	0	0	0	0	0	0	0	0	0	0	0	0.00306809639958888	0	0	0	0	0	0	0	0	0	0	0	0	0	0	0	0	0	0	0	0	0	0	0	0	0	0	0	0	0	0	0	0	0	0	0	0	0	0	0	0	0	0	0	0	0	0	0	0	0	0	6.47828554773191	5.24184269869759	0	0	0	0	0	0	0	0	0	0	0	0	0	0	0	0	0	0	0	0	0	61.5905011735469	0	0	0	0	0	0	0	0	0	0	0	0	0	0	0	0	0	0	0	0	0	0	0	0	0	0	0	0	0	0	0.00306809639958888	0	0	0	0	0	0	0	0	0	0	0	0	0	0	0	0	0	0	0	0	0	0	0	0	0	0	0	0	0	0	0	0	0	0	0	0	0	0	0	0	0	0	0	0	0	0	0	0	0	0	0	0	0	0	0	0	0	0	0	0	0	0	0	0	0	0	0	0	0	0	0	0	0	0	0	0	1.1582063908448	0	0	0	0	0	0	0	0	0	0	0	0	0	0	0	0	0	0	0	0	0	0	0	0	0	0	0	0	0	0	0	0	0	0	0	0	0	0	0	0	0	0	0	0	0	0	0	0	0	0	0	0	0	0	0	0	0	0	0	0	0	0	0	0	0	0	0	0	0	0	0	0	0	0	0	0	0	0	0	0	0	0	0	0	0	0	0	0	0	0	0	0	0	0	0	0	0	0	0	0	0	0	0	0	0	0	0	0	0	0	0	0	0.0598278797919831	0	0	0	0	0	0	0	0	0	0	0	0	0	0	0	0	0	0	0	0	0	0	0	0	0	0	0	25.4652001165877	0	0	0	0	0	0	0	0	0	0	0
SRR31465434	0	0	0	0	0	0	0	0	0	0	0	0	0	0.00443980731236264	11.0728794370324	0	0	0	0	0	0	0	0	0	0	0	0	0	0	0	0	0	0	0	0	0	0	0	0	0	0	0	0	0	0	0	5.29891002730482	0	0	0	0	0	0	0	0	5.68739316713655	0	0	0	0	0	0	0	0	0	0	0	0	0	0	0	3.25881856727418	0	0	0	0	0	0	0	0	0	0	0	0	0	0	0	0	0	0	0	0	0	0	0	0	0	0	0	0	0	0	0	0.552756010389149	0	0	0	0	3.67838035829245	1.45625679845495	0	0	0	0	0	0	0	0	0	0	0	0	0	0	0	0	2.25986192199259	0	0	0	0	16.5582613714565	0	0	0	0	0	0	0	0	0	0	0	0	0	0	0	0	0	9.66324061535729	0	0	0	0	0	0	0	0	0	0	0	0	0	0	0	0	0	0	0	0	0	0	0	0	0	0	0	0	0	0	0	0	0	0	0	0	0	0	0	0	0	0	0	0	0	0	0	0	0	0	0	0	0	0	0	0	7.55655204564122	0	0	0	0	0	0	0	0	0	0	0	0	0	0	0	0	0	0	0	0	0	0	0	0	0	0	0	0	0	0	0	0	0.899060980753435	0	0	0	0	0	0	0	0	0	0	0	0	0	0	0	0	0	0	0	0	0	0	0	0	0	0	0	0	0	0	0	0	0	0	0	0	0	0	0	0	0	0	0	0	0	0	0	0	0	0	0	0	0	0	0	5.07025995071814	0	0	0	0	0	0	0	0	0	0	0	0.0399582658112638	0	0	0	0	0	0	0	0	0	0	0	0	0	0	0	0	0	0	0	0	0	0	0	0	0	0	0	0	0	0	0	0	0	0	0	0	0	0	0	0	17.5505583057695	0	0.257508824117033	0	0	0	0	0.2020112327125	0	0	0	0	0	0	0	0	0	0	0	0	0	0	0	0	0	0	0	0	0	0	0	0	8.93289231247364	0	0	0	0	0	0	0	0	0	0	0
SRR31465437	0	0	0	0	0	0	0	0	0	0	0	0	0	0	8.64418600267657	0	0	0	0	0	0	0	0	0	0	0	0	0	0	0	0	0	0	0	0	0	0	0	0	0	0	0	0	0	0	0	2.02062088854542	0	0	0	0	0	0	0	0	0	0	0	0	0	0	0	0	0	0	0	0	0	0	0	0	0	0	0	0	0	0	0	0	0	0	0	0	0	0	0	0	0	0	0	0	0	0	0	7.05332403445611	0	0	0	0	0	0	0	0	0	0	0	0	0	0	5.00819934782199	0	0	0	0	0	0	0	0	1.99423218291143	0	0	0	0	0	0	0	0	0	0	0	0	16.8001809511243	0	0	0	0	0	0	0	0	0	0	0	0	0	0	0	0	0	0	0	0	0	0	0	0	0	0	0	0	0	0	0	0	0	0	0	0	0	0	0	0	0	0	0	0	0	0	0	0	0	0	0	0	0	0	0	0	0	0	0	0	0	0	0	0	0	0	0	0	0	0	0	0	0	0	0	0	0	0	0	0	0	0	0	0	0	0	0	0	0	0	0	0	0	0	0	0	0	0	0	0	0	0	0	0	0	0	0	0	0	0	0	0	0	0	0	0	0	0	0	0	0	0	0	0	0	0	0	0	0	0	0	0	0	0	0	0	0	0	0	0	0	0	0	0	0	0	0	0	0	0	0	0	0	0	0	0	0	0	0	0	0	0	0	0	0	0	0	0	0	0	0	0	0	0	0	0.0452377810868377	0	2.27319849961359	2.53708555595348	0	0	0	0	0	0	0	0	0	0	0	0	0	0	0	0	0	0	0	0	0	0	0	0	0	0	0	0	0	0	0	0	0	0	0	0	0	15.4732060392438	0	3.84898120747177	0	0.0207339829981339	0	1.63421484176201	0	0	0	0	0	0	0	0	0	0	0	0	0	0	0	0	0	0	0	0	0	0	0	0	0	32.6465986843345	0	0	0	0	0	0	0	0	0	0	0
SRR31465442	0	0	0	0	0	0	0	0	0	0	0	0	0	0.0337425701456122	0.163521686090274	0	0	0	0	0	0	0	0	0	0	0	0	0	0	0	0	0	0	0	0	0	0	0	0	0.0389337347833987	0	0	0	0	0	0	0.150543774495808	0	0	0	0	0	0	0	0	0	0	0	0	0	0	0	0	0	0	0.0363381524645054	0	0.0285514055078257	0	0	0	0	0	0	0	0	0	0	0	0	0	0	0	0	0	0	0	0	0	0	0	0	0	0	0	0	0	0	0	0	0	0	0	0	0	0	0	0	0	6.57980117839437	0	0	0	0	0	0	0	0	0	0	0	0	0	0	0	0	0	0	0	0	0	0.121992368987982	0	0	0	0	0	0	0	0	0	0	0	0	0	0	0	0	0	0	0	0	0	0	0	0	0	0	0	0	0	0	0	0	0	0	0	0	0	0	0	0	0	0	0	0	0	0	0	0	0	0	0	0	0	0	0	0	0	0	0	0	0	0	0	0	0	0	0	0	0	0	0	0	0	0	0	0	0	0	0	0	0	0	0	0	0	0	0	0	0	0	0	0	0	0	0	0	0	0	0	0	0	0	0	0	0.00259558231889324	0	0	0	0	0	0	0	0	0	0	0	0	0	0	0	0	0	0	0	0	0	0	0	0	0	0	0	0	0	0	0	0	0	0	0	0	0	0	0	0	0	0	0	0	0	0	0	0	0	0	0	0	0	0	0	0	0	0	0	0	0	0	0	0	0	0	0	0	0	0	0	0	0	0	0	0	0	0	0	0	0	0	0	0	0	0	0	0	0	0	0	0	0	0	0	0	0	0	0	0	0	0	0	0	0	0	0	0	0	0	0	0.158330521452488	0	0.0700807226101176	0	92.3482233239027	0	0	0	0	0	0	0	0	0	0	0	0	0	0	0	0	0	0	0	0	0	0	0	0	0	0	0	0.267344978846004	0	0	0	0	0	0	0	0	0	0	0
SRR31465439	0	0	0	0	0	0	0	0	0	0	0	0	0	0	0.017688679245283	0	0	0	0	0	0	0	0	0	0	0.00294811320754717	0	0	0	0	0	0	0	0	0	0	0	0	0	0	0	0	0	0	0	0	0	0	0	0	0	0	0	0	0	0	0	0.0501179245283019	0.0235849056603774	0	0	0	0	0	0	0.00589622641509434	0	0	0	0	0	0	0	0	0	0	0	0	0	0	0	0	0	0	0	0	0	0	0	0	0	0	0	0	0	0	0	0	0	0	0	0	0	0	0	0	0	0	0	99.6992924528302	0	0	0	0	0	0	0	0	0	0	0	0	0	0	0	0	0	0	0	0	0	0.0560141509433962	0	0	0	0	0	0	0	0	0	0	0	0	0	0	0	0	0	0	0	0	0	0	0	0	0	0	0	0	0	0	0	0	0	0	0	0	0	0	0	0	0	0	0	0	0	0	0	0	0	0	0	0	0	0	0	0	0	0	0	0	0	0	0	0	0	0	0	0	0	0	0	0	0	0	0	0	0	0	0	0	0	0	0	0	0	0	0	0	0	0	0	0	0	0	0	0	0	0	0	0	0	0	0	0	0	0	0	0	0	0	0	0	0	0	0	0	0	0	0	0	0	0	0	0	0	0	0	0	0	0	0	0	0	0	0	0	0	0	0	0	0	0	0	0	0	0	0	0	0.0117924528301887	0	0	0	0	0	0	0	0	0	0.0324292452830189	0	0	0	0	0	0	0	0	0	0	0	0	0	0	0	0	0	0	0	0	0	0	0	0	0	0	0	0	0	0	0	0	0	0	0	0	0	0	0	0	0	0	0	0	0	0	0	0	0	0	0	0	0	0	0	0	0	0.0678066037735849	0	0	0	0.017688679245283	0	0	0	0	0	0	0	0	0	0	0	0	0	0	0	0	0	0	0	0	0	0	0	0	0	0	0	0.0147405660377358	0	0	0	0	0	0	0	0	0	0	0
SRR31465453	0	0	0	0	0	0	0	0	0	0	0	0	0	0	11.5071206967443	0	0	0	0	0	0	0	0	0	0	0	0	0	0	0	0	0	0	0	0	0	0	0	0	0	0	0	0	0	0	0	3.11366949500991	0	0	0	0	0	0	0	0	0	0	0	0	0	0	0	0	0	0	0	0	0	0	0	0	2.46514409598923	0	0	0	0	0	0	0	0	0	0	0	0	0	0	0	0	0	0	0	0	0	0	0	0	0	0	0	0	0	0	0	0	0	0	0	0	1.80353605203155	2.60157739318955	0	0	0	0	0	0	0	0	0	0	0	0	0	0	6.23668373640339	0	0	0	0	0	0	14.7048929092064	0	0	0	0	0	0	0	0	0	0	0	0	0	0	0	0	0	0	0	0	0	0	0	0	0	0	0	0	0	0	0	0	0	0	0	0	0	0	0	0	0	0	0	0	0	0	0	0	0	0	0	0	0	0	0	0	0	0.00373789855343326	0	0	0	0	0	0	0	0	0	0	0	0	0	0	0	8.13553620154749	0	0	0	0	0	0	0	0	0	0	0	0	0	0.140171195753747	0	0	0	0	0	0	0	0	0	0	0	0	0	0	0	0	0.631704855530221	0	0	0	0	0	0	0	0	0	0	0	0	0	0	0	0	0	0	0	0	0	0	0	0	0	0	0	2.04089261017456	0	0	0	0	0	0	0	0	0	0	0	0	0	0	0	0	0	0	0	0	0	0	0	0	0	0	0	0	0	0	0	0	0	0	0	0	0	0	0	0	0	0	0.0280342391507495	0	0	0	0	0	0	0	0	0	0	0	0	0	0	0	0	0	0	0	0	0	0	0	0	0	0	0	0	0	0	0	0	0	0	0	0	0	0	0	0	24.5673382424401	0	5.66852315628154	0	15.6954360258663	0	0	0	0	0	0	0	0	0	0	0	0	0	0	0	0	0	0	0	0	0	0	0	0	0	0	0	0.656001196127537	0	0	0	0	0	0	0	0	0	0	0
SRR31465454	0	0	0	0	0	0	0	0	0	0	0	0	0	0	9.97991713556838	0	0	0	0	0	0	0	0	0	0	0	0	0	0	0	0	0	0	0	0	0	0	0	0	0	0	0	0	0	0	0	18.1632320746865	0	0	0	0	0	0	0	0	0	0	0	0	0	0	0	0	0	0	1.69890177489099	0	1.21944600242442	0	0	0	0	0	0	0	0	0	0	0	0	0	0	0	0	0	0	0	0	0	0	0	0	0	0	0	0	0	0	0	0	0	0	0	0.508404045521159	0	0	0	0	0	0.378136816775524	0	0	0	0	0	0	0	0	0	0	0	0	0	0	0	0	0	0	0	0	0	12.0768576649599	0	0	0	0	0	0	0	0	0	0	0	0	0	0	0	0	0	0	0	0	0	0	0	0	0	0	0	0	0	0	0	0	0	0	0	0	0	0	0	0	0	0	0	0	0	0	0	0	0	0	0	0	0	0	0	0	0	0	0	0	0	0	0	0	0	0	0	0	0	0	0	0	0	0	0	0	0	0	0	0	0	0	0	0	0	0	0	0	0	0	0	0	0	0	0	0	0	0	0	0	0	0	0	0	0	0	0	1.24477574134718	0	0	0	0	0	0	0	0	0	0	0	0	0	0	0	0	0	0	1.17602359284254	0	0	0	0	0	0	0	0	0	0	0	0	0	0	0	0	0	0	0	0	0	0	0	0	0	0	0	0	0	6.24197137739502	0	0	0	0	0	0	0	0	0	0	0	0	0	0	0	0	0	0	0.0108556023954696	0	0	0	0	0	0	0	0	0	0	0	0	0	0	0	0	0	0	0	0	0	0	0	0	0	0	0	0	0	0	0	0	0	0	0	0	0	0	0	0	30.6146080222902	0	4.68962023484286	0	11.9954406469939	0	0	0	0	0	0	0	0	0	0	0	0	0	0	0	0	0	0	0	0	0	0	0	0	0	0	0	0.0018092670659116	0	0	0	0	0	0	0	0	0	0	0
SRR31465441	0	0	0	0	0	0	0	0	0	0	0	0	0	0	17.7406951707167	0	0	0	0	0	0	0	0	0	0	0	0	0	0	0	0	0	0	0	0	0	0	0	0	0	0	0	0	0	0	0	0	0	0	0	0	0	0	0	0	0	0	0	0	0	0	0	0	0	0	0	0	0	0	0	0	0	0	0	0	0	0	0	0	0	0	0	0	0	0	0	0	0	0	0	0	0	0	0	0	0	0	0	0	0	0	0	0	0	0	0	0	0	0	1.76612324413001	0	0	0	0	0	0	0	0	0	0	0	0	0	0	0	0	0	0	0	0	0	0	0	0	0	0	0	0	0	0	0	0	0	0	0	0	0	0	0	0	0	0	0	0	0	0	0	0	0	0	0	0	0	0	0	0	0	0	0	0	0	0	0	0	0	0	0	0	0	0	0	0	0	0	0	0	0	0	0	0	0	0	0	0	0	0	0	0	0	0	0	0	0	0	0	0	0	0	0	0	0	0	0	0	0	0	0	0	0	0	0	0	0	0	0	0	0	0	0	0	0	0	0	0	0	0	0	0	0	1.37649953860351	0	0	0	0	0	0	0	0	0	0	0	0	23.5030247103455	0	0	0	0	0	0	0	0	0	0	0	0	0	0	0	0	0	0	0	0	0	0	0	0	0	0	0	0	0	0	0	0	0	0	0	0	0	0	0	0	0	0	0	0	0	0	0	0	0	0	0	0	0	0	0.00768994155644417	0	0	0	0	0	0	0	0	0	0	0	0	0	0	0	0	0	0	0	0	0	0	0	0	0	0	0	0	0	0	0	0	0	0	0	0	0	0	0	0	25.1332923203117	0	0	0	0.0666461601558495	0	11.0017430534195	0	0	0	0	0	0	0	0	0	0	0	0	0	0	0	0	0	0	0	0	0	0	0	0	0	19.4042858607608	0	0	0	0	0	0	0	0	0	0	0
SRR31465455	0	0	0	0	0	0	0	0	0	0	0	0	0	0	18.1636419563211	0	0	0	0	0	0	0	0	0	0	0	0	0	0	0	0	0	0	0	0	0	0	0	0	0	0	0	0	0	0	0	3.71231928637342	0	0	0	0	0	0	0	0	0	0	0	0	0	0	0	0	0	0	1.07082436173485	0	2.56459550907413	0	0	0	0	0	0	0	0	0	0	0	5.38295908951092	0	0	0	0	0	0	0	0	0	0	0	0	0	0.00192248538911104	0	0	0	0	0	0	0	0	0	0	0	0	0	0	3.37011688711166	5.42525376807136	0	0	1.31305752076284	0	0	0	0	0	0	0	0	0	0	0	2.85873577360812	0	0	0	0	0	0	6.18271301138111	0	0	0	0	0	0	0	0	0	0	0	0	0	0	0	0	0	0	0	0	0	0	0	0	0	0	0	0	0	0	0	0	0	0	0	0	0	0	0	0	0	0	0	0	0	0	0	0	0	0	0	0	0	0	0	0	0	0	0	0	0	0	0	0	0	0	0	0	0	0	0	0	0	0	0	0	0	0	0	0	0	0	0	0	0	0	0	0	0	0	0	0	0	0	0	0	0	0	0	0	0	0	0	0	2.71070439864657	0	0	0	0	0	0	0	0	0.25761304214088	0	0	0	0	0	0	0	0	0	0	0	0	0.00384497077822209	0	0	0	0	0	0	0	0	0	0	0	0	0	0	0	0	0	0	0	0	0	0	0	0	0	0	0	0	0	0	0	0	0	0	0	0	0	0	0	0	0	0	0	0	0	0	0	0	0.0711319593971086	0	0	0	0	0	0	0	0	0	0	0	0	0	0	0	0	0	0	0	0	0.209550907413104	0	0	0	0	0	0	0	0	0	0	0	0	0	0	0	0	0	0	0	35.1314980006152	0	5.42909873884958	0	0.0249923100584436	0	0	0	0	0	0	0	0	0	0	0	0	0	0	2.08397416179637	0	0	0	0	0	0	0	0	0	0	0	0	4.03145186096586	0	0	0	0	0	0	0	0	0	0	0
SRR31465443	0	0	0	0	0	0	0	0	0	0	0	0	0	0	15.5552288336729	0	0	0	0	0	0	0	0	1.52695805591145	0	0	0	0	0	0	0	0	0	0	0	0	0	0	0	0	0	0	0	0	0	0	14.8915166663166	0	0	0	0	0	0	0	0	0	0	0	0	0	0	0	0	0	0	0	0	0	0	0	0	0	0	0	0	0	0	0	0	0	0	0	0	0	0	0	0	0	0	0	0	0	0	0	0	0	0	0	0	0	0	0	0	0	0	0	0	0	1.90082123878936	0.445275251517506	0	0	0	0	0	0	0	0	0	0	0	0	0	0	7.71250341307681	0	0	0	0	0	0	19.4765915439709	0	0	0	0	0	0	0	0	0	0	0	0	0	0	0	0	0	0	0	0	0	0	0	0	0	0	0	0	0	0	0	0	0	0	0	0	0	0	0	0	0	0	0	0	0	0	0	0	0	0	0	0	0	0	0	0	0	0	0	0	0	0	0	0	0	0	0	0	0	0	0	0	0	0	0	0	0	0	0	0	0	0	0	0	0	0	0	0.0273046144798471	0	0	0	0	0	0	0	0	0	0	0	0	0	0	0	0	0	0	0	4.52836529373464	0	0	0	0	0	0	0	0	0	0	0	0	0	0	0	0	0	0	0	0	0	0	0	0	0	0	0	0	0	0	0	0	0	0	0	0	0	0	0	0	0	0	0	0	0	0	0	0	0	0	0	0	1.94912940286908	0	0	0	0	0	0	0	0	0	1.40933817815211	0	0	0	0	0.0294049694398353	0	0	0	0	0	0	0	0	0	0	0	0	0	0	0	0	0	0	0	2.63594547478524	0	0	0	0	0	0	0	0	0	0	0	0	0	0	0	0	0	0	0	0	22.7048371174729	0	5.19207746109092	0	0	0	0	0	0	0	0	0	0	0	0	0	0	0	0	0	0	0	0	0	0	0	0	0	0	0	0	0	0.0147024847199177	0	0	0	0	0	0	0	0	0	0	0
SRR31465461	0	0	0	0	0	0	0	0	0	0	0	0	0	5.85474016936758	12.9219446606751	0	0	0	0	0	0	0	0	0	0	0	0	0	0	0	0	0	0	0	0	0	0	0	0	0	0	0	0	0	0	0	7.05541009128866	0	0	0	0	0	0	0	0	0	0	0	0	0	0	0	0	0	0	1.96966480315146	0	3.3566862453707	0	0	0	0	0	0	0	0	0	0	0	0	0	0	0	0	0	0	0	0	0	1.37050928219281	0	0	0	1.47194112235511	0	0	0	0	0	0	0	0	0	5.07395088811832	0	0	0	0	4.55263840728422	6.17554784988088	0	0	0	0	0	0	0	0	0	0	0	0	0	0	0	0	0	0	0	0	0	9.6666902554667	0	0	0	0	0	0	0	0	0	0	0	0	0	0	0	0	0	0	0	0	0	0	0	0	0	0	0	0	0	0	0	0	0	0	0	0	0	0	0	0	0	0	0	0	0	0	0	0	0	0	0	0	0	0	0	0	0	0	0	0	0	0	0	0	0	0	0	0	0	0	0	0	0	0	0	0	0	0	0	0	0	0	0	0	0	0	0	0	0	0	0	0	3.73646592597835	0	0	0	0	0	0	0	0	0	0	0	3.99594272639351	0	0	0	0	0	0	0	0	0	0	0	0	0	0	0	0	0	0	0	0	0	0	0	0	0	0	0	0	0	0	0	0	0	0	0	0	0	0	0	0	0	0	0	0	0	0	0	0	0	0	0	0.00235888000377421	0	0	0	0	0	0	0	0	0	0	0	0	0	0	0	0	0	0	0.0188710400301937	0	0	0	0	0	0	0	0	0	0	0	0	0	0	0	0	0	0	0	0	0	0	0	0	0	0	0	0	0	0	0	0	0	0	0	0	0	0	0	0	27.8041186044866	0	4.96308352794093	0	0	0	0	0	0	0	0	0	0	0	0	0	0	0	0	0	0	0	0	0	0	0	0	0	0	0	0	0	0.00943552001509683	0	0	0	0	0	0	0	0	0	0	0
SRR31465446	0	0	0	0	0	0	0	0	0	0	0	0	0	0	34.9616586197103	0.975101770330399	0	0	0	0	0	0	0	0	0	0	0	9.52144277193979	0	0	0	0	0	0	0	0	0	0	0	0	0	0	0	0	0	0	0	0	0	0	0	0	0	0	0	0	0	0	0	0	0	0	0	0	0	0	0	2.10640916406324	0	0	0	0	0	0	0	0	0	0	0	0	0	0	0	0	0	0	0	0	0	0	0	0	0	0	0	0	0	0	0	0	0	0	0	0	0	0	0	0	0	3.46019123355107	0	0	0	0	0	0	0	0	0	0	0	0	0	0	0	0	0	0	0	0	0	9.61847959859888	0	0	0	0	0	0	0	0	0	0	0	0	0	0	0	0	0	0	0	0	0	0	0	0	0	0	0	0	0	0	0	0	0	0	0	0	0	0	0	0	0	0	0	0	0	0	0	0	0	0	0	0	0	0	0	0	0	0	0	0	0	0	0	0	0	0	0	0	0	0	0	0	0	0	0	0	0	0	0	0	0	0	0	0	0	0	0	0	0	0	0	0	0	0	0	0	0	0	0	0	0	0	0	0	0	0	0	0	0	0	0	0	0	0	0	0	0	0	0	0	0	0	0	0	0	0	0	0	0	0	0	0	0	0	0	0	0	0	0	0	0	0	0	0	0	0	0	0	0	0	0	0	0	0	0	0	0	0	0	0	0	0	0	0	0	0	0	0	0	0	0	0	0	0	0	0.125437849095901	0	0	0	0	0	0	0	0	0	0	0.60115497491243	0	0	0	0	0	0	0	0	0	0	0	0	0	0	0	0	0	0	0	0	0	0	0	0	0	0	0	0	0	20.8676512354445	0	0	0	6.78784436239705	0	0	0	0	0	0	0	0	0	0	0	0	0	0	0	0	0	0	0	0	0	0	0	0	0	0	0	10.9746284199565	0	0	0	0	0	0	0	0	0	0	0
SRR31465462	0	0	0	1.42509942554132	2.70842539401974	0	0	0	0	0	0	0	0	0	4.25688613934306	0	0	0	0	0	0	0	0	0	0	0	0	0	0	0	0	0	0	0	0	0	0	0	0	0	0	0	0	0	0	0	3.66033289144204	0	0	0	0	0	0	0	0	0	0	0.473191928119016	0	0	0	0	0	0	0	0	0	4.54043305346885	0	0	0	0.74753277360436	0	0	0	0	0	0	0	0	0	0	0	0	0	0	0	0	0	0	0	0	0	0	0	0	0	0	0	0	0	0	0	2.69369568419502	0	0	0	0	0	4.82029754013846	0	0	0	0	0	0	0	0	0	0	0	0	0	0	4.69325379290028	0	0	0	0	0	0	11.7174841655619	0	0	0	0	0	3.3325968478421	0	0	0	0	0	0	0	0	0	0	0	0	0	0	0	0	0	0	0	0	0	0	0	0	0	0	0	0	0	0	0	0	0	0	0	0	0	0	0	0	0	0	0	0	0	0	0	0	0	0	0	0	0	0	0	0	0	0	0	0	0	0	0	0	0	0	0	0.78803947562233	0	0	0	0	0	0	0	0	0	0	0	0	0	0	0	0	0	0	0	0	0	0	0	0	0	0	0	0	0	0	0	0	0	0	0	0	0	0	0	0	0	0	0	0	0	0	0	0	0	0	0	0	0	0	0	0	0	0	0	0	0	0	0	0	0	0	0	0	0	0	0	0	0	0	0	0	0	0	0	0	0	0	0	0	0	0	0	0	0	0	0	1.49138311975254	0	0	0	0	0	0	0	0	0	0.00736485491235823	0	0	0	0	0	0	0	0	0	0	0	0	0	0	0	0	0	0	0	0	0.252246280748269	0	0	0	0	0	0	0	0	0	0	0	0	0	0	0	0	0	0	0	10.0640742377375	0	3.49646486964207	0	31.5547208719988	0	0	0	0	0	0	0	0	0	0	0	0	0	0	0	0	0	0	0	0	3.92178524083076	0	0	0	0	0	0	3.35469141257917	0	0	0	0	0	0	0	0	0	0	0
SRR31465463	0	0	0	0	0	0	0	0	0	0	0	0	0	3.42485393741711	16.3016595576902	0	2.09684934943905	0	0	0	0	0	0	0	1.31904369332234	0	0	0	0	0	0	0	0	0	0	0	0	0	0	0	0	0	0	0	0	0	6.92318721101115	0	0	0	0	0	0	0	0	0	0	0	0	0	0	0	0	0.0842324097637908	0	0	0	1.64880461665293	0	0	0	0	0	0	0	0	0	0	0	0	0	0	0	0	0	0	0	0	0	0	0	0	0	0	0	0	0	0	0	0	0	0	0	0	0	0	0	0.480303953546722	2.31011864224524	1.43911968170902	0	0	0	0	0	0	0	0	0	0	0	0	0	0	5.43747087709237	0	0	0	0	0	0	5.45180830854152	0	0	0	0	0	0	0	0	0	0	0	0	0	0	0	2.85135667945088	0	0.00179217893114449	0	0	0	0	0	0	0	0	0	0	0	0	0	0	0	0	0	0	0	0.878167676260798	0	0	0	0	0	0	0	0	0	0	0	0	0	0	0	0	0	0	0	0	0	0	0	0	0	0	0	0	0	0	0	0	0	0	0	0	0	0	0	0	0	0	0	0	0	0	0	0	0	0	0	0	0	0	0	0	0	0	0	0	0	0	0	0	0	0	0	0	0	0	0.322592207606007	0	0	0	0	0	0	0	0	0	0	0	0	0	0	0	0	0	0	0	0	0	0	0	0	0	0	0	0	0	0	0	0	0	0	0	0	0	1.62192193268576	0	0	0.756299508942973	0	0	0	0	0	0	0	0	0	0	0	0	0	0	0	0	0	0	0	2.39255887307789	0	0	0	0	0	0.0770636940392129	0	0	0	0	0	0	0	0	0	0	0	0	0	0	0	0	0	0	0	0	0	0	0	0	0	0	0	1.16312412631277	0	0.00896089465572243	0	0	0	0	0	0	0	0	0	0	25.303774328829	0	2.52518011398258	0	6.91601849528657	0	3.20800028674863	0	0	0	0	0	0	0.763468224667551	0	0	0	0	0	0	0	0	0	0	0	0.00179217893114449	0	0	0	0	0	0	4.2904763611599	0	0	0	0	0	0	0	0	0	0	0
SRR31465465	0	0	0	0	0	0	0	0	0	0	0	0	0	0	0.293058962189023	0	0	0	0	0	0	0	0	0	0	0.0987481285636925	0	0	0	0	0	0	0	0	0	0	0	0	0	0	0	0	0	0	0	0	0.261204727168477	0	0	0	0	0	0	0	0	0	0	0	0	0	0	0	0	0	0	0	0	0	0	0	0	0	0	0	0	0	0	0	0	0	0	0	0	0	0	0	0	0	0	0	0	0	0	0	0	0	0	0	0	0	0	0	0	0	0	0	0	0	0.114675246073966	98.076004204759	0	0	0	0	0	0	0	0	0	0	0	0	0	0	0.0923772815595833	0	0	0	0	0	0	0.203867104131494	0	0	0	0	0	0	0	0	0	0	0	0	0	0	0	0	0	0	0	0.047781352530819	0	0	0	0	0	0	0	0	0	0	0	0	0	0	0	0	0	0	0	0	0.0573376230369828	0	0	0	0	0	0	0	0	0	0	0	0	0	0	0	0	0	0	0	0	0	0	0	0	0	0	0	0	0	0	0	0	0	0	0	0	0	0	0	0	0	0	0	0	0	0	0	0	0	0	0	0	0	0	0	0	0	0	0	0	0	0	0	0	0	0	0	0	0	0	0	0	0	0	0	0	0	0	0	0	0	0	0	0	0	0	0	0	0	0	0	0	0	0	0	0	0	0	0	0	0	0	0	0	0	0	0	0	0	0	0	0	0	0	0.0541521995349282	0.0063708470041092	0	0.11786066957602	0	0	0	0	0	0	0	0	0	0	0	0	0	0	0	0	0	0	0	0	0	0	0	0	0	0	0	0	0	0	0	0	0	0	0	0	0	0	0	0	0	0	0	0	0	0	0	0	0	0	0	0	0	0	0	0	0	0.261204727168477	0.031854235020546	0	0	0.0828210110534195	0	0	0	0	0	0	0	0	0	0	0	0	0	0	0	0	0	0	0	0	0.0764501640493103	0	0	0	0	0	0	0.124231516580129	0	0	0	0	0	0	0	0	0	0	0
SRR31465468	0	0	0	0	0	0	0	0	0	0	0	0	0	0	0.196850393700787	0	0	0	0	0	0	0	0	0	0	0	0	0	0	0	0	0	0	0	0	0	0	0	0	0	0	0	0	0	0	0	0.133709701381667	0	0	0	0	0	0	0	0	0	0	0	0	0	0	0	0	0	0	0	0	0.226563660674491	0	0	0	0	0	0	0	0	0	0	0	0	0	0	0	0	0	0	0	0	0	0	0	0	0	0	0	0	0	0	0	0	0	0	0	0	0	0	0	0	0	0	0	0	0	0	0	0	0	0	0	0	0	0	0	0	0.984251968503937	0	0	0	0	0	0	0.672262665280048	0	0	0	0	0	0	0	0	0	0	0	0	0	0	0	0	0	0	0	0	0	0	0	0	0	0	0	0	0	0	0	0	0	0	0	0	0	0	0	0	0	0	0	0	0	0	0	0	0	0	0	0	0	0	0	0	0	0	0	0	0	0	0	0	0	0	0	0	0	0	0	0	0	0	0	0	0	0	0	0	0	0	0	0	0	0	0	0	0	0	0	0	0	0	0	0	0	0	0	0	0	0	0	0	0	0	0	0	0	0	0	0	0	0	0	0	0	0	0	0	97.0732432030902	0	0	0	0	0	0	0	0	0	0	0	0	0	0	0	0	0	0	0	0	0	0	0	0	0	0	0	0	0	0	0	0	0	0	0	0	0	0	0	0	0	0	0	0	0	0	0	0	0	0	0	0	0	0	0	0	0	0	0	0	0	0	0	0	0	0	0	0	0	0	0	0	0	0	0	0	0	0	0	0	0.122567226266528	0	0	0	0	0	0	0	0	0	0	0	0	0	0	0.590551181102362	0	0	0	0	0	0	0	0	0	0	0	0	0	0	0	0	0	0	0	0	0	0	0	0	0	0	0	0	0	0	0	0	0	0	0	0	0	0	0	0	0	0	0
SRR31465447	0	0	0	0	0	0	0	0	0	0	0	0	0	5.85676037483266	9.52699687639447	0	0	0	0	0	0	0	4.64636323070058	0	0	0	0	0	0	0	0	0	0	0	0	0	0	0	0	0	0	0	0	0	0	0	13.8498438197233	0	0	0	0	0	0	0	0	0.496430165104864	0	1.78491744756805	0	0	0	0	0	0	0	0	0	0.00557786702365016	0	0	0	0	0	0	0	0	0	0	0	0	0	0	0	0	0	0	0	0	0	0	0	0	0	0	0	0	0	0	0	0	0	0	0	0.435073627844712	0	0	0	0	0	0.803212851405622	0	0	0	0	0	0	0	0	0	0	0	0	0	0	10.586791610888	0	0	0	0	0	0	11.5350290049085	0	0	0	0	0	0	0	0	0	0	0	0	0	0	0	0	0	2.34828201695672	0	0	0	0	0	0	0	0	0	0	0	0	0	0	0	0	0	0	0	0	0	0	0	0	0	0	0	0	0	0	0	0	0	0	0	0	0	0	0	0	0	0	0	0	0	0	0	0	0	0	0	0	0	0	0	0	0	0	0	0	0	0	0	0	0	0	0	0	0	0	0	0	0	0	0	0	0	0	0	0	0	0	0	0	0	0	0	0	0	0	0.105979473449353	0	0	0	0	0	0	0	0	0	0	0	0	0	0	0	0	0	0	0	0	0	0	0	0	0	0	0	0	0	0	0	0	0	2.21441320838911	0	0	0	0	0	0	0	0	0	0	0	0	0	0	0	0	0	0	0	0	0	0	0	0	0	0	0	0	0	0	0	0	0.0278893351182508	0	0	0	0	0	0	0	0	0	0	0	0	0	0	0	0	0	0	0	0	0	0	0	0	0	0	0	0	0	0	0	0	0	0	0	0	0	0	0	0	19.2771084337349	0	1.35542168674699	0	0	0	1.6231593038822	0	0	0	0	0	0	0	0	0	0	0	0	0	0	0	0	0	0	0	0	0	0	0	0	0	8.55644801427934	0	0	4.96430165104864	0	0	0	0	0	0	0	0
SRR31465470	0	0	0	0	0	0	0	0	0	0	0	0	0	0	27.0756729304215	0	0	0	0	0	0	0	0	0	0	0	0	0	0	0	0	0	0	0	0	0	0	0	0	0	0	0	0	0	0	0	0	0	0	0	0	0	0	0	0	0	0	0	0	0	0	0	0	0	0	0	0	0	0	0	0	0	0	0	0	0	0	0	0	0	0	0	0	0	0	0	0	0	0	0	0	0	0	0	0	0	0	0	0	0	0	0	0	0.111731843575419	0	0	0	0	2.99035043169121	1.0401218892839	0	0	0	0	0	0	0	0	0	0	0	0	0	0	0.00609446419502285	0	0	0	0	0	0	43.6465210766887	0	0	0	0	0	0	0	0	0	0	0	0	0	0	0	0.00203148806500762	0	0	0	0	0	0	0	0	0	0	0	0	0	0	0	0	0	0	0	0	0	0	0	0	0	0	0	0	0	0	0	0	0	0	0	0	0	0	0	0	0	0	0	0	0	0	0	0	0	0	0	0	0	0	0	0	0	0	0	0	0	0	0	0	0	0	0	0	0	0	0	0	0	0	0	0	0	0	0	0	0	0	0	0	0	0	0	0	0	0	0	0	0	0	0	0	0	0	0	0	0	0	0	0	0	0	0	0	0	0	0	0	0	0	0	0	0	0	0	0	0	0	0	0	0	0	0	0	0	0	0	0	0	0	0	0	0	0	0	0	0	0	0	0	0	0	0	0	0	0	0	0	0	0	0	0	0	0	0	0.156424581005587	0	0	0	0	0	0	0	0	0	0	0.784154393092941	0	0	0	0	0	0	0	0	0	0	0	0	0	0	0	0	0	0	0	0	0	0	0	0	0	0	0	0	0	24.0792280345353	0	0	0	0	0	0	0	0	0	0	0	0	0	0	0	0	0	0	0	0	0	0	0	0	0	0	0	0	0	0	0	0.107668867445404	0	0	0	0	0	0	0	0	0	0	0
SRR31465451	0	0	0	0	0	0	0	0	0	0	0	0	0	0	5.34177337833255	0	0	0	0	0	0.238991070130961	0	0	0	0	0	0	0	0	0	0	0	0	0	0	0	0	0	0	0	0	0	0	0	0	0	14.2280426954317	0	0	0	0	0	0	0	0	0	0	0	0	0	0	0	0	0	0	0	0.104962294314273	2.61275372616145	0.030681286030326	0	0	0	0	0	0	0	0	0	0	2.02657968252943	0	0	0	0	0	0	0	0	0	0	0	0	0	0.226072633907665	0	0	0	0	0	0	0	0	0	0	0	0	0	0	1.24501429102007	0.439226831592036	0	0	0	1.61157491885607	0	0	0	0	0	0	0	0	0	0	1.44040563889741	0	0	0	0	0	0	6.96949634246774	0	0	0	0	0	0	0	0	0	0	0	0	0	0	0	0	0	1.84249196634747	0	0	0	0	0	0	0	0	0	0	0	0	0	0	0	0	0	0	0	0	0	0	0	0	0	0	0	0	0	0	0	0	0	0	0	0	0	0	0	0	0	0	0	0	0	0	0	0	0	0	0	0	0	0	0	0	0	0	0	0	0	0	0	0	0	0	0	0	0	0	0	0	0	0	0	0	0	0	0	0	0	0	0	0	0	0	0	0	0	0	0.410160350089622	0	0	0	0	0	0	0	0	0	1.06738579294976	0	0	0	0	0	0	0	0	0	0	0	0.301968446719525	0	0	0	0	0	0	0	0	0	0	0	0	0	0	0	0	0	0	0	0	0	0	0	0	0	0	0	0	0	0	0	0	0	0	0	0	0	0	0	0	0	0	0	0	0.125954753177128	0	0	0	0	0	0	0	0	0	0	0	0	0	0	0	0	0	0	0.744424887367384	0	0	0	0	0	0	0	0	0	0	0	0	0	0	0	0	0	0	0	0	0	19.7103040676926	0	3.62846577421803	0	35.6451951491272	0	0	0	0	0	0	0	0	0	0	0	0	0	0	0	0	0	0	0	0	0	0	0	0	0	0	0	0.00807402263955948	0	0	0	0	0	0	0	0	0	0	0
SRR31465472	0	0	0	0	0	0	0	0	0	0	0	0	0	0	7.26290071814615	0	0	0	0	0	0	0	0	0	2.86703190938032	0	0	1.67320648552602	0	0	0	0	0	0	0	0	0	0	0	2.18405271340786	0	0	0	0	0	0	6.50958762123343	0	0	0	0	0	0	0	0	0	0	0	0	0	0	0	0	0	0	3.26497371733175	0	2.54497667875916	0	1.33634411786481	0	0.758865773302732	0	0	0	0	0	0	0	0	0	0	0	0	0	0	0	0	0	0	0	0	0	0	0	0	0	0	0	0	0	0	0	0.366476641741319	0	0	0	0	3.85540830680388	0.490486414451766	0	0	0	0	0	0	0	0	0	0	0	0	0	0	1.04020137706374	0.01110535278004	1.65284667209595	0	0	0	0	4.79566150884726	0	3.07248093581106	0	0	0	0	0	0	0	0	0	0	0	0	0	0	0	0	0	0	0	0	0	0	0	0	0	0	0	0	0	0	0	0	0	0	0	0	0	0	0	0	0	0	0	0	0	0	0	0	0	0	0	0	0	0	0	0	0	0	0	0	0	0	0	0	0	0	0	0	0	0	0	0	0	0	0	0	0	0	0	0	0	0	0	0	0	0	0	0	0	0	0	0	0	0	0	0	0	0	0	0	0	0	0	0	0	1.0568594062338	0	0	0	0	0	0	0	0	0	0	0	0	0	0	0	0	0	0	0	0	0	0	0	0	0	0	0	0	0	0	0	0	0	0	0	0	0	0	0	1.53624046790553	0	0	0	0	0	0	0	0	4.97519804545791	0	0	0	0	0	9.07492411342267	1.80276893462649	0	0	0	0	0	1.4992226253054	0	0	0	0	0	0.0740356852002665	0	0	0	0	0	0	0	0	0	0	0.744058636262679	0	0	0	0	0	0	0	0	0	0	0	0	0	0	0	0	0	0	0	0	0	0	0	0	0	0	0	0	0	16.5913970533797	0	0	0	9.06937143703265	6.39668320130303	0	0	0	0	0	0	0	0	0	0	0	0	0	0	0	0	0	0	0	0	0	0	0	0	0	0	3.49263344932257	0	0	0	0	0	0	0	0	0	0	0
SRR31465464	0	0	0	0	0	0	0	0	0	0	0	0.958623676233219	0	0	7.53710483839219	0	0	0	0	0	0	0	0	0	0	0	0	1.37396165505295	0	0	0	0	0	0	0	0	0	0	0	0	0	0	0	0	0	0	10.2929018542577	0	0	0	0	0	0	0	0	4.05102161332231	0	0	0	0	0	0	0	0	0	0	0	1.92512105822605	0	5.61395220660604	2.62391244439195	0.91925514743514	0	0	0	0	0	0	0	0	0	0	0	0	0	0	0	0	0	0	0	0	0	0	0	0	0	0	0	0	0	0	0	0	0	0	0.895634030156293	0	0	0.862170780677926	0.494075036415889	0	0	0	0	0	0	0	1.53930947600488	0	0	0	0	0	2.83847092634148	0	0	0	0	0	0	6.69658674855321	0	0	0	0	0	0	0	0	0	0.00590527931971182	0	0	0	0	0	0	0	4.85413960080312	0	0	0	0	0	0	0	0	0	0	0	0	0	0	0	0	0	0	0	0	0	0	0	0	0	0	0	0	0	0	0	0	0	0	0	0	0	0	1.41529861029093	0	0	0	0	0	0	0	0	0	0	0	0	0	0	0	0	0	0	0	0	0.537380418093776	0	0	0	0	0	3.09042951064919	0	0	0	0	0	0	0	0	0	0	0	0	0	0	0	0	0	0	0	0	0	1.23420337781977	0	0	0	0	0	0	0	0	0	0	0	0	0	0	0.0137789850793276	0	0	0	0	0	0	0	0	0	0	0	0	0	0	0	0	0	0	0	0	0	0	0	0	0	0	0	0	0	0	0	0	0.665328136687532	0	0	0	0	0	0	0	0	0	0	0	0	0	0	0	6.87965040746427	0	0	0	0	0	0.0531475138774064	0.836581236959175	0	0	0	0	0	0	0	0	0	0.0866107633557734	1.60820440140152	0	0	0	0	0	0	0	0	0	0	0	0	0	0	0	0	0	0	0	0	0	0	0.356285185622613	0	0	0	0	0	14.5722609346089	0	0	0	2.42116452108185	7.10798787449313	0	0	0	0	0	0	0	0	0	0	0	0	0	0	0	0	2.37785913940396	0	0	0	0	0	0	0	0	0	3.26168261092083	0	0	0	0	0	0	0	0	0	0	0
SRR31465473	0	0	0	0	0	0	0	0	0	0	0	0	0	2.39812829011503	9.18586190569033	0	0	0	0	0	0	0	0	0	0	0	0	0	0.153190541180403	0	0	0	0	0	0	0	0	0	0	0	0	0	0	0	0	0	9.54794863938947	0	0.0501350862044954	0	0	0	0	0	0	0	0	0	0	0	0	0	0	0	0	2.47054563685486	0	1.02219870205832	0	0	0	0.983204746121494	0	0	0	0	0	0	0	0	0	0	0	0	0	0	0	0	0	0	0	0	0	0	0	0	0	0	0	0	0	0	0	0.259031278723226	0	0	0	0	3.18079269141854	0.339804473163802	1.07790435339665	0	2.24493774893463	0	0	0	0	0	0	0	0	0	0	0	0.704676489429853	0	0	0	0	0	0	12.8847171545553	0	0	0	0	0	0	0	0	0	0	0	0	0	0	0	0	0	13.1214661727432	0	0	0	0	0	0	1.18931565607331	0	0	0	0	0	0	0	0	0	0	0	0	0	0	0	0	0	0	0	0	0	0	0	0	0	0	0	0	0	0	0	0	0	0	0	0.43450408043896	0	0	0	0	0	0	0	0	0	0	0	0	0	0	0	0	0	0	0	0	0	0	0	0	0	0.921928529649333	0	0	0	0	0	0	0	0	0	0	0	0	0	0	0	0	0	0	0	0	0	0	0	0	0	0	0	0	0	0	0	0	0	0.0529203687714119	0	0	0	0	0	0	0	0	0	0	0	0	0	0	0	0	0	0	0	0	0	0	0	0	0	0	0	0	0	0	0	0	0	0	0	0	5.96607525833496	0	0	0	0	0	0	0	0	0	0	0	3.33398323259895	0	0	0	0	0	0.0278528256691641	0	0	0	0	0	0	0	0	0	0.543130100548701	0	0	0	0	0	0	0	0	0	0	0	0	0	0	0	0	0.495780296911122	0	0	0	0	0	0	0	0	0	0	0	0	0	19.0903267136451	2.62930674316909	4.4285992813971	0	0	0	0	0	0	0	0	0	0	0	0	0	0	0	1.12246887446731	0	0	0	0	0	0	0	0	0	0	0	0	0	0.139264128345821	0	0	0	0	0	0	0	0	0	0	0
SRR31465466	0	0	0	0	0	0	0	0	0	0	0	0	0	0	5.78120715992323	0	0	0	0	0	0	0	0	0	0	0	0	0	0.389722298382359	0	0	0	0	0	0	0	0	1.05362108808899	0	4.37899024715052	0	0	0	0	0	0	9.1477027926834	0	0	0	0	0	0	0	0	0	0	0	0	0	0	0	0	0	0	2.48129724648467	1.21225177235518	3.68571540480201	1.57259801809565	0	0	0	0	0	0	0	0	0	0	0	0	0	0	0	0	1.12216521092006	0.203673964983745	0	0	0	0	0	0	0	0	0	0	0	0	0	0	0	0	0	0	0	0	0	3.84630449257765	0.487642473855313	0	0	0	0	0	0	0	0	0	0	0	0	0	0	8.58955779248756	0	0	0	0	0	0	9.59617719634953	0	0	0	0	0	0	0	0	0	0	0	0	0	0	0	0	0	0	1.59609886020916	0	0	0	0	0	0	0	0	0	0	0	0	0	0	0	0	0	0	0	0	0	0	0	0	0	0	0	0	0	0	0	0	0	0	0.609063491441777	0	0	0	0	0	0	0	0	0	0	0	0	0	0	0	0	0	0	0	0	0	0	0	0	0	0	0	0	0	0	0	0	0	0	0	0	0	0	0	0	0	0	0.593396263366104	0	0	0	0	0	0	0	0	0	0	0	0	0	0	0	0	0	0	0	0	0	0	0	0.0705025263405272	0	0	0	0	0	0	0	0	0	0	0	0	0	0	0	0	0	0	0	0	0	0	0	1.41788414084838	0	0	0	0	0	0	0	0	0	0	0	0	0	0	0	0	0	0	1.77627198307939	0	0	0	0	0	0	0	0	0	0	0	0.00979201754729544	0	0	0	0	0	0	0	0.231091614116172	0	0	0	0	0	0	0	0	0.00195840350945909	0	0	0	7.32638752888645	0	0	0	0	0	0	0	0	0	0	0	0	0	0	0	0	0	0	0	13.0312169519408	0	0	0	14.7174023735851	0	0	0	0	0	0	0	0	0	0	0	1.01249461439035	0	0	0	0	0	0	0	0	0	0	0	0	0	0	0	3.90897340488034	0	0	0	0	0	0	0	0	0	0.148838666718891	0
SRR31465475	0	0	0	0	0	0	0	0	0	0	0	0	0	5.60500641349555	7.24919345434757	0	0	0	0	0	0	0	0	0	0	0	0	0	0	0	0	0	0	0	0	0	0	0	0	0	0	0	0	0	0	0	4.74015625607339	0	0	0	0	0	0	0	0	0	0	0	0	0	0	0	0	0	0	0	0	4.5788471255879	0	0	0	0	0	0	0	0	0	0	0	0	0	0	0	0	0	0	0	0	0	0	0	0	0	0	0	0	0	0	0	0	0	0	0	1.37404283437634	0	0	0	2.1533797178062	0	0	0	0	0	0	0	0	0	0	0	0	0	0	0	0	0	0	0	0	0	0	0	6.50289579041474	0	0	0	0	0	0	0	0	0	0	0	0	0	0	0	0	0	10.2207797255801	0	0	0	0	0	0	0	0	0	0	0	0	0	0	0	0	0	0	0	0	7.88859952579003	0	0	0	0	0	0	0	0	0	0	0	0	0	0	0	0	0	0	0	0	0	0	0	0	0	0	0	0	0	0	0	0	0	0	0	0	0	0	0	0	0	0	0	0	0	0	0	0	0	0	4.06382399813426	0	0	0	0	0	0	0	0	0	0	0	0	0	0	0	0	0	4.04244567963618	1.18941190189295	0	0	0	0	0	0	0	0	0	0	0	0	0	0	0	0	0	0	0	0	0	0	0	0	0	0	0	0	0	0	0	0	0	0	0	0	0	0	0	0	0	0	0	0	0	0	0	0	0	0	0	0	0	0	0	0	0	0	0	0	0	0	0	0	0	0	0.149648229486532	0	0	0	0	0	0	0	0	0	0	0	0	0	0	0	0	0	0	0	0	0	0	0	0	0	0	0	0	0	0	0	0	0	0	0	0	0	0	0	0	20.4823726046566	0	0	0	12.9960741633304	0	0	0	0	0	0	0	0	0	0	0	0	0	0	0	0	0	0	0	0	0	0	0	0	0	0	0	6.7633225793913	0	0	0	0	0	0	0	0	0	0	0
SRR31465467	0	0	0	0	0	0.249635947576451	0	0.104014978156855	0	0	0.270438943207822	0	0	0	0.0832119825254837	0	0	0	0	0	0	0	0	0	0	1.35219471603911	0.395256916996047	0.0624089868941127	0	0	0	0	0	0	0	0	0	0	0.187226960682338	0	0	0	0.478468899521531	0	0	0.0624089868941127	0	0	0	0	0	0	0	0	0	0.0416059912627418	0	2.37154150197628	0	0	0	0.769710838360724	0	0	1.89307260245475	0	0	0	0	0.0208029956313709	0	0.104014978156855	0	0	0	0	0	0	0	0	0	0	0	0	0	0	0	0.187226960682338	0	0	0	0	0	0	0	0	0	0	0	0	0	0	0.166423965050967	15.8518826711046	0	0.124817973788225	0	0	0	39.4008737258165	0	0	0	0.145620969419596	0	0	0	0.208029956313709	0	0.208029956313709	0.270438943207822	0	0	0	0.45766590389016	0	0	0.124817973788225	0	0	0	0	0	0	0	0	0	0.91533180778032	0	0	0	0	0	0	0	0	0	0	0	0	0	0	0	0	0	0	0.0624089868941127	0	0	0	0	0	0.374453921364676	0	0	0	0.249635947576451	0	0	0	0.166423965050967	0	0.0832119825254837	0	0	0	0	0	0	0	0	0	0	0	0	0	0	0	0	0	0	0	0.187226960682338	0	0	0	0	0	0	0	0.0624089868941127	0.0208029956313709	0	0	0	0.187226960682338	0	0	0	0	0	0	0	0	0	0	0	0	0	0	0	0.478468899521531	0	0	0	0	0	0	0	0	0	0	0	0	0	0	0	0	0	0	0	0.104014978156855	0	0	0	0	0	0.145620969419596	0	0	0	0	0	0	0	0	0	0	0	0	0.0624089868941127	0	0.0832119825254837	0	0	0	0	0	0	0	0	0	0	0	0	0	0	0	0	0	0.0832119825254837	0	0	0	0	0	0	0	0	0	0.166423965050967	0	0	0	0	0	0	0	0	0	0	0	0	0	0	0	0	0.436862908258789	0	0	0	0	0	0	0	0	0	0	0	0	0	0	0	0	0.0416059912627418	0	0	0	0.0416059912627418	0	1.06095277719992	0	0	0	0	0	0	0	0.416059912627418	0	0	0	0	0	0	0	0	0	0	0	0	0	0.728104847097982	0	0.395256916996047	0	0	0	0	0	0	0	0	0	0	0	0	0	0	0	0	0	0	0.582483877678386	0	0	0.0416059912627418	0	0	0	27.2311212814645	0	0	0	0	0	0	0	0	0	0	0
SRR31465469	0	0	0	0	0	0	0	0	0	0	0	0	0	0	0.0517075813163273	0	0	0	0	0	0	0	0	0	0	0	0	0	0	0	0	0	0	0	0	0	0	0	0	0	0	0	0	0	0	0	0	0	0	0	0	0	0	0	0	0	0	0	0	0	0	0	0	0	0	0.00984906310787186	0	0.00984906310787186	0	0	0	0	0	0	0	0	0	0	0	0	0	0	0	0	0	0	0	0	0	0	0	0	0	0	0	0	0	0	0	0	0	0	0	0	0	0	0	0	0	0	0.00246226577696797	0	0.0467830497623914	0	0	0	0	0	0	0	0	0	0	0	0.0123113288848398	0	0	0	0	0	0	0.0393962524314875	0	0	0	0	0	0	0	0	0	0	0	0	0	0	0	0	0	0	0	0	0	0	0	0	0	0	0	0	0	0	0	0	0	0	0	0	0	0	0	0	0	0	0	0	0	0	0	0	0	0	0.0344717208775515	0	0	0	0	0	0	0	0	0	0	0	0	0	0	0	0	0	0	0	0	0	0	0	0	0	0	0	0	0	0	0	0	0	0	0	0	0	0	0.115726491517494	0	0	0	0	0	0	0	0	0	0	0	0	0	0	0	0	0	0	0	0	0	0	0	0	0	0	0	0	0	0	0	0	0	0	0	0	0	0	0	0	0	0	0	0	0	0	0	0	0	0	0	0	0	0	0	0	0	0	0	0.0221603919927117	0	0	0	0	0	0	0	0	0	0	0	0	0	0	0	0	0	0	0	0	0	0	0	0	0	0	0	0	0	0	0	0	0	0	0	0	0	0	0	0	0	0	0	0	0	0	0	0	0	0	0	0	0	0	0	0	0	0	0	0	0	0	0	0	0	0	0.0984906310787186	0	0	0	99.5247827050452	0.0196981262157437	0	0	0	0	0	0	0	0	0	0	0	0	0	0	0	0	0	0	0	0	0	0	0	0	0	0	0.0123113288848398	0	0	0	0	0	0	0	0	0	0	0
SRR31465477	0	0	0	0	0	0	0	0	0	0	0	0	0	0	10.7295031609822	0	0	0	0	0	0	0	0	0	0	0	0	0	0	0	0	0	0	0	0	0	0	0	0	0	0	0	0	0	0	0	13.7339225906181	0	0	0	0	0	0	0	0	0.644087278780792	4.09441328603421	0	0	0	0	0	0	0	0	0	0	1.30601082066628	0	0	0	0	0	0	0	0	0	0	0	0	0	0	0	0	0	0	0	0	0	0	0.0495451752908302	0	0	0	0	0	0	0	0	0	0	0	0	0	0	0	0	0	0.848213400979013	2.83992944767039	0	0	0.806595453734715	0	0	0	0	0	0	0	0	0	0	0	18.3673873838166	0	0	0	0	0	0	0.0257634911512317	0	0	0	0	0	0	0	0	0	0	0	0	0	0	0.00396361402326641	0	1.55968211815533	0.891813155234943	0	0	0	2.0174795378426	0	0	0	0	0	0	0	0	0	1.65480885471373	0	0	0	0	0	0	0	0	0.967121821677005	0	0	0	0	0	0	0	0	0	0	0	0	0	0	0	0	0	0	0	0	0	0	0	0	0	0	0	0	0	0	0	0	0	0	0	0	0	0	0	1.45860996056204	0	0	0	2.28304167740145	0	0	0	0	0	0	0	0	0	0	0	0	0	0	0	0	0	1.64291801264393	0	0	0	0	3.02820111377554	0	0	0	0	0	0	0	0	0	0	0	0	0	0	0	0	0	0	0	0	2.77849343030976	0	0	0	0	0	0	0	0	0	0	0	0	0	0	0	0	0	0	0	0	0.200162508174954	0	0	0	0	0	0	0	0	0	0	0	0	0	0	0	0	0	0	0	0	0	0	0	0	0	0.0931449295467607	0	0	0	0	2.49509502764621	0	0	0	0	0	0	0	1.01072157593294	0	0	0	0	0	0	0	0	0	0	0	0	0	0	0	0	0	0	0	0	0	0	0	0	0	0	0	13.2325254166749	0	0	0	3.65247032244	0	0	0	0	0	0	0	0	0	0	0	0	0	0	0	0	0	0	0	0	0	0	0	0	0	0	0	7.58437543352028	0	0	0	0	0	0	0	0	0	0	0
SRR31465476	0	0	0	0	0	0	0	0	0	0	0	0	0	0	3.80242522842928	0	0	0	0	0	0	0	0	0	0	0	0	0	0	0	0	0	0	0	0	0	0	0	0	0	0	0	0	0	0	0	17.5952025122491	0	0	0	0	0	0	0	0	0	0	0	0	0	0	0	0	0	0	0	0.595902461171752	7.16596356482095	0	0	0	1.90499612190462	0	0	0	0	0	0	0	0	0	0	0	0	0	0	0	0	0	0	0	0	0	0	0	0	0	0	0	0	0	0	0	0	0	0	0	0	0.00378350768997938	0.323489907493237	0.998846030154556	0	0	0	0	0	0	0	0	0	0	0	0	0	5.12097765838709	0	0	0	0	0	0	5.2836684890562	0	0	0	0	0	0	0	0	0	0	0	0	0	0	0	0	0	0	0	0	0	0	0	0	0	0	0	0	0	0	0	0	0	0	0	0	0	0	0	0	0	0	0	0	0	0	0	0	0	0	0	0	0	0	0	0	0	0	0	0	0	0	0	0	0	0	0	0	0	0	0	0	0	0	0	0	0	0	0	0	0	0	0	0	0	0	0	0	0	0	0	0	0	0	0	0	0	0	0	0	0	0	0	0	0	0	0	1.62501655284614	0	0	0	0	0	0	0	0	0	0	3.14220313652787	0	0.397268307447835	0	0	0	0	0	0	0	0	0	0	0	0	0	0	0	0	0	0	0	0	0	0	0	0	0	0	0	0	1.7063619681807	0	0	0	0	0	0	2.59737802917084	0	0	0	0	0	0	0	0	0	0	0	0	3.09680104424812	0	0	0	0	0	0.0567526153496907	0	0	0	0	0	0	0	0	0	0	0	0	0	0	0	0	0	0	0	0	0	0	0	0	0	0	0.0908041845595051	0	0	0	0	0	0	0	0	0	0	0	0	0	16.3977223283706	0	4.55723501258016	0	6.41493728836004	0	0	0	0	0	0	0	0	0	0	0	0	0	0	0	0	0	0	0	0	0	0	0	0	0	0	0	17.1222640510017	0	0	0	0	0	0	0	0	0	0	0
SRR31465478	0	0	0	0	0.558035714285714	0	0	0	0	0	0	0	0	0	1.3671875	0	0	0	0	0	0	0	0.446428571428571	0	0	3.7109375	0.558035714285714	0	0	0.669642857142857	0	1.11607142857143	0	0	0	0	0	0	1.06026785714286	0.418526785714286	0	0	0.864955357142857	0	0	0	0	0	0	0	0	0	0	0	0	0	0	9.59821428571429	0.613839285714286	0	1.08816964285714	4.85491071428571	0.306919642857143	0	2.45535714285714	0	0	0	0	0.502232142857143	0	0.809151785714286	0.251116071428571	0	0	0.279017857142857	0	0	0	0	0	0	0	0	1.06026785714286	0	0	0	1.59040178571429	0	0	0	0	0	0.167410714285714	0	1.14397321428571	0	0	0	0	0	0	0.9765625	0	0	0	0.139508928571429	0	1.08816964285714	0	0	0	0	0	0	0	0	0	0	0	0	0	0	0.0558035714285714	0	0.390625	0.809151785714286	0	0	0.279017857142857	3.40401785714286	0	0	0	0	0	3.09709821428571	0	0	0	0	0	1.06026785714286	1.50669642857143	0	0	0	0	0	0	0	0	0	0	0	0.809151785714286	0	0	5.6640625	0	0	2.00892857142857	0	0	0	0	0	0	0	0.139508928571429	0	0.279017857142857	0	0	0	0	0	0	0	0	0	0	0.334821428571429	0.418526785714286	0	0	0	0	0	0	0	0	0	0	0.446428571428571	0	0	0	0.362723214285714	0	0.641741071428571	0	0	0	0	0	0	0.669642857142857	0	0.279017857142857	0	0	0	0	0	0	0	0	0	0	0	0	0	0.167410714285714	0	0	0	0	0	0	0	0	0	0	0	0	0	0	1.81361607142857	0	0	0	0	0	0	0	0.669642857142857	0	0	0	0	0	0	0.697544642857143	0	0	0	0	0	0.697544642857143	0	0	0	0	0	0	0	0	0	0	0	0	0	0	0	0	0	0	0	2.70647321428571	0	0	0.418526785714286	0.558035714285714	0	0	0	0	0	0.306919642857143	0	0	0	0	0	2.06473214285714	0.334821428571429	0.279017857142857	0	0	0	0	0	0	0	0	2.37165178571429	0	0	0	0	0	0	0	0	0	0	0	0	0	0	0	1.89732142857143	1.14397321428571	0	0	0	0.697544642857143	0	2.17633928571429	0	0	0	0.139508928571429	0	0	0	0.725446428571429	0	0	0	0	0	0	1.50669642857143	0	0	0	0	0	0	0.641741071428571	0.251116071428571	0	0	0	0	0	0.279017857142857	1.81361607142857	0	0	0	0	0.0837053571428571	0	0	0	0	0	0.613839285714286	0	0.809151785714286	0	0	0.111607142857143	0	0	0	12.890625	0	0	0.78125	0	0	0	0	0	0	0	0
SRR31465481	0	0	0	0	0	0	0	0	0	0	0.0267212968736083	0	0	0	0	0	0	0	0	0	0	0	0	0	0	0	0	0	0	0	0	0	0	0	0	0	0	0	0	0.0356283958314777	0	0	0	0	0	0	0.00890709895786942	0	0	0	0	0	0	0	0	0	0	0	0	0	0	0	0	0	0	0	0	0	48.9534158724503	0	0	0	0	0	0	0	0	0	0	0	0	0	0	0	0	0	0	0	0	0	0	0	0	0	0	0	0	0	0	0	0	0	0	49.3987708203438	0	0	0	0	0	0	0	0	0	0	0	0	0	0	0	0	0	0	0	0	0	0	0	0	0	0	0	0.0356283958314777	0	0	0	0	0	0.0133606484368041	0	0	0	0	0	0	0	0	0	0	0	0.115792286452302	0	0	0	0	0	0	0	0	0	0	0	0	0	0	0	0	0	0	0	0	0	0	0	0	0	0	0.00445354947893471	0	0	0	0	0	0	0	0	0	0	0	0	0	0	0	0	0	0	0	0	0	0	0	0	0	0	0	0	0.0133606484368041	0	0	0	0	0	0	0	0	0.0133606484368041	0	0	0	0	0	0	0	0	0	0	0	0	0	0	0	0	0	0	0	0	0	0	0	0	0	0	0	0	0	0	0	0	0	0	0	0	0	0	0	0	0	0	0	0	0	0	0	0	0	0	0	0	0	0	0	0	0	0	0	0	0	0	0	0	0	0	0	0	0	0	0	0	0	0.0133606484368041	0	0	0	0	0	0	0	0	0	0	0	0	0	0	0	0	0	0	0.00445354947893471	0	0	0	0	0	0	0	0	0	0	0	0	0	0	0	0	0	0	0	0	0	0	0	0	0	0	0	0	0	0	0	0	0	0	0	0	0	0	0	0	0	0	0	0	1.35833259107509	0	0	0	0	0	0	0	0	0	0	0	0	0	0	0	0	0	0	0.00445354947893471	0	0	0	0	0	0	0	0	0	0	0	0	0	0	0	0	0	0	0	0
SRR31465485	0	0	0	0.0204722260133752	0	0	0	0	0	0	0.025021609571903	0	1.68782130021382	0	0	0	0	0	0	0.0318456849096947	0	0	0	0	0	0	0.00454938355852782	0	0	0	0	0.0136481506755835	0	0.204722260133752	0	0	0	0	0.00909876711705564	17.6243119057368	0	0.0318456849096947	0	0	0	0	0	0	0	0	0	0	0	0.377598835357809	0	0	0	0.45948773941131	0	0	0.050043219143806	0.0227469177926391	0.0386697602474865	0	0.0159228424548474	0	0	0	0	0	0	0	0	0	0	0	0	0	0	2.16095719030071	0	0	0	0	0	0	0	0	0.0113734588963195	0	0	0	0	0	0.0386697602474865	0	0	0.316182157317683	0	0	0	0	0.0295709931304308	0.534552568127019	0.0614166780401256	0	0	0	0	0	0	0	0	0	0	0	0.377598835357809	0.85528410900323	0	0	0.0659660615986534	0	0	0	0	0	0	0	0.832537191210591	0	0	5.73677266730358	0	0	0	0.393521677812656	0	0.0204722260133752	0	0	0	0	0.0159228424548474	0	0	0.557299485919658	0	0.0545926027023338	0	26.254492516264	0	0	0	0	0	0	0	1.19648787589282	0	0	0	0	0.0113734588963195	0	0	0	0	0	0	0.0136481506755835	0	0	0	0.113734588963195	0	0.0227469177926391	0.466311814749101	0	0	0	0	0	0	0	0	0	0.211546335471544	0.050043219143806	0	0	0	0	0	0	0	0	0	0	0	0	0	0	0	0	0	0	0	0	1.86979664255493	0	0	0	0	0	0	0	0	0	0	0	0	0	0	0	0	0	1.74696328647468	0	0	0	0	0	0	0	0	0	0	0	0	0	0	0	0.0705154451571812	0	0.186524725899641	0	0.0636913698193895	0	0	0.202447568354488	0	0.0523179109230699	0	0	0	0.334379691551795	0	0	0	0	0	0.0136481506755835	0	0	0	0	0	0	0.0386697602474865	0	0	0	0	0	0	0	0	0	0	0	0.0295709931304308	0	0	0	0.81433965697648	0	0	1.00086438287612	10.7160729721123	3.30057777171193	0.0591419862608617	0	0	0	0	0.730176061143715	1.13507119785269	0	0.229743869705655	0	0	1.41713297848142	0	0	0	0	0	0	0	0	0	0	0	0.0227469177926391	0	0	0	0	0	0	0	0.0636913698193895	0	0.222919794367863	0	0	0	0	0	0	0	0	2.39979982712342	0	0	0	0	0.234293253264183	0	0	0.0272963013511669	0	0	0	0.0272963013511669	0	0	0.211546335471544	0.00682407533779173	0	0.00227469177926391	0	5.50930348937719	0	5.41604112642737	0	0	0	0.075064828715709	0.216095719030071	0	0	0	0	0	0	0	0	0	0	0	0.00454938355852782	0	0.0181975342341113	0.0159228424548474	0	0	0	0	0	0.286611164187253	0.163777808107001	0	0	0	0	0	0.0432191438060143	0	0	0	0
SRR31465486	0	0.011363894633969	0.00227277892679379	0.484101911407077	0.127275619900452	0.097729493852133	0.0227277892679379	0	0	0.0954567149253392	0.115911725266483	0	2.43641900952294	0	0.00227277892679379	0	0	0	0	0.0409100206822882	0	0	0	0	0	0.363644628287006	0.11363894633969	0	0	0	0	1.51594354417146	0	0	0	0	0	0	0.320461828677924	4.12963930998432	0	0	0.0181822314143503	0	0.0204550103411441	0	0	0	0	0	0.238641787313348	0	0	0	0	0	0	12.75256255824	0.0204550103411441	0	0	0.0590922520966386	0.590922520966386	0	1.39775903997818	0	0	0	0.204550103411441	0	0	0	0	0.256824018727698	0	0	0	0	0	0.0954567149253392	0.0181822314143503	0	0	0.609104752380736	0.0795472624377827	0	0	0	0.552285279210891	0	0	0	0.097729493852133	0	0.0886383781449578	0	0.511375258528603	0.945476033546217	0	0	0	0	0.688652014818519	13.2980295006705	0.0409100206822882	0	0	0	0	0	0	0	0	0	0.461374122139139	0	0.675015341257756	0.0363644628287006	0	0.0250005681947317	1.40230459783177	0	0	0	0	0	0	0.106820609559308	0.011363894633969	0	0	5.93877133571218	0.00909111570717516	0	0.00681833678038137	0.220459555898998	0	2.90915702629605	0	0.0318189049751131	0	0	0.272733471215255	0.0204550103411441	0	0.011363894633969	0	0.513648037455397	0	10.6184231459806	0	0	0.109093388486102	0	0	0.0477283574626696	0.254551239800905	0.00454555785358758	0.109093388486102	0	0	0	0.415918543603264	0	0	0	0	0	0	0	0	0	0	1.08411554808064	0.0659105888770199	0	0.011363894633969	0	0.00454555785358758	0	0	0	0	0.0227277892679379	0.0340916839019069	0	0.00681833678038137	0.0250005681947317	0	0	0	0	0	0	0	0.111366167412896	0	0.0159094524875565	0	0	0.0727289256574013	0.154548967021978	0.011363894633969	0.631832541648674	0.0159094524875565	0	0	0	0.0568194731698448	0	0.0568194731698448	0	0	0	0	0	0	0.0954567149253392	0	0	0	0	0	0.156821745948772	0.684106456964931	0.0795472624377827	4.72510738880429	0	0	0	0.0340916839019069	0	0	0	0	0	0	0	0	0	0	0	0.0318189049751131	0	0	0	0.00681833678038137	0	0	0.0522739153162572	0	0	0	0	0.62955976272188	0.0386372417554944	0	0	0	0	0	0.943203254619423	0	0	0	0	0	0	0.250005681947317	0	0	0	0.0295461260483193	0.0136366735607627	0	0	0	0	0	0	0.938657696765836	0	0	0.0931839359985454	0.115911725266483	0	0	0.404554648969295	4.85238300870474	0.336371281165481	0.890929339303166	0	0	0	0	0.268187913361667	0.0227277892679379	0	0	0	0	0	0	0	0.0250005681947317	0	0	0	0	0	0	0	0	0	0	0	0	0	0	0	0	0.0681833678038137	0	0.663651446623787	0.190913429850678	0	0	0	0	0	0.195458987704266	0.0818200413645765	0.134093956680834	0	0	0	0	0	1.26593786222414	0	0.165912861655947	0	0	0	0	0	0	0	0.00681833678038137	0	0	0	0.415918543603264	0	0.0454555785358758	0	0	0	0	2.09322939157708	0.0568194731698448	0	0.00454555785358758	0	0	0	0	0	0	0	0	0.0363644628287006	0	5.10920702743244	0.229550671606173	0.277279029068842	1.20230005227392	0	0	0	2.90688424736926	0	0	0	0	0.0568194731698448	0	0.0159094524875565	0	0	0	0
SRR31465480	0	0	0	0.00386003512631965	0.0501804566421554	0	0	0	0	0.0212301931947581	0	0	0	0	0	0	0	0	0	0.0250902283210777	0	0	0	0	0	0.131241194294868	0	0	0	0.451624109779399	0	0.0308802810105572	0	0	0.104220948410631	0	0	0	0.102290930847471	12.0915600331963	0	0	0.0579005268947947	0.0791307200895528	0	0	0	0	0	0	0	0	0	0.0598305444579546	0	0	0	3.08995811861888	0.0231602107579179	0	0	0	0.0231602107579179	0	0.66392604172698	0	0	0	0.11194101866327	0	0	0	0	0.0115801053789589	0.0482504390789956	0	0	0	0	0.914828324937757	0	0	0	0	0	0	0	0	0.196861791442302	0	0	0	0	0	0.00193001756315982	0	0.0366703337000367	0.0636905795842742	0	0	0.524964777179472	0.0077200702526393	0.0675506147105939	18.1074247775655	0.0424603863895161	0	0	0	0	0	0	0	0	0	0	0	0.22195201976338	0.951498658637794	0	0	0.0579005268947947	0	0	0	0	0	0	0.0482504390789956	0	0	0	2.13459942485477	0	0	0	1.52664389245942	0.0752706849632332	0.959218728890433	0	0.00965008781579912	0	0	0	0	0	1.81421650937024	0	1.21784108235385	0	10.3873545249262	0	0	0.00965008781579912	0	0	0	0.131241194294868	0.102290930847471	0	0	0	0	0.382143477505645	0	0.0250902283210777	0	0	0	0	0	0	0	0	0	0	0.0154401405052786	1.74473587709648	0	1.70613552583329	0	0	0	0	0.00579005268947947	0.0077200702526393	0	0.247042248084458	0.341613108679289	0	0	0	0	0	0	0	0.065620597147434	0	0	0	0	0.10615096597379	0.0482504390789956	0.0193001756315982	0.00386003512631965	0	0	0	0	0.833767587285044	0	0	0	0	0	0	0	0	0	0	0	0	0	0	0	0.615675602647984	0	0	0	0	0	0.0193001756315982	0	0	0	0	0	0	0	0	0	0	0	0	0	0.148611352363307	0	0.0270202458842375	0.00579005268947947	0	0.0308802810105572	0	1.84316677281763	0	0.0289502634473974	0.0270202458842375	0.11001100110011	0	0	0	0	0	0.00965008781579912	0	0.0212301931947581	0	0	0	0	0.0193001756315982	0	0	0	0.0173701580684384	0.0115801053789589	0	0	0	0	0	0	0.245112230521298	0	0	0.044390403952676	0.0366703337000367	0	0	0.413023758516202	12.7053056182811	0.55584505819003	0.291432652037134	0.0521104742053153	0	0	0	6.78594175206994	3.67089340512999	0	0.575145233821628	0.0250902283210777	0	0	0	0	0.044390403952676	0	0	0	0	0	0	0	0	0.156331422615946	0	0	0	0	0	0	0	0.0463204215158358	0	0	0.0308802810105572	0	0	0	0	0	0.378283442379326	0.00386003512631965	1.65402505162797	0	0	0	0	0.044390403952676	0	0	0	0	0	0	0	0	0	0.0212301931947581	0	0	0	0	0.683226217358578	0	1.19854090672225	0	0	0	0.22388203732654	0.478644355663637	0	0	0	0	0	0	0	0	0	0	0	0	0	0.0308802810105572	0	0	0.0405303688263563	0	0	0	3.8002045818617	0.0424603863895161	0	0	0	0	0	0.44004400440044	0	0	0	0
SRR31465490	0	0	0	0	0.0247232893385569	0	0	0.00760716595032521	0	0	0	0	0	0	0	0	0	0	0	0.108402114792134	0	0	0	0	0	0.176866608345061	0.0323304552888821	0	0	0.062759119090183	0	0.40888516982998	0	0	0	0	0	0	0.203491689171199	0.912859914039025	0	0	0.10269674032939	0	0	0	0	0	0	0	0	0	0	0	0	0	0	4.24479860028146	0.0266250808261382	0	0	0.213000646609106	0.155946901981667	0	0.467840705945	0	0	0	0	0	0	0	0	0.0399376212392073	0	0	0	0	0	0.268152599748964	0	0	0	0	0	0	0	0	0.0475447871895325	0	0	0	0	0	0.0665627020653455	0	0.0171161233882317	0.363242174128029	0	0	0	0	0.165455859419573	1.93792552584535	0	0	0	0	0	0	0	0	0	0	0.019017914875813	0	0	0.203491689171199	0	0.0760716595032521	0.152143319006504	0	0	0	0	0	0	0.0133125404130691	0	0.0608573276026017	0.106500323304553	37.8418470198927	0	0	0	0.323304552888821	0	0.694153892967175	0	0.0057053744627439	0	0	0.0171161233882317	0	0	0.0114107489254878	0	0.237723935947663	0	4.86288083374539	0	0	0.00760716595032521	0	0	0	0.163554067931992	0	0	0	0	0	0.564832071811647	0	0	0	0	0	0	0	0	0	0	0	0	0	0.0532501616522764	0	0	0	0	0	0	0.0418394127267886	0.180670191320224	0	0	0	0	0	0	0	0	0	0	0	0.0437412042143699	0.0209197063633943	0	0	0.0456429957019512	0.0019017914875813	0.0475447871895325	0.0247232893385569	0.0057053744627439	0	0	0	0.0931877828914838	0	0	0	0	0	0	0	0	0	0	0	0.0038035829751626	0	0.0057053744627439	0	0.2339203529725	0	0.038035829751626	0	0	0	0	0	0	0	0	0	0	0	0	0	0	0	0	0	0	0	0.0228214978509756	0.00760716595032521	0	0	0	0.391769046441748	0	0	0.0684644935529269	0	0	0	0	0	0	0.019017914875813	0	0	0	0	0	0	0.0589555361150203	0	0	0	0	0	0	0	0	0	0	0	1.37879882849644	0	0	0.0361340382640447	0	0	0	0	1.00034232246776	0.235822144460081	0	0	0	0	0	0.787341675858659	2.89262485261116	0	0.256741850823476	0	0	0	0	0	0	0	0	0	0	0	0	0	0	0.0285268723137195	0	0	0	0	0	0	0	0	0	0.0950895743790651	0.0114107489254878	0	0	0	0	0	0.945190369327907	0.133125404130691	0.247232893385569	0	0	0	0	0	0	0	0.0266250808261382	0	0	0	0	0	0	0	0	0	0	0	0.136928987105854	0	33.8613974363851	0	0	0	0	0.213000646609106	0	0	0.0912859914039025	0	0	0	0	0	0	0	0	0	0	0.566733863299228	0.0418394127267886	0	0.121714655205203	0	0.00950895743790651	0.0057053744627439	0.0513483701646951	0	0	0	0	0	0	0	0	0	0	0
SRR31465494	0	0	0	0	0	0	0	0	0	0	0	0	0	2.67902396640359	12.1768879878358	0	0	0	0	0	0	0	0	0	0	0	0	1.37571500977482	0	0	0	0	0	0	0	0	0	0	0	0	0	0	0	0	0	0	4.81319238288321	0.00362030265730215	0	0	0	0	0	0	0	0	0	0	0	0	0	0	0	0	0	0	0	0	0	0	0	0	0	0	0	0	0	0	0	0	0	0	0	0	0	0	0	0	0	0	0	0	0	0	0	1.52595757005286	0	0	0	0	0	0	0	0.141191803634784	0	0	0	0.722250380131779	4.46383317645355	0.284193758598219	2.72789805227717	0	5.92281514734632	0	0	0	0	0	1.53681847802476	0	0	0	0	0	0	0	0	0	0	0	0	5.68930562595033	0	0	0	0	0	0	0	0	0	0	0	0	0	0	0	0	0	0	0	0	0	0	0	0	0	0	0	0	0	2.24458764752733	0	0	0	0	0	0	0	0	0	0	2.70617623633336	0	0	0	0	0	0	0	0	0	0	0	0	0	0	0	0	1.32684092390124	0	0	0	0	0	0	0	0	0	0	0	0	0	0	0	0	0	0	0	0	0	0	1.23995366012599	0	0	0	0	0	0	0	0	0	0	0	0	0	0	0	0	0	0	0	0	0	0	0	0	0	0	0.532184490623416	0	0	0	0.537614944609369	0	0	0	0	0	0	0	0	0.257041488668453	0	0	0	0	0	0	0	0.0995583230758091	0	0	0	0	0	0	0	0	0	0	0	0	0	0	0	0	0	0	0	0	1.15849685033669	0	0	0	0	0	0	0	0	0	0	0	0	0	0	0	0	0	0	0	0	0	0	0	0	0	0.0289624212584172	0	0	0	0	0	0	0	0	0	0	0	0	0	0	0	0	0	0	0	0	1.74317572949099	0	0	0	0	0	0	0	0	0	0	0	0	0	0	0	0	0	0	0	21.4629643038158	0	1.90246904641228	0	11.9397581637825	0	1.00825429005865	0	0	0	0	0	0	0	0	0	0	0	0	0	0	0	0	0	0	0	0	0	0	0	0	0	7.74925783795525	0	0	0	0	0	0	0	0	0	0	0
SRR31465482	0	0.0521240552514986	0	0	0	0	0	0	0	0	0.0876631838320658	0	0	0	0	0	0	0	0.0568626057289075	0.0236927523870448	0	0	0	0	0	0	0.00947710095481792	0	0	4.45897599924183	0	0.499917075366645	0	0	0.594688084914824	0	0	0	0	11.5194162105812	0	0	0	0.0142156514322269	0.0924017343094747	0	0	0	0	0	0	0	0	0.618380837301869	0	0	0	7.89205582012462	0	0	0.270097377212311	0	0.369606937237899	0	0.244035349586561	0	0	0	0	0	0	0	0	0	0	0	0	0	0	0.916909517378634	0	0	0	0	0	0	0	0	0	0	0	0	0	0	0	0	0.0473855047740896	0	0	0	0	0	0	0	0	0	0	0	0	0	0	0	0	0	0	0	0.310375056270287	3.13455114080603	0	0	0	0	0.0781860828772478	0	0	0	0	0.45490084583126	0.0260620276257493	0	0	2.14893264150496	0	0	0	0.123202312412633	0	0	0	0.054493330490203	0	0	0	0	0	0.00710782571611344	0	0.123202312412633	0	8.75684128225176	0	0	0	0	0	0.0165849266709314	0	2.8004833321487	0	0	0	0	0	0	0	0	0	0	0	0	0	0	0	0	0	0.0260620276257493	1.77932570426706	0	1.35996398701637	0	0	0	0	0.00710782571611344	0	0	0.0118463761935224	0	0	0	0	0	0	0	0	0.144525789560973	0	0	0	0	0	0.00947710095481792	0	0.00710782571611344	0	0	0	0	1.01168052692681	0	0	0	0	0	0	0	0	0	0	0	0	0	0	0	0.11609448669652	0	0.0189542019096358	0	0	0	0	0	0	0	0	0	0.00236927523870448	0	0	0	0	0	0	0	0.0876631838320658	0	0.0165849266709314	0	0	0.547302580140735	0	1.1656834174426	0	0	0	0.267728101973606	0	0	0	0	0	0	0	0	0	0	0	0	0	0	0	0	0.0616011562063165	0	0	0	0	0	0	0	0.826877058307864	0	0	0	0	0	0	0.741583149714502	12.0051176345156	0	0	0	0	0	0	4.03961428199114	18.7859833676878	0	0	0	0	0	0	0	0	0	0	0	0	0	0	0	0	0.163479991470609	0	0	0	0	0	0	0	0.0568626057289075	0	0	0	0	0	0	0	0	0	0	1.04248110502997	0	0	0	0	0.585210983960007	0	0	0	0	0	0	0.0118463761935224	0	0	0	0	0	0.00236927523870448	0	0.00236927523870448	0	7.05807093610065	0	0.0402776790579762	0	0	0.841092709740091	0	0	0	0	0	0	0	0	0	0	0	0	0	0	0	0	0	0	0	0	0.291420854360651	0.0924017343094747	0	0.969033572630132	0	0	0	0	0	0	0	0
SRR31465495	0	0	0	0.03124755878447	0	0	0	0	0	0	0.0468713381767049	0	0	0	0	0	0	0	0	0.00781188969611749	0	0	0	0	0	0.0117178345441762	0	0	0	0	0	0	0	0	0	0	0	0	0.0195297242402937	4.89024294976955	0	0	0.00781188969611749	0	0	0	0	0	0	0	0	0	0	0	0	0	0	0.03124755878447	0	0	0	0	0	0	0	0	3.51535036325287	0	7.49550816342473	0	0	0	0	0	0	0	0	0	0	0	0	0	0	0	0	0	0	0	0	0	0	0	0	0	0	0	0	0	0	0	0	0	0.00781188969611749	33.1692836497149	0	0	0	0	0	0	0	0	0	0	0.214826966643231	0	0	0.179673463010702	0	0	0	0	0	0	0.0195297242402937	0	0	0	0	0.183579407858761	0	1.81235840949926	0	0	0	0.410124209046168	0.355440981173346	0	0	0	0	0	0.015623779392235	0	0	0	0	5.92141238965706	0	9.24927740020311	0	0	0	0	0	0.00781188969611749	0	0	0	0	0	0	0	0	0	0	0	0	0.0624951175689399	0	0	0	0	0	0	0	0.324193422388876	0	0	0	0	0	0	0	0.03124755878447	0	0	0	0	0	0	0	0.613233341145223	0	0	0	0	0	0	0	0	0	0	0	0	0.0234356690883525	0	0	0.421842043590344	0	0	0	0	0	0	0	0	0	0	0	0	0	0	0	0	0	0	0	0	0	0.00390594484805875	0	0	0	0	0	0	0	0	0	0	0	0	0	0.34372314662917	0	0	0	0	0	0	0.421842043590344	0	0	0	0.628857120537458	0	0	0	0	0	0	0	0	0	0	0	0	0	0.0742129521131162	0	0	0.00390594484805875	0	0	0	0	0	0	0	0	0	0	0	0	0	0	0.0273416139364112	9.36645574564487	0	0	0	0	0	0	0.570267947816577	0.171861573314585	0	0	0	0	0	0	0	5.38239200062495	0	0	0	0	0	0	0	0	0	0	0	0	0	0	0	0	0	0	0	0	0	0.160143738770409	0	0	0	0.03124755878447	0	1.35145691742833	0	0	0	0	0.00390594484805875	0	0	0	0	0	0	0	0	0	0.0117178345441762	0	0	0	0	11.034294195766	0	0.214826966643231	0	0	0	0	0	0	0	0	0.394500429653933	0	0	0	0	0	0	0	0	0	0	0	0	0	0	0	0	0.593703616904929	0.128896179985939	0	0	0	0	0	0	0	0	0	0
SRR31465483	0	0	0	0	0	0	0	0	0	0	0	0	0	3.6604526731496	14.6524268546435	0	0	0	0	0	0	0	0	0	0	0	0	0	0	0	0	0	0	0	0	0	0	0	0	0	0	0	0	0	0	0	0	0	0	0	0	0	0	0	0	0	4.17427491613232	0	0	0	0	0	0	0	0	0	0	0	0	0	0	0	0	0	0	0	0	0	0	0	0	0	0	0	0	0	0	0	0	0	0	0	0	0	0	0	0	0	0	0	0	0	0	0	0	0	0	1.76865259671324	0	1.34400611490934	0	0	0	0	0	0	0	0	0	0	0	0	0	0	0	0	0	0	0	0	0	12.0153722026413	0	0	0	0	0	0	0	0	0	0	0	0	0	0	0	0	0	6.26778207142554	0	0	0	0	0	0	0	0	0	0	0	0	0	0	0	0	0	0	0	0	0	0	0	0	0	0	0	0	0	0	0	0	0	0	0	0	0	0	0	0	0	0	0	0	0	0	0	0	0	0	0	0	0	0	0	0	0	0	0.690050532931335	0	0	0	0	0	0	0	0	0	0	0	0	0	0	0	0	0	0	0	0	0	0	0	0	0	3.39504862202217	0	0	0	0	2.39712938978301	0.615737398615652	0	0	0	0	0	0	0	0	0	0	0	0	0	0	0	0	0	0	0	0	0	0	0	0	0	0	0	0	0	0	0	0	0	0	0	0	0	0	0	0	0	0	0	0	0	0	0	0	0	0	0	0	0	0	0	0	0	0	0	0	3.97469106968449	0	0	0	0	0	0.0891757611788186	0	0	0	0	0	0	0	0	0	0	0	0	0	0	0	0	0	0	0	0	0	0	0	0	0	0	0	0	0	0	0	0	0	0	0	0	0	0	0	0	27.8377001146546	0	0	0	13.9050490466686	0	2.98738799949042	0	0	0	0	0	0	0	0	0	0	0	0	0	0	0	0	0	0	0	0	0	0	0	0	0	0.225062635356066	0	0	0	0	0	0	0	0	0	0	0
SRR31465504	0	0	0	0	0	0	0	0	0	0	0	0	0	0	0	0	0	0	0	0	0	0	0	0	0	0	0	0	0	0	0	0	0	0	0	0	0	0	0	0	0	0	0	0	0	0	0	0	0	0	0	0	0	0	0	0	0	0	0	0	0	0	0	0	0	0	0	0	0	0	0	0	0	0	0	0	0	0	0	0	0	0	0	0	0	0	0	0	0	0	0	0	0	1.0979839382755	0	0	0	0	0	0	0	0	0	0	0	0	0	0	0	7.88063134076451	0	0	0	0	0	0	0	0	0	0	0	0	0	0	38.6353098280691	0	0	0	0	0	0	26.7615037928668	0	0	0	0	0	0	0	0	0	0	0	0	0	0	0	0	0	0	0	0	0	0	0	0	0	0	0	0	0	0	0	0	0	0	0	0	0	0	0	0	0	0	0	0	0	0	0	0	0	0	2.34990819222138	0	0	0	0	0	0	0	0	0	0	0	0	0	0	0	0	0	0	0	0	0	0	0	0	0	0	0	0	0	0	0	0	0	0	0	0	0	0	0	0	0	0	0	0	0	0	0	0	0	0	0	0	0	0	0	0	0	0	0	0	0	0	1.30200122410371	0	0	0	0	0	0	0	0	0	0	0	0	0	0	0	0	0	0	0	0	0	0	0	0	0	0	0	0	0	0	0	0	0	0	0	5.64756941224475	0	0	0	0	0	0	0	0	0	0	0	0	0	0	0	0	0	0	0	0	0	0	0	0	0	0	0	0	0	0	0	0	0	0	0	0	0	0	0	0	0	0	0	0	0	0	0	0	0	0	0	0	0	0	0	0	0	0	0	0	0	0	0	0	4.49950850381141	0	0	0	0	0	0.00741881039375336	0	11.80518203906	0	0	0	0	0	0	0	0	0	0	0	0	0	0	0	0	0	0	0	0	0	0	0	0	0	0.0129829181890684	0	0	0	0	0	0	0	0	0	0	0
SRR31465508	0	0	0	0	0	0	0	0	0	0	0	0	0	0	0	0	0	0	0	0	0	0	0	0	0	0	0	0	0	0	0	0	0	0	0	0	0	0	0	0	0	0	0	0	0	0	0	0	0	0	0	0	0	0	0	0	0	0	0	0	0	0	0	0	0	0	0	0	0	0	0	0	0	0	0	0	0	0	0	0	0	0	0	0	0	0	0	0	0	0	0	0	0	0	0	0	0	0	0	0	0	0	0	0	0	0	0	0	0	12.3427548818359	0	0	0	0	0	0	0	0	0	0	0	0	0	0	0	0	0	0	0	0	0	82.4815341158307	0	0	0	0	0	0	0	0	0	0	0	0	0	0	0	0	0	0	0	0	0	0	0	0	0	0	0	0	0	0	0	0	0	0	0	0	0	0	0	0	0	0	0	0	0	0	0	0	0	0	0	0	0	0	0	0	0	0	0	0	0	0	0	0	0	0	0	0	0	0	0	0	0	0	0	0	0	0	0	0	0	0	0	0	0	0	0	0	0	0	0	0	0	0	0	0	0	0	0	0	0	0	0	0	0	0	0	0	0	0	0	0	0	0	0	0	0	0	0	0	0	0	0	0	0	0	0	0	0	0	0	0	0	0	0	0	0	0	0	0	0	0	0	0	0	0	0	0	0	0	0	0	0	0	0	0	0	0	0	0	0	0	0	0	0	0	0	0	0	0	0	0	0	0	0	0.00701791322350299	0	0	0	0	0	0	0	0	0	0	0	0	0	0	0	0	0	0	0	0	0	0	0	0	0	0	0	0	0	0	0	0	0	0	0	0	0	0	0	0	0	0	0	0	5.12834008807481	0	0	0	0	0	0	0	0	0	0	0	0	0	0	0	0	0	0	0	0	0	0	0	0	0	0	0	0.0403530010351422	0	0	0	0	0	0	0	0	0	0	0
SRR31465487	0	0	0	0.0792292577803131	0	0	0.348608734233378	0.0190150218672751	0	0.0760600874691006	0	0	8.15110604043861	0	0	0	0	0	0	0.0728909171578881	0	0	0	0	0	0.386638777967928	0	0	0	0	0	0.161627685871839	0	0.776446726247069	0	0	0.342270393610953	0	0.307409520187615	4.91538315269063	0	0	0.0190150218672751	0	0	0	0	0	0	0	0	0	0	0.136274323382139	0	0	0	0.985611966787095	0	0	0	0.747924193446156	0	0	1.5940926665399	0	0	0	0	0	0	0	0	0.0316917031121252	0	0	0	0	0	0.0316917031121252	0.066552576535463	0	0	0	0	0	0	0	0.763770045002218	0	0	0	0	0	0	0	0.0190150218672751	0.884198516828294	0	0	0	0	0.507067249794004	0.795461748114344	0.0190150218672751	0	0	0	0	0	0	0	0	0	0	0	0	1.73670533054446	0	0	0.0633834062242505	0	0	0	0	0	0	0	0.123597642137288	0	0	0.706724979400393	0	0	0.0507067249794004	0.139443493693351	0	1.75572035241174	0.0728909171578881	0	0	0	0.0316917031121252	0.0190150218672751	0	0.00950751093363757	0	3.04874183938645	0	28.6492996133612	0	0	0	0	0	0	0	0	0	0	0	0	0.199657729606389	0	0	0	0	0	0	0	0	0	0	0	0	0.0475375546681879	4.6048044621918	0	0	0	0	0	0	0	0.513405590416429	0	0	0	0	0	0	0	0	0	0	0	0	0	0	0	0.060214235913038	0.00316917031121252	0	0	0	0.00633834062242505	0.256702795208214	0.155289345249414	1.48634087595867	0	0.196488559295177	0.26304113583064	0	0.789123407491919	0	0	0	0	0	0	0.0158458515560626	0	0	0	0.304240349876402	0	0	0	0	0	0.101413449958801	0	0	0	0	0	0	0	0	0	0	0	0	0	0.101413449958801	0	0.152120174938201	0.0126766812448501	0	0	0	1.04899537301135	0	0	0.205996070228814	0.0221841921784877	0	0	0	0	0	0.133105153070926	0	0	0	0	0	0	0.060214235913038	0	0	0	0.0253533624897002	0	0	0	0	0	0	0	0.27571781707549	0	0.0443683843569753	0.126766812448501	0	0	0.266210306141852	0.570450656018254	10.8512391455917	0.411992140457628	0	0	0	0	0	0.307409520187615	5.29885276034734	0	0.798630918425556	0	0	0	0	0	0	0	0	0	0	0	0	0	0	0.0158458515560626	0	0	0	0	0	0	0	0	0	0	0.0570450656018254	0	0	0	0	0	1.0363186917665	0	0.110920960892438	0	0	0	0	0.00633834062242505	0.291563668631552	0	0.0760600874691006	0	0	0	0	0	0	0	0	0	0	0	2.16137415224694	0	1.6955061164987	0	0	0.00950751093363757	0	0.348608734233378	0.497559738860366	0	0	0	0	0	0	0	0	0	0	0	0	2.84274576915763	0.0380300437345503	0	0.30107117956519	0	0	0	1.79058122583508	0.205996070228814	0	0	0	0	0	0	0.152120174938201	0	0	0
SRR31465491	0	0.129240195296295	0.00638223186648371	0.00957334779972556	0	0	0.00159555796662093	0	0	0	0	0	0	0	0	0	0	0	0	0.169129144461818	0	0	0	0	0	0	0.242524810926381	0	0	0.307942687557839	0	0.681303251747136	0	0	0	0	0	0	0.0303156013657976	4.76593164629671	0	0	0.0255289274659348	0	0	0	0	0	0	0.105306825796981	0	0	0	0	0	0	0	10.0966908127772	0.0941379200306347	0	0	0.0175511376328302	0.167533586495197	0	0.065417876631458	0	0	0	0.00478667389986278	0	0	0	0	0.0574400867983534	0	0.0765867823978045	0	0	0	1.25410856176405	0.00319111593324185	0	0	0	0	0	0	0	0.157960238695472	0	0	0	0	0	0.0622267606982162	0	0.135622427162779	0.0351022752656604	0	0	0.370169448256055	0	0	0.132431311229537	0	0	0	0	0	0	0	0	0	0	0	0	0.384529469955643	0.987650381338354	0	0	0.0255289274659348	0	0.138813543096021	0.105306825796981	0.00319111593324185	0	0	0.564827520183808	0.00159555796662093	0	0	30.8596866324154	0.0303156013657976	0	0.0542489708651115	0.529725244918148	0.134026869196158	0.0351022752656604	0.0606312027315952	0	0	0	0.0366978332322813	0	0	0.30953824552446	0	3.82614800395698	0	0.0382933911989023	0	0	0.0271244854325558	0	0	0.0558445288317325	0.00957334779972556	1.17592622139962	0	0	0	0.456329578453585	0.0366978332322813	0	0.044675623065386	0	0	0	0.170724702428439	0	0	0.0590356447649743	0	0	0	0	0.317516035357565	0.0845645722309091	1.39611322079331	0	0	0	0	0.0111689057663465	0.0542489708651115	0	0	0	0	0	0	0	0	0	0	0.135622427162779	0.00957334779972556	0	0	0	0	0	0	0.0351022752656604	0	0.00319111593324185	0	0	0.269649296358937	0	0	0	0	0	0	0	0	0	0	0	0	0	0	0	6.20512493218879	0	0	0.0335067172990395	0	0	0.0542489708651115	0	0	0	0	0	0	0	0	0	0	0	0	0	0.0733956664645627	0	0.0255289274659348	0	0	0	0	0.00319111593324185	0	0	0.0175511376328302	0	0	0	0	0	0	0.151578006828988	0	0.0239333694993139	0	0	0	0	0.823307910776398	0	0.0590356447649743	0	0.0143600216995883	0	0	0	0	0	0	0	1.09295720713534	0	0	0	1.88594951654594	0	0	0.523343013051664	6.24501388135431	0.711618853112934	0.1372179851294	0	0	0	0	10.0137217985129	0.102115709863739	0	0	0	0	0.00638223186648371	0	0	0	0.0175511376328302	0	0	0	0	0	0.0127644637329674	0	0.0558445288317325	0	0	0	0	0	0	0	0	0	0.156364680728851	0	0	0	0	0	0	0.2744359702588	1.57002903915499	2.18910553020391	0	0	0	0	0.443565114720618	0	0	0	0	0	0	0	0	0	0.591952005616364	0	0	0	0	0	0	1.17113954749976	0	0	0	0	0.465902926253311	0.239333694993139	0	0.0159555796662093	0	0	0.0670134345980789	0	0.142004659029263	0	0	0	0.0191466955994511	0	0.156364680728851	0	0.194658071927753	0.201040303794237	0	0	0	1.48227335099084	0.311133803491081	0	0	0	0	0	0.335067172990395	0	0	0	0
SRR31465496	0	0	0	0.00216698810323531	0.0173359048258825	0	0	0	0	0.0541747025808828	0.0303378334452944	0	0	0	0	0	0	0	0	0.00866795241294125	0	0	0	0	0	0.0975144646455891	0.0195028929291178	0	0	0	0	0.197195917394414	0	0	5.54315556807593	0	0	0	0.0606756668905888	8.89982013998743	0	0.0801785598197066	0.0130019286194119	0	0	0	0	0	0	0	0	0	0	1.35436756452207	0	0	0	4.69369623160769	0.0238368691355884	0	0	0.496240275640887	0.231867727046179	0	0.569917871150887	0	0	0	0	0	0	0	0	0	0.0260038572388238	0	0	0	0	5.02524541140269	0	0	0	0	0	0	0	0	0.00433397620647063	0	0	0	0	0	0	0	0.00866795241294125	0.119184345677942	0	0	0	0	0.0390057858582356	0.862461265087655	0	0	0	0	0	0	0	0	0	0	0	0	0.0606756668905888	3.96558822892062	0	0	0.199362905497649	0	0	0	0	0	0.990313563178538	0.0455067501679416	4.04576678874033	0	0.0498407263744122	4.31013933733504	0	0	0	2.04780375755737	0	0.845125360261772	0	0	0	0	0.00866795241294125	0	0	0.13868723860706	0	2.46819944958502	0	5.02524541140269	0	0	0.0130019286194119	0	0	0.00866795241294125	0.034671809651765	6.2409257373177	0	0	0	0	0.0823455479229419	0	0	0	0	0	0	0	0	0	0	0	0	0.0910135003358832	5.5106507465274	0	0	0	0	0	0	0	0.00650096430970594	0	0	0.0715106074067653	0	0	0.418228703924415	0	0	0	0	0.0281708453420591	0.0108349405161766	0	0	0	0.00650096430970594	0.034671809651765	0.00866795241294125	0.0151689167226472	0	0.420395692027651	0	0.00216698810323531	0.292543393936767	0	0	0	0	0.0823455479229419	0	0	0	0	0	0	0	0	0	0	0.151689167226472	0	0.559082930634711	0	0	0	0	0	0	0	0	0	0	0	0	0	0	0	0	0	2.13665026979002	0	0.0476737382711769	0	0	0	0	0	0	0	0.0195028929291178	0	0	0	0	0	0	0.00650096430970594	0	0	0	0	0	0	0.0476737382711769	0	0	0	0.0628426549938241	0.0130019286194119	0	0	0	0.00433397620647063	0	0	0.487572323227945	0	0.041172773961471	0	0	0	0	0.0931804884391185	9.40906234424773	0	0.0563416906841181	0	0	0	0	2.65022645025679	8.2475567209136	0	1.5277266127809	0	0	0	0	0	0	0	0	0	0	0	0	0	0	0.136520250503825	0	0	0	0	0	0	0	0.0520077144776475	0	0.00433397620647063	0.0780115717164713	0	0	0	0	0	0.385723882375886	0.00216698810323531	1.93945435239561	0	0	0	0	0	0	0	0	0	0	0	0.108349405161766	0	0	0	0	0	0	0	0.0130019286194119	0	3.22231130951091	0	0	0	0.0866795241294125	0.500574251847357	0	0	0	0	0	0	0	0.00433397620647063	0	0	0	0	0	0.212364834117061	0	0	0	0	0	0	1.44104708865148	0.149522179123237	0	0	0	0	0	0	0	0	0	0.0433397620647063
SRR31465499	0	0	0	0.0531316414551819	0	0	0.0156269533691711	0.0109388673584198	0	0	0.0640705088136017	0	0.126578322290286	0	0	0	0	0	0	0.156269533691711	0	0	0	0	0	2.07525940742593	0.0109388673584198	0	0	0.040630078759845	0	0.212526565820728	0	0	0	0	0	0	1.29859982497812	2.30653831728966	0	0	0.329728716089511	0.284410551318915	0	0	0	0	0	0.0328166020752594	0	0	0.121890236279535	0.0453181647705963	0	0	0	17.9569321165146	0	0	0	0	0.598512314039255	0	3.20665083135392	0	0	0	0	0	0	0	0	0	0	0.357857232154019	0.0890736342042755	0	0	1.42361545193149	0.00312539067383423	0	0	0	0	0	0	0	0.0218777347168396	0	0	0	0	0	0.0187523440430054	0	0.0562570321290161	0	0	0	0	0	0.095324415551944	0.110951368921115	0	0	0	0	0	0	0	0	0	0	0	0	0	1.03919239904988	0	0	0.784473059132392	0	0.865733216652081	0.00468808601075134	0	0	0	0.132829103637955	0.0125015626953369	0	0	29.7849731216402	0	0	0.135954494311789	0.0828228528566071	0	3.83016627078385	0	0	0.0703212901612702	0	0.0468808601075134	0.00937617202150269	0	0	0	0	0	12.651581447681	0	0	0.0390673834229279	0	0	0	0.818852356544568	0	0	0	0.0156269533691711	0	1.25953244155519	0	0	0	0	0.00937617202150269	0	0	0	0	0	0	0	0	0.506313289161145	0	0.00156269533691711	0	0	0	0	0.0859482435304413	0.0234404300537567	0	0	0	0	0	0	0	0	0	0	0.135954494311789	0.0437554694336792	0	0	0	0.0593824228028504	0.153144143017877	0.306288286035754	0	0	0.00312539067383423	0	0.00937617202150269	0.18439804975622	0	0	0	0	0	0	0	0	0	0	0	0.0734466808351044	0	0.0625078134766846	0	0.431303912989124	0	0	0.143767970996375	0	0	0	0	0	0	0	0	0	0	0	0	0	0	0	0	0.00781347668458557	0	0	0	0	0	0	2.22684085510689	0	0	0.107825978247281	0.15158144768096	0	0	0	0	0	0.178147268408551	0	0	0	0	0	0	0.603200400050006	0	0	0	0.0296912114014252	0	0	0	0	0	0	0	0	0	0	0	0	0	0	0.0468808601075134	5.69289911238905	0	0	0	0	0	0	0.121890236279535	1.54863107888486	0	0.0843855481935242	0	0	0	0	0	0	0	0	0	0	0	0	0	0	0	0	0	0	0	0	0	0	0	0	0	0.382860357544693	0	0	0	0	0	0.48756094511814	0.0265658207275909	0.23284160520065	0	0	0	0	0.0484435554444306	0	0.121890236279535	0	0	0	0	0	0	0	0	0	0	0	0	0.0125015626953369	0	0.912614076759595	0	0	0	0	0.506313289161145	0	0	0	0	0	0.0234404300537567	0	0	0	0	0	0	0	0.356294536817102	0.0671958994874359	0	0.245343167895987	0	0	0	0.754781847730966	0.0328166020752594	0	0.0468808601075134	0	0	0	0	0	0	0	0
SRR31465501	0	0	0	0.0704512588527569	0.270681152434276	0.00370796099225036	0	0	0	0	0	0	0.782379769364826	0	0.00370796099225036	0	0	0	0	0.0333716489302533	0	0	0	0	0	0.126070673736512	0.00741592198450072	0	0	1.13463606362861	0	0.734176276465571	0	0	0	0	0	0	0.252141347473025	6.07734806629834	0	0	0.170566205643517	0	0	0	0	0	0	0	0	0	0	0.0259557269457525	0	0	0	2.37309503504023	0.341132411287033	0	0	0	0.226185620527272	0	1.0382290778301	0	0	0	2.35455523007898	0	0	0	0.0667432978605065	0.155734361674515	0.0667432978605065	0	0.0370796099225036	0	0	0.20022989358152	0	0	0	0	0	0	0	0	0.122362712744262	0	0	0	0	0	0	0	0.118654751752012	0.404167748155289	0	0	0	0	0.10011494679076	27.0866550483889	0	0	0	0	0	0	0	0.0222477659535022	0	0	0.737884237457822	0	0	0.30776076235678	0	0	0.622937446698061	0	0	0.00741592198450072	0	0	0	0.0482034928992547	0.00741592198450072	0	0.196521932589269	4.35314620490192	0	0	0.292928918387779	0.0519114538915051	0	1.60925507063666	0	0	0.0222477659535022	0	0.0259557269457525	0.0296636879380029	0	0	0	1.13092810263636	0	20.6644666098113	0	0	0	0	0	0.0630353368682561	0.578441914791056	0.0296636879380029	0	0	0	0	0.604397641736809	0	0	0	0	0	0	0	0	0	0	0	0.0222477659535022	0.20393785457377	0.114946790759761	0	0	0	0	0	0	0	0.0704512588527569	0	0.0111238829767511	0	0	0	0	0	0	0	0	0.0519114538915051	0.0630353368682561	0	0	0	0.0482034928992547	0.381919982201787	0.248433386480774	0.148318439690014	0	0.0148318439690014	0.0185398049612518	0	0.0630353368682561	0	0	0	0	0	0	0	0	0	0	0	0.163150283659016	0	0	0	0.222477659535022	0	0	0.0185398049612518	0	0	0	0	0	0	0	0	0	0	0	0	0	0	0	0	0.0370796099225036	0	0.0148318439690014	0.0333716489302533	0	0	0	0.0111238829767511	0	0	0.10753086877526	0.189106010604768	0	0	0	0	0	0.0259557269457525	0	0	0	0	0	0	0.233601542511773	0	0	0	0.0333716489302533	0	0	0	0	0	0	0	0.5154065779228	0	0	0	0	0	0	0.0444955319070043	6.6780377470429	0.0222477659535022	1.48689235789239	0	0	0	0	1.28666246431088	1.33115799621788	0	0	0	0	0	0	0	0	0	0	0.0370796099225036	0	0	0	0	0	0	0	0	0	0	0	0	0	0	0	0	0.170566205643517	0	0	0	0	0	1.26441469835737	0.00370796099225036	0.133486595721013	0	0	0	0	0.0296636879380029	0	0	0	0	0	0	0.122362712744262	0	0	0	0	0	0	0	4.56449998146019	0	0.418999592124291	0	0	0	0	0.352256294263784	0	0	0	0.0370796099225036	0	0	0	0	0	0	0	0	0	1.15688382958211	0.318884645333531	0	0.259557269457525	0	0	0	1.36823760614038	0	0	0	0	0	0	0	0	0.0556194148837554	0	0
SRR31465503	0	0	0	0	0	0	0	0	0	0	0	0	0	0	0.00339120998372219	0	0	0	0	0	0	0	0	0	0	0	0	0	0	0.00508681497558329	0	0	0	0	0	0	0	0	0	0	0	0	0	0	0	0	0.0118692349430277	0	0	0	0	0	0	0	0	0	0	0.0016956049918611	0	0	0	0	0	0	0	0.00678241996744438	0	0	0	7.7709576776994	0	0	0	0	0	0	0	0	0	0	0	0	0	0	0	0	0	0	0	0	0	0	0	6.9299376017363	0	0	0	0	0	0	0	0	0	0	0	0	0	0	0.0016956049918611	3.05378459034183	0	0	0	0	0	0	0	0	0	0	0	0	0	0	23.0907487791644	0	0	0	0	0	0	35.7857433532284	0	0	0	0	0	0	0	0	0	0	0	0	0	0	0	0	0	0	0	0	0	0	0	0	0	0	0	0	0	0	0	0	0	10.0108518719479	0	0	0	0	0	0	0	0	0	0	0	0	0	0	0	0	0	0	0	0	0	0	0	0	0	0	0	0	0	0	0	0	0	0	0	0	0	0	0	0	0	0	0	0	0	0	0	0	0.00678241996744438	0	0	0	0	0	0	0	0	0	0	0	0	0	0	0	0	0	0	0	0	0	0	0	0	5.00373033098209	0	0	0	0	0	0	0	0	0	0	0	0	0	0	0	0	0	0	0	0	0	0	0	0	0	0	0	0	0	0	0	0	0	0	0	0	0	0	0	0	0	0	0	0	0	0	0	0	0.0016956049918611	0	0	0	0	8.13890396093326	0	0	0	0	0	0	0	0	0	0	0	0	0	0.00678241996744438	0	0	0	0	0	0	0	0	0	0	0	0	0	0	0	0	0	0	0	0	0	0	0	0	0	0	0	0	0	0	0	0	0	0	0	0	0	0	0	0	0.0101736299511666	0	0	0	0.105127509495388	0	0	0	0	0	0	0	0	0	0	0	0	0	0	0	0	0	0	0	0	0.00339120998372219	0	0	0	0	0	0	0.0508681497558329	0	0	0	0	0	0	0	0	0	0	0
SRR31465505	0	0	0	0	0	0	0	0	0	0	0	0	0	0	14.2833283228112	0	0	0	0	0	0	0	0	0	0	0	0	3.44389885426061	0	0	0	0	0	0	0	0	0	0	0	0	0	0	0	0	0	0	18.2449811270334	0	0	0	0	0	0	0	0	0	0	0	0	0	0	0	0	0	0	1.87059491599025	0	7.644386545078	0	0	0	0	0	0	0	0	0	0	0	0	0	0	0	0	0	0	0	0	0	0	0	0	0	0	0	0	0	0	4.80509069044995	0	0	0	0	0.795002839295855	0	0	0	0	0	0	0	0	0	0	0	0	0	0	0	0	0	0	0	0	0	0	0	0	0	0	0	6.28152453485653	0	0	0	0	0	0	0	0	0	0	0	0	0	0	0	0	0	0.00167017403213415	0	0	0	0	0	0	0	0	0	0	0	0	0	0	0	0	0	0	0	0	0	0	0	0	0	0	0	0	0	0	0	0	0	0	0	0	0	0	0	0	0	0	0	0	0	0	0	0	0	0	0	0	0	0	0	4.56458562982263	0	0	0	0	0	0	0	0	0	0	0	0	0	0	0	0	0	0	0	0	0	0	0	0	0	0	0	0	0	0	0	1.16077095233323	0	0.577880215118415	0	0	0	0	0	0	0	0	0	0	0	0	0	0	0	0	0	2.28980859805592	0	0	0	0	0	0	0	0	0	0	0	0	0	0	0	0	0	0	0	0	0	0	0	0	0	0	0	0	0	0	0	0	0	0	0	0	0	1.9858369242075	0	0	0	0	0	4.29568761064903	0	0	0	0	0	0.0617964391889635	0	0	0	0	0	0	0	0	0	0	0	0	0	0	0	0	0	0	0	0	0	0	0	0	0	0	0	0	0	0	0	0	0	0	0	0	0	0	0	0	21.065905067308	2.43678391288372	3.92490897551525	0	0	0	0	0	0	0	0	0	0	0	0	0	0	0	0	0	0	0	0	0	0	0	0	0	0	0	0	0	0.26555767110933	0	0	0	0	0	0	0	0	0	0	0
SRR31465506	0	0	0	0	0	0	0	0	0	0	0	0	0	0	0	0	0	0	0	0	0	0	0	0	0	0	0	0	0	0	0	0	0	0	0	0	0	0	0	0	0	0	0	0	0	0	0	0	0	0	0	0	0	0	0	0	0	0	0	0	0	0	0	0	0	0	0	0.012801638609742	0	0	0	0	0	0	0	0	0	0	0	0	0	0	0	0	0	0	0	0	0	0	0	0	0	0	0	0	0	0	0	0	0	0	0	0.00213360643495701	0	0	0	0	0	9.22358061831915	0	0	0	0	0	0	0	0	0	0	0	0	0	0	23.7982461755105	0	0	0	0	0	0	39.057799398323	0	0	0	0	0	0	0	0	0	0	0	0	0	0	0	0	0	0	0	0	0	0	0	0	0	0	0	0	0	0	0.00213360643495701	0	0	0	0	0	0	0	0	0	0	0	0	0	0	0	0	0	0	0	0	0	0	0	0	0	0	0	0	0	0	0	0	0	0	0	0	0	0	0	0	0	0	0	0	0	0	0	0	0	0	0	0	0	0	0	0	0	0	0	0	0	0	0	0	0	0	0	0	0	0	0	0	0	0	0	0	4.70246858264525	0	0	0	0	0	0	0	0	0	0	0	0	0	0	0	0	0	0	0	0	0	0	0	0	4.7046021890802	0	0	0	0	0	0	0	0	0	0	0	0	0	0	0	0	0	0	0	0	0	0	0	0	0	0	0	0	0	0	0	0	0	0	0	0	0	0	0	0	0	0	0	0	0	0	0	0	0	0	0	0	0	0	0	0	0	0	0	0	0	0	0	0	0	0	0	0	0	0	0	0	0	0	0	0	0	0	0	0	0	0	0	0.00640081930487102	0	0	0	0.0853442573982803	0	18.363950585675	0	0	0	0	0	0	0	0	0	0	0	0	0	0	0	0	0	0	0	0	0	0	0	0	0	0.0405385222641831	0	0	0	0	0	0	0	0	0	0	0
SRR31465507	0	0	0	0	0	0	0	0	0	0	0	0	0	0	0	0	0	0	0	0	0	0	0	0	0	0	0	0	0	0	0	0	12.4328501686992	0	0	0	0	0	0	0	0	0	0	0	0	0	0	0	0	0	0	0	0	0	0	0	0	0	0	0	0	0	0	0	0	0	0	0	0	0	0	0	0	0	0	0	0	0	0	16.4382787024296	0	0	0	0	0	0	0	0	0	0	0	0	0	0	0	0	0	0	0	0	0	0	0	0	0	0	0	0	0.0018849075452849	3.36644487587884	0	0	0	0	0	0	0	0	0	0	0	0	0	0	23.519876350065	0	0	0	0	0	0	36.2034192222871	0	0	0	0	0	0	0	0	0	0	0	0	0	0	0	0	0	0	0	0	0	0	0	0	0	0	0	0	0	0	0	0	0	0	0	0	0	0	0	0	0	0	0	0	0	0	0	0	0	0	0	0	0	0	0	0	0	0	0	0	3.96207566018887	0	0	0	0	0	0	0	0	0	0	0	0	0	0	0	0	0	0	0	0	0	0	0	0	0	0	0	0	0	0	0	0	0	0	0	0	0	0	0	0	0	0	0	0	0	0	4.04878140727197	0	0	0	0	0	0	0	0	0	0	0	0	0	0	0	0	0	0	0	0	0	0	0	0	0	0	0	0	0	0	0	0	0	0	0	0	0	0	0	0	0	0	0	0	0	0	0	0	0	0	0	0	0	0	0	0	0	0	0	0	0	0	0	0	0	0	0	0	0	0	0	0	0	0	0	0	0	0	0	0	0	0	0	0	0	0	0	0	0	0	0	0	0	0	0	0	0	0	0	0	0	0	0	0	0	0	0	0	0	0	0	0	0	0	0	0	0	0	0	0	0	0	0	0	0	0	0	0	0	0	0	0	0	0	0	0	0	0	0	0	0.0263887056339887	0	0	0	0	0	0	0	0	0	0	0
SRR31465416	0	0	0	0	0	0	0	0	0	0	0	0	0	0	0	0	0	0	0	0	0	0	0	0	0	0	0	0	0	0	0	0	0	0	0	0	0	0	0	0	0	0	0	0	0	0	0	0	0	0	0	0	0	0	0	0	0	0	0	0	0	0	0	0	0	0	0	0	0	0	0	0	0	0	0	0	0	0	0	0	0	0	0	0	0	0	0	0	0	0	0	0	0	0.00192281808218124	0	0	0	0	0	0	0	0	0	0	0	0	0	0	8.4892418328302	5.57040398407907	0	0	0	0	0	0	0	0	0.0192281808218124	0	0	0	0	0	55.7982579268175	0	0	0	0	0	0	29.9882708096987	0	0	0	0	0	0	0	0	0	0	0	0	0	0	0	0	0	0	0	0	0	0	0	0	0	0	0	0	0	0	0	0	0	0	0	0	0	0	0	0	0	0	0	0	0	0	0	0	0	0	0	0	0	0	0	0	0	0	0	0	0	0	0	0	0	0	0	0	0	0	0	0	0	0	0	0	0	0	0	0	0	0	0.00192281808218124	0	0	0	0	0	0	0	0	0	0	0	0	0	0	0	0	0	0	0	0	0	0	0	0	0.0307650893148999	0	0	0	0	0	0	0	0	0	0	0	0	0	0	0	0	0	0	0	0	0	0	0	0	0	0	0	0	0	0	0	0	0	0	0	0	0	0	0	0	0	0	0	0	0	0	0	0	0	0	0	0	0	0	0	0	0	0	0	0	0	0	0	0	0	0	0	0	0	0	0	0	0	0	0	0	0	0	0.00576845424654373	0	0	0	0	0	0	0	0	0	0	0	0	0	0	0	0	0	0	0	0	0	0	0	0	0	0	0	0	0	0	0	0	0	0.0499932701367124	0	0	0	0	0	0	0	0	0	0	0	0	0	0	0	0	0	0	0	0	0	0	0	0	0	0	0	0.0442248158901686	0	0	0	0	0	0	0	0	0	0	0
SRR31465421	0	0	0	0	0	0	0	0	0	0	0	0	0	0	0	0	0	0	0	0	0	0	0	0	0	0	0	0	0	0	0	0	0	0	0	0	0	0	0	0	0	0	0	0	0	0	0	0	0	0	0	0	0	0	0	0	0	0	0	0	0	0	0	0	0	0	0	0	0	0	0	0	0	0	0	0	0	0	0	0	0	0	0	0	0	0	0	0	0	0	0	0	0	0	0	0	0	0	0	0	0	0	0	8.84260263735204	0	0	0	0	17.0101974397917	13.1674742653263	0	0	0	0	0	0	0	0	0	0	0	0	0	0	18.3770883054893	0	0	0	0	0	0	34.868976157759	0	0	0	0	0	0	0	0	0	0	0	0	0	0	0	0	0	0	0	0	0	0	0	0	0	0	0	0	0	0	0	0	0	0	0	0	0	0	0	0	0	0	0	0	0	0	0	0	0	0	0	0	0	0	0	0	0	0	0	0	0	0	0	0	0	0	0	0	0	0	0	0	0	0	0	0	0	0	0	0	0	0	0	0	0	0	0	0	0	0	0	0	0	0	0	0	0	0	0	0	0	0	0	0	0	0	0	0	0	0	0	0	0	0	0	0	0	0	0	0	0	0	0	0	0	0	0	0	0	0	0	0	0	0	0	0	0	0	0	0	0	0	0	7.49740845206239	0	0	0	0	0.00241074226754418	0.00241074226754418	0	0	0	0	0	0	0	0	0	0	0	0	0	0	0	0	0	0	0	0	0	0	0	0	0	0	0	0	0	0	0	0	0	0	0	0	0	0	0	0	0	0	0	0	0	0	0	0	0	0	0	0	0	0	0	0	0	0	0	0	0	0	0	0	0	0	0	0	0	0	0.197680865938622	0	0	0	0	0	0	0	0	0	0	0	0	0	0	0	0	0	0	0	0	0	0	0	0	0	0	0	0.0337503917456185	0	0	0	0	0	0	0	0	0	0	0
SRR31465424	0	0	0	0	0	0	0	0	0	0	0	0	0	0	0.00295194237808478	0	0	0	0	0	0	0	0	0	0	0.00295194237808478	0	0	0	0	0	0	0	0	0	0	0	0	0.00442791356712717	0	0	0	0	0	0	0	0	0	0	0	0	0	0	0	0	0	0	0.00885582713425434	0	0	0	0	0	0	0	0	0	0	0	0	0	30.5954067776597	0	0	0	0	0	0	0	0	0	0	0	0	0	0	0	0	0	0	0	0	0	0	0	0	0	0	0	0	0	0	0	0	0	0	0	0	0	0.0560869051836108	0	0	0	0	0	0	0	0	0	0	0	0	0	0	0	0	0	0	0	0	0	66.2209233675759	0	0	0	0	0	0.00442791356712717	0	0	0	0	0	0	0	0	0	0	0	0	0	0	0	0	0	0	0	0	0	0	0	0	0	0	0	0	0	0	0	0	0	0	0	0	0	0	0	0	0	0	0	0	0	0	0	0	0	0	0	0	0	0	0	0	0	0	0	0	0	0	0	0	0	0	0	0	0	0	0	0	0	0	0	0	0	0	0	0	0	0	0	0	0	0	0	0	0	0	0	0	0	0	0	0	0	0	0	0	0	0	0	0	0	0	0	0	0	0	0	0	0	0	0.00295194237808478	0	0	0	0	0	0	0	0	0	0	0	0	0	0	0	0	0	0	0	0	0	0	0	0	0	0	0	0	0	0	0	0	0	0	0	0	0	0	0	0	0	0	0	0	0	0	0	0	0	0	0	0	0	0	0	0	0	0	0	0	0	0	0	0	0	0	0	0	0	0	0	0	0	0	0	0	0	0	0	0	0	0	0	0	0	0	0	0	0	0	0	0	0	0	0	0	0	0	0	3.00655331207935	0	0	0	0	0	0	0	0	0	0	0	0	0	0	0	0	0	0	0	0	0	0	0	0	0	0	0	0.094462156098713	0	0	0	0	0	0	0	0	0	0	0
SRR31465426	0	0	0	0	0	0	0	0	0	0	0	0	0	0	0	0	0	0	0	0	0	0	0	0	0	0	0	0	0	0	0	0	0	0	0	0	0	0	0	0	0	0	0	0	0	0	0	0	0	0	0	0	0	0	0	0	11.9475609000186	0.00929771276266039	0	0	0	0	0	0	0	0	0	0	0	0	0	0	0	0	0	0	0	0	0	0	0	0	0	0	0	0	0	0	0	0	0	0	0	5.86995599082626	0	0	0	0	0	0	0	0	0	2.64055042459555	0	0	0	0	25.1689084485217	0.0185954255253208	0	0	0	0	0	0	0	0	0	0	0.00309923758755346	0	0	0	31.100849191099	0	0	0	0	0	0	13.7327217504494	0	0	0	0	0	0	0	0	0	0	0	0	0	0	0	0	0	0	0	0	0	0	0	0	0	0	0	0	0	0	0	0	0	0	0	0	0	0	0	0	0	0	0	0	0	0	0	0	0	0	0	0	0	0	0	0	0	0	0	0	0	0	0	0	0	0	0	0	0	0	0	0	0	0	0	0	0	0	0	0	0	0	0	0	0	0	0	0	0	0	0	0	0	0	0	0	0	0	0	0	0	0	0	0	0	0	0	9.17374325915825	0	0	0	0	0	0	0	0	0	0	0	0	0	0	0	0	0	0	0	0	0	0	0	0	0	0	0	0	0	0	0	0	0	0	0	0	0	0	0	0	0	0	0	0	0	0	0	0	0	0	0	0	0	0	0	0	0	0	0	0	0	0	0	0	0	0	0	0	0	0	0	0	0	0	0	0	0	0	0	0	0	0	0	0	0	0	0	0	0	0	0	0	0	0	0	0	0	0	0	0	0	0	0	0	0	0	0	0	0	0	0	0	0.32232070910556	0	0	0	0	0	0	0	0	0	0	0	0	0	0	0	0	0	0	0	0	0	0	0	0	0	0	0	0.0123969503502138	0	0	0	0	0	0	0	0	0	0	0
SRR31465430	0	0	0	0	0	0	0	0	0	0	0	0	0	0	0	0	0	0	0	0	0	0	0	0	0	0	0	0	0	0.0016528379227133	0	0	0	0	0	0	0	0	0	0	0	0	0	0	0	0	0	0	0	0	0	0	0	0	0	0	0	0	0	0	0	0	0	0	0	0	5.81964232587352	0	0	0	0	0	0	0	0	0	0	0	0	0	0	0	0	0	0	0	0	0	0	0	0	0	0	0	0	0	0	0	0	0	0	0	0	0	0	0	0	0	2.42636607054312	0	0	0	0	0	0	0	0	0	0	0	0	0	0	0	55.7089021850517	0	0	0	0	0	0	8.62450828071799	0	0	0	0	0	0	0	0	0	0	0	0	0	0	0	0	0	0	0	0	0	0	0	0	0	0	0	0	0	0	0	0	0	0	0	0	0	0	0	0	0	0	0	0	0	0	0	0	0	0	0	0	0	0	0	0	0	0	0	0	0	0	0	0	0	0	0	0	0	0	0	0	0	0	0	0	0.514032593963836	0	0	0	0	0	0	0	0	0	0	0	0	0	0	0	0	0	0	0	0	0	0	0	0	0	0	0	0	0	0	1.72390995338997	0	0	0	0	0	0	0	0	0	0	0	0	0	0	0	0	0	0	0	0	0	0	0.980132888168986	0	0	0	0	0	0	0	0	0	0	0	0	0	0	0	0	0	0	4.25936332683217	0	0	0	0	0	0	0	0	0	0	0	0	0	0	0	0	0	0	0	0	0	0	0	0	0	0	0	0	0	0	0	0	0	0	0	0	0	0	0	0	0	0	0	0	0	0	0	0	0	0	0	0	0	0	0	0	0	0	0	0	0	0	0	0	0	0	0	0	0	0	19.9051271032363	0	0	0	0	0	0	0	0	0	0	0	0	0	0	0	0	0	0	0	0	0	0	0	0	0	0	0	0.0363624342996926	0	0	0	0	0	0	0	0	0	0	0
SRR31465431	0	0	0	0	0	0	0	0	0	0	0	0	0	0	0	0	0	0	0	0	0	0	0	0	0	0	0	0	0	0	0	0	0	0	0	0	0	0	0	0	0	0	0	0	0	0	0	0	0	0	0	0	0	0	0	0	0	0	0	0	0	0	0	0	0	0	0	0	0	0	0	0	0	0	0	0	0	0	0	0	0	0	0	0	0	0	0	0	0	0	0	0	0	0	0	0	0	0	0	0	0	0	0	6.20101717525429	0	0	0	0	0	3.87276971819243	0	0	0	0	0	7.42037685509421	0	0	0	0	0	0	0	0	17.5358512589628	0	0	0	0	0	0	37.7522094380524	0	0	0	0	0	0	0	0	0	0	0	0	0	0	0	0	0	0	0	0	0	0	0	0	0	0	0	0	0	0	0	0	0	0	0	0	0	0	0	0	0	0	0	0	0	0	0	0	0	0	0	0	0	0	0	0	0	0	0	0	2.1802567950642	0	0	0	0	0	0	0	0	0	0	0	0	0	0	0	0	0	0	0	0	0	0	0	0	0	0	0	0	0	0	0	0	0	0	0	0	0	0	0	0	0	0	0	0	0	0	0	0	0	0	0	0	0	0	0	0	0	0	0	0	0	0	0	0	0	0	0	0	0	4.08329164582291	0	0	0	0	0	0	0	0	0	0	0	0	0	0	0	0	0	0	0	0	0	0	0	0	0	0	0	0	0	0	0	0	0	0	0	0	0	0	0	0	0	0	0	0	0	0	0	0	0	0	0	0	0	0	0	0	0	0	0	0	0	0	0	0	0	0	0	0	0	0	0	0	0	0	0	0	0	0	0	0	0	0	0	0	0	0.00416875104218776	0	0	0	20.8666833416708	0	0	0	0	0	0	0	0	0	0	0	0	0	0	0	0	0	0	0	0	0	0	0	0	0	0	0	0.0833750208437552	0	0	0	0	0	0	0	0	0	0	0
SRR31465433	0	0	0	0	0	0	0	0	0	0	0	0	0	0	0	0	0	0	0	0	0	0	0.00185939272233688	0	0	0	0	0	0	0	0	0	0	0	0	0	0	0	0	0	0	0	0	0	0	0	0	0	0	0	0	0	0	0	0	0	0	0	0	0	0	0	0	0	0	0	0	0	0	0	0	0	0	0	0	0	0	0	0	0	0	0	0	0	0	0	0	0	0	0	0	0	0	0	0	0	0	0	0	0	0	0	0	0	0	0	0	0	0	10.5018500957587	0	0	0	0	0	0	0	0	0	0	0	0	0	0	21.0613413659099	0	0	0	0	0	0	40.7076848701214	0	0	0	0	0	0	0	0	0	0	0	0	0	0	0	0	0	0	0	0	0	0	0	0	0	0	0	0	0	0	0	0	0	0	0	0	0	0	0	0	0	0	0	0	0	0	0	0	0	0	0	0	0	0	0	0	0	0	0	0	0	0	0	0	0	0	0	0	0	0	0	0	0	0	0	0	0	0	0	0	0	0	0	0	0	0	0	0	0	0	0	0	0	0	0	0	0	0	0	0	0	0	0	0	0	0	0	0	0	0	0	0	0	0	0	0	0	0	0	0	0	0	0	0	0	0	0	0	0	0	0	0	0	0	0	0	0	0	0	0	0	0	0	0	0	0	0	0	0	0	0	0	0	0	0	0	0	0	0	0	0	0	0	0	0	0	0	0	0	0	0	0	0	0	0	0	0	0	0	0	0	0	0	0	0	0	0	0	0	0	0	0	0	0	0	0	0	0	0	0	0	0	0	0	0	0	0	0	0	0	0	0	0	0	0	0	0	0	0	0	0.00743757088934754	0	0	0	0	0	0	0	0	0	0	0	0	0	0	0	0	0	0	0	0	0	0	0	0	0	0	0	27.7198267045983	0	0	0	0	0	0	0	0	0	0	0
SRR31465435	0	0	0	0	0	0	0	0	0	0	0	0	0	0	0	0	0	0	0	0	0	0	0	0	0	0	0	0	0	0	0	0	0	0	0	0	0	0	0	0	0	0	0	0	0	0	0	0	0	0	0	0	0	0	0	0	0	0	0	0	0	0	0	0	0	0	0	0	0	0	0	0	0	0	0	0	0	0	0	0	0	0	0	0	0	0	0	0	0	0	0	0	0	0	0	0	0	0	0	0	0	0	0	0	0	0	0	0	0.00301459061859399	45.4208368503557	0	0	0	0	0	0	0	0	0	0	0	0	0	0	0	0	0	0	0	0	0	53.9491137103581	0	0	0	0	0	0	0	0	0	0	0	0	0	0	0	0	0	0	0	0	0	0	0	0	0	0	0	0	0	0	0	0	0	0	0	0	0	0	0	0	0	0	0	0	0	0	0	0	0	0	0	0	0	0	0	0	0	0	0	0	0	0	0	0	0	0	0	0	0	0	0	0	0	0	0	0	0	0	0	0	0	0	0	0	0	0	0	0	0	0	0	0	0	0	0	0	0	0	0	0	0	0	0	0	0	0	0	0.22609429639455	0	0	0	0	0	0	0	0	0	0	0	0	0	0	0	0	0	0	0	0	0	0	0	0	0	0	0	0	0	0	0	0	0	0	0	0	0	0	0	0	0	0	0	0	0	0	0	0	0	0	0	0	0	0	0	0	0	0	0	0	0	0	0	0	0	0	0	0	0	0	0	0	0	0	0	0	0	0	0	0	0	0	0	0	0	0	0	0	0	0	0	0	0	0	0	0	0	0	0	0	0	0	0	0	0	0	0	0	0	0	0	0	0.0422042686603159	0	0	0	0	0	0	0	0	0	0	0	0	0	0	0	0	0	0	0	0	0	0	0	0	0	0	0	0.358736283612685	0	0	0	0	0	0	0	0	0	0	0
SRR31465438	0	0	0	0	0	0	0	0	0	0	0	0	0	0	21.9900015416125	0	0	0	0	0	0	0	0	0	0	0	0	3.02156055233775	0	0	0	0	0	0	0	0	0	0	0	2.87400621049618	0	0	0	0	0	0	15.3676745876186	0	0	0	0	0	0	0	0	0	0	0	0	0	0	0	0	0	0	4.38698879027463	0	0	0	0	0	0	0	0	0	0	0	0	0	0	0	0	0	0	0	0	0	0	0	0	0	0	0	0	0	0	0	0	0	0	0	0	0	0	0	0	0	0	5.69956174158169	0.493316008544938	0	0	0	0	0	0	0	0	0	0	0	0	0	0	0	0	0	0	0	0	0	4.11390314268725	0	0	0	0	0	0	0	0	0	0	0	0	0	0	0	0	0	5.9153874953201	0	0	0	0	0	0	0	0	0	0	0	0	0	0	0	0	0	0	0	0	0	0	0	0	0	0	0	0	0	0	0	0	0	0	0	3.72189310018279	0	0	0	0	0	0	0	0	0	0	0	0	0	0	0	0	0	0	0	0	0	0	0	0	0	0	0	0	0	0	0	0	0	0	0	0	0	0	0	0	0	0	0	0	0	0	0	0	0	0	0	0	0	0	0	0	0	0	0	0	0	0	0	0	0	0	0	0	0	0	0	0	0	1.27953839716343	0	0	0	0	0	0	0	0	0	0	0	0	0	0	0	0	0	0	0	0	0	0	0	0	0	0	0	0	0	0	0	0	0	0	0	0	0	0	0	0	0	0	0	0	0	0	0	0.184993503204352	0	0	0	0	0	0	0	0	0	0	0	0	0	0	0	0	0	0	0	0	0	0	0	0	0	0	0	0	0	0	0	0	0	0	0	0	0	0	0	0	22.7586055013544	0	0.9844297134803	0	7.19712819609311	0	0	0	0	0	0	0	0	0	0	0	0	0	0	0	0	0	0	0	0	0	0	0	0	0	0	0	0.0110115180478781	0	0	0	0	0	0	0	0	0	0	0
SRR31465440	0	0	0	0	0	0	0	0	0	0	0	0	0	0	12.6222019186843	0	0	0	0	0	0	0	0	0	0	0	0	0	0	0	0	0	0	0	0	0	0	0	0	0	0	0	0	0	0	0	18.4285061671996	0	0	0	0	0	0	0	0	0	0	0	0	0	0	0	0	0	0	0	0	0	0	0	0	0	0	0	0	0	0	0	0	0	0	0	0	0	0	0	0	0	0	0	0	0	0	0	0	0	0	0	0	0	0	0	0	0.0822293284604842	0	0	0	0	0	1.52809502055733	0	0	0	0	0	0	0	0	0	0	0	0	0	0	0	0	0	0	0	0	0	22.0214709913202	0	0	0	0	0	0	0	0	0	0	0	0	0	0	0	0	0	0	0	0	0	0	0	0	0	0	0	0	0	0	0.00228414801279123	0	0	0	0	0	0	0	0	0	0	0	0	0	0	0	0	0	0	0	0	0	0	0	0	0	0	0	0	0	0	0	0	0	0	0	0	0	0	0	0	0	0	0	0	0	0	0	0	0	0	0	0	0	0	0	0	0	0	0	0	0	0	0	0	0	0	0	0	0	0	0	0	0	0	0	0	0	0	0	0	0	0	0	0	0	0	0	0	0	0	0	0	0	0	0	0	0	0	0	0	0	0	0	0	0	0	0	0	0	0	0	0	0	0	0	0	0	0	7.77523983554134	0	0	0	0	0	0	0	0	0	0	0	0	0	0	0	0	0	0	0	0	0	0	0	0	0	0.0548195523069895	0	0	0	0	0	0	3.13156692553677	0	0	0	0	0	0	0	0	0	0	0	0	0	0	0	0	0	0	0	0	0	0	0	0	0	0	0	0	0	0	0	0	0	23.5244403837369	0	0	0	7.43947007766103	0	0	0	0	0	0	0	0	0	0	0	0	0	0	0	0	0	0	0	0	0	0	0	0	0	0	0	0.0205573321151211	0	0	0	0	0	3.36911831886706	0	0	0	0	0
SRR31465444	0	0	0	0	0	0	0	0	0	0	0	0	0	3.01169489771277	15.33791009763	0	0	0	0	0	0	0	0	0	0	0	0	2.87715182668093	0	0	0	0	0	0	0	0	0	0	0	0	0	0	0	0	0	0	14.0614758339945	0	0	0	0	0	0	0	0	2.58391692827819	0	0	0	0	0	0	0	0	0	0	0	2.31828060854866	0	0	0	0	0	0	0	0	0	0	0	0	0	0	0	0	0	0	0	0	0	0.144892538034291	0	0	0	0	0	0	0	0	0	0.572670507468865	0	0	0	1.02804705557664	0	0	0	0	2.42867492324145	3.99834408527961	0	0	0	0.593369441473764	0	0	0	0	0	0	0	0	0	0	4.0949391106358	0	0	0	0	0	0	8.97988753579191	0	0	0	0	0	0	0	0	0	0	0	0	0	0	0	0	0	0	0	0	0	0	0	0	0	0	0	0	0	0	0	0	0	0	0	0	0	0	0	0	0	0	0	0	0	0	0	0	0	0	1.6766136543968	0	0	0	0	0	0	0	0	1.94569979646048	0	0	0	0	0	0	0	0	0	0	0	0	0	0	0	0	0	0	0	0	0	0	0	0	0	0	0	0	0	0	0	0	0	0	0	0	0	0	0	0	0	2.57701728360989	0	0	0	0	0	0	0	0	0	0	0	0	0	0	0	0	0	0	0	0	0	0	0	0	0	0	0	0	0	0	0	0	0	0	0	0	0	0	0	0	0	0	0	0	0	0	0	0	0	0	0	0	0	0	0	0	0	0	0	0	0	0	0	0	0	0	0	0	0	0	0	0	0	0.0275985786731983	0	0	0	0	0	0	0	0	0	0	0	0	0	0	0	0	0	0	0	0	0	0	0	0	0	0	0	0	0	0.49677441611757	0	0	0	0	0	0	0	0	0	0	23.331148445855	0	0	0	7.5102632214441	0	0	0	0	0	0	0	0	0	0	0	0	0	0	0	0	0	0	0	0	0	0	0	0	0	0	0	0.403629213095526	0	0	0	0	0	0	0	0	0	0	0
SRR31465445	0	0	0	0	0	0	0	0	0	0	0	0	0	1.30947641894865	12.2273670095749	0	0	0	0	0	0	0	0	0	0	3.77548241111274	0	0	0	0	0	0	0	0	0	1.55880072911647	0	0	0	0	0	0	0	0	0	0	6.81975318988456	0	0	0	0	0	0	0	0	0.509124431687234	0	0	0	0	0	0	0	0	0	1.07691340694337	0	5.85178822099772	0	0	0	1.54203943095393	0	0	0	0	0	0	0	0	0	0	0	0	0	0	0	0	0	0	0	0	0	0	0	0	0	0	0	0	0	0	0	0.433698589955792	0	0	0	0	1.67193949171363	0.201135577950512	0	0	0	0	0	0	0	0	0	0	0	0	0	0	0	0	0	0	0	0	0	10.9011292924637	0	0	0	0	0	0	0	0	0	0	0	0	0	0	0	3.63510653900145	0	0	0	0	0	0	0	0	0	0	0	0	0	0	0	0	0	0	0.025141947243814	0	0	0	0	0	0	0	0	0	0	0	0	0	0	0	0	0	0	0	0	0	0	0	0	0	0	0	0	0	0	0	0	0	0	0	0	0	0	0	0	0	0	0	0	0	0	0	0	1.55461040457583	0	0	0	0	0	0	0	0	0	0	0	0	0	0	0	0	0	0	0	2.88294328395734	0	0	0	1.351379664355	0	0	0	0	0	0	0	0	0	0	0	0	0.829684259045863	0	0	0	0	0	0.00628548681095351	0	0	0	0	0	0	0	0	0	0	0	0	0	0	0	0	0	0	0	0	0	0	2.35705755410757	0	0	0	0	0	0	0	0	0	0	0	0	0	0	0.293322717844497	0	0	0	0	0	0	0	0	0	0.230467849734962	0.171803306166063	0	0	0	0	0	0	0	0	0	0	0	0	0	0	0	0	0	0	0	0	5.52494290682813	0	0	0	0	0	0	0	0	0	0	0	0	2.31515430870121	0	0	0	0	0	0	21.3916067799451	2.03021223993798	1.17119570910767	0	0	0	0	0	0	0	0	0	0	0	0	0	0	0	0	0	0	0.351987261413396	0	0	0	0	0	0	0	0	0	0	3.4884451800792	0	2.51000439984077	0	0	0	0	0	0	0	0	0
SRR31465448	0	0	0	0	0	0	0	0	0	0	0	0	0	2.41296877334529	9.42527018277803	0	0	0	0	0	0	0	0	0	0	0	0	0	0	0	0	0	0	0	0	0	0	0	0	0	0	0	0	0	0	0	0	0	0	0	0	0	0	0	0	0	0	0	0	0	0	0	0	0	0	0	0	1.70078191144977	0	0	0	0	0	0	0	0	0	0	0	0	0	0	0	0	0	0	0	0	0	0	0	0	0	0	0	0	0	0	0	0	0	0	0	0	0	0	0	0	0	5.57547686637781	0	0	0	0	0	0	0	0	0	0	0	0	0	0	0	0	0	0	0	0	0	43.298969072165	0	0	0	0	0	0	0	0	0	0	0	0	0	0	0	0	0	0	0	0	0	0	0	0	0	0	0	0	0	0	0	0	0	0	0	0	0	0	0	0	0	0	0	0	0	0	0	0	0	0	0	0	0	0	0	0	0	0	0	0	0	0	0	0	0	0	0	0	0	0	0	0	0	0	0	0	0	0	0	0	0	0	0	0	0	0	0	0	0	0	0	0	0	0	0	0	0	0	0	0	0	0	0	0	0	0	0	0	0	0	0	0	0	0	0	0	0	0	0	0	0	0	0	0	0	0	0	0	4.40759001942328	0	0	0	0	0	0	0	0	0	0	0	0	0	0	0	0	0	0	0	0	0	0	0	0	0	0	0	0	0	0	0	0	0	0	0	0	0	0	0	0	0	0	0	0	0	0	0.0697245878778824	0	0	0	0	0	0	0	0	0	0	0	0	0	0	0	0	0	0	0	0	0	0	0	0	0	0	0	0	0	0	0	0	0	0	0	0	0	0	0	0	27.1900991085213	0	5.81204243239205	0	0.0273918023805966	0	0	0	0	0	0	0	0	0	0	0	0	0	0	0	0	0	0	0	0	0	0	0	0	0	0	0	0.0796852432890084	0	0	0	0	0	0	0	0	0	0	0
SRR31465449	0	0	0	0	0	0	0	0	0	0	0	0	0	0	12.5058535823924	0	0	0	0	0	0	0	0	0	0	0	0	0	0	0	0	0	0	0	0	0	0	0	0	0	0	0	0	0	0	0	6.81356990478173	0	0	0	0	0	0	0	0	0	0	0	0	0	0	0	0	0	0	0	0	3.79051979811645	0	0	0	0	0	0	0	0	0	0	0	0	0	0	0	0	0	0	0	0	0	0	0	0	0	1.26697538893803	0	0	0	0	0	0	0	0	0	1.83672407513398	0	0	0	0	3.15833289973464	4.92741557833394	0	0	0	0	0	0	0	0	0	0	0	0	0	0	11.2128622717103	0	0	0	0	0	0	11.4912326343722	0	0	0	0	0	0	0	0	0	0	0	0	0	0	0	0	0	0	0	0	0	0	0	0	0	0	0	0	0	0	0	0	0	0	0	0	0	0	0	0	0	0	0	0	0	0	0	0	0	0	0	0	0	0	0	0	0	0	0	1.6962380977158	0	0	0	0	0	0	0	0	0	0	0	0	0	0	4.78953119309017	0	0	0	0	0	0	0	0	0	0	0	0	0	0	0	0	0	0	0	0	0	0	0	0	0	0	0	0	0	4.27441594255684	0	0	0	0	0	0	0	0	0	0	0	0	0	0	0	0	0	0	0	0	0	0	0	0	0	0	0	0	0	0	0	0	0	0	0	0	0	0	0	0	0	0	0	0	3.77751183724439	0	0	0	0	0	0	0	0	0	0	0	0	0	0	0	0	0	0	0	0	0	0	0	0	0	0.0520318434882148	0	0	0	0	0	0	0	0	0	0	1.77428586294812	0	0	0	0	0	0	0	0	0	0	0	0	0	0	0	0	0	0	0	0	0	0	0	0	0	0	0	0	0	7.22462146833862	0	4.83375826005515	0	14.5533066236537	0	0	0	0	0	0	0	0	0	0	0	0	0	0	0	0	0	0	0	0	0	0	0	0	0	0	0	0.0208127373952859	0	0	0	0	0	0	0	0	0	0	0
SRR31465450	0	0	0	0	0	0	0	0	0	0	0	0	0	0	3.17031211599902	0	0	0.134349143933808	0	0	0	0	0	0	0	0	0	0	0	0	0	0	0	0	0	0	0	0	0	0	0	0	0	0	0	0	5.88350946178422	0	0	0	0	0	0	0	3.35545178995658	0	0	0	0	0	0	0	0	0.0344064880806095	0	1.07643155566478	0	4.22216760874908	0	0	0	0	0	0	0	2.22495289587941	0	0	0	0	0	0	0	0	0	0	0	0	0	0	0	0	0	0	0	0	0	0	0	0	0	0	0	4.70058163348898	0	0	0	0	0	1.42705005324814	0	0	0	4.67436716637995	0	0	0	0	1.18620463668387	0	0	0	0	0	1.99721471286966	0	0	0	0	0	0	5.22978618825264	0	0	0	0	0	0	0	0	0	0	0	0	0	0	0	0	0	0	0	0	0	0	0	0	0	0	0	0	0	0	0	0	0	0	0	0	0	0	0	0	0	0	0	0	0	0	0	0	0	0	0	0	0	0	0	0	0	0	0	0	0	0	0	0	0	0	0	0	0	0	0	0	0	0	0	0	0	0	0	0	0	0	0	0	0	0	0	0	0	0	0	0	0	0	0	0	0	0	0	0	0	0	0	0	0	0	0	0	0	0	0	0	0	0	0	0	1.76456131727697	0	0	0	0	0	0	0	0	0	0	0	1.19603506184976	0	0	0	0	0	0	0	0	0	0	0	0	0	0	0	0	0	0	0	0	0.524289342180716	0	0	0	0	0	0	0	0	0	0	0	0	0	0	0	0	0	0	0	0	0	0	0	0	0	0.0114688293602032	0	0	0	0	0	0	0	0	0	0	0	0	0	0	0	0	0	0	0	0	0	0	0	0	0	0	0	0	0	0	0	0	0	0	0	0	0	0	0	0	7.28106823953469	0	0	0	39.8623740476776	0	1.96936184156631	0	0	0	0	0	0	0	0	0	0	0	0	0	0	0	0	0	0	0	0	0	0	0	0	0	8.07405586958303	0	0	0	0	0	0	0	0	0	0	0
SRR31465452	0	0	0	0	0	0	0	0	0	0	0	0	0	0	23.0772203756667	0	0	0	0	0	0	0	0	0	0	0	0	0	0	0	0	0	0	0	0	0	0	0	0	0	0	0	0	0	0	0	2.1392131096854	0	0	0	0	0	0	0	0	0	0	0.00386488366700162	0	0	0	0	0	0	0	0	0	3.77792378449409	0	0	0	0	0	0	0	0	0	0	0	0	0	0	0	0	0	0	0	0	0	0	0	0	0	0	0	0	0	0	0	0	0	0	0	0	0	0	0	0	0	3.98855994434567	0	0	0	0	0	0	0	0	0	0	0	0	0	0	0	0	0	0	0	0	0	19.6220143773672	0	0	0	0	0	0	0	0	0	0	0	0	0	0	0	0	0	0	0	0	0	0	0	0	0	0	0	0	0	0	0	0	0	0	0	0	0	0	0	0	0	0	0	0	0	0	0	0	0	0	0	0	0	0	0	0	0	0	0	0	0	0	0	0	0	0	0	0	0	0	0	0	0	0	0	0	0	0	0	0	0	0	0	0	0	0	0	0	0	0	0	0	0	0	0	0	0	0	0	0	0	0	0	0	0	0	0	6.77707351008735	0	0	0	0	0	0	0	0	0	0	0	0	0	0	0	0	0	0	0	0	0	0	0	0	0	0	0	0	0	0	0	0	0	0	0	0	0	0	0	0	0	0	0	0	0	0	0	0	0.00772976733400325	0	0	0	0	0	0	0	0	0	0	0	0	0	0	0	0	0	0	0.0328515111695138	0	0	0	0	0	0	0	0	0	0	0	0	0	0	0	0	0	0	0	0	0	0	0	0	0	0	0	0	0	0	0	0	0	0	0	0	0	0	0	0	29.1528175001932	0	7.10172373811548	0	4.31900749787431	0	0	0	0	0	0	0	0	0	0	0	0	0	0	0	0	0	0	0	0	0	0	0	0	0	0	0	0	0	0	0	0	0	0	0	0	0	0	0
SRR31465456	0	0	0	0	0	0	0	0	0	0	0	0	0	0	22.3562773002677	0	0	0	0	0	0	0.0951106101169508	0	0	0	0	0	4.7150204311681	0	0	0	0	0	0	0	0	0	0	0	0	0	0	0	0	0	0	5.39840777793434	0	0	0	0	0	0	0	0	0	0	0	0	0	0	0	0	0	0	0	0	0.197266450612935	0.877131182189658	0	0	0	0	0	0	0	0	0	0	0	0	0	0	0	0	0	0	0	0	0	0	0	0	0	0	0	0	0	0	0	0	0	0	0	0	0	0	0	8.54410314217275	1.96033535296604	0	0	0	0	0	0	0	0	0	0	0	0	0	0	4.19719599830914	0	0	0	0	0	0	13.0460053543751	0	0	0	5.16415386783148	0	0	0	0	0	0	0	0	0	0	0	0	0	0	0	0	0	0	0	0	0	0	0	0	0	0	0	0	0	0	0	0	0	0	1.54114414541356	0	0	0	0	0	0	0	0	0	0	0	0	0	0	0	0	0	0	0	0	0	0	0	0	0	0	0	0	0	0	0	0	0	0	0	0	0	0	0	0	0	0	0	0	0	0	0	0	0	0	0	0	0	0	0	0	0	0	6.05009158799493	0	0	0	0	0	0	0	0	0	0.438565591094829	0	0	0	0	0	0	0	0	0	0	1.18183739608285	0	0	0	0	0	0	0	0	0	0	0	0.0546005354375088	0	0	0	0	0	0	0	0	0	0	0	0	0	0	0	0	0	0.00176130759475835	0	0	0	0	0	0	0	0	0	0	0	0	0	0	0	0	0	0	0	0	0	0	0	0	0	0	0.0387487670846837	0	0	0	0	0	0	0	0	0	0	0	0	0	0	0	0	0	0	0	0	0	0	0	0	0	0	0	0	0.706284345498098	0	0	0	0	0	0	0	0	0	0	0	8.80301535860223	2.16112441876849	6.22974496266028	0	0	0	0	0	0	0	0	0	0	0	0	0	0	0	0	0	0	0	0	0	0	0	0	0	0	0	0	0	6.24207411582359	0	0	0	0	0	0	0	0	0	0	0
SRR31465457	0	0	0	0	0	0	0	0	0	0	0	0	0	0	13.865745666443	0	0	0	0	0	0	0	0	0	0	0	0	0	0	0	0	0	0	0	0	0	0	0	0	0	0	0	0	0	0	0	13.8297349941892	0	0	0	0	0	0	0	0	0	0	0	0	0	0	0	0	0	0	4.92527785507341	0	0	0	0	0	0	0	0	0	0	0	0	0	0	0	0	0	0	0	0	0	0	0	0	0	0	0	0	0	0	0	0	0	0	0	0	0	0	0	0	0	0	2.28831453685365	5.13315764490203	0	0	0	0	0	0	0	0	0	0	0	0	0	0	6.47864730820225	0	0	0	0	0	0	13.260111633084	0	0	0	0	0	0	0	0	0	0	0	0	0	0	0	0	0	0.00163684873880805	0	0	0	0	0	0	0	0	0	0	0	0	0	0	0	0	0	0	0	0	0	0	0	0	0	0	0	0	0	0	0	0	0	0	0	0	0	0	0	0	0	0	0	0	0	0	0	0	0	0	0	0	0	0	0	0	0	0	0	0	0	0	0	0	0	0	0	0	0	0	0	0	0	0	0	0	0	0	0	0	0	0	0	0	0	0	0	0	0	0	0	0	0	0	0	0	0	0	0	0	0	0	0	0	0	0	0	0	0	0	0	0	1.20308382302391	0	0	0	0	0	0	0	0	0	0	0	0	0	0	0	0	0	0	0	0	0	0	0	0	0	0	0	0	0	0	0	0	0	0	0	0	0	0	0	0	0	0	0	0	0.255348403254055	0	0	0	0	0	0	0	0	0	0	0	0	0	0	0	0	0	0	1.77925457908435	0	0.00654739495523219	0	0	0	0	0	0	0	0	0	0	0	0	0	0	0	0	0	0	0	18.8777765046732	0	0	0	0.12603735288822	0	0	0	0	0	0	0	0	0	0	0	0	0	0	0	0	0	0	0	0	0	0	0	0	0	0	0	15.7644902034603	0	0	0	2.20483525117444	0	0	0	0	0	0	0
SRR31465458	0	0	0	0	0	0	0	0	0	0	0	0	0	0	19.1052715147666	0	0	0	0	0	0	0	1.0558907589711	0	0	0	0	1.30001587805653	0	0	0	0	0	0	0	0	0	0	0	0	0	0	0	0	0	0	13.5578755160368	0	0	0	0	0	0	0	0	0	0	0	0	0	0	0	0	0	0	0	0	2.47896157510321	0	0	0	0	0	0	0	0	0	0	0	0	0	0	0	0	0	0.847491267068911	0	0	0	0	0	0	0	0	0	0	0	0	0	0	0	0	0	0	0	0	0	0	1.14718958399492	0.525960622419816	0	0	0	0	0	0	0	0	0	0	0	0	0	0	15.7014131470308	0	0	0	0	0	0	7.4468085106383	0	0	0	0	0	0	0	0	0	0	0	0	0	0	0	0	0	0	0	0	0	0	0	0	0	0.0198475706573515	0	0	0	0	0	0	0	0	0	0	0	0.394966656081296	0	0	0	0	0	0	0	0	0	0	0	0	0	0	0	0	0	0	0	0	0	0	0	0	0.780009526833916	0	0	0	0	0	0	0	0	0	0	0	4.38234360114322	0	0	0	0	0	0	0	0	0	0	0	0	0	0	0	0	0	0	0	0	0	0	0	0	0	0	0	0	0	0	0	0	0	0	0	0	0	0	0	0	0	0	3.09026675134963	0	0	0.0238170847888219	0	0	0	0	0	0	0	0	0	0.132978723404255	0	0	0	0	0	0	0	0	0	0	0	0	0	0	0	0	0	0	1.87956494125119	0	0	0	0	0	0	4.7654017148301	0	0	0	0	0	0	0	0	0	0	0	0	0	0	0	0	0	0	0.051603683709114	0	0	0.656954588758336	0	0	0	0	0	0	0	0	0	0	0	0	0	0	0	0	0	0	0	0	0	0	0	0	0	0	0	0	0	0	0	0	0	0	0	0	0	16.276992696094	0.553747221340108	0.89711019371229	0	2.91362337249921	0	0	0	0	0	0	0	0	0	0	0	0	0	0	0	0	0	0	0	0	0	0	0	0	0	0	0	0.0138932994601461	0	0	0	0	0	0	0	0	0	0	0
SRR31465459	0	0	0	0	0	0	0	0	0	0	0	0	0	1.91564535718229	18.2565971072099	0	0	0	0	0	0	0	0	0	0	0	0	1.94140811895035	0	0	0	0	0	0	0	0	0	0	0	0	0	0	0	0	0	0	11.7588605498509	0	0	0	0	0	0	0	0	0	0	0	0	0	0	0	0	0	0	1.38750874093703	0	1.2697361157116	0	0	0	3.62702881748923	0	0	0	0	0	0	0	0	0	0	0	0	0	0	0	0	0	0	0	0	0	0	0	0	0	0	0	0	0	0	0	0.22082367229767	0	0	0	0	0	3.43380810422877	0	0	0	0	2.511869272386	0	0	0	0	0	0	0	0	0	0	0	0	0	0	0	0	4.17540760369512	0	0	0	0	0	0	0	0	0	0	0	0	0	0	0	0	0	0	0	0	0	0	0	0	0	0	0	0	0	0	0	0	0	0	0	0	0	0	0	0	0	0	0	0	0	0	0	0	0	0	0	0	0	0	0	0	0	0	0	0	0	0	0	0	0	0	0	0	0	0	0	0	0	0	0	0	0.0625667071510066	0	0	0	0	1.03235066799161	0	0	0	0	0	0	0	0	0	0	0	0	0	0	0	0	0	0	0	0	0	0	0	0	0.287070773986971	0	0	0	0	0	0	0	0	0	0	0	0	0	0	0	0	0	0	0	0	0	1.03235066799161	0	0	0	0	0	0	0	0	0	0	0	0	0	0	0	0	0	0	0	0	7.01851238452762	0	0	0	0	0	0	0	0	0	0	0	0	0	0	0	0	0	0	0	0	0	2.42353980346693	0	0	0	0.0460049317286813	0	0	0	0	2.52659085053918	0	0	0	2.30576717824151	0	0	0	0	0	0	0	0	0	0	0	0	0	0	0	0	0	0	0	0	0	0	0	0	0	0	0	0	0	0	0	24.4083765779692	0	0	0	3.97850649589636	0	0	0	0	0	0	0	0	0	0	0	0	0	0	0	0	0	0	0	0	0	0	0	0	0	0	0	4.37966950057046	0	0	0	0	0	0	0	0	0	0	0
SRR31465460	0	0	0	0	0	0	0	0	0	0	0.00185908161368284	0	0	0	6.2186279977691	0	0	0	0	0	0	0	0	0	0	0	0	0	0	0	0	0	0	0	0	0	0	0	0	0	0	0	0	0	0	0	11.570923963562	0	0	0	0	0	0	0	0	0	0	0	0	0	0	0	0	0	0	0	0	4.83918944041643	0	0	0	0	0	0	0	0	0	0	0	0	0	0	0	0	0	0	0	0	0	0	0	0	0	0	0	0	0	0	0	0	0	0	10.7696597880647	0	0	0	0	0	7.8118609406953	2.27923405837516	0	0	0	0	1.22141662018963	0	0	0	0	0	0	0	0	0	0	0	0	0	0	0	0	8.02937348949619	0	0	0	0	0	0	0	0	0	0	0	0	0	0.00185908161368284	0	0	0	0	0	0	0	0	0	0	0	0	0	0	0	0	0	0	0	0	0	0	0	0	0	0	0	0	0	0	0	0	0	0	0	0	0	0	0	0	0	0	0	0	0	0	0	0	0	0	0	0	0	0	0	0	0	0	0	0	0	0	0	0	0	0	0	0	0	0	0	0	0	0	0	0	0	0	0	0	0	0	0	0	0	0	0	0	0	0	0	0	0	0	0	2.28852946644358	0	0	0	0	0	0	0	0	0	0	0	0	0	0	0	0	0	0	0	0	0	0	0	0	0	0	0	0	0	0	0	0	0	0	0	0	0	0	0	0	0	0	0	0	0	0	6.18888269195018	0	0	0	0	0	0	2.44097415876557	0	0	0	0	0	0	0	0	0	0	0	0.0316043874326083	0	0	0	0	0	0	0	0	0	0	0	0	0	0	0	0	0	0	0	0	0.0148726529094627	0	0	0	0	0	0	0	0	0	0	0	0	0	0	0	0	0	0	0	27.2076594162484	0	2.94292619445994	0	5.54006320877487	0	0	0	0	0	0	0	0	0	0	0	0	0	0	0	0	0	0	0	0	0	0	0	0	0	0	0	0.600483361219558	0	0	0	0	0	0	0	0	0	0	0
SRR31465471	0	0	0	0	0	0	0	0	0	0	0	0	0	1.58668813741278	7.13472893183038	0	0	0	0	0	0	0	0	0	0	0	0	0	0	0	0	0	0	0	0	0	0	0	0	2.35748792270531	0	0	0	0	0	0	9.88727858293076	0	0	0	0	0	0	0	0	0	0	0	0	0	0	0	0	0	0	3.72517444981213	0	2.39828234031133	0	0	0	0	0	0	0	0	0	0	0	0	0	0	0	0	0	0	0	0	0	0	0	0	0	0	0	0	0	0	0	0	0	0	0	0.146001073537305	0	0	0	0	0	0.35426731078905	0	0	0	0	0	0	0	0	0	0	0	0	0	0	0	0	0	0	0	0	0	6.98228663446055	0	0	0	0	0	0	0	0	0	0	0	0	0	0	0	0	0	4.76650563607085	0	0	0	0	0	0	0	0	0	0	0	0	0	0	0	0	0	0	0	0	0	0	0	0	0	0	0	0	0	0	0	0	0	0	0	0	0	0	0	0	0	0	0	0	0	0	0	0	0	0	0	0	0	0	0	0	0	0	0	0	0	0	0	0	0	0	0	0	0	0	0	0	0	0	0	0	0	0	0	0	0	0	0	0	0	0	0	0	0	0.667740203972088	0	0	0	0	0	0	0	0	0	0	0	0	0	0	0	0	0	0	0	0	0	0	0	0	0	0	0	0	0	0	0	0	0	0	0	0	0	0	0	0	0	0	0	0	0	0	0	0	5.37842190016103	0	0	0	0	0	0	1.4170692431562	0	0	0	0	0	2.79334406870639	0	0	0	0	0	0.0171765968867418	0	0	0	0	0	0	0	0	0	0	0	0	0	0	0	0	0	0	0	0	0	0	0	0	0	0	0	0	0	0	0	0	0	0	0	0	0	0	0	0	14.962962962963	0	3.17552334943639	0	5.91304347826087	0	0	0	0	0	0	0	0	0	0	0	0	0	0	0	0	0	0.933977455716586	0	0	0	0	0	0	0	0	0	25.4020397208803	0	0	0	0	0	0	0	0	0	0	0
SRR31465474	0	0	0	0	0	0	0	0	0	0	0	0	0	0	17.1100984859621	0	0	0	0	0	0	0	0	0	0	0	0	0	0	0	0	0	0	0	0	0	0	0	0	0	0	0	0	0	0	0	9.76039982360723	0	0	0	0	0	0	0	0	0	0	0	0	0	0	0	0	0	0	0	0	0	0	0	0	0.668822578274291	0	0	0	0	0	0	0	0	0	0	0	0	0	0	0	0	0	0	0	0	0	0	0	0	0	0	0	0	0	0	0	4.24322602773286	0	0	0	0	3.65035033563624	0.99710911852614	0	0	0	0	0	0	0	0	0	0	0	0	0	0	0	0	0	0	0	0	0	8.43500416482924	0	0	0	0	0	0	0	0	0	0	0	0	0	0	0	0	0	0	0	0	0	0	0	0	0	0	0	0	0	0	0	0	0	0	0	0	0	0	0	0	0	0	0	0	0	0	0	0	0	0	0	0	0	0	0	0	0	0	0	0	0	0	0	0	0	0	0	0	0	0	0	0	0	0	0	0	0	0	0	0	0	0	0	0	0	0	0	0	0	0	0	0	0	0	0	0	0	0	0	0	0	0	0	0	0	0	0	0.558577098338968	0	0	0	0	0	0	0	0	0	0	0	0	0	0	0	0	0	0	0	0	0	0	0	0	0	0	0	0	0	0	0	0	0	0	0	0	0	0	0	0	0	0.928511931010829	0	0	0	0	0	0	6.31339115096281	0	0	0	0	0	0	0	0	0	0	0	0	3.54745455436327	0	0	0	0	0	0.00979959821647312	0	0	0	0	0	0	0	0	0	0	0	0	0	0	0	0	0	0	0	0	0	0	0	0	0	0	0	0	0	0	0	0	0	0	0	0	0	0	0	0	28.2007937674555	0	0	0	8.40805526973394	5.32853153020726	0	0	0	0	0	0	0	0	0	0	0	0	0	0	0	0	0	0	0	0	0	0	0	0	0	0	1.83987456514283	0	0	0	0	0	0	0	0	0	0	0
SRR31465484	0	0.0414894720464682	0.0233378280261384	0.0155585520174256	0.0233378280261384	0	0.142620060159734	0.0570480240638938	0.204854268229437	0.43823254849082	0	0	0	0	0	0	0	0	0	0.627528264702832	0	0	0	0	0	0.132247692148117	0.0233378280261384	0	0	11.4147909967846	0	6.39715797116482	0	0	0	0	0	0	2.1911627424541	0	0.0259309200290426	0	6.11451094284825	0.0233378280261384	0	0	0	0	0	0	0	0	0	0	0	0	0	12.7243024582512	0.889430556996162	0	0	0.96722331708329	0.503059848563427	0	1.1565190332953	0	0	0	0	0	0	0	0	0	0	0	0	0.0388963800435639	0	0	0	0.0363032880406597	0	0	0	0	0	0	7.30474017218131	0	0	1.14873975728659	0	0	0.049268748055181	0	0.293019396328182	3.08837257545898	0	0	0.0544549320609895	0	1.02427134114718	0	0	0	0	0	0	0	0	0.049268748055181	0	0	0	0	0	0	0	0	0.656052276734779	0.088165128098745	0	0.0959444041074577	0	0	0	0.500466756560523	0	0	0.43823254849082	0.287833212322373	0.0855720360958407	0	0.0959444041074577	0	0	0.951664765065865	0	0.0363032880406597	0	0	0.497873664557618	0	0	0	0	0	0	0	0	0	0.0777927600871279	0	0	0.168550980188777	0.137433876153926	0	0	0	0.0648273000726066	0	0.458977284514055	0	0	0	0	0.0518618400580853	0	0	0	0	0	0	0	0	0.00259309200290426	0	0.0103723680116171	0	0.0181516440203298	0	0	0.049268748055181	0.108909864121979	0	0	0	0	0	0.142620060159734	0	0	0	0	0.0726065760813194	0	0	0	0	0	0.0259309200290426	0	0.0181516440203298	0	0	0	0	0	0	0	0	0	0	0	0	0	0	0	0	0	0	0.0233378280261384	0	1.44435224561767	0	0	0.197074992220724	0	0	0.433046364485012	0	0	0	0	0	0	0	0	0	0	0	0	0	0	0	0	0	0	0	0	0	0	0	0.65086609272897	0	0	0	0	0	0	1.69328907789648	0	0	0	0	0	0	0.189295716212011	0	0	0	0.199668084223628	0.0311171040348512	0	0	0	0.609376620682502	0	0	0.77274141686547	0	0	0.210040452235245	0	0	0	0	0.00777927600871279	0.0155585520174256	0	0	0	0	0	0	0.00777927600871279	0	0	0	0	0	0	0	0	0	0	0	0	0	0	0	0	0	0	0	0	0	0	0	0	0	0	2.48418213878228	0.0181516440203298	0	0	0	0	0.440825640493725	8.52608650554922	0.363032880406597	0	0	0	0	0	0	0	0.0544549320609895	0	0	0	0	0	0	0	0	0.00259309200290426	0	0	0	0	0	0.108909864121979	0	0	0	0	0	0	0	0.0363032880406597	0	0	0	0	0	0	0	0	0	0	0.508246032569236	0	0	0.417487812467586	0.0544549320609895	0	0.0363032880406597	18.0971890882689	0	0	0	0	0	0	0	0	0	0	0
SRR31465488	0	0	0	0.00240015360983103	0	0	0	0	0	0.0360023041474654	0	0	0.266417050691244	0	0.00480030721966206	0	0	0	0	0.0600038402457757	0	0	0	0	0	0.0216013824884793	0	0	0	0.0144009216589862	0	0.170410906298003	0	0	0	0	0	0	0.0408026113671275	5.08112519201229	0	0	0	0	0	0	0	0	0	0	0	0	0	0.122407834101382	0	0	0	3.45382104454685	0.1392089093702	0	0.129608294930876	0.0384024577572965	0.136808755760369	0	0.48963133640553	0	0	0	0.552035330261137	0	0	0	0	0	0	0	0.0432027649769585	0	0	0.307219662058372	0	0	0	0	0	0	0	0	0.108006912442396	0	0	0	0	0	0	0	0.0264016897081413	0.0888056835637481	0	0	0	0	0.511232718894009	2.66417050691244	0.0624039938556068	0	0	0	0	0	0	0	0	0	0	0	0.100806451612903	0.720046082949309	0	0	0.127208141321045	0	0	0.115207373271889	0	0	0	0.0192012288786482	0.00240015360983103	1.036866359447	0.0360023041474654	33.5589477726574	0	0	0	0.739247311827957	0.213613671274962	0.264016897081413	0	0.0144009216589862	0	0	0.0432027649769585	0	0	0.148809523809524	0	2.8153801843318	0	3.40101766513057	0	0	0	0	0	0	0.0432027649769585	1.7401113671275	0	0	0	0.100806451612903	0.290418586789555	0	0.0168010752688172	0	0	0	0	0	0	0	0	0	0	0.0720046082949309	2.58496543778802	0.00480030721966206	0	0	0	0	0	0	0	0	0	0	0	0	0	0	0	0	0	0.00960061443932412	0	0.00720046082949309	0.0864055299539171	0	0	0.0168010752688172	0	0.0168010752688172	0	0.0144009216589862	0	0	0.0432027649769585	0	0	0	0	0	0	0	0	0	0	0	0	0	0	0	1.42089093701997	0	0	0	0	0	0.00960061443932412	0	0	0	0	0	0	0	0	0	0	0	0.0192012288786482	0	0.0768049155145929	0	0.0192012288786482	0	0	0.0576036866359447	0	0.458429339477727	0	0	0.0384024577572965	0.0168010752688172	0	0	0	0	0	0	0	0	0	0	0	0	0.0192012288786482	0	0	0	0.00480030721966206	0	0	0	0	0	0	0	0.11760752688172	0	0	0	0	0	0	0.343221966205837	7.77889784946237	0.974462365591398	0	0	0	0	0	4.1690668202765	2.088133640553	0	0.0960061443932412	0	0	0	0	0	0.42002688172043	0	0	0	0	0	0	0	0	0	0	0	0	0	0	0	0	0.0336021505376344	0	0.0576036866359447	0.0600038402457757	0	0	0	0	0	0.0336021505376344	0.35042242703533	0.408026113671275	0	0	0	0	6.06518817204301	0.100806451612903	0	0	0	0	0	0.00240015360983103	0	0	0.794450844854071	0	0	0	0	0	0	8.99097542242703	0	0	0	0.0312019969278034	0.0600038402457757	0	0	0	0.0120007680491551	0	0	0	0	0.571236559139785	0	0	0	0	0.144009216589862	0	0	0.0288018433179724	0	0	0	0.847254224270353	0.177611367127496	0	0	0	0	0	0.127208141321045	0	0	0	0
SRR31465489	0	0	0	0.0116227713335968	0	0	0	0	0	1.92705548711035	0.0488156396011065	0	0	0	0	0	0	0	0.0511401938678258	0.0441665310676678	0	0	0	0	0	0.983286454822288	0.309165717473674	0	0	1.23433831562798	0	0.190613449870987	0	0	0	0	0	0	2.14091447964853	3.0498151979358	0	0.0162718798670355	1.19017178456031	0.267323740672726	0	0	0	0	0	0.0743857365350194	0	0	0	0.0162718798670355	0	0	0	14.7888142448685	0.93911992375462	0	0	1.95030102977754	0.348683140007903	0	9.14247193100723	0	0	0	0	0	0	0.00232455426671936	0	0.137148701736442	0.753155582417071	0	0	0	0	0.606708663613752	0	0	0	0	0	0	0	0	0	0	0	0	0	0	0.0418419768009484	0	0.199911666937865	1.18319812176015	0	0	0	0.0232455426671936	1.81780143657454	0.120876821869407	0	0	0	0	0	0	0	0	0	0	0	0	0	0.509077384411539	0	0	0.987935563355727	0	0.123201376136126	0.0302192054673516	0	0	0	0.167367907203794	0.139473256003161	0	0.172017015737232	0.555568469745926	0	0	1.06464585415747	0.678769845882052	0.148771473070039	8.71940305446431	0	0.0743857365350194	0	0	0.0209209884004742	0	0	0.00697366280015807	0	0.653199748948139	0	4.04472442409168	0	0	0.0767102908017388	0	0	0.113903159069248	1.13903159069248	0.102280387735652	0	0	0	0	3.52402426834654	0	0.0836839536018968	0	0	0	0	0	0	0	0	0	0	0	0.481182733210907	0	0.00232455426671936	0	0	0	0	0.0418419768009484	0.0581138566679839	0	0	0	0	0	0	0	0	0	0	0.609033217880471	0.258025523605849	0.10925405053581	0	0	0.881006067086636	0.223157209605058	0.634603314814384	0.0162718798670355	0	0.0116227713335968	0	0.00464910853343871	0.0697366280015807	0	0	0	0	0	0	0	0	0	0	0	0	0	0	0	1.24596108696158	0	0	0	0	0	0	0	0	0	0	0	0	0	0	0	0	0	0	0	0.134824147469723	0	0.0767102908017388	0.0371928682675097	0	0	0	2.32687882098608	0	0	0.0674120737348613	0.146446918803319	0	0	0	0	0	0	0	0	0	0	0	0	0.174341570003952	0	0	0	0.0953067249354936	0.0371928682675097	0	0	0	0	0	0	0.476533624677468	0	0	0	0	0	0	0.137148701736442	11.3833422441247	0	0	0	0	0	0	0.883330621353355	0.199911666937865	0	0	0	0	0	0	0	0	0	0	0	0	0	0	0	0	0	0	0	0	0	0	0	0	0	0	0.367279574141658	2.16416002231572	0	0	0	0	0	3.66814663288314	0.0116227713335968	0.327762151607429	0	0	0	0	0.376577791208536	0	0.0604384109347033	0	0	0	0.0162718798670355	0.00929821706687743	0	0	0	0	0	0	0	0.0464910853343871	0	2.4617029684558	0	0	0	0	0	0	0	0	0	0	0.065087519468142	0	0	0	0	0	0	0.151096027336758	0	0.190613449870987	0	0	0	0	0.0209209884004742	2.32687882098608	0.125525930402845	0	0	0	0	0	0.0395174225342291	0	0	0	0
SRR31465492	0	0	0	0	0	0	0.00364830353885443	0	0	0	0.0601970083910981	0	0	0	0	0	0	0	0	0.0529004013133893	0	0	0	0	0	0.0346588836191171	0	0	0	0	0	0.435972272893105	0	0	0	0	0	0	0.0583728566216709	10.0291864283108	0	0	0.158701203940168	0	0	0	0	0	0	0	0	0	0	0	0	0	0	3.90368478657424	0	0	0	0	0	0	0.472455308281649	0	0	0	0	0	0	0	0	0	0	0.102152499087924	0	0	0	0	0	0	0	0	0	0	0	0	0.0510762495439621	0	0	0	0	0	0.0145932141554177	0	0.284567676030646	0.0711419190076614	0	0	0	0.0364830353885443	0.00364830353885443	1.57424297701569	0	0	0	0	0	0.0729660707770887	0	0	0	0	0.545421379058738	0	0	0.249908792411529	0	0	0.36665450565487	0	0	0	0	0	0	0.118569865012769	0	0	0.00912075884713608	0.00729660707770886	0	0	0.041955490696826	0	0	0.295512586647209	0	0.0437796424662532	0	0	0.0164173659248449	0	0	0	0	0	0	37.7927763589931	0	0	0.0875592849325064	0	0	0.00182415176942722	0.0547245530828165	0	0	0	0	0	0.11127325793506	0	0	0	0	0	0	0.516234950747902	0	0	0	0	0	0	0	0	0	0	0	0	0	0.0328347318496899	0.0291864283108355	0	0	0	0	0	0	0	0	0	0	0.114921561473915	0	0	0	0	0.0273622765414082	0	0.025538124771981	0	0	0	0	0	1.83692083181321	0	0	0	0	0	0	0	0	0	0	0	0	0	0	0	0.155052900401313	0	0	0	0	0	0	0	0	0	0	0	0	0	0	0	0	0	0	0	0.0474279460051076	0	0.0127690623859905	0	0	0	0	0	0	0	0.102152499087924	0	0	0	0	0	0	0.00547245530828165	0	0	0	0	0	0	0	0	0	0	0.0766143743159431	0.00547245530828165	0	0	0	0	0	0	0.326523166727472	0	0	0	0	0	0	0	31.4392557460781	0	0.200656694636994	0	0	0	0	3.6191171105436	0	0	0	0	0	0	0	0	0	0	0	0	0	0	0	0	0	0	0	0	0	0	0	0	0	0	0	0.0127690623859905	0.0218898212331266	0	0	0	0	0	0.0200656694636994	0	0	0	0	0	0	0	0	0.0237139730025538	0	0	0	0	0	0	0	0	0	0	0	0	0.32105071141919	0	0.538124771981029	0	0	0	0	1.05800802626779	0	0	0	0	0	0.0182415176942722	0	0	0	0	0	0	0	0	0	0	0.0200656694636994	0	0	0	0.481576067128785	0.122218168551624	0	0.156877052170741	0	0	0	0	0	1.46844217438891	0	0
SRR31465493	0	0	0.0019799627766998	0.0316794044271968	0.0831584366213915	4.20148101215697	0	0	0	0	0.0415792183106958	0	3.13230111273908	0	0	0	0	0	0.0712786599611927	0.0376192927572962	0	0	0	0	0	0.340553597592365	0.215815942660278	0	0	0	0	0.152457133805884	0	0.0871183621747911	0	0	0	0	0.930582505048905	2.11262028273868	0	0.0257395160970974	0.639527976874035	0	0	0	0	0	0	0	0	0	0	0.227695719320477	0	0	0	6.8189918029541	0.332633746485566	0	0.265315012077773	1.08699956440819	0.138597394368986	0	5.04890508058449	0	0	0	0	0	0	0	0.364313150912763	0.0356393299805964	0	0	0	0	0	1.41171345978696	0	0	0	0	0	0	0	0	0.0277194788737972	0	0	0	0	0	0.0039599255533996	0	0.178196649902982	0.69100700906823	0	0	0	0	0	0.029699441650497	0	0	0	0	0	0	0	0	0	0	0	0	0	0.764265631806122	0	0	0.338573634815665	0	0	0.0019799627766998	0	0	0	0.170276798796183	0	0	0.0613788460776937	1.14837841048588	0	0	0	0.302934304835069	0	4.40145725260365	0.0415792183106958	0.0336593672038966	0	0	0.019799627766998	0.0415792183106958	0	0.578149130796341	0	7.54761810477963	0	4.96970656951649	0	0	0.0217795905436978	0	0	0.00989981388349899	0.241555458757375	1.49883182196175	0	0	0	0	0.0277194788737972	0	0	0	0	0	0	0.469251178077852	0	0	0	0	0	0.0831584366213915	4.53213479586584	0	0	0	0	0	0	0.0138597394368986	0.0237595533203976	0	0	0.0930582505048905	0	0	0	0	0	0	0	0.0890983249514909	0.0138597394368986	0	0	0	0.209876054330179	0.289074565398171	0.029699441650497	0.0158397022135984	0	0	0	0	0.0435591810873956	0	0	0	0	0	0	0	0	0	0	0	0	0	0	0	0.370253039242862	0	0.310854155941868	0	0	0	0.0118797766601988	0.0039599255533996	0	0	0	0	0	0	0	0	0	0	0	0	0.39599255533996	0	0.0613788460776937	0.0138597394368986	0	0.0257395160970974	0	0.314814081495268	0	0	0.0158397022135984	0	0	0	0	0	0	0.166316873242783	0	0	0	0	0	0	0.128697580485487	0	0	0	0.0316794044271968	0.0257395160970974	0	0	0	0	0	0	1.16817803825288	0	0.116817803825288	0.219775868213678	0.0118797766601988	0	0	0	4.32621866708906	3.80152853126361	0.908802914505207	0	0	0	0	1.74236724349582	10.737338138043	1.55427077970934	0.720706450718727	0	0	0	0	0	0	0	0	0	0	0	0	0	0	0.0237595533203976	0	0	0	0	0	0	0	0	0	0	0.78802518512652	0	0	0	0	0	3.884686967885	0	0.857323882311013	0	0	0	0	1.35429453926266	0	0	0	0	0	0	0	0	0	0	0	0	0	0	0	0	5.36767908763315	0	0	0	0.104938027165089	0.871183621747911	0	0	0	0	0	0	0	0	0	0	0	0	0	0.0851383993980913	0	0	0	0	0	0	2.49475309864175	0.0890983249514909	0	0	0	0	0	0	0	0	0	0
SRR31465497	0.0477131756526481	0.10053847726808	0	0	0.023856587826324	0	0.0221525458387295	0.177220366709836	0.0136323359007566	0.0289687137891078	0	0	0	0	0	0	0	0	0	0.0494172176402427	0	0	0	0	0	0.0102242519255674	0.0323767977642969	0	0	0.0391929657146752	0	0.995160520755231	0	0	0	0	0	0	0.270942676027537	1.30529616249744	0	0	0.0817940154045396	0	0	0	0	0	0	0	0	0	0	0.0443050916774589	0	0	0	11.2006679844591	0.161883988821485	0	0	0	0.0817940154045396	0	2.32942539704178	0	0	0	0	0	0	0	0	0.161883988821485	0.00340808397518915	0.345920523481699	0.0340808397518915	0	0	0.305023515779429	0	0	0	0	0	0	0	0	1.1928293913162	0	0	0	0	0	0.48053984050167	0	0.0460091336650535	0.214709290436916	0	0	0	0	0.528253016154318	0.0102242519255674	0	0	0	0	0	0	0	0	0	0	0	0	0	0.163588030809079	0	0	0.10053847726808	0	0.0170404198759457	0.023856587826324	0	0	0.00340808397518915	0.0391929657146752	1.48762865517006	0	0	51.3018880785223	0	0	0.287983095903483	1.21327789516734	0	1.6324722241156	0	0.0187444618635403	0	0	0.276054801990321	0.0357848817394861	0	0.356144775407266	0	2.90879967282394	0	2.19310203803422	0	0	0	0	0	0	0.0630495535409993	0	0.023856587826324	0	0	0	0.628791493422398	0	0	0	0	0	0	0	0	0	0	0	0.0170404198759457	0	0.166996114784268	0	0	0	0	0	0	0.080089973416945	0.204485038511349	0	0	0.00340808397518915	0	0	0	0	0	0	0	0.0766818894417558	0.0647535955285938	0.0460091336650535	0	0	0.23856587826324	0.0886101833549179	0.0494172176402427	0	0	0	0	0	0.0494172176402427	0	0	0	0	0	0	0	0	0	0	0	0.117578897144026	0	0	0	0.311839683729807	0	0	0	0	0	0.0528253016154318	0	0	0	0	0	0	0	0	0	0	0	0	0	0	0	0	0.218117374412105	0	0	0	0.0221525458387295	0	0	0.223229500374889	0	0	0	0	0	0	0.194260786585781	0	0	0	0	0	0	0.105650603230864	0	0	0.0357848817394861	0.0136323359007566	0	0	0	0	0	0	0	0.545293436030264	0.00170404198759457	0.0647535955285938	0.729329970690478	0	0	0	0.0102242519255674	2.42825983232227	0	0	0	0	0	0	0.93892713516461	3.28709699406993	0	0	0	0	0	0	0	0	0	0	0	0	0	0	0	0	0.0204485038511349	0	0	0	0	0	0	0	0	0	0.299911389816645	0.166996114784268	0	0	0	0	0	0.287983095903483	0	0.533365142117102	0	0	0	0	0	0	0	0	0	0	0	0	0	0	0	0	0	0	0	0.180628450685025	0	0	0	0	0	0	0	0	0	0.0102242519255674	0	0	0	0	0.0391929657146752	0	0	0	0.0187444618635403	0	1.27632744870834	0.120986981119215	0	0.153363778883512	0	0.0068161679503783	0.0102242519255674	3.09624429145934	0.277758843977916	0	0	0	0	0	0	0	0	0	0
SRR31465498	0	0.0202470135654991	0	0.0276095639529533	0	0	0	0.00920318798431777	0	0	0.8080399050231	0	0	0	0	0	0	0	0.0294502015498169	0.0441753023247253	0	0	0	0	0	0.946087724787867	0.0828286918588599	0	0	0	0	0.377330707357029	0	0	0	0	0	0	0.152772920539675	6.23792081577058	0	0	0.0386533895341346	0.193266947670673	0	0	0	0	0	0	0	0	0	0	0	0	0	24.0295238270537	0.563235104640247	0	0	0.0552191279059066	0.539306815881021	0	1.1614423236209	0	0	0	0	0	0	0	0	0	0	0	0	0	0	0.682876548436378	0.00368127519372711	0	0	0	0	0	0	0	0	0	0	0	0	0	0.0423346647278617	0	0.594525943786928	0	0	0	0	0.033131476743544	0.276095639529533	1.82407185849178	0	0	0	0	0	0	0	0	0	0	0	0	0	0.658948259677152	0	0	0.688398461226969	0	0.485928325571978	0	0	0	0	0.857737120138416	3.21927515691435	0	0.0589004030996337	26.4683686428979	0	0	0.0239282887592262	0	0	1.6160798100462	0.053378490309043	0.0110438255811813	0	0	0	0	0	0	0	0	0	4.4340959708443	0	0	0.257689263560897	0	0.526422352702976	0	0.17117929650831	0.173019934105174	0	0	0	0	0.219035874026763	0	0	0	0	0	0	0	0	0	0	0	0	0	0	0	0.0496972151153159	0	0	0	0	0.276095639529533	0.053378490309043	0	0	0	0	0	0	0	0	0	0	0.156454195733402	0	0	0	0	0.0147251007749084	0.00552191279059066	0.145410370152221	0.0773067790682692	0	0	0	0	0.452796848828434	0	0	0	0	0	0	0	0	0	0	0	0.0202470135654991	0	0.00184063759686355	0	1.96396031585341	0	0	0	0	0	0	0	0	0	0	0	0	0	0	0	0	0	0	0	0	0	0	0	0	0	0	0	0	0	0	0.0404940271309982	0	0	0	0	0	0	0	0	0	0	0	0	0.706804837195604	0	0	0	0.233760974801671	0.0128844631780449	0	0	0	0	0	0	1.03811960463104	0	0	0.0239282887592262	0	0	0	0	5.88267775957592	0	0	0	0	0	0	0.671832722855197	0	0	0	0	0	0	0	0	0	0	0	0	0	0	0	0	0	0	0	0	0	0	0	0	0	0	0	0.213513961236172	0.220876511623626	0	0	0	0	0	0.542988091074748	0.0478565775184524	0.033131476743544	0	0	0	0	0	0	0.0184063759686355	0	0	0	0	0	0	0	0	0	0	0	0	0.0257689263560898	0	2.70573726738942	0	0	0	0	3.84141066465424	0	0	0	0	0	0	0	0	0	0	0	0.0441753023247253	0	0	0	0	0	0	0	0	1.78173719376392	0	0	0	0	0	0	0	0	0	0	0
SRR31465500	0	0.0409916064805778	0	0.0195198126097989	0	0	0	0	0	0	0.0234237751317587	0	5.22935779816514	0	0	0	0	0	0	0.00195198126097989	0	0	0	0	0	0.111262931875854	0.0156158500878392	0	0	1.79972672262346	0	1.48936170212766	0	0.0527034940464572	0	0	0	0	0.0819832129611556	9.07280890103455	0	0	0.0195198126097989	0	0	0	0	0	0	0	0	0	0	0.113214913136834	0	0	0	1.98321296115557	0.0644153816123365	0	0	0.0722233066562561	0.121022838180753	0	0.568026546945149	0	0	0	0.00195198126097989	0	0	0	0	0.124926800702713	0	0.335740776888542	0	0	0	5.98477454616436	0	0	0	0	0	0	0	0	0.0585594378293968	0	0	0	0.0780792504391958	0	0.00585594378293968	0	0.0468475502635175	0.610970134686707	0	0	0	0	0.306461057973843	2.01054069880929	0.201054069880929	0	0	0	0	0	0	0	0	0	0	0	0.310365020495803	1.58500878391567	0	0	0.0429435877415577	0	0.0195198126097989	0.037087643958618	0	0	0	0.0507515127854773	0.037087643958618	0	0	0.872535623658013	0	0	0.484091352723014	0.73589693538942	0.0683193441342963	0	0	0.0527034940464572	0	0	0.00780792504391958	0	0	0.712473160257661	0	5.02049580324029	0	18.9986336131173	0	0	0.0312317001756783	0	0	0	0	0	0	0	0	0	0	0	0	0	0	0	0	0	0	0	0	0	0	0.0351356626976381	2.23892250634394	0	0.269373414015225	0	0	0	0	0	0	0	0.458715596330275	0	0	0	0	0	0	0	0	0.00780792504391958	0	0	0	0	0	0	0	0.113214913136834	0	0	0.00390396252195979	0	1.97345305485067	0	0	0	0	0	0	0	0	0	0	0	0	0	0	0	0.124926800702713	0	0.423579933632637	0	0	0	0	0	0	0	0	0	0	0	0	0	0	0	0	0	0.505563146593793	0	0.18153425727113	0	0	0.238141713839547	0	0.0429435877415577	0	0.017567831348819	0	0.144446613312512	0	0	0	0	0	0.0897911380050752	0	0	0	0	0	0	0.152254538356432	0	0	0	0.0995510443099746	0	0	0	0	0.00975990630489947	0	0	0.398204177239898	0	0	0	0	0	0	0.249853601405427	15.9418309584228	0	0.310365020495803	0	0	0	0	1.21413234432949	9.78333008003123	0	0.618778059730627	0	0	0	0	0	0	0	0	0	0	0	0	0	0	0.249853601405427	0	0	0	0	0	0	0	0.105406988092914	0.0195198126097989	0.0331836814366582	0	0	0	0	0	0	0	0.0214717938707788	0.878391567440953	0	0	0	0	0	0	0	0	0	0	0	0	0	0	0	0	0	0	0	0.162014444661331	0	0	0	0	0.0195198126097989	0.162014444661331	1.0970134686707	0	0	0	0	0	0	0	0.119070856919774	0	0	0	0.00780792504391958	0	0.265469451493266	0	0	0	0	0	0.00780792504391958	1.16142885028304	0.273277376537185	0	0	0	0	0	0.0566074565684169	0	0	0	0
SRR31465502	0	0.0173313979938907	0	0.00866569899694534	0	0	0	0.0541606187309084	0	0	0.764747936480426	0	0	0	0	0	0	0	0	0.199311076929743	0	0	0	0	0	0.89256699668537	0.0346627959877814	0	0	0.192811802682034	0	0.272969518403778	0	0	0	0	0	0	0.268636668905306	3.1781451071297	0	0	0.233973872917524	0.0281635217400724	0	0	0	0	0	0	0	0	0	0	0	0	0	6.29996317077926	0.684590220758682	0	0	0.405121428107195	0	0	3.7977425854113	0	0	0	0	0	0	0	0	0	0.0736584414740354	0.366125782620941	0	0	0	0.0931562642171624	0.00866569899694534	0	0.019497822743127	0	0	0	0	0	0.051994193981672	0	0	0	0	0	0.012998548495418	0	0.132151909703416	0.684590220758682	0	0	0	0	0	0.179813254186616	0.00649927424770901	0	0	0	0	0	0	0	0	0	0	0	0	0.281635217400724	0	0	0	0.0151649732446543	0.0476613444831994	0.0779912909725081	0	0	0	1.79596611711692	2.76869082952404	0	0	49.7346129682185	0.0216642474923634	0	0.580601832795338	0.051994193981672	0	0	0	0	0	0	0.0953226889663988	0	0	0.116986936458762	0	0.747416538486536	0	3.80207543490977	0	0	0	0	0	0.162481856192725	0	0	0	0	0	0	3.02216252518469	0	0	0	0	0	0	0	0	0	0	0	0	0.012998548495418	0.134318334452653	0	0	0	0	0	0	0.019497822743127	0	0	0	0	0	0	0	0	0	0	0	0.0108321237461817	0.151649732446543	0	0	0	0	0.188478953183561	0	0.0368292207370177	0	0.344461535128577	0	0	0.0563270434801447	0	0	0	0	0	0	0	0	0	0	0	0	0	0.0411620702354904	0	0.825407829459044	0	0	0	0	0	0	0	0	0	0	0	0	0	0	0	0	0	0	0	0.012998548495418	0	0.0151649732446543	0.045494919733963	0	0	0	0.0303299464893087	0	0	0.0953226889663988	0.0411620702354904	0	0	0	0	0	0.051994193981672	0	0	0	0	0	0	0.17114755518967	0	0	0	0.00649927424770901	0	0	0	0	0	0	0	2.84018284624884	0	0	0	0	0	0	0.058493468229381	3.45111462553348	1.74180549838601	0	0	0	0	0	0.59143395654152	0.506943391321302	0	0	0	0	0	0	0	0	0	0	0	0	0	0	0	0	0	0	0	0	0	0	0	0	0	0	0.00866569899694534	0	0	0	0	0	0	0.758248662232717	0	0.207976775926688	0	0	0	0	0.0823241404709807	0	0.725752290994172	0	0	0	0	0.0974891137156351	0	0	0	0	0	0	0	0.318464438137741	0	0	0	0	0.184146103685088	0	2.14909335124244	0	0	0	0	0	0.470114170584285	0	0	0	0	0	0	0	0	0	0	0.00433284949847267	0	0.0779912909725081	0	1.11137589635824	0.0151649732446543	0	0	0	0	0	0	0	0.0216642474923634	0	0
