genus	Kingdom	Phylum	Class	Order	Family	mean_rel_abund_pct
g__Malassezia	k__Fungi	p__Basidiomycota	c__Malasseziomycetes	o__Malasseziales	f__Malasseziaceae	74.5908
g__Aspergillus	k__Fungi	p__Ascomycota	c__Eurotiomycetes	o__Eurotiales	f__Aspergillaceae	2.9518
g__Candida	k__Fungi	p__Ascomycota	c__Saccharomycetes	o__Saccharomycetales	f__Saccharomycetales_fam_Incertae_sedis	2.8511
g__Oligophagozyma	k__Fungi	p__Ascomycota	c__Saccharomycetes	o__Saccharomycetales	f__Saccharomycetaceae	2.0777
Unassigned	k__Viridiplantae	p__Anthophyta	c__Eudicotyledonae	o__Rosales	f__Moraceae	1.4915
g__Triticum	k__Viridiplantae	p__Anthophyta	c__Monocotyledonae	o__Poales	f__Poaceae	1.2863
g__Zea	k__Viridiplantae	p__Anthophyta	c__Monocotyledonae	o__Poales	f__Poaceae	1.1304
g__Styphnolobium	k__Viridiplantae	p__Anthophyta	c__Eudicotyledonae	o__Fabales	f__Fabaceae	1.1077
g__Alternaria	k__Fungi	p__Ascomycota	c__Dothideomycetes	o__Pleosporales	f__Pleosporaceae	0.975
g__Didymella	k__Fungi	p__Ascomycota	c__Dothideomycetes	o__Pleosporales	f__Didymellaceae	0.9688
g__Cladosporium	k__Fungi	p__Ascomycota	c__Dothideomycetes	o__Cladosporiales	f__Cladosporiaceae	0.8833
g__Cryptococcus	k__Fungi	p__Basidiomycota	c__Tremellomycetes	o__Tremellales	f__Cryptococcaceae	0.6331
g__Naganishia	k__Fungi	p__Basidiomycota	c__Tremellomycetes	o__Filobasidiales	f__Filobasidiaceae	0.6261
g__Brassica	k__Viridiplantae	p__Anthophyta	c__Eudicotyledonae	o__Brassicales	f__Brassicaceae	0.5309
g__Penicillium	k__Fungi	p__Ascomycota	c__Eurotiomycetes	o__Eurotiales	f__Aspergillaceae	0.5235
g__Rhodotorula	k__Fungi	p__Basidiomycota	c__Microbotryomycetes	o__Sporidiobolales	f__Sporidiobolaceae	0.4348
g__Humulus	k__Viridiplantae	p__Anthophyta	c__Eudicotyledonae	o__Rosales	f__Cannabaceae	0.3325
g__Aureobasidium	k__Fungi	p__Ascomycota	c__Dothideomycetes	o__Dothideales	f__Saccotheciaceae	0.318
g__Mortierella	k__Fungi	p__Mortierellomycota	c__Mortierellomycetes	o__Mortierellales	f__Mortierellaceae	0.2869
g__Artemisia	k__Viridiplantae	p__Anthophyta	c__Eudicotyledonae	o__Asterales	f__Asteraceae	0.2397
g__Vacuiphoma	k__Fungi	p__Ascomycota	c__Dothideomycetes	o__Pleosporales	f__Didymellaceae	0.2229
g__Solanum	k__Viridiplantae	p__Anthophyta	c__Eudicotyledonae	o__Solanales	f__Solanaceae	0.2066
g__Cucurbita	k__Viridiplantae	p__Anthophyta	c__Eudicotyledonae	o__Cucurbitales	f__Cucurbitaceae	0.1918
g__Trichophyton	k__Fungi	p__Ascomycota	c__Eurotiomycetes	o__Onygenales	f__Arthrodermataceae	0.1532
g__Rhizopus	k__Fungi	p__Mucoromycota	c__Mucoromycetes	o__Mucorales	f__Rhizopodaceae	0.1493
g__Gypsophila	k__Viridiplantae	p__Anthophyta	c__Eudicotyledonae	o__Caryophyllales	f__Caryophyllaceae	0.1389
g__Dimorphoma	k__Fungi	p__Ascomycota	c__Dothideomycetes	o__Pleosporales	f__Didymellaceae	0.1319
g__Talaromyces	k__Fungi	p__Ascomycota	c__Eurotiomycetes	o__Eurotiales	f__Trichocomaceae	0.1309
g__Suillus	k__Fungi	p__Basidiomycota	c__Agaricomycetes	o__Boletales	f__Suillaceae	0.1241
g__Gloeoporus	k__Fungi	p__Basidiomycota	c__Agaricomycetes	o__Polyporales	f__Irpicaceae	0.124
g__Cucurbitaceae_gen_Incertae_sedis	k__Viridiplantae	p__Anthophyta	c__Eudicotyledonae	o__Cucurbitales	f__Cucurbitaceae	0.1229
g__Linnemannia	k__Fungi	p__Mortierellomycota	c__Mortierellomycetes	o__Mortierellales	f__Mortierellaceae	0.1186
g__Fusarium	k__Fungi	p__Ascomycota	c__Sordariomycetes	o__Hypocreales	f__Nectriaceae	0.1141
g__Meyerozyma	k__Fungi	p__Ascomycota	c__Saccharomycetes	o__Saccharomycetales	f__Debaryomycetaceae	0.1032
g__Cucumis	k__Viridiplantae	p__Anthophyta	c__Eudicotyledonae	o__Cucurbitales	f__Cucurbitaceae	0.0818
g__Knufia	k__Fungi	p__Ascomycota	c__Eurotiomycetes	o__Chaetothyriales	f__Trichomeriaceae	0.0746
g__Raphanus	k__Viridiplantae	p__Anthophyta	c__Eudicotyledonae	o__Brassicales	f__Brassicaceae	0.0695
g__Luffa	k__Viridiplantae	p__Anthophyta	c__Eudicotyledonae	o__Cucurbitales	f__Cucurbitaceae	0.0692
g__Archaeorhizomyces	k__Fungi	p__Ascomycota	c__Archaeorhizomycetes	o__Archaeorhizomycetales	f__Archaeorhizomycetaceae	0.0683
g__Glycine	k__Viridiplantae	p__Anthophyta	c__Eudicotyledonae	o__Fabales	f__Fabaceae	0.0613
g__Periconia	k__Fungi	p__Ascomycota	c__Dothideomycetes	o__Pleosporales	f__Periconiaceae	0.058
g__Ceratobasidiaceae_gen_Incertae_sedis	k__Fungi	p__Basidiomycota	c__Agaricomycetes	o__Cantharellales	f__Ceratobasidiaceae	0.0511
g__Pseudoridolfia	k__Viridiplantae	p__Anthophyta	c__Eudicotyledonae	o__Apiales	f__Apiaceae	0.0498
g__Clavaria	k__Fungi	p__Basidiomycota	c__Agaricomycetes	o__Agaricales	f__Clavariaceae	0.0484
g__Hedera	k__Viridiplantae	p__Anthophyta	c__Eudicotyledonae	o__Apiales	f__Araliaceae	0.0481
g__Exophiala	k__Fungi	p__Ascomycota	c__Eurotiomycetes	o__Chaetothyriales	f__Herpotrichiellaceae	0.0469
g__Juglans	k__Viridiplantae	p__Anthophyta	c__Eudicotyledonae	o__Fagales	f__Juglandaceae	0.046
g__Fraxinus	k__Viridiplantae	p__Anthophyta	c__Eudicotyledonae	o__Lamiales	f__Oleaceae	0.0458
g__Erysiphe	k__Fungi	p__Ascomycota	c__Leotiomycetes	o__Helotiales	f__Erysiphaceae	0.045
g__Pseudohelminthosporium	k__Fungi	p__Ascomycota	c__Dothideomycetes	o__Pleosporales	f__Neomassarinaceae	0.0447
g__Ulmus	k__Viridiplantae	p__Anthophyta	c__Eudicotyledonae	o__Rosales	f__Ulmaceae	0.0442
g__Pichia	k__Fungi	p__Ascomycota	c__Saccharomycetes	o__Saccharomycetales	f__Pichiaceae	0.0419
g__Coprinellus	k__Fungi	p__Basidiomycota	c__Agaricomycetes	o__Agaricales	f__Psathyrellaceae	0.0407
g__Waitea	k__Fungi	p__Basidiomycota	c__Agaricomycetes	o__Corticiales	f__Corticiaceae	0.0395
g__Rhizophagus	k__Fungi	p__Glomeromycota	c__Glomeromycetes	o__Glomerales	f__Glomeraceae	0.0394
g__Maudiozyma	k__Fungi	p__Ascomycota	c__Saccharomycetes	o__Saccharomycetales	f__Saccharomycetaceae	0.0374
g__Prunus	k__Viridiplantae	p__Anthophyta	c__Eudicotyledonae	o__Rosales	f__Rosaceae	0.0368
g__Ipomoea	k__Viridiplantae	p__Anthophyta	c__Eudicotyledonae	o__Solanales	f__Convolvulaceae	0.0363
g__Navicula	k__Stramenopila	p__Ochrophyta	c__Bacillariophyceae	o__Naviculales	f__Naviculaceae	0.0354
g__Pistacia	k__Viridiplantae	p__Anthophyta	c__Eudicotyledonae	o__Sapindales	f__Anacardiaceae	0.0354
g__Cercozoa_gen_Incertae_sedis	k__Rhizaria	p__Cercozoa	c__Cercozoa_cls_Incertae_sedis	o__Cercozoa_ord_Incertae_sedis	f__Cercozoa_fam_Incertae_sedis	0.0343
g__Cuphophyllus	k__Fungi	p__Basidiomycota	c__Agaricomycetes	o__Agaricales	f__Hygrophoraceae	0.0312
g__Allium	k__Viridiplantae	p__Anthophyta	c__Monocotyledonae	o__Asparagales	f__Amaryllidaceae	0.0309
g__Morus	k__Viridiplantae	p__Anthophyta	c__Eudicotyledonae	o__Rosales	f__Moraceae	0.0301
g__Phialophora	k__Fungi	p__Ascomycota	c__Eurotiomycetes	o__Chaetothyriales	f__Herpotrichiellaceae	0.0299
g__Citrus	k__Viridiplantae	p__Anthophyta	c__Eudicotyledonae	o__Sapindales	f__Rutaceae	0.0298
g__Amaranthus	k__Viridiplantae	p__Anthophyta	c__Eudicotyledonae	o__Caryophyllales	f__Amaranthaceae	0.029
g__Polyporales_gen_Incertae_sedis	k__Fungi	p__Basidiomycota	c__Agaricomycetes	o__Polyporales	f__Polyporales_fam_Incertae_sedis	0.0268
g__Elymus	k__Viridiplantae	p__Anthophyta	c__Monocotyledonae	o__Poales	f__Poaceae	0.0264
g__Pleurotus	k__Fungi	p__Basidiomycota	c__Agaricomycetes	o__Agaricales	f__Pleurotaceae	0.0264
g__Cystofilobasidium	k__Fungi	p__Basidiomycota	c__Tremellomycetes	o__Cystofilobasidiales	f__Cystofilobasidiaceae	0.0257
g__Setaria	k__Viridiplantae	p__Anthophyta	c__Monocotyledonae	o__Poales	f__Poaceae	0.0253
g__Preussia	k__Fungi	p__Ascomycota	c__Dothideomycetes	o__Pleosporales	f__Sporormiaceae	0.0251
g__Trichosporon	k__Fungi	p__Basidiomycota	c__Tremellomycetes	o__Trichosporonales	f__Trichosporonaceae	0.0242
g__Stemphylium	k__Fungi	p__Ascomycota	c__Dothideomycetes	o__Pleosporales	f__Pleosporaceae	0.023
g__Idesia	k__Viridiplantae	p__Anthophyta	c__Eudicotyledonae	o__Malpighiales	f__Salicaceae	0.0226
g__Tricellula	k__Fungi	p__Ascomycota	c__Pezizomycotina_cls_Incertae_sedis	o__Pezizomycotina_ord_Incertae_sedis	f__Pezizomycotina_fam_Incertae_sedis	0.0225
g__Kurtzmaniella	k__Fungi	p__Ascomycota	c__Saccharomycetes	o__Saccharomycetales	f__Debaryomycetaceae	0.0216
g__Russula	k__Fungi	p__Basidiomycota	c__Agaricomycetes	o__Russulales	f__Russulaceae	0.0216
g__Perusta	k__Fungi	p__Ascomycota	c__Dothideomycetes	o__Capnodiales	f__Capnodiales_fam_Incertae_sedis	0.0215
g__Salix	k__Viridiplantae	p__Anthophyta	c__Eudicotyledonae	o__Malpighiales	f__Salicaceae	0.0209
g__Rhizophlyctis	k__Fungi	p__Chytridiomycota	c__Rhizophlyctidomycetes	o__Rhizophlyctidales	f__Rhizophlyctidaceae	0.0206
g__Epicoccum	k__Fungi	p__Ascomycota	c__Dothideomycetes	o__Pleosporales	f__Didymellaceae	0.0202
g__Musa	k__Viridiplantae	p__Anthophyta	c__Monocotyledonae	o__Zingiberales	f__Musaceae	0.0195
g__Aplosporella	k__Fungi	p__Ascomycota	c__Dothideomycetes	o__Botryosphaeriales	f__Aplosporellaceae	0.0193
g__Gliophorus	k__Fungi	p__Basidiomycota	c__Agaricomycetes	o__Agaricales	f__Hygrophoraceae	0.019
g__Lyomyces	k__Fungi	p__Basidiomycota	c__Agaricomycetes	o__Hymenochaetales	f__Schizoporaceae	0.019
g__Spissiomyces	k__Fungi	p__Ascomycota	c__Dothideomycetes	o__Tubeufiales	f__Wiesneriomycetaceae	0.0188
g__Pseudopithomyces	k__Fungi	p__Ascomycota	c__Dothideomycetes	o__Pleosporales	f__Didymosphaeriaceae	0.0185
g__Phanerochaete	k__Fungi	p__Basidiomycota	c__Agaricomycetes	o__Polyporales	f__Phanerochaetaceae	0.0182
g__Poaceae_gen_Incertae_sedis	k__Viridiplantae	p__Anthophyta	c__Monocotyledonae	o__Poales	f__Poaceae	0.0178
g__Irpicomyces	k__Fungi	p__Ascomycota	c__Pezizomycotina_cls_Incertae_sedis	o__Pezizomycotina_ord_Incertae_sedis	f__Pezizomycotina_fam_Incertae_sedis	0.0177
g__Coniosporium	k__Fungi	p__Ascomycota	c__Dothideomycetes	o__Coniosporiales	f__Coniosporiaceae	0.0175
g__Fagopyrum	k__Viridiplantae	p__Anthophyta	c__Eudicotyledonae	o__Caryophyllales	f__Polygonaceae	0.0172
g__Schizophyllum	k__Fungi	p__Basidiomycota	c__Agaricomycetes	o__Agaricales	f__Schizophyllaceae	0.0172
g__Torula	k__Fungi	p__Ascomycota	c__Dothideomycetes	o__Pleosporales	f__Torulaceae	0.0171
g__Cercospora	k__Fungi	p__Ascomycota	c__Dothideomycetes	o__Mycosphaerellales	f__Mycosphaerellaceae	0.0166
g__Debaryomyces	k__Fungi	p__Ascomycota	c__Saccharomycetes	o__Saccharomycetales	f__Debaryomycetaceae	0.0164
g__Cuminum	k__Viridiplantae	p__Anthophyta	c__Eudicotyledonae	o__Apiales	f__Apiaceae	0.0153
g__Symmetrospora	k__Fungi	p__Basidiomycota	c__Cystobasidiomycetes	o__Cystobasidiomycetes_ord_Incertae_sedis	f__Symmetrosporaceae	0.0151
g__Peziza	k__Fungi	p__Ascomycota	c__Pezizomycetes	o__Pezizales	f__Pezizaceae	0.0149
g__Salicaceae_gen_Incertae_sedis	k__Viridiplantae	p__Anthophyta	c__Eudicotyledonae	o__Malpighiales	f__Salicaceae	0.0148
g__Nannizzia	k__Fungi	p__Ascomycota	c__Eurotiomycetes	o__Onygenales	f__Arthrodermataceae	0.0147
g__Rosa	k__Viridiplantae	p__Anthophyta	c__Eudicotyledonae	o__Rosales	f__Rosaceae	0.0147
g__Curvularia	k__Fungi	p__Ascomycota	c__Dothideomycetes	o__Pleosporales	f__Pleosporaceae	0.0146
g__Phytophthora	k__Stramenopila	p__Oomycota	c__Oomycetes	o__Peronosporales	f__Peronosporaceae	0.0143
g__Ulotrichales_gen_Incertae_sedis	k__Viridiplantae	p__Chlorophyta	c__Ulvophyceae	o__Ulotrichales	f__Ulotrichales_fam_Incertae_sedis	0.0143
g__Solicoccozyma	k__Fungi	p__Basidiomycota	c__Tremellomycetes	o__Filobasidiales	f__Piskurozymaceae	0.0139
g__Vishniacozyma	k__Fungi	p__Basidiomycota	c__Tremellomycetes	o__Tremellales	f__Bulleribasidiaceae	0.0139
g__Selenophoma	k__Fungi	p__Ascomycota	c__Dothideomycetes	o__Dothideales	f__Saccotheciaceae	0.0138
g__Trichomerium	k__Fungi	p__Ascomycota	c__Eurotiomycetes	o__Chaetothyriales	f__Trichomeriaceae	0.0137
g__Genolevuria	k__Fungi	p__Basidiomycota	c__Tremellomycetes	o__Tremellales	f__Bulleraceae	0.0136
g__Wallemia	k__Fungi	p__Basidiomycota	c__Wallemiomycetes	o__Wallemiales	f__Wallemiaceae	0.0136
g__Cyphellophora	k__Fungi	p__Ascomycota	c__Eurotiomycetes	o__Chaetothyriales	f__Cyphellophoraceae	0.0135
g__Yamadazyma	k__Fungi	p__Ascomycota	c__Saccharomycetes	o__Saccharomycetales	f__Debaryomycetaceae	0.0128
g__Chaetomium	k__Fungi	p__Ascomycota	c__Sordariomycetes	o__Sordariales	f__Chaetomiaceae	0.0126
g__Monascus	k__Fungi	p__Ascomycota	c__Eurotiomycetes	o__Eurotiales	f__Aspergillaceae	0.0126
g__Rhizoctonia	k__Fungi	p__Basidiomycota	c__Agaricomycetes	o__Cantharellales	f__Ceratobasidiaceae	0.0125
g__Betula	k__Viridiplantae	p__Anthophyta	c__Eudicotyledonae	o__Fagales	f__Betulaceae	0.0124
g__Peronospora	k__Stramenopila	p__Oomycota	c__Oomycetes	o__Peronosporales	f__Peronosporaceae	0.0124
g__Hannaella	k__Fungi	p__Basidiomycota	c__Tremellomycetes	o__Tremellales	f__Bulleribasidiaceae	0.0123
g__Entomortierella	k__Fungi	p__Mortierellomycota	c__Mortierellomycetes	o__Mortierellales	f__Mortierellaceae	0.012
g__Trichaptum	k__Fungi	p__Basidiomycota	c__Agaricomycetes	o__Hymenochaetales	f__Hymenochaetales_fam_Incertae_sedis	0.0118
g__Helotiales_gen_Incertae_sedis	k__Fungi	p__Ascomycota	c__Leotiomycetes	o__Helotiales	f__Helotiales_fam_Incertae_sedis	0.0117
g__Robinia	k__Viridiplantae	p__Anthophyta	c__Eudicotyledonae	o__Fabales	f__Fabaceae	0.0116
g__Lithohypha	k__Fungi	p__Ascomycota	c__Eurotiomycetes	o__Chaetothyriales	f__Trichomeriaceae	0.011
g__Mucor	k__Fungi	p__Mucoromycota	c__Mucoromycetes	o__Mucorales	f__Mucoraceae	0.011
g__Wickerhamomyces	k__Fungi	p__Ascomycota	c__Saccharomycetes	o__Saccharomycetales	f__Phaffomycetaceae	0.011
g__Neocamarosporium	k__Fungi	p__Ascomycota	c__Dothideomycetes	o__Pleosporales	f__Neocamarosporiaceae	0.0109
g__Podila	k__Fungi	p__Mortierellomycota	c__Mortierellomycetes	o__Mortierellales	f__Mortierellaceae	0.0109
g__Rozellomycota_gen_Incertae_sedis	k__Fungi	p__Rozellomycota	c__Rozellomycota_cls_Incertae_sedis	o__Rozellomycota_ord_Incertae_sedis	f__Rozellomycota_fam_Incertae_sedis	0.0109
g__Pseudogymnoascus	k__Fungi	p__Ascomycota	c__Leotiomycetes	o__Thelebolales	f__Pseudeurotiaceae	0.0103
g__Mortierellaceae_gen_Incertae_sedis	k__Fungi	p__Mortierellomycota	c__Mortierellomycetes	o__Mortierellales	f__Mortierellaceae	0.0101
g__Hirschioporus	k__Fungi	p__Basidiomycota	c__Agaricomycetes	o__Hymenochaetales	f__Hirschioporaceae	0.01
g__Bassia	k__Viridiplantae	p__Anthophyta	c__Eudicotyledonae	o__Caryophyllales	f__Amaranthaceae	0.0095
g__Flammulina	k__Fungi	p__Basidiomycota	c__Agaricomycetes	o__Agaricales	f__Physalacriaceae	0.0095
g__Mortierellales_gen_Incertae_sedis	k__Fungi	p__Mortierellomycota	c__Mortierellomycetes	o__Mortierellales	f__Mortierellales_fam_Incertae_sedis	0.0094
g__Pisum	k__Viridiplantae	p__Anthophyta	c__Eudicotyledonae	o__Fabales	f__Fabaceae	0.0094
g__Scolecobasidium	k__Fungi	p__Ascomycota	c__Dothideomycetes	o__Venturiales	f__Sympoventuriaceae	0.0094
g__Cladophialophora	k__Fungi	p__Ascomycota	c__Eurotiomycetes	o__Chaetothyriales	f__Herpotrichiellaceae	0.0093
g__Kwoniella	k__Fungi	p__Basidiomycota	c__Tremellomycetes	o__Tremellales	f__Cryptococcaceae	0.0093
g__Clavulinopsis	k__Fungi	p__Basidiomycota	c__Agaricomycetes	o__Agaricales	f__Clavariaceae	0.0091
g__Entoloma	k__Fungi	p__Basidiomycota	c__Agaricomycetes	o__Agaricales	f__Entolomataceae	0.0091
g__Pleosporaceae_gen_Incertae_sedis	k__Fungi	p__Ascomycota	c__Dothideomycetes	o__Pleosporales	f__Pleosporaceae	0.0091
g__Oidiodendron	k__Fungi	p__Ascomycota	c__Leotiomycetes	o__Helotiales	f__Myxotrichaceae	0.009
g__Sporothrix	k__Fungi	p__Ascomycota	c__Sordariomycetes	o__Ophiostomatales	f__Ophiostomataceae	0.009
g__Dioszegia	k__Fungi	p__Basidiomycota	c__Tremellomycetes	o__Tremellales	f__Bulleribasidiaceae	0.0088
g__Sebacina	k__Fungi	p__Basidiomycota	c__Agaricomycetes	o__Sebacinales	f__Sebacinaceae	0.0088
g__Clavispora	k__Fungi	p__Ascomycota	c__Saccharomycetes	o__Saccharomycetales	f__Metschnikowiaceae	0.0087
g__Atrocalyx	k__Fungi	p__Ascomycota	c__Dothideomycetes	o__Pleosporales	f__Lophiotremataceae	0.0086
g__Cyclotella	k__Stramenopila	p__Ochrophyta	c__Bacillariophyceae	o__Thalassiosirales	f__Stephanodiscaceae	0.0086
g__Lolium	k__Viridiplantae	p__Anthophyta	c__Monocotyledonae	o__Poales	f__Poaceae	0.0079
g__Tausonia	k__Fungi	p__Basidiomycota	c__Tremellomycetes	o__Cystofilobasidiales	f__Mrakiaceae	0.0078
g__Arachis	k__Viridiplantae	p__Anthophyta	c__Eudicotyledonae	o__Fabales	f__Fabaceae	0.0076
g__Panax	k__Viridiplantae	p__Anthophyta	c__Eudicotyledonae	o__Apiales	f__Araliaceae	0.0076
g__Hyaloperonospora	k__Stramenopila	p__Oomycota	c__Oomycetes	o__Peronosporales	f__Peronosporaceae	0.0075
g__Myzus	k__Metazoa	p__Arthropoda	c__Insecta	o__Hemiptera	f__Aphididae	0.0075
g__Pezizaceae_gen_Incertae_sedis	k__Fungi	p__Ascomycota	c__Pezizomycetes	o__Pezizales	f__Pezizaceae	0.0075
g__Hordeum	k__Viridiplantae	p__Anthophyta	c__Monocotyledonae	o__Poales	f__Poaceae	0.0074
g__Neosetophoma	k__Fungi	p__Ascomycota	c__Dothideomycetes	o__Pleosporales	f__Phaeosphaeriaceae	0.0073
g__Oliveonia	k__Fungi	p__Basidiomycota	c__Agaricomycetes	o__Auriculariales	f__Oliveoniaceae	0.0072
g__Sphaerulina	k__Fungi	p__Ascomycota	c__Dothideomycetes	o__Mycosphaerellales	f__Mycosphaerellaceae	0.0072
g__Momordica	k__Viridiplantae	p__Anthophyta	c__Eudicotyledonae	o__Cucurbitales	f__Cucurbitaceae	0.007
g__Lobulomycetales_gen_Incertae_sedis	k__Fungi	p__Chytridiomycota	c__Lobulomycetes	o__Lobulomycetales	f__Lobulomycetales_fam_Incertae_sedis	0.0069
g__Irpex	k__Fungi	p__Basidiomycota	c__Agaricomycetes	o__Polyporales	f__Irpicaceae	0.0068
g__Lentinula	k__Fungi	p__Basidiomycota	c__Agaricomycetes	o__Agaricales	f__Omphalotaceae	0.0066
g__Nicotiana	k__Viridiplantae	p__Anthophyta	c__Eudicotyledonae	o__Solanales	f__Solanaceae	0.0066
g__Filobasidium	k__Fungi	p__Basidiomycota	c__Tremellomycetes	o__Filobasidiales	f__Filobasidiaceae	0.0065
g__Diutina	k__Fungi	p__Ascomycota	c__Saccharomycetes	o__Saccharomycetales	f__Saccharomycetales_fam_Incertae_sedis	0.0063
g__Dothidotthiaceae_gen_Incertae_sedis	k__Fungi	p__Ascomycota	c__Dothideomycetes	o__Pleosporales	f__Dothidotthiaceae	0.0063
g__Serendipita	k__Fungi	p__Basidiomycota	c__Agaricomycetes	o__Sebacinales	f__Serendipitaceae	0.0063
g__Bipolaris	k__Fungi	p__Ascomycota	c__Dothideomycetes	o__Pleosporales	f__Pleosporaceae	0.0062
g__Malus	k__Viridiplantae	p__Anthophyta	c__Eudicotyledonae	o__Rosales	f__Rosaceae	0.0062
g__Neocucurbitaria	k__Fungi	p__Ascomycota	c__Dothideomycetes	o__Pleosporales	f__Cucurbitariaceae	0.0062
g__Caryophyllaceae_gen_Incertae_sedis	k__Viridiplantae	p__Anthophyta	c__Eudicotyledonae	o__Caryophyllales	f__Caryophyllaceae	0.0061
g__Chloropyrula	k__Viridiplantae	p__Chlorophyta	c__Trebouxiophyceae	o__Trebouxiophyceae_ord_Incertae_sedis	f__Trebouxiophyceae_fam_Incertae_sedis	0.0061
g__Pezizomycotina_gen_Incertae_sedis	k__Fungi	p__Ascomycota	c__Pezizomycotina_cls_Incertae_sedis	o__Pezizomycotina_ord_Incertae_sedis	f__Pezizomycotina_fam_Incertae_sedis	0.0061
g__Arthrocatena	k__Fungi	p__Ascomycota	c__Dothideomycetes	o__Capnodiales	f__Capnodiales_fam_Incertae_sedis	0.006
g__GS11_gen_Incertae_sedis	k__Fungi	p__Rozellomycota	c__Rozellomycotina_cls_Incertae_sedis	o__GS11	f__GS11_fam_Incertae_sedis	0.006
g__Saitozyma	k__Fungi	p__Basidiomycota	c__Tremellomycetes	o__Tremellales	f__Trimorphomycetaceae	0.0059
g__Eremogone	k__Viridiplantae	p__Anthophyta	c__Eudicotyledonae	o__Caryophyllales	f__Caryophyllaceae	0.0058
g__Kazachstania	k__Fungi	p__Ascomycota	c__Saccharomycetes	o__Saccharomycetales	f__Saccharomycetaceae	0.0058
g__Septoria	k__Fungi	p__Ascomycota	c__Dothideomycetes	o__Mycosphaerellales	f__Mycosphaerellaceae	0.0058
g__Agrocybe	k__Fungi	p__Basidiomycota	c__Agaricomycetes	o__Agaricales	f__Strophariaceae	0.0057
g__Microscypha	k__Fungi	p__Ascomycota	c__Leotiomycetes	o__Helotiales	f__Pezizellaceae	0.0057
g__Eucommia	k__Viridiplantae	p__Anthophyta	c__Eudicotyledonae	o__Garryales	f__Eucommiaceae	0.0056
g__Cutaneotrichosporon	k__Fungi	p__Basidiomycota	c__Tremellomycetes	o__Trichosporonales	f__Trichosporonaceae	0.0055
g__Podosphaera	k__Fungi	p__Ascomycota	c__Leotiomycetes	o__Helotiales	f__Erysiphaceae	0.0055
g__Sporobolomyces	k__Fungi	p__Basidiomycota	c__Microbotryomycetes	o__Sporidiobolales	f__Sporidiobolaceae	0.0054
g__Archaeorhizomycetales_gen_Incertae_sedis	k__Fungi	p__Ascomycota	c__Archaeorhizomycetes	o__Archaeorhizomycetales	f__Archaeorhizomycetales_fam_Incertae_sedis	0.0053
g__Terfezia	k__Fungi	p__Ascomycota	c__Pezizomycetes	o__Pezizales	f__Pezizaceae	0.0053
g__Yarrowia	k__Fungi	p__Ascomycota	c__Saccharomycetes	o__Saccharomycetales	f__Saccharomycetales_fam_Incertae_sedis	0.0052
g__Trametes	k__Fungi	p__Basidiomycota	c__Agaricomycetes	o__Polyporales	f__Polyporaceae	0.0051
g__Ascobolus	k__Fungi	p__Ascomycota	c__Pezizomycetes	o__Pezizales	f__Ascobolaceae	0.005
g__Mortierellomycota_gen_Incertae_sedis	k__Fungi	p__Mortierellomycota	c__Mortierellomycota_cls_Incertae_sedis	o__Mortierellomycota_ord_Incertae_sedis	f__Mortierellomycota_fam_Incertae_sedis	0.005
g__Papiliotrema	k__Fungi	p__Basidiomycota	c__Tremellomycetes	o__Tremellales	f__Rhynchogastremaceae	0.005
g__Hygrocybe	k__Fungi	p__Basidiomycota	c__Agaricomycetes	o__Agaricales	f__Hygrophoraceae	0.0048
g__Labyrinthulidia_gen_Incertae_sedis	k__Stramenopila	p__Labyrinthulidia	c__Labyrinthulidia_cls_Incertae_sedis	o__Labyrinthulidia_ord_Incertae_sedis	f__Labyrinthulidia_fam_Incertae_sedis	0.0048
g__Paradevriesia	k__Fungi	p__Ascomycota	c__Dothideomycetes	o__Mycosphaerellales	f__Extremaceae	0.0048
g__Oxneria	k__Fungi	p__Ascomycota	c__Lecanoromycetes	o__Teloschistales	f__Teloschistaceae	0.0047
g__Celtis	k__Viridiplantae	p__Anthophyta	c__Eudicotyledonae	o__Rosales	f__Cannabaceae	0.0046
g__Phaeococcomyces	k__Fungi	p__Ascomycota	c__Arthoniomycetes	o__Lichenostigmatales	f__Phaeococcomycetaceae	0.0046
g__Ustilago	k__Fungi	p__Basidiomycota	c__Ustilaginomycetes	o__Ustilaginales	f__Ustilaginaceae	0.0046
g__Alnus	k__Viridiplantae	p__Anthophyta	c__Eudicotyledonae	o__Fagales	f__Betulaceae	0.0045
g__Buckleyzyma	k__Fungi	p__Basidiomycota	c__Cystobasidiomycetes	o__Buckleyzymales	f__Buckleyzymaceae	0.0045
g__Litonotus	k__Alveolata	p__Ciliophora	c__Litostomatea	o__Pleurostomatida	f__Litonotidae	0.0043
g__Orbilia	k__Fungi	p__Ascomycota	c__Orbiliomycetes	o__Orbiliales	f__Orbiliaceae	0.0043
g__Phyllactinia	k__Fungi	p__Ascomycota	c__Leotiomycetes	o__Helotiales	f__Erysiphaceae	0.0043
g__Paraxerochrysium	k__Fungi	p__Ascomycota	c__Eurotiomycetes	o__Eurotiales	f__Aspergillaceae	0.0041
g__Strelitziana	k__Fungi	p__Ascomycota	c__Eurotiomycetes	o__Chaetothyriales	f__Trichomeriaceae	0.0041
g__Geminibasidium	k__Fungi	p__Basidiomycota	c__Geminibasidiomycetes	o__Geminibasidiales	f__Geminibasidiaceae	0.004
g__Spinacia	k__Viridiplantae	p__Anthophyta	c__Eudicotyledonae	o__Caryophyllales	f__Amaranthaceae	0.004
g__Leohumicola	k__Fungi	p__Ascomycota	c__Leotiomycetes	o__Helotiales	f__Helotiales_fam_Incertae_sedis	0.0039
g__Parachaetomium	k__Fungi	p__Ascomycota	c__Sordariomycetes	o__Sordariales	f__Chaetomiaceae	0.0039
g__Chlamydomonas	k__Viridiplantae	p__Chlorophyta	c__Chlorophyceae	o__Volvocales	f__Chlamydomonadaceae	0.0038
g__Erythrobasidium	k__Fungi	p__Basidiomycota	c__Cystobasidiomycetes	o__Erythrobasidiales	f__Erythrobasidiaceae	0.0038
g__Bullera	k__Fungi	p__Basidiomycota	c__Tremellomycetes	o__Tremellales	f__Bulleraceae	0.0037
g__Carlosrosaea	k__Fungi	p__Basidiomycota	c__Tremellomycetes	o__Tremellales	f__Trimorphomycetaceae	0.0037
g__Laburnicola	k__Fungi	p__Ascomycota	c__Dothideomycetes	o__Pleosporales	f__Didymosphaeriaceae	0.0037
g__Rachicladosporium	k__Fungi	p__Ascomycota	c__Dothideomycetes	o__Cladosporiales	f__Cladosporiaceae	0.0037
g__Allocucurbitaria	k__Fungi	p__Ascomycota	c__Dothideomycetes	o__Pleosporales	f__Cucurbitariaceae	0.0036
g__Betamyces	k__Fungi	p__Chytridiomycota	c__Rhizophydiomycetes	o__Rhizophydiales	f__Alphamycetaceae	0.0036
g__Chlorococcum	k__Viridiplantae	p__Chlorophyta	c__Chlorophyceae	o__Chlamydomonadales	f__Chlorococcaceae	0.0035
g__Microdochium	k__Fungi	p__Ascomycota	c__Sordariomycetes	o__Xylariales	f__Microdochiaceae	0.0035
g__Stagonosporopsis	k__Fungi	p__Ascomycota	c__Dothideomycetes	o__Pleosporales	f__Didymellaceae	0.0035
g__Tetracladium	k__Fungi	p__Ascomycota	c__Leotiomycetes	o__Helotiales	f__Helotiales_fam_Incertae_sedis	0.0035
g__Ceratobasidium	k__Fungi	p__Basidiomycota	c__Agaricomycetes	o__Cantharellales	f__Ceratobasidiaceae	0.0034
g__Salicornia	k__Viridiplantae	p__Anthophyta	c__Eudicotyledonae	o__Caryophyllales	f__Amaranthaceae	0.0034
g__Zizania	k__Viridiplantae	p__Anthophyta	c__Monocotyledonae	o__Poales	f__Poaceae	0.0034
g__Alatosessilispora	k__Fungi	p__Ascomycota	c__Eurotiomycetes	o__Chaetothyriales	f__Trichomeriaceae	0.0032
g__Endosporium	k__Fungi	p__Ascomycota	c__Dothideomycetes	o__Myriangiales	f__Endosporiaceae	0.0032
g__Hanseniaspora	k__Fungi	p__Ascomycota	c__Saccharomycetes	o__Saccharomycetales	f__Saccharomycodaceae	0.0032
g__Petrakia	k__Fungi	p__Ascomycota	c__Dothideomycetes	o__Pleosporales	f__Melanommataceae	0.0032
g__Phaeosphaeria	k__Fungi	p__Ascomycota	c__Dothideomycetes	o__Pleosporales	f__Phaeosphaeriaceae	0.0032
g__Platanus	k__Viridiplantae	p__Anthophyta	c__Eudicotyledonae	o__Proteales	f__Platanaceae	0.0032
g__Pseudosigmoidea	k__Fungi	p__Ascomycota	c__Dothideomycetes	o__Venturiales	f__Sympoventuriaceae	0.0032
g__Zanthoxylum	k__Viridiplantae	p__Anthophyta	c__Eudicotyledonae	o__Sapindales	f__Rutaceae	0.0032
g__Apiotrichum	k__Fungi	p__Basidiomycota	c__Tremellomycetes	o__Trichosporonales	f__Trichosporonaceae	0.0031
g__Colacogloea	k__Fungi	p__Basidiomycota	c__Microbotryomycetes	o__Microbotryomycetes_ord_Incertae_sedis	f__Colacogloeaceae	0.0031
g__Exserohilum	k__Fungi	p__Ascomycota	c__Dothideomycetes	o__Pleosporales	f__Pleosporaceae	0.0031
g__Neopyrenochaeta	k__Fungi	p__Ascomycota	c__Dothideomycetes	o__Pleosporales	f__Neopyrenochaetaceae	0.0031
g__Ostryopsis	k__Viridiplantae	p__Anthophyta	c__Eudicotyledonae	o__Fagales	f__Betulaceae	0.0031
g__Pyronema	k__Fungi	p__Ascomycota	c__Pezizomycetes	o__Pezizales	f__Pyronemataceae	0.0031
g__Thelebolus	k__Fungi	p__Ascomycota	c__Leotiomycetes	o__Thelebolales	f__Thelebolaceae	0.0031
g__Thymus	k__Viridiplantae	p__Anthophyta	c__Eudicotyledonae	o__Lamiales	f__Lamiaceae	0.0031
g__Cyberlindnera	k__Fungi	p__Ascomycota	c__Saccharomycetes	o__Saccharomycetales	f__Phaffomycetaceae	0.003
g__Devriesia	k__Fungi	p__Ascomycota	c__Dothideomycetes	o__Mycosphaerellales	f__Teratosphaeriaceae	0.003
g__Pezizella	k__Fungi	p__Ascomycota	c__Leotiomycetes	o__Helotiales	f__Pezizellaceae	0.003
g__Taphrina	k__Fungi	p__Ascomycota	c__Taphrinomycetes	o__Taphrinales	f__Taphrinaceae	0.003
g__Trebouxia	k__Viridiplantae	p__Chlorophyta	c__Trebouxiophyceae	o__Trebouxiales	f__Trebouxiaceae	0.003
g__Corynespora	k__Fungi	p__Ascomycota	c__Dothideomycetes	o__Pleosporales	f__Corynesporascaceae	0.0029
g__Dictyosporiaceae_gen_Incertae_sedis	k__Fungi	p__Ascomycota	c__Dothideomycetes	o__Pleosporales	f__Dictyosporiaceae	0.0029
g__Oomycetes_gen_Incertae_sedis	k__Stramenopila	p__Oomycota	c__Oomycetes	o__Oomycetes_ord_Incertae_sedis	f__Oomycetes_fam_Incertae_sedis	0.0029
g__Ampelomyces	k__Fungi	p__Ascomycota	c__Dothideomycetes	o__Pleosporales	f__Phaeosphaeriaceae	0.0028
g__Bjerkandera	k__Fungi	p__Basidiomycota	c__Agaricomycetes	o__Polyporales	f__Phanerochaetaceae	0.0028
g__Idriella	k__Fungi	p__Ascomycota	c__Sordariomycetes	o__Xylariales	f__Microdochiaceae	0.0028
g__Plumbago	k__Viridiplantae	p__Anthophyta	c__Eudicotyledonae	o__Plumbaginales	f__Plumbaginaceae	0.0028
g__Poa	k__Viridiplantae	p__Anthophyta	c__Monocotyledonae	o__Poales	f__Poaceae	0.0028
g__Apium	k__Viridiplantae	p__Anthophyta	c__Eudicotyledonae	o__Apiales	f__Apiaceae	0.0027
g__Deasonia	k__Viridiplantae	p__Chlorophyta	c__Chlorophyceae	o__Chlamydomonadales	f__Actinochloridaceae	0.0027
g__Krascheninnikovia	k__Viridiplantae	p__Anthophyta	c__Eudicotyledonae	o__Caryophyllales	f__Amaranthaceae	0.0027
g__Melanommataceae_gen_Incertae_sedis	k__Fungi	p__Ascomycota	c__Dothideomycetes	o__Pleosporales	f__Melanommataceae	0.0027
g__Peniophora	k__Fungi	p__Basidiomycota	c__Agaricomycetes	o__Russulales	f__Peniophoraceae	0.0027
g__Pyrenochaetopsis	k__Fungi	p__Ascomycota	c__Dothideomycetes	o__Pleosporales	f__Pyrenochaetopsidaceae	0.0027
g__Anthracina	k__Fungi	p__Ascomycota	c__Eurotiomycetes	o__Chaetothyriales	f__Chaetothyriales_fam_Incertae_sedis	0.0026
g__Desmodesmus	k__Viridiplantae	p__Chlorophyta	c__Chlorophyceae	o__Sphaeropleales	f__Scenedesmaceae	0.0026
g__Elsinoe	k__Fungi	p__Ascomycota	c__Dothideomycetes	o__Myriangiales	f__Elsinoaceae	0.0026
g__Heterobasidion	k__Fungi	p__Basidiomycota	c__Agaricomycetes	o__Russulales	f__Bondarzewiaceae	0.0026
g__Pseudocercospora	k__Fungi	p__Ascomycota	c__Dothideomycetes	o__Mycosphaerellales	f__Mycosphaerellaceae	0.0026
g__Agaricomycetes_gen_Incertae_sedis	k__Fungi	p__Basidiomycota	c__Agaricomycetes	o__Agaricomycetes_ord_Incertae_sedis	f__Agaricomycetes_fam_Incertae_sedis	0.0025
g__Banhegyia	k__Fungi	p__Ascomycota	c__Dothideomycetes	o__Patellariales	f__Patellariaceae	0.0025
g__Barbula	k__Viridiplantae	p__Bryophyta	c__Bryopsida	o__Pottiales	f__Pottiaceae	0.0025
g__Dothiora	k__Fungi	p__Ascomycota	c__Dothideomycetes	o__Dothideales	f__Dothideaceae	0.0025
g__Lapidomyces	k__Fungi	p__Ascomycota	c__Dothideomycetes	o__Mycosphaerellales	f__Teratosphaeriaceae	0.0025
g__Thelephora	k__Fungi	p__Basidiomycota	c__Agaricomycetes	o__Thelephorales	f__Thelephoraceae	0.0025
g__Ambisporaceae_gen_Incertae_sedis	k__Fungi	p__Glomeromycota	c__Archaeosporomycetes	o__Archaeosporales	f__Ambisporaceae	0.0024
g__Cystobasidium	k__Fungi	p__Basidiomycota	c__Cystobasidiomycetes	o__Cystobasidiales	f__Cystobasidiaceae	0.0024
g__Daucus	k__Viridiplantae	p__Anthophyta	c__Eudicotyledonae	o__Apiales	f__Apiaceae	0.0024
g__Gloeophyllum	k__Fungi	p__Basidiomycota	c__Agaricomycetes	o__Gloeophyllales	f__Gloeophyllaceae	0.0024
g__Lactuca	k__Viridiplantae	p__Anthophyta	c__Eudicotyledonae	o__Asterales	f__Asteraceae	0.0024
g__Neochalara	k__Fungi	p__Ascomycota	c__Leotiomycetes	o__Helotiales	f__Pezizellaceae	0.0024
g__Paraphoma	k__Fungi	p__Ascomycota	c__Dothideomycetes	o__Pleosporales	f__Phaeosphaeriaceae	0.0024
g__Phaeobotryon	k__Fungi	p__Ascomycota	c__Dothideomycetes	o__Botryosphaeriales	f__Botryosphaeriaceae	0.0024
g__Pipturus	k__Viridiplantae	p__Anthophyta	c__Eudicotyledonae	o__Rosales	f__Urticaceae	0.0024
g__Planophila	k__Viridiplantae	p__Chlorophyta	c__Chlorophyceae	o__Chaetopeltidales	f__Chaetopeltidaceae	0.0024
g__Pseudotaeniolina	k__Fungi	p__Ascomycota	c__Dothideomycetes	o__Mycosphaerellales	f__Teratosphaeriaceae	0.0024
g__Syncephalis	k__Fungi	p__Zoopagomycota	c__Zoopagomycetes	o__Zoopagales	f__Piptocephalidaceae	0.0024
g__Actinidia	k__Viridiplantae	p__Anthophyta	c__Eudicotyledonae	o__Ericales	f__Actinidiaceae	0.0023
g__Broussonetia	k__Viridiplantae	p__Anthophyta	c__Eudicotyledonae	o__Rosales	f__Moraceae	0.0023
g__Chaetasbolisia	k__Fungi	p__Ascomycota	c__Dothideomycetes	o__Pleosporales	f__Didymellaceae	0.0023
g__Microsporum	k__Fungi	p__Ascomycota	c__Eurotiomycetes	o__Onygenales	f__Arthrodermataceae	0.0023
g__Phaeosphaeriaceae_gen_Incertae_sedis	k__Fungi	p__Ascomycota	c__Dothideomycetes	o__Pleosporales	f__Phaeosphaeriaceae	0.0023
g__Zingiber	k__Viridiplantae	p__Anthophyta	c__Monocotyledonae	o__Zingiberales	f__Zingiberaceae	0.0023
g__Bezerromyces	k__Fungi	p__Ascomycota	c__Dothideomycetes	o__Tubeufiales	f__Bezerromycetaceae	0.0022
g__Coprinopsis	k__Fungi	p__Basidiomycota	c__Agaricomycetes	o__Agaricales	f__Psathyrellaceae	0.0022
g__Deconica	k__Fungi	p__Basidiomycota	c__Agaricomycetes	o__Agaricales	f__Strophariaceae	0.0022
g__Eonema	k__Fungi	p__Basidiomycota	c__Agaricomycetes	o__Agaricales	f__Hygrophoraceae	0.0022
g__Globisporangium	k__Stramenopila	p__Oomycota	c__Oomycetes	o__Pythiales	f__Pythiaceae	0.0022
g__Didymocyrtis	k__Fungi	p__Ascomycota	c__Dothideomycetes	o__Pleosporales	f__Phaeosphaeriaceae	0.0021
g__Heydenia	k__Fungi	p__Ascomycota	c__Pezizomycetes	o__Pezizales	f__Pseudombrophilaceae	0.0021
g__Hyalorbilia	k__Fungi	p__Ascomycota	c__Orbiliomycetes	o__Orbiliales	f__Orbiliaceae	0.0021
g__Coniothyrium	k__Fungi	p__Ascomycota	c__Dothideomycetes	o__Pleosporales	f__Coniothyriaceae	0.002
g__Dominikia	k__Fungi	p__Glomeromycota	c__Glomeromycetes	o__Glomerales	f__Glomeraceae	0.002
g__Hebeloma	k__Fungi	p__Basidiomycota	c__Agaricomycetes	o__Agaricales	f__Hymenogastraceae	0.002
g__Minimedusa	k__Fungi	p__Basidiomycota	c__Agaricomycetes	o__Cantharellales	f__Cantharellales_fam_Incertae_sedis	0.002
g__Moesziomyces	k__Fungi	p__Basidiomycota	c__Ustilaginomycetes	o__Ustilaginales	f__Ustilaginaceae	0.002
g__Neohelicomyces	k__Fungi	p__Ascomycota	c__Dothideomycetes	o__Tubeufiales	f__Tubeufiaceae	0.002
g__Ramariopsis	k__Fungi	p__Basidiomycota	c__Agaricomycetes	o__Agaricales	f__Clavariaceae	0.002
g__Rhizoglomus	k__Fungi	p__Glomeromycota	c__Glomeromycetes	o__Glomerales	f__Glomeraceae	0.002
g__Scytalidium	k__Fungi	p__Ascomycota	c__Leotiomycetes	o__Helotiales	f__Helotiaceae	0.002
g__Vicia	k__Viridiplantae	p__Anthophyta	c__Eudicotyledonae	o__Fabales	f__Fabaceae	0.002
g__Xeromyces	k__Fungi	p__Ascomycota	c__Eurotiomycetes	o__Eurotiales	f__Aspergillaceae	0.002
g__Chloroidium	k__Viridiplantae	p__Chlorophyta	c__Trebouxiophyceae	o__Chlorellales	f__Oocystaceae	0.0019
g__Conocybe	k__Fungi	p__Basidiomycota	c__Agaricomycetes	o__Agaricales	f__Bolbitiaceae	0.0019
g__Crustomyces	k__Fungi	p__Basidiomycota	c__Agaricomycetes	o__Agaricales	f__Cystostereaceae	0.0019
g__Fimicolochytrium	k__Fungi	p__Chytridiomycota	c__Spizellomycetes	o__Spizellomycetales	f__Powellomycetaceae	0.0019
g__Myriangiales_gen_Incertae_sedis	k__Fungi	p__Ascomycota	c__Dothideomycetes	o__Myriangiales	f__Myriangiales_fam_Incertae_sedis	0.0019
g__Pseudeurotium	k__Fungi	p__Ascomycota	c__Leotiomycetes	o__Thelebolales	f__Pseudeurotiaceae	0.0019
g__Salsola	k__Viridiplantae	p__Anthophyta	c__Eudicotyledonae	o__Caryophyllales	f__Amaranthaceae	0.0019
g__Setophoma	k__Fungi	p__Ascomycota	c__Dothideomycetes	o__Pleosporales	f__Phaeosphaeriaceae	0.0019
g__Sporormiella	k__Fungi	p__Ascomycota	c__Dothideomycetes	o__Pleosporales	f__Sporormiaceae	0.0019
g__Uzbekistanica	k__Fungi	p__Ascomycota	c__Dothideomycetes	o__Pleosporales	f__Melanommataceae	0.0019
g__Coriolopsis	k__Fungi	p__Basidiomycota	c__Agaricomycetes	o__Polyporales	f__Polyporaceae	0.0018
g__Powellomycetaceae_gen_Incertae_sedis	k__Fungi	p__Chytridiomycota	c__Spizellomycetes	o__Spizellomycetales	f__Powellomycetaceae	0.0018
g__Readerielliopsis	k__Fungi	p__Ascomycota	c__Dothideomycetes	o__Capnodiales	f__Readerielliopsidaceae	0.0018
g__Stagonospora	k__Fungi	p__Ascomycota	c__Dothideomycetes	o__Pleosporales	f__Massarinaceae	0.0018
g__Benincasa	k__Viridiplantae	p__Anthophyta	c__Eudicotyledonae	o__Cucurbitales	f__Cucurbitaceae	0.0017
g__Botrytis	k__Fungi	p__Ascomycota	c__Leotiomycetes	o__Helotiales	f__Sclerotiniaceae	0.0017
g__Caragana	k__Viridiplantae	p__Anthophyta	c__Eudicotyledonae	o__Fabales	f__Fabaceae	0.0017
g__Digitaria	k__Viridiplantae	p__Anthophyta	c__Monocotyledonae	o__Poales	f__Poaceae	0.0017
g__GS13_gen_Incertae_sedis	k__Fungi	p__Chytridiomycota	c__GS13	o__GS13_ord_Incertae_sedis	f__GS13_fam_Incertae_sedis	0.0017
g__Hormonema	k__Fungi	p__Ascomycota	c__Dothideomycetes	o__Dothideales	f__Dothideales_fam_Incertae_sedis	0.0017
g__Koelreuteria	k__Viridiplantae	p__Anthophyta	c__Eudicotyledonae	o__Sapindales	f__Sapindaceae	0.0017
g__Marasmius	k__Fungi	p__Basidiomycota	c__Agaricomycetes	o__Agaricales	f__Marasmiaceae	0.0017
g__Neophaeococcomyces	k__Fungi	p__Ascomycota	c__Eurotiomycetes	o__Chaetothyriales	f__Pyrenotrichaceae	0.0017
g__Quercus	k__Viridiplantae	p__Anthophyta	c__Eudicotyledonae	o__Fagales	f__Fagaceae	0.0017
g__Trichomeriaceae_gen_Incertae_sedis	k__Fungi	p__Ascomycota	c__Eurotiomycetes	o__Chaetothyriales	f__Trichomeriaceae	0.0017
g__Dermoloma	k__Fungi	p__Basidiomycota	c__Agaricomycetes	o__Agaricales	f__Tricholomataceae	0.0016
g__Leptodiscella	k__Fungi	p__Ascomycota	c__Dothideomycetes	o__Muyocopronales	f__Muyocopronaceae	0.0016
g__Leptospora	k__Fungi	p__Ascomycota	c__Dothideomycetes	o__Pleosporales	f__Phaeosphaeriaceae	0.0016
g__Neoascochyta	k__Fungi	p__Ascomycota	c__Dothideomycetes	o__Pleosporales	f__Didymellaceae	0.0016
g__Paraconiothyrium	k__Fungi	p__Ascomycota	c__Dothideomycetes	o__Pleosporales	f__Didymosphaeriaceae	0.0016
g__Perilla	k__Viridiplantae	p__Anthophyta	c__Eudicotyledonae	o__Lamiales	f__Lamiaceae	0.0016
g__Rosales_gen_Incertae_sedis	k__Viridiplantae	p__Anthophyta	c__Eudicotyledonae	o__Rosales	f__Rosales_fam_Incertae_sedis	0.0016
g__Spizellomycetales_gen_Incertae_sedis	k__Fungi	p__Chytridiomycota	c__Spizellomycetes	o__Spizellomycetales	f__Spizellomycetales_fam_Incertae_sedis	0.0016
g__Blumeria	k__Fungi	p__Ascomycota	c__Leotiomycetes	o__Helotiales	f__Erysiphaceae	0.0015
g__Corylus	k__Viridiplantae	p__Anthophyta	c__Eudicotyledonae	o__Fagales	f__Betulaceae	0.0015
g__Darksidea	k__Fungi	p__Ascomycota	c__Dothideomycetes	o__Pleosporales	f__Lentitheciaceae	0.0015
g__Galerina	k__Fungi	p__Basidiomycota	c__Agaricomycetes	o__Agaricales	f__Hymenogastraceae	0.0015
g__Glomerales_gen_Incertae_sedis	k__Fungi	p__Glomeromycota	c__Glomeromycetes	o__Glomerales	f__Glomerales_fam_Incertae_sedis	0.0015
g__Kurtzmanomyces	k__Fungi	p__Basidiomycota	c__Agaricostilbomycetes	o__Agaricostilbales	f__Chionosphaeraceae	0.0015
g__Olpidiaster	k__Fungi	p__Chytridiomycota	c__Chytridiomycetes	o__Chytridiomycetes_ord_Incertae_sedis	f__Chytridiomycetes_fam_Incertae_sedis	0.0015
g__Plasmopara	k__Stramenopila	p__Oomycota	c__Oomycetes	o__Peronosporales	f__Peronosporaceae	0.0015
g__Tomentella	k__Fungi	p__Basidiomycota	c__Agaricomycetes	o__Thelephorales	f__Thelephoraceae	0.0015
g__Westerdykella	k__Fungi	p__Ascomycota	c__Dothideomycetes	o__Pleosporales	f__Sporormiaceae	0.0015
g__Articulospora	k__Fungi	p__Ascomycota	c__Leotiomycetes	o__Helotiales	f__Discinellaceae	0.0014
g__Chlorosarcinopsis	k__Viridiplantae	p__Chlorophyta	c__Chlorophyceae	o__Chlamydomonadales	f__Chlorosarcinaceae	0.0014
g__Cumuliphoma	k__Fungi	p__Ascomycota	c__Dothideomycetes	o__Pleosporales	f__Didymellaceae	0.0014
g__Inocybe	k__Fungi	p__Basidiomycota	c__Agaricomycetes	o__Agaricales	f__Inocybaceae	0.0014
g__Naumovozyma	k__Fungi	p__Ascomycota	c__Saccharomycetes	o__Saccharomycetales	f__Saccharomycetaceae	0.0014
g__Neodidymelliopsis	k__Fungi	p__Ascomycota	c__Dothideomycetes	o__Pleosporales	f__Didymellaceae	0.0014
g__Parathyridaria	k__Fungi	p__Ascomycota	c__Dothideomycetes	o__Pleosporales	f__Thyridariaceae	0.0014
g__Serendipitaceae_gen_Incertae_sedis	k__Fungi	p__Basidiomycota	c__Agaricomycetes	o__Sebacinales	f__Serendipitaceae	0.0014
g__Tricholoma	k__Fungi	p__Basidiomycota	c__Agaricomycetes	o__Agaricales	f__Tricholomataceae	0.0014
g__Urtica	k__Viridiplantae	p__Anthophyta	c__Eudicotyledonae	o__Rosales	f__Urticaceae	0.0014
g__Zasmidium	k__Fungi	p__Ascomycota	c__Dothideomycetes	o__Mycosphaerellales	f__Mycosphaerellaceae	0.0014
g__Aphanophora	k__Fungi	p__Ascomycota	c__Eurotiomycetes	o__Chaetothyriales	f__Chaetothyriaceae	0.0013
g__Arxiella	k__Fungi	p__Ascomycota	c__Dothideomycetes	o__Muyocopronales	f__Muyocopronaceae	0.0013
g__Epicoleosporium	k__Fungi	p__Ascomycota	c__Dothideomycetes	o__Mycosphaerellales	f__Mycosphaerellaceae	0.0013
g__Hymenogaster	k__Fungi	p__Basidiomycota	c__Agaricomycetes	o__Agaricales	f__Hymenogastraceae	0.0013
g__Inopinatum	k__Fungi	p__Ascomycota	c__Leotiomycetes	o__Thelebolales	f__Thelebolaceae	0.0013
g__Microglena	k__Viridiplantae	p__Chlorophyta	c__Chlorophyceae	o__Volvocales	f__Chlamydomonadaceae	0.0013
g__Neocamarosporiaceae_gen_Incertae_sedis	k__Fungi	p__Ascomycota	c__Dothideomycetes	o__Pleosporales	f__Neocamarosporiaceae	0.0013
g__Orbiliales_gen_Incertae_sedis	k__Fungi	p__Ascomycota	c__Orbiliomycetes	o__Orbiliales	f__Orbiliales_fam_Incertae_sedis	0.0013
g__Pleotrichocladium	k__Fungi	p__Ascomycota	c__Dothideomycetes	o__Pleosporales	f__Melanommataceae	0.0013
g__Starmerella	k__Fungi	p__Ascomycota	c__Saccharomycetes	o__Saccharomycetales	f__Trichomonascaceae	0.0013
g__Urospora	k__Viridiplantae	p__Chlorophyta	c__Ulvophyceae	o__Ulotrichales	f__Ulotrichaceae	0.0013
g__Arachniotus	k__Fungi	p__Ascomycota	c__Eurotiomycetes	o__Onygenales	f__Gymnoascaceae	0.0012
g__Archaeosporaceae_gen_Incertae_sedis	k__Fungi	p__Glomeromycota	c__Archaeosporomycetes	o__Archaeosporales	f__Archaeosporaceae	0.0012
g__Astragalicola	k__Fungi	p__Ascomycota	c__Dothideomycetes	o__Pleosporales	f__Cucurbitariaceae	0.0012
g__Blastobotrys	k__Fungi	p__Ascomycota	c__Saccharomycetes	o__Saccharomycetales	f__Trichomonascaceae	0.0012
g__Ceramothyrium	k__Fungi	p__Ascomycota	c__Eurotiomycetes	o__Chaetothyriales	f__Chaetothyriaceae	0.0012
g__Erigeron	k__Viridiplantae	p__Anthophyta	c__Eudicotyledonae	o__Asterales	f__Asteraceae	0.0012
g__Lens	k__Viridiplantae	p__Anthophyta	c__Eudicotyledonae	o__Fabales	f__Fabaceae	0.0012
g__Mycena	k__Fungi	p__Basidiomycota	c__Agaricomycetes	o__Agaricales	f__Mycenaceae	0.0012
g__Nothopassalora	k__Fungi	p__Ascomycota	c__Dothideomycetes	o__Mycosphaerellales	f__Mycosphaerellaceae	0.0012
g__Phylloscypha	k__Fungi	p__Ascomycota	c__Pezizomycetes	o__Pezizales	f__Pezizaceae	0.0012
g__Synchytrium	k__Fungi	p__Chytridiomycota	c__Synchytriomycetes	o__Synchytriales	f__Synchytriaceae	0.0012
g__Thermomyces	k__Fungi	p__Ascomycota	c__Eurotiomycetes	o__Eurotiales	f__Trichocomaceae	0.0012
g__Venturia	k__Fungi	p__Ascomycota	c__Dothideomycetes	o__Venturiales	f__Venturiaceae	0.0012
g__Calophoma	k__Fungi	p__Ascomycota	c__Dothideomycetes	o__Pleosporales	f__Didymellaceae	0.0011
g__Ceriporiopsis	k__Fungi	p__Basidiomycota	c__Agaricomycetes	o__Polyporales	f__Meruliaceae	0.0011
g__GS31_gen_Incertae_sedis	k__Fungi	p__Ascomycota	c__Archaeorhizomycetes	o__GS31	f__GS31_fam_Incertae_sedis	0.0011
g__Microcyclospora	k__Fungi	p__Ascomycota	c__Dothideomycetes	o__Mycosphaerellales	f__Teratosphaeriaceae	0.0011
g__Phialomyces	k__Fungi	p__Ascomycota	c__Eurotiomycetes	o__Eurotiales	f__Aspergillaceae	0.0011
g__Rhododendron	k__Viridiplantae	p__Anthophyta	c__Eudicotyledonae	o__Ericales	f__Ericaceae	0.0011
g__Sarocladium	k__Fungi	p__Ascomycota	c__Sordariomycetes	o__Hypocreales	f__Sarocladiaceae	0.0011
g__Schizothecium	k__Fungi	p__Ascomycota	c__Sordariomycetes	o__Sordariales	f__Lasiosphaeriaceae	0.0011
g__Stereaceae_gen_Incertae_sedis	k__Fungi	p__Basidiomycota	c__Agaricomycetes	o__Russulales	f__Stereaceae	0.0011
g__Toxicocladosporium	k__Fungi	p__Ascomycota	c__Dothideomycetes	o__Cladosporiales	f__Cladosporiaceae	0.0011
g__Trema	k__Viridiplantae	p__Anthophyta	c__Eudicotyledonae	o__Rosales	f__Cannabaceae	0.0011
g__Baltazaria	k__Fungi	p__Basidiomycota	c__Agaricomycetes	o__Russulales	f__Peniophoraceae	0.001
g__Cadophora	k__Fungi	p__Ascomycota	c__Leotiomycetes	o__Helotiales	f__Ploettnerulaceae	0.001
g__Cantharellales_gen_Incertae_sedis	k__Fungi	p__Basidiomycota	c__Agaricomycetes	o__Cantharellales	f__Cantharellales_fam_Incertae_sedis	0.001
g__Clitopilus	k__Fungi	p__Basidiomycota	c__Agaricomycetes	o__Agaricales	f__Entolomataceae	0.001
g__Hierochloe	k__Viridiplantae	p__Anthophyta	c__Monocotyledonae	o__Poales	f__Poaceae	0.001
g__Hygrophorus	k__Fungi	p__Basidiomycota	c__Agaricomycetes	o__Agaricales	f__Hygrophoraceae	0.001
g__Ichthyophthirius	k__Alveolata	p__Ciliophora	c__Oligohymenophorea	o__Hymenostomatida	f__Hymenostomatida_fam_Incertae_sedis	0.001
g__Kodamaea	k__Fungi	p__Ascomycota	c__Saccharomycetes	o__Saccharomycetales	f__Metschnikowiaceae	0.001
g__Montagnula	k__Fungi	p__Ascomycota	c__Dothideomycetes	o__Pleosporales	f__Didymosphaeriaceae	0.001
g__Paraphaeosphaeria	k__Fungi	p__Ascomycota	c__Dothideomycetes	o__Pleosporales	f__Didymosphaeriaceae	0.001
g__Phaseolus	k__Viridiplantae	p__Anthophyta	c__Eudicotyledonae	o__Fabales	f__Fabaceae	0.001
g__Plectosphaerella	k__Fungi	p__Ascomycota	c__Sordariomycetes	o__Glomerellales	f__Plectosphaerellaceae	0.001
g__Pythium	k__Stramenopila	p__Oomycota	c__Oomycetes	o__Pythiales	f__Pythiaceae	0.001
g__Sclerotinia	k__Fungi	p__Ascomycota	c__Leotiomycetes	o__Helotiales	f__Sclerotiniaceae	0.001
g__Thaumatomonadida_gen_Incertae_sedis	k__Rhizaria	p__Cercozoa	c__Cercozoa_cls_Incertae_sedis	o__Thaumatomonadida	f__Thaumatomonadida_fam_Incertae_sedis	0.001
g__Vigna	k__Viridiplantae	p__Anthophyta	c__Eudicotyledonae	o__Fabales	f__Fabaceae	0.001
g__Zygosaccharomyces	k__Fungi	p__Ascomycota	c__Saccharomycetes	o__Saccharomycetales	f__Saccharomycetaceae	0.001
g__Auricularia	k__Fungi	p__Basidiomycota	c__Agaricomycetes	o__Auriculariales	f__Auriculariaceae	9e-04
g__Chlorella	k__Viridiplantae	p__Chlorophyta	c__Trebouxiophyceae	o__Chlorellales	f__Chlorellaceae	9e-04
g__Choanoflagellida_gen_Incertae_sedis	k__Choanoflagellozoa	p__Choanoflagellata	c__Choanoflagellata_cls_Incertae_sedis	o__Choanoflagellida	f__Choanoflagellida_fam_Incertae_sedis	9e-04
g__Debregeasia	k__Viridiplantae	p__Anthophyta	c__Eudicotyledonae	o__Rosales	f__Urticaceae	9e-04
g__Dendryphion	k__Fungi	p__Ascomycota	c__Dothideomycetes	o__Pleosporales	f__Torulaceae	9e-04
g__Dissoconium	k__Fungi	p__Ascomycota	c__Dothideomycetes	o__Mycosphaerellales	f__Dissoconiaceae	9e-04
g__Hyweljonesia	k__Fungi	p__Ascomycota	c__Dothideomycetes	o__Mycosphaerellales	f__Teratosphaeriaceae	9e-04
g__Infundichalara	k__Fungi	p__Ascomycota	c__Leotiomycetes	o__Helotiales	f__Helotiales_fam_Incertae_sedis	9e-04
g__Lophiotrema	k__Fungi	p__Ascomycota	c__Dothideomycetes	o__Pleosporales	f__Lophiotremataceae	9e-04
g__Ochrocladosporium	k__Fungi	p__Ascomycota	c__Dothideomycetes	o__Pleosporales	f__Coniothyriaceae	9e-04
g__Paecilomyces	k__Fungi	p__Ascomycota	c__Eurotiomycetes	o__Eurotiales	f__Thermoascaceae	9e-04
g__Paracamarosporium	k__Fungi	p__Ascomycota	c__Dothideomycetes	o__Pleosporales	f__Didymosphaeriaceae	9e-04
g__Piper	k__Viridiplantae	p__Anthophyta	c__Eudicotyledonae	o__Piperales	f__Piperaceae	9e-04
g__Pseudomicrodochium	k__Fungi	p__Ascomycota	c__Ascomycota_cls_Incertae_sedis	o__Ascomycota_ord_Incertae_sedis	f__Ascomycota_fam_Incertae_sedis	9e-04
g__Saccharomycopsis	k__Fungi	p__Ascomycota	c__Saccharomycetes	o__Saccharomycetales	f__Saccharomycopsidaceae	9e-04
g__Sagenomella	k__Fungi	p__Ascomycota	c__Eurotiomycetes	o__Eurotiales	f__Trichocomaceae	9e-04
g__Sechium	k__Viridiplantae	p__Anthophyta	c__Eudicotyledonae	o__Cucurbitales	f__Cucurbitaceae	9e-04
g__Stephanodiscus	k__Stramenopila	p__Ochrophyta	c__Bacillariophyceae	o__Thalassiosirales	f__Stephanodiscaceae	9e-04
g__Tetraselmis	k__Viridiplantae	p__Chlorophyta	c__Prasinophyceae	o__Chlorodendrales	f__Chlorodendraceae	9e-04
g__Venturiales_gen_Incertae_sedis	k__Fungi	p__Ascomycota	c__Dothideomycetes	o__Venturiales	f__Venturiales_fam_Incertae_sedis	9e-04
g__Agriophyllum	k__Viridiplantae	p__Anthophyta	c__Eudicotyledonae	o__Caryophyllales	f__Amaranthaceae	8e-04
g__Athelia	k__Fungi	p__Basidiomycota	c__Agaricomycetes	o__Atheliales	f__Atheliaceae	8e-04
g__Chrysophyceae_gen_Incertae_sedis	k__Stramenopila	p__Ochrophyta	c__Chrysophyceae	o__Chrysophyceae_ord_Incertae_sedis	f__Chrysophyceae_fam_Incertae_sedis	8e-04
g__Chrysosporium	k__Fungi	p__Ascomycota	c__Eurotiomycetes	o__Onygenales	f__Onygenaceae	8e-04
g__Chytridiomycota_gen_Incertae_sedis	k__Fungi	p__Chytridiomycota	c__Chytridiomycota_cls_Incertae_sedis	o__Chytridiomycota_ord_Incertae_sedis	f__Chytridiomycota_fam_Incertae_sedis	8e-04
g__Cistella	k__Fungi	p__Ascomycota	c__Leotiomycetes	o__Helotiales	f__Helotiales_fam_Incertae_sedis	8e-04
g__Cleistogenes	k__Viridiplantae	p__Anthophyta	c__Monocotyledonae	o__Poales	f__Poaceae	8e-04
g__Coriandrum	k__Viridiplantae	p__Anthophyta	c__Eudicotyledonae	o__Apiales	f__Apiaceae	8e-04
g__Debaryomycetaceae_gen_Incertae_sedis	k__Fungi	p__Ascomycota	c__Saccharomycetes	o__Saccharomycetales	f__Debaryomycetaceae	8e-04
g__Desmochloris	k__Viridiplantae	p__Chlorophyta	c__Ulvophyceae	o__Ulvophyceae_ord_Incertae_sedis	f__Ulvophyceae_fam_Incertae_sedis	8e-04
g__Ganoderma	k__Fungi	p__Basidiomycota	c__Agaricomycetes	o__Polyporales	f__Ganodermataceae	8e-04
g__Geoglossales_gen_Incertae_sedis	k__Fungi	p__Ascomycota	c__Geoglossomycetes	o__Geoglossales	f__Geoglossales_fam_Incertae_sedis	8e-04
g__Geotrichum	k__Fungi	p__Ascomycota	c__Saccharomycetes	o__Saccharomycetales	f__Dipodascaceae	8e-04
g__Hodophilus	k__Fungi	p__Basidiomycota	c__Agaricomycetes	o__Agaricales	f__Clavariaceae	8e-04
g__Humicola	k__Fungi	p__Ascomycota	c__Sordariomycetes	o__Sordariales	f__Chaetomiaceae	8e-04
g__Ichthyosporea_gen_Incertae_sedis	k__Ichthyosporia	p__Ichthyosporia_phy_Incertae_sedis	c__Ichthyosporea	o__Ichthyosporea_ord_Incertae_sedis	f__Ichthyosporea_fam_Incertae_sedis	8e-04
g__Lilium	k__Viridiplantae	p__Anthophyta	c__Monocotyledonae	o__Liliales	f__Liliaceae	8e-04
g__Limnostrombidium	k__Alveolata	p__Ciliophora	c__Spirotrichea	o__Spirotrichea_ord_Incertae_sedis	f__Strombidiidae	8e-04
g__Modicella	k__Fungi	p__Mortierellomycota	c__Mortierellomycetes	o__Mortierellales	f__Mortierellaceae	8e-04
g__Ochrophyta_gen_Incertae_sedis	k__Stramenopila	p__Ochrophyta	c__Ochrophyta_cls_Incertae_sedis	o__Ochrophyta_ord_Incertae_sedis	f__Ochrophyta_fam_Incertae_sedis	8e-04
g__Ostropomyces	k__Fungi	p__Ascomycota	c__Lecanoromycetes	o__Ostropales	f__Stictidaceae	8e-04
g__Passiflora	k__Viridiplantae	p__Anthophyta	c__Eudicotyledonae	o__Malpighiales	f__Passifloraceae	8e-04
g__Pseudeurotiaceae_gen_Incertae_sedis	k__Fungi	p__Ascomycota	c__Leotiomycetes	o__Thelebolales	f__Pseudeurotiaceae	8e-04
g__Rhizophydium	k__Fungi	p__Chytridiomycota	c__Rhizophydiomycetes	o__Rhizophydiales	f__Rhizophydiaceae	8e-04
g__Scenedesmaceae_gen_Incertae_sedis	k__Viridiplantae	p__Chlorophyta	c__Chlorophyceae	o__Sphaeropleales	f__Scenedesmaceae	8e-04
g__Sistotrema	k__Fungi	p__Basidiomycota	c__Agaricomycetes	o__Cantharellales	f__Hydnaceae	8e-04
g__Sporisorium	k__Fungi	p__Basidiomycota	c__Ustilaginomycetes	o__Ustilaginales	f__Ustilaginaceae	8e-04
g__Synura	k__Stramenopila	p__Ochrophyta	c__Synurophyceae	o__Synurales	f__Mallomonadaceae	8e-04
g__Thyrostroma	k__Fungi	p__Ascomycota	c__Dothideomycetes	o__Pleosporales	f__Dothidotthiaceae	8e-04
g__Trichocomaceae_gen_Incertae_sedis	k__Fungi	p__Ascomycota	c__Eurotiomycetes	o__Eurotiales	f__Trichocomaceae	8e-04
g__Uncobasidium	k__Fungi	p__Basidiomycota	c__Agaricomycetes	o__Polyporales	f__Polyporales_fam_Incertae_sedis	8e-04
g__Urticaceae_gen_Incertae_sedis	k__Viridiplantae	p__Anthophyta	c__Eudicotyledonae	o__Rosales	f__Urticaceae	8e-04
g__Akenomyces	k__Fungi	p__Basidiomycota	c__Agaricomycetes	o__Agaricomycetes_ord_Incertae_sedis	f__Agaricomycetes_fam_Incertae_sedis	7e-04
g__Aporospora	k__Fungi	p__Ascomycota	c__Dothideomycetes	o__Pleosporales	f__Didymosphaeriaceae	7e-04
g__Bougainvillea	k__Viridiplantae	p__Anthophyta	c__Eudicotyledonae	o__Caryophyllales	f__Nyctaginaceae	7e-04
g__Candolleomyces	k__Fungi	p__Basidiomycota	c__Agaricomycetes	o__Agaricales	f__Psathyrellaceae	7e-04
g__Cylindrosympodium	k__Fungi	p__Ascomycota	c__Dothideomycetes	o__Venturiales	f__Cylindrosympodiaceae	7e-04
g__Dekkera	k__Fungi	p__Ascomycota	c__Saccharomycetes	o__Saccharomycetales	f__Pichiaceae	7e-04
g__Galinsoga	k__Viridiplantae	p__Anthophyta	c__Eudicotyledonae	o__Asterales	f__Asteraceae	7e-04
g__Gymnopus	k__Fungi	p__Basidiomycota	c__Agaricomycetes	o__Agaricales	f__Omphalotaceae	7e-04
g__Hyphodontia	k__Fungi	p__Basidiomycota	c__Agaricomycetes	o__Hymenochaetales	f__Schizoporaceae	7e-04
g__Kondoa	k__Fungi	p__Basidiomycota	c__Agaricostilbomycetes	o__Agaricostilbales	f__Kondoaceae	7e-04
g__Leotiomycetes_gen_Incertae_sedis	k__Fungi	p__Ascomycota	c__Leotiomycetes	o__Leotiomycetes_ord_Incertae_sedis	f__Leotiomycetes_fam_Incertae_sedis	7e-04
g__Lophiostoma	k__Fungi	p__Ascomycota	c__Dothideomycetes	o__Pleosporales	f__Lophiostomataceae	7e-04
g__Minutisphaera	k__Fungi	p__Ascomycota	c__Dothideomycetes	o__Minutisphaerales	f__Minutisphaeraceae	7e-04
g__Mytilinidiales_gen_Incertae_sedis	k__Fungi	p__Ascomycota	c__Dothideomycetes	o__Mytilinidiales	f__Mytilinidiales_fam_Incertae_sedis	7e-04
g__Odontoefibula	k__Fungi	p__Basidiomycota	c__Agaricomycetes	o__Polyporales	f__Phanerochaetaceae	7e-04
g__Panicum	k__Viridiplantae	p__Anthophyta	c__Monocotyledonae	o__Poales	f__Poaceae	7e-04
g__Ramichloridium	k__Fungi	p__Ascomycota	c__Dothideomycetes	o__Mycosphaerellales	f__Dissoconiaceae	7e-04
g__Rhizophlyctidales_gen_Incertae_sedis	k__Fungi	p__Chytridiomycota	c__Rhizophlyctidomycetes	o__Rhizophlyctidales	f__Rhizophlyctidales_fam_Incertae_sedis	7e-04
g__Rigidoporus	k__Fungi	p__Basidiomycota	c__Agaricomycetes	o__Polyporales	f__Meripilaceae	7e-04
g__Sclerostagonospora	k__Fungi	p__Ascomycota	c__Dothideomycetes	o__Pleosporales	f__Phaeosphaeriaceae	7e-04
g__Submersispora	k__Fungi	p__Ascomycota	c__Dothideomycetes	o__Pleosporales	f__Longipedicellataceae	7e-04
g__Trematosphaeria	k__Fungi	p__Ascomycota	c__Dothideomycetes	o__Pleosporales	f__Trematosphaeriaceae	7e-04
g__Acremonium	k__Fungi	p__Ascomycota	c__Sordariomycetes	o__Hypocreales	f__Bionectriaceae	6e-04
g__Albizia	k__Viridiplantae	p__Anthophyta	c__Eudicotyledonae	o__Fabales	f__Fabaceae	6e-04
g__Ambispora	k__Fungi	p__Glomeromycota	c__Archaeosporomycetes	o__Archaeosporales	f__Ambisporaceae	6e-04
g__Arachnomyces	k__Fungi	p__Ascomycota	c__Eurotiomycetes	o__Arachnomycetales	f__Arachnomycetaceae	6e-04
g__Basidiomycota_gen_Incertae_sedis	k__Fungi	p__Basidiomycota	c__Basidiomycota_cls_Incertae_sedis	o__Basidiomycota_ord_Incertae_sedis	f__Basidiomycota_fam_Incertae_sedis	6e-04
g__Blastocystis	k__Stramenopila	p__Blastocystida	c__Blastocystida_cls_Incertae_sedis	o__Blastocystida_ord_Incertae_sedis	f__Blastocystida_fam_Incertae_sedis	6e-04
g__Boothiomyces	k__Fungi	p__Chytridiomycota	c__Rhizophydiomycetes	o__Rhizophydiales	f__Terramycetaceae	6e-04
g__Camellia	k__Viridiplantae	p__Anthophyta	c__Eudicotyledonae	o__Ericales	f__Theaceae	6e-04
g__Campylocarpon	k__Fungi	p__Ascomycota	c__Sordariomycetes	o__Hypocreales	f__Nectriaceae	6e-04
g__Capnodiales_gen_Incertae_sedis	k__Fungi	p__Ascomycota	c__Dothideomycetes	o__Capnodiales	f__Capnodiales_fam_Incertae_sedis	6e-04
g__Capronia	k__Fungi	p__Ascomycota	c__Eurotiomycetes	o__Chaetothyriales	f__Herpotrichiellaceae	6e-04
g__Dactylaria	k__Fungi	p__Ascomycota	c__Leotiomycetes	o__Helotiales	f__Helotiales_fam_Incertae_sedis	6e-04
g__Exidia	k__Fungi	p__Basidiomycota	c__Agaricomycetes	o__Auriculariales	f__Auriculariaceae	6e-04
g__Fusicolla	k__Fungi	p__Ascomycota	c__Sordariomycetes	o__Hypocreales	f__Nectriaceae	6e-04
g__Herpotrichiellaceae_gen_Incertae_sedis	k__Fungi	p__Ascomycota	c__Eurotiomycetes	o__Chaetothyriales	f__Herpotrichiellaceae	6e-04
g__Hortaea	k__Fungi	p__Ascomycota	c__Dothideomycetes	o__Mycosphaerellales	f__Teratosphaeriaceae	6e-04
g__Kockovaella	k__Fungi	p__Basidiomycota	c__Tremellomycetes	o__Tremellales	f__Cuniculitremaceae	6e-04
g__Leymus	k__Viridiplantae	p__Anthophyta	c__Monocotyledonae	o__Poales	f__Poaceae	6e-04
g__Macadamia	k__Viridiplantae	p__Anthophyta	c__Eudicotyledonae	o__Proteales	f__Proteaceae	6e-04
g__Mrakia	k__Fungi	p__Basidiomycota	c__Tremellomycetes	o__Cystofilobasidiales	f__Mrakiaceae	6e-04
g__Olpidium	k__Fungi	p__Olpidiomycota	c__Olpidiomycetes	o__Olpidiales	f__Olpidiaceae	6e-04
g__Onygenales_gen_Incertae_sedis	k__Fungi	p__Ascomycota	c__Eurotiomycetes	o__Onygenales	f__Onygenales_fam_Incertae_sedis	6e-04
g__Paradictyoarthrinium	k__Fungi	p__Ascomycota	c__Dothideomycetes	o__Pleosporales	f__Paradictyoarthriniaceae	6e-04
g__Perenniporia	k__Fungi	p__Basidiomycota	c__Agaricomycetes	o__Polyporales	f__Polyporaceae	6e-04
g__Pseudosydowia	k__Fungi	p__Ascomycota	c__Dothideomycetes	o__Dothideales	f__Saccotheciaceae	6e-04
g__Rhamnus	k__Viridiplantae	p__Anthophyta	c__Eudicotyledonae	o__Rosales	f__Rhamnaceae	6e-04
g__Rhizochaete	k__Fungi	p__Basidiomycota	c__Agaricomycetes	o__Polyporales	f__Phanerochaetaceae	6e-04
g__Septoriella	k__Fungi	p__Ascomycota	c__Dothideomycetes	o__Pleosporales	f__Phaeosphaeriaceae	6e-04
g__Skvortzovia	k__Fungi	p__Basidiomycota	c__Agaricomycetes	o__Hymenochaetales	f__Hymenochaetales_fam_Incertae_sedis	6e-04
g__Thaumatomonas	k__Rhizaria	p__Cercozoa	c__Cercozoa_cls_Incertae_sedis	o__Thaumatomonadida	f__Thaumatomastigidae	6e-04
g__Thinopyrum	k__Viridiplantae	p__Anthophyta	c__Monocotyledonae	o__Poales	f__Poaceae	6e-04
g__Trechispora	k__Fungi	p__Basidiomycota	c__Agaricomycetes	o__Trechisporales	f__Hydnodontaceae	6e-04
g__Umbelopsis	k__Fungi	p__Mucoromycota	c__Umbelopsidomycetes	o__Umbelopsidales	f__Umbelopsidaceae	6e-04
g__Acaulium	k__Fungi	p__Ascomycota	c__Sordariomycetes	o__Microascales	f__Microascaceae	5e-04
g__Allovahlkampfia	k__Heterolobosa	p__Heterolobosa_phy_Incertae_sedis	c__Heterolobosea	o__Schizopyrenida	f__Vahlkampfiidae	5e-04
g__Aphelenchus	k__Metazoa	p__Nematoda	c__Chromadorea	o__Rhabditida	f__Aphelenchidae	5e-04
g__Arthrobotrys	k__Fungi	p__Ascomycota	c__Orbiliomycetes	o__Orbiliales	f__Orbiliaceae	5e-04
g__Bandoniozyma	k__Fungi	p__Basidiomycota	c__Tremellomycetes	o__Tremellales	f__Rhynchogastremaceae	5e-04
g__Biappendiculispora	k__Fungi	p__Ascomycota	c__Dothideomycetes	o__Pleosporales	f__Lophiostomataceae	5e-04
g__Catenariaceae_gen_Incertae_sedis	k__Fungi	p__Blastocladiomycota	c__Blastocladiomycetes	o__Blastocladiales	f__Catenariaceae	5e-04
g__Cephaliophora	k__Fungi	p__Ascomycota	c__Pezizomycetes	o__Pezizales	f__Ascodesmidaceae	5e-04
g__Coprinus	k__Fungi	p__Basidiomycota	c__Agaricomycetes	o__Agaricales	f__Agaricaceae	5e-04
g__Daleomyces	k__Fungi	p__Ascomycota	c__Pezizomycetes	o__Pezizales	f__Pezizaceae	5e-04
g__Decorospora	k__Fungi	p__Ascomycota	c__Dothideomycetes	o__Pleosporales	f__Pleosporaceae	5e-04
g__Geranium	k__Viridiplantae	p__Anthophyta	c__Eudicotyledonae	o__Geraniales	f__Geraniaceae	5e-04
g__Golovinomyces	k__Fungi	p__Ascomycota	c__Leotiomycetes	o__Helotiales	f__Erysiphaceae	5e-04
g__Gymnostellatospora	k__Fungi	p__Ascomycota	c__Leotiomycetes	o__Thelebolales	f__Pseudeurotiaceae	5e-04
g__Halosarpheia	k__Fungi	p__Ascomycota	c__Sordariomycetes	o__Microascales	f__Halosphaeriaceae	5e-04
g__Humicolopsis	k__Fungi	p__Ascomycota	c__Leotiomycetes	o__Helotiales	f__Helotiales_fam_Incertae_sedis	5e-04
g__Justicia	k__Viridiplantae	p__Anthophyta	c__Eudicotyledonae	o__Lamiales	f__Acanthaceae	5e-04
g__Lasiodiplodia	k__Fungi	p__Ascomycota	c__Dothideomycetes	o__Botryosphaeriales	f__Botryosphaeriaceae	5e-04
g__Lepista	k__Fungi	p__Basidiomycota	c__Agaricomycetes	o__Agaricales	f__Agaricales_fam_Incertae_sedis	5e-04
g__Leptodophora	k__Fungi	p__Ascomycota	c__Leotiomycetes	o__Helotiales	f__Helotiales_fam_Incertae_sedis	5e-04
g__Litostomatea_gen_Incertae_sedis	k__Alveolata	p__Ciliophora	c__Litostomatea	o__Litostomatea_ord_Incertae_sedis	f__Litostomatea_fam_Incertae_sedis	5e-04
g__Lulworthiaceae_gen_Incertae_sedis	k__Fungi	p__Ascomycota	c__Sordariomycetes	o__Lulworthiales	f__Lulworthiaceae	5e-04
g__Nakaseomyces	k__Fungi	p__Ascomycota	c__Saccharomycetes	o__Saccharomycetales	f__Saccharomycetaceae	5e-04
g__Neochaetothyrina	k__Fungi	p__Ascomycota	c__Dothideomycetes	o__Mycosphaerellales	f__Phaeothecoidiellaceae	5e-04
g__Occultifur	k__Fungi	p__Basidiomycota	c__Cystobasidiomycetes	o__Cystobasidiales	f__Cystobasidiaceae	5e-04
g__Ophiobolopsis	k__Fungi	p__Ascomycota	c__Dothideomycetes	o__Pleosporales	f__Phaeosphaeriaceae	5e-04
g__Phloeomana	k__Fungi	p__Basidiomycota	c__Agaricomycetes	o__Agaricales	f__Porotheleaceae	5e-04
g__Pleurastrosarcina	k__Viridiplantae	p__Chlorophyta	c__Chlorophyceae	o__Chlorosarcinales	f__Chlorosarcinales_fam_Incertae_sedis	5e-04
g__Podospora	k__Fungi	p__Ascomycota	c__Sordariomycetes	o__Sordariales	f__Podosporaceae	5e-04
g__Pogostemon	k__Viridiplantae	p__Anthophyta	c__Eudicotyledonae	o__Lamiales	f__Lamiaceae	5e-04
g__Psathyrellaceae_gen_Incertae_sedis	k__Fungi	p__Basidiomycota	c__Agaricomycetes	o__Agaricales	f__Psathyrellaceae	5e-04
g__Pseudoarthrographis	k__Fungi	p__Ascomycota	c__Dothideomycetes	o__Dothideomycetes_ord_Incertae_sedis	f__Dothideomycetes_fam_Incertae_sedis	5e-04
g__Pulvinula	k__Fungi	p__Ascomycota	c__Pezizomycetes	o__Pezizales	f__Pulvinulaceae	5e-04
g__Remotididymella	k__Fungi	p__Ascomycota	c__Dothideomycetes	o__Pleosporales	f__Didymellaceae	5e-04
g__Spiromastigoides	k__Fungi	p__Ascomycota	c__Eurotiomycetes	o__Onygenales	f__Spiromastigaceae	5e-04
g__Stachybotrys	k__Fungi	p__Ascomycota	c__Sordariomycetes	o__Hypocreales	f__Stachybotryaceae	5e-04
g__Sterigmatomyces	k__Fungi	p__Basidiomycota	c__Agaricostilbomycetes	o__Agaricostilbales	f__Agaricostilbaceae	5e-04
g__Strobilurus	k__Fungi	p__Basidiomycota	c__Agaricomycetes	o__Agaricales	f__Physalacriaceae	5e-04
g__Thanatephorus	k__Fungi	p__Basidiomycota	c__Agaricomycetes	o__Cantharellales	f__Ceratobasidiaceae	5e-04
g__Trechisporales_gen_Incertae_sedis	k__Fungi	p__Basidiomycota	c__Agaricomycetes	o__Trechisporales	f__Trechisporales_fam_Incertae_sedis	5e-04
g__Trichosporiella	k__Fungi	p__Ascomycota	c__Pezizomycotina_cls_Incertae_sedis	o__Pezizomycotina_ord_Incertae_sedis	f__Pezizomycotina_fam_Incertae_sedis	5e-04
g__Abyssoanthus	k__Metazoa	p__Cnidaria_phy_Incertae_sedis	c__Anthozoa	o__Zoantharia	f__Abyssoanthidae	4e-04
g__Alatospora	k__Fungi	p__Ascomycota	c__Leotiomycetes	o__Leotiales	f__Leotiales_fam_Incertae_sedis	4e-04
g__Aliquandostipitaceae_gen_Incertae_sedis	k__Fungi	p__Ascomycota	c__Dothideomycetes	o__Jahnulales	f__Aliquandostipitaceae	4e-04
g__Aphanomyces	k__Stramenopila	p__Oomycota	c__Oomycetes	o__Saprolegniales	f__Saprolegniaceae	4e-04
g__Ascochyta	k__Fungi	p__Ascomycota	c__Dothideomycetes	o__Pleosporales	f__Didymellaceae	4e-04
g__Auxarthron	k__Fungi	p__Ascomycota	c__Eurotiomycetes	o__Onygenales	f__Onygenaceae	4e-04
g__Bifiguratus	k__Fungi	p__Mucoromycota	c__Mucoromycotina_cls_Incertae_sedis	o__Mucoromycotina_ord_Incertae_sedis	f__Mucoromycotina_fam_Incertae_sedis	4e-04
g__Borghiella	k__Alveolata	p__Dinophyta	c__Dinophyceae	o__Suessiales	f__Borghiellaceae	4e-04
g__Boubovia	k__Fungi	p__Ascomycota	c__Pezizomycetes	o__Pezizales	f__Pezizales_fam_Incertae_sedis	4e-04
g__Calvatia	k__Fungi	p__Basidiomycota	c__Agaricomycetes	o__Agaricales	f__Lycoperdaceae	4e-04
g__Carpinus	k__Viridiplantae	p__Anthophyta	c__Eudicotyledonae	o__Fagales	f__Betulaceae	4e-04
g__Chaetonotus	k__Metazoa	p__Gastrotricha	c__Chaetonotida	o__Chaetonotida_ord_Incertae_sedis	f__Chaetonotidae	4e-04
g__Chaetosphaeronema	k__Fungi	p__Ascomycota	c__Dothideomycetes	o__Pleosporales	f__Phaeosphaeriaceae	4e-04
g__Cortinarius	k__Fungi	p__Basidiomycota	c__Agaricomycetes	o__Agaricales	f__Cortinariaceae	4e-04
g__Crinitomyces	k__Fungi	p__Ascomycota	c__Saccharomycetes	o__Saccharomycetales	f__Saccharomycetales_fam_Incertae_sedis	4e-04
g__Cucurbitariaceae_gen_Incertae_sedis	k__Fungi	p__Ascomycota	c__Dothideomycetes	o__Pleosporales	f__Cucurbitariaceae	4e-04
g__Cunninghamella	k__Fungi	p__Mucoromycota	c__Mucoromycetes	o__Mucorales	f__Cunninghamellaceae	4e-04
g__Eleutheromyces	k__Fungi	p__Ascomycota	c__Leotiomycetes	o__Phacidiales	f__Helicogoniaceae	4e-04
g__Enallax	k__Viridiplantae	p__Chlorophyta	c__Chlorophyceae	o__Sphaeropleales	f__Scenedesmaceae	4e-04
g__Glomeraceae_gen_Incertae_sedis	k__Fungi	p__Glomeromycota	c__Glomeromycetes	o__Glomerales	f__Glomeraceae	4e-04
g__Glutinomyces	k__Fungi	p__Ascomycota	c__Leotiomycetes	o__Helotiales	f__Hyaloscyphaceae	4e-04
g__Golubevia	k__Fungi	p__Basidiomycota	c__Exobasidiomycetes	o__Golubeviales	f__Golubeviaceae	4e-04
g__Itersonilia	k__Fungi	p__Basidiomycota	c__Tremellomycetes	o__Cystofilobasidiales	f__Mrakiaceae	4e-04
g__Kalmusia	k__Fungi	p__Ascomycota	c__Dothideomycetes	o__Pleosporales	f__Didymosphaeriaceae	4e-04
g__Keissleriella	k__Fungi	p__Ascomycota	c__Dothideomycetes	o__Pleosporales	f__Lentitheciaceae	4e-04
g__Lambertella	k__Fungi	p__Ascomycota	c__Leotiomycetes	o__Helotiales	f__Rutstroemiaceae	4e-04
g__Lichtheimia	k__Fungi	p__Mucoromycota	c__Mucoromycetes	o__Mucorales	f__Lichtheimiaceae	4e-04
g__Meitanaphis	k__Metazoa	p__Arthropoda	c__Insecta	o__Hemiptera	f__Pemphigidae	4e-04
g__Meloidogyne	k__Metazoa	p__Nematoda	c__Chromadorea	o__Rhabditida	f__Meloidogynidae	4e-04
g__Mycoarthris	k__Fungi	p__Ascomycota	c__Leotiomycetes	o__Helotiales	f__Helotiales_fam_Incertae_sedis	4e-04
g__Mycosphaerella	k__Fungi	p__Ascomycota	c__Dothideomycetes	o__Mycosphaerellales	f__Mycosphaerellaceae	4e-04
g__Myriangium	k__Fungi	p__Ascomycota	c__Dothideomycetes	o__Myriangiales	f__Myriangiaceae	4e-04
g__Myrmecia	k__Viridiplantae	p__Chlorophyta	c__Trebouxiophyceae	o__Trebouxiales	f__Trebouxiaceae	4e-04
g__Nigrospora	k__Fungi	p__Ascomycota	c__Sordariomycetes	o__Amphisphaeriales	f__Apiosporaceae	4e-04
g__Phellodendron	k__Viridiplantae	p__Anthophyta	c__Eudicotyledonae	o__Sapindales	f__Rutaceae	4e-04
g__Pleosporales_gen_Incertae_sedis	k__Fungi	p__Ascomycota	c__Dothideomycetes	o__Pleosporales	f__Pleosporales_fam_Incertae_sedis	4e-04
g__Pseudombrophilaceae_gen_Incertae_sedis	k__Fungi	p__Ascomycota	c__Pezizomycetes	o__Pezizales	f__Pseudombrophilaceae	4e-04
g__Rhizomucor	k__Fungi	p__Mucoromycota	c__Mucoromycetes	o__Mucorales	f__Lichtheimiaceae	4e-04
g__Rhizophydiales_gen_Incertae_sedis	k__Fungi	p__Chytridiomycota	c__Rhizophydiomycetes	o__Rhizophydiales	f__Rhizophydiales_fam_Incertae_sedis	4e-04
g__Sporormiaceae_gen_Incertae_sedis	k__Fungi	p__Ascomycota	c__Dothideomycetes	o__Pleosporales	f__Sporormiaceae	4e-04
g__Sympodiomycopsis	k__Fungi	p__Basidiomycota	c__Exobasidiomycetes	o__Microstromatales	f__Microstromatales_fam_Incertae_sedis	4e-04
g__Trichoderma	k__Fungi	p__Ascomycota	c__Sordariomycetes	o__Hypocreales	f__Hypocreaceae	4e-04
g__Trichoglossum	k__Fungi	p__Ascomycota	c__Geoglossomycetes	o__Geoglossales	f__Geoglossaceae	4e-04
g__Typhula	k__Fungi	p__Basidiomycota	c__Agaricomycetes	o__Agaricales	f__Typhulaceae	4e-04
g__Wickerhamiella	k__Fungi	p__Ascomycota	c__Saccharomycetes	o__Saccharomycetales	f__Trichomonascaceae	4e-04
g__Xanthium	k__Viridiplantae	p__Anthophyta	c__Eudicotyledonae	o__Asterales	f__Asteraceae	4e-04
g__Yunnanensis	k__Fungi	p__Ascomycota	c__Dothideomycetes	o__Pleosporales	f__Phaeosphaeriaceae	4e-04
g__Albugo	k__Stramenopila	p__Oomycota	c__Oomycetes	o__Albuginales	f__Albuginaceae	3e-04
g__Bacillicladium	k__Fungi	p__Ascomycota	c__Eurotiomycetes	o__Chaetothyriales	f__Chaetothyriales_fam_Incertae_sedis	3e-04
g__Boehmeria	k__Viridiplantae	p__Anthophyta	c__Eudicotyledonae	o__Rosales	f__Urticaceae	3e-04
g__Botryobasidium	k__Fungi	p__Basidiomycota	c__Agaricomycetes	o__Cantharellales	f__Botryobasidiaceae	3e-04
g__Botryosphaeria	k__Fungi	p__Ascomycota	c__Dothideomycetes	o__Botryosphaeriales	f__Botryosphaeriaceae	3e-04
g__Bradymyces	k__Fungi	p__Ascomycota	c__Eurotiomycetes	o__Chaetothyriales	f__Trichomeriaceae	3e-04
g__Brycekendrickomyces	k__Fungi	p__Ascomycota	c__Eurotiomycetes	o__Chaetothyriales	f__Herpotrichiellaceae	3e-04
g__Camarophyllopsis	k__Fungi	p__Basidiomycota	c__Agaricomycetes	o__Agaricales	f__Clavariaceae	3e-04
g__Cheilymenia	k__Fungi	p__Ascomycota	c__Pezizomycetes	o__Pezizales	f__Pyronemataceae	3e-04
g__Choanephora	k__Fungi	p__Mucoromycota	c__Mucoromycetes	o__Mucorales	f__Choanephoraceae	3e-04
g__Clavariaceae_gen_Incertae_sedis	k__Fungi	p__Basidiomycota	c__Agaricomycetes	o__Agaricales	f__Clavariaceae	3e-04
g__Constantinomyces	k__Fungi	p__Ascomycota	c__Dothideomycetes	o__Mycosphaerellales	f__Teratosphaeriaceae	3e-04
g__Cryptocline	k__Fungi	p__Ascomycota	c__Leotiomycetes	o__Helotiales	f__Helotiales_fam_Incertae_sedis	3e-04
g__Currahomyces	k__Fungi	p__Ascomycota	c__Eurotiomycetes	o__Onygenales	f__Onygenaceae	3e-04
g__Dactylonectria	k__Fungi	p__Ascomycota	c__Sordariomycetes	o__Hypocreales	f__Nectriaceae	3e-04
g__Dipodascaceae_gen_Incertae_sedis	k__Fungi	p__Ascomycota	c__Saccharomycetes	o__Saccharomycetales	f__Dipodascaceae	3e-04
g__Dodonaea	k__Viridiplantae	p__Anthophyta	c__Eudicotyledonae	o__Sapindales	f__Sapindaceae	3e-04
g__Fellhanera	k__Fungi	p__Ascomycota	c__Lecanoromycetes	o__Lecanorales	f__Pilocarpaceae	3e-04
g__Fonsecaea	k__Fungi	p__Ascomycota	c__Eurotiomycetes	o__Chaetothyriales	f__Herpotrichiellaceae	3e-04
g__Geomyces	k__Fungi	p__Ascomycota	c__Leotiomycetes	o__Thelebolales	f__Pseudeurotiaceae	3e-04
g__GS16_gen_Incertae_sedis	k__Fungi	p__Aphelidiomycota	c__Aphelidiomycetes	o__GS16	f__GS16_fam_Incertae_sedis	3e-04
g__Humidicutis	k__Fungi	p__Basidiomycota	c__Agaricomycetes	o__Agaricales	f__Hygrophoraceae	3e-04
g__Hyaloscypha	k__Fungi	p__Ascomycota	c__Leotiomycetes	o__Helotiales	f__Hyaloscyphaceae	3e-04
g__Hyphodiscus	k__Fungi	p__Ascomycota	c__Leotiomycetes	o__Helotiales	f__Hyaloscyphaceae	3e-04
g__Hypotrachyna	k__Fungi	p__Ascomycota	c__Lecanoromycetes	o__Lecanorales	f__Parmeliaceae	3e-04
g__Lectera	k__Fungi	p__Ascomycota	c__Sordariomycetes	o__Glomerellales	f__Plectosphaerellaceae	3e-04
g__Limtongozyma	k__Fungi	p__Ascomycota	c__Saccharomycetes	o__Saccharomycetales	f__Saccharomycetales_fam_Incertae_sedis	3e-04
g__Lindtneria	k__Fungi	p__Basidiomycota	c__Agaricomycetes	o__Agaricales	f__Stephanosporaceae	3e-04
g__Lodderomyces	k__Fungi	p__Ascomycota	c__Saccharomycetes	o__Saccharomycetales	f__Debaryomycetaceae	3e-04
g__Malbranchea	k__Fungi	p__Ascomycota	c__Eurotiomycetes	o__Onygenales	f__Onygenaceae	3e-04
g__Mycocalicium	k__Fungi	p__Ascomycota	c__Eurotiomycetes	o__Mycocaliciales	f__Mycocaliciaceae	3e-04
g__Neodacampia	k__Fungi	p__Ascomycota	c__Dothideomycetes	o__Pleosporales	f__Phaeosphaeriaceae	3e-04
g__Neodevriesia	k__Fungi	p__Ascomycota	c__Dothideomycetes	o__Mycosphaerellales	f__Neodevriesiaceae	3e-04
g__Neostagonospora	k__Fungi	p__Ascomycota	c__Dothideomycetes	o__Pleosporales	f__Phaeosphaeriaceae	3e-04
g__Phanerodontia	k__Fungi	p__Basidiomycota	c__Agaricomycetes	o__Polyporales	f__Polyporales_fam_Incertae_sedis	3e-04
g__Piromyces	k__Fungi	p__Neocallimastigomycota	c__Neocallimastigomycetes	o__Neocallimastigales	f__Neocallimastigaceae	3e-04
g__Polymyxa	k__Rhizaria	p__Endomyxa	c__Phytomyxea	o__Plasmodiophorida	f__Plasmodiophoridae	3e-04
g__Populomyces	k__Fungi	p__Ascomycota	c__Leotiomycetes	o__Helotiales	f__Helotiales_fam_Incertae_sedis	3e-04
g__Porodiplodia	k__Fungi	p__Ascomycota	c__Leotiomycetes	o__Helotiales	f__Porodiplodiaceae	3e-04
g__Powellomyces	k__Fungi	p__Chytridiomycota	c__Spizellomycetes	o__Spizellomycetales	f__Powellomycetaceae	3e-04
g__Pseudostaurosphaeria	k__Fungi	p__Ascomycota	c__Dothideomycetes	o__Pleosporales	f__Phaeosphaeriaceae	3e-04
g__Pyrrhoderma	k__Fungi	p__Basidiomycota	c__Agaricomycetes	o__Hymenochaetales	f__Hymenochaetaceae	3e-04
g__Retiarius	k__Fungi	p__Ascomycota	c__Orbiliomycetes	o__Orbiliales	f__Orbiliaceae	3e-04
g__Sampaiozyma	k__Fungi	p__Basidiomycota	c__Microbotryomycetes	o__Microbotryomycetes_ord_Incertae_sedis	f__Microbotryomycetes_fam_Incertae_sedis	3e-04
g__Spencermartinsia	k__Fungi	p__Ascomycota	c__Dothideomycetes	o__Botryosphaeriales	f__Botryosphaeriaceae	3e-04
g__Spizellomycetaceae_gen_Incertae_sedis	k__Fungi	p__Chytridiomycota	c__Spizellomycetes	o__Spizellomycetales	f__Spizellomycetaceae	3e-04
g__Tetradesmus	k__Viridiplantae	p__Chlorophyta	c__Chlorophyceae	o__Sphaeropleales	f__Scenedesmaceae	3e-04
g__Tetrahymena	k__Alveolata	p__Ciliophora	c__Oligohymenophorea	o__Hymenostomatida	f__Tetrahymenidae	3e-04
g__Thalassiosira	k__Stramenopila	p__Ochrophyta	c__Bacillariophyceae	o__Thalassiosirales	f__Thalassiosiraceae	3e-04
g__Tilletiopsis	k__Fungi	p__Basidiomycota	c__Exobasidiomycetes	o__Entylomatales	f__Entylomataceae	3e-04
g__Tritirachium	k__Fungi	p__Basidiomycota	c__Tritirachiomycetes	o__Tritirachiales	f__Tritirachiaceae	3e-04
g__Tubulicrinis	k__Fungi	p__Basidiomycota	c__Agaricomycetes	o__Hymenochaetales	f__Hymenochaetaceae	3e-04
g__Ustilaginaceae_gen_Incertae_sedis	k__Fungi	p__Basidiomycota	c__Ustilaginomycetes	o__Ustilaginales	f__Ustilaginaceae	3e-04
g__Verrucaria	k__Fungi	p__Ascomycota	c__Eurotiomycetes	o__Verrucariales	f__Verrucariaceae	3e-04
g__Xylodon	k__Fungi	p__Basidiomycota	c__Agaricomycetes	o__Hymenochaetales	f__Schizoporaceae	3e-04
g__Acrospermum	k__Fungi	p__Ascomycota	c__Dothideomycetes	o__Acrospermales	f__Acrospermaceae	2e-04
g__Alfaria	k__Fungi	p__Ascomycota	c__Sordariomycetes	o__Hypocreales	f__Stachybotryaceae	2e-04
g__Anthracocystis	k__Fungi	p__Basidiomycota	c__Ustilaginomycetes	o__Ustilaginales	f__Ustilaginaceae	2e-04
g__Antrodiella	k__Fungi	p__Basidiomycota	c__Agaricomycetes	o__Polyporales	f__Steccherinaceae	2e-04
g__Arcuospathidium	k__Alveolata	p__Ciliophora	c__Litostomatea	o__Haptorida	f__Spathidiidae	2e-04
g__Aristida	k__Viridiplantae	p__Anthophyta	c__Monocotyledonae	o__Poales	f__Poaceae	2e-04
g__Arthoniomycetes_gen_Incertae_sedis	k__Fungi	p__Ascomycota	c__Arthoniomycetes	o__Arthoniomycetes_ord_Incertae_sedis	f__Arthoniomycetes_fam_Incertae_sedis	2e-04
g__Arthrocladium	k__Fungi	p__Ascomycota	c__Eurotiomycetes	o__Chaetothyriales	f__Trichomeriaceae	2e-04
g__Atheliaceae_gen_Incertae_sedis	k__Fungi	p__Basidiomycota	c__Agaricomycetes	o__Atheliales	f__Atheliaceae	2e-04
g__Botryotrichum	k__Fungi	p__Ascomycota	c__Sordariomycetes	o__Sordariales	f__Chaetomiaceae	2e-04
g__Camptophora	k__Fungi	p__Ascomycota	c__Eurotiomycetes	o__Chaetothyriales	f__Chaetothyriaceae	2e-04
g__Carex	k__Viridiplantae	p__Anthophyta	c__Monocotyledonae	o__Poales	f__Cyperaceae	2e-04
g__Catenulostroma	k__Fungi	p__Ascomycota	c__Dothideomycetes	o__Mycosphaerellales	f__Teratosphaeriaceae	2e-04
g__Chaetothyriales_gen_Incertae_sedis	k__Fungi	p__Ascomycota	c__Eurotiomycetes	o__Chaetothyriales	f__Chaetothyriales_fam_Incertae_sedis	2e-04
g__Coniella	k__Fungi	p__Ascomycota	c__Sordariomycetes	o__Diaporthales	f__Schizoparmaceae	2e-04
g__Conticribra	k__Stramenopila	p__Ochrophyta	c__Bacillariophyceae	o__Thalassiosirales	f__Thalassiosiraceae	2e-04
g__Curcuma	k__Viridiplantae	p__Anthophyta	c__Monocotyledonae	o__Zingiberales	f__Zingiberaceae	2e-04
g__Cystobasidiomycetes_gen_Incertae_sedis	k__Fungi	p__Basidiomycota	c__Cystobasidiomycetes	o__Cystobasidiomycetes_ord_Incertae_sedis	f__Cystobasidiomycetes_fam_Incertae_sedis	2e-04
g__Diaporthaceae_gen_Incertae_sedis	k__Fungi	p__Ascomycota	c__Sordariomycetes	o__Diaporthales	f__Diaporthaceae	2e-04
g__Disporotrichum	k__Fungi	p__Basidiomycota	c__Agaricomycetes	o__Agaricales	f__Agaricales_fam_Incertae_sedis	2e-04
g__Dothideales_gen_Incertae_sedis	k__Fungi	p__Ascomycota	c__Dothideomycetes	o__Dothideales	f__Dothideales_fam_Incertae_sedis	2e-04
g__Eleusine	k__Viridiplantae	p__Anthophyta	c__Monocotyledonae	o__Poales	f__Poaceae	2e-04
g__Emericellopsis	k__Fungi	p__Ascomycota	c__Sordariomycetes	o__Hypocreales	f__Myrotheciomycetaceae	2e-04
g__Engyodontium	k__Fungi	p__Ascomycota	c__Sordariomycetes	o__Hypocreales	f__Cordycipitaceae	2e-04
g__Enterocarpus	k__Fungi	p__Ascomycota	c__Sordariomycetes	o__Microascales	f__Microascaceae	2e-04
g__Exobasidium	k__Fungi	p__Basidiomycota	c__Exobasidiomycetes	o__Exobasidiales	f__Exobasidiaceae	2e-04
g__Flagelloscypha	k__Fungi	p__Basidiomycota	c__Agaricomycetes	o__Agaricales	f__Niaceae	2e-04
g__Gamsiella	k__Fungi	p__Mortierellomycota	c__Mortierellomycetes	o__Mortierellales	f__Mortierellaceae	2e-04
g__Geastrum	k__Fungi	p__Basidiomycota	c__Agaricomycetes	o__Geastrales	f__Geastraceae	2e-04
g__Glomus	k__Fungi	p__Glomeromycota	c__Glomeromycetes	o__Glomerales	f__Glomeraceae	2e-04
g__GS05_gen_Incertae_sedis	k__Fungi	p__Rozellomycota	c__Rozellomycotina_cls_Incertae_sedis	o__GS05	f__GS05_fam_Incertae_sedis	2e-04
g__Hazenia	k__Viridiplantae	p__Chlorophyta	c__Ulvophyceae	o__Ulotrichales	f__Hazeniaceae	2e-04
g__Herpotrichia	k__Fungi	p__Ascomycota	c__Dothideomycetes	o__Pleosporales	f__Melanommataceae	2e-04
g__Heterolobosa_gen_Incertae_sedis	k__Heterolobosa	p__Heterolobosa_phy_Incertae_sedis	c__Heterolobosa_cls_Incertae_sedis	o__Heterolobosa_ord_Incertae_sedis	f__Heterolobosa_fam_Incertae_sedis	2e-04
g__Lactarius	k__Fungi	p__Basidiomycota	c__Agaricomycetes	o__Russulales	f__Russulaceae	2e-04
g__Lactifluus	k__Fungi	p__Basidiomycota	c__Agaricomycetes	o__Russulales	f__Russulaceae	2e-04
g__Laetisaria	k__Fungi	p__Basidiomycota	c__Agaricomycetes	o__Corticiales	f__Corticiaceae	2e-04
g__Leptobacillium	k__Fungi	p__Ascomycota	c__Sordariomycetes	o__Hypocreales	f__Cordycipitaceae	2e-04
g__Leptodontidium	k__Fungi	p__Ascomycota	c__Leotiomycetes	o__Helotiales	f__Leptodontidiaceae	2e-04
g__Leptosphaeria	k__Fungi	p__Ascomycota	c__Dothideomycetes	o__Pleosporales	f__Leptosphaeriaceae	2e-04
g__Leucaenicola	k__Fungi	p__Ascomycota	c__Dothideomycetes	o__Pleosporales	f__Bambusicolaceae	2e-04
g__Leucosporidium	k__Fungi	p__Basidiomycota	c__Microbotryomycetes	o__Leucosporidiales	f__Leucosporidiaceae	2e-04
g__Leucothecium	k__Fungi	p__Ascomycota	c__Eurotiomycetes	o__Onygenales	f__Onygenaceae	2e-04
g__Limonomyces	k__Fungi	p__Basidiomycota	c__Agaricomycetes	o__Corticiales	f__Corticiaceae	2e-04
g__Macaranga	k__Viridiplantae	p__Anthophyta	c__Eudicotyledonae	o__Malpighiales	f__Euphorbiaceae	2e-04
g__Macrophomina	k__Fungi	p__Ascomycota	c__Dothideomycetes	o__Botryosphaeriales	f__Botryosphaeriaceae	2e-04
g__Melampsora	k__Fungi	p__Basidiomycota	c__Pucciniomycetes	o__Pucciniales	f__Melampsoraceae	2e-04
g__Microdominikia	k__Fungi	p__Glomeromycota	c__Glomeromycetes	o__Glomerales	f__Glomeraceae	2e-04
g__Morella	k__Viridiplantae	p__Anthophyta	c__Eudicotyledonae	o__Fagales	f__Myricaceae	2e-04
g__Nelumbo	k__Viridiplantae	p__Anthophyta	c__Eudicotyledonae	o__Proteales	f__Nelumbonaceae	2e-04
g__Neocatenulostroma	k__Fungi	p__Ascomycota	c__Dothideomycetes	o__Mycosphaerellales	f__Teratosphaeriaceae	2e-04
g__Neoerysiphe	k__Fungi	p__Ascomycota	c__Leotiomycetes	o__Helotiales	f__Erysiphaceae	2e-04
g__Neofusicoccum	k__Fungi	p__Ascomycota	c__Dothideomycetes	o__Botryosphaeriales	f__Botryosphaeriaceae	2e-04
g__Neonectria	k__Fungi	p__Ascomycota	c__Sordariomycetes	o__Hypocreales	f__Nectriaceae	2e-04
g__Neoophiobolus	k__Fungi	p__Ascomycota	c__Dothideomycetes	o__Pleosporales	f__Phaeosphaeriaceae	2e-04
g__Neovaginatispora	k__Fungi	p__Ascomycota	c__Dothideomycetes	o__Pleosporales	f__Lophiostomataceae	2e-04
g__Neptunomyces	k__Fungi	p__Ascomycota	c__Dothideomycetes	o__Pleosporales	f__Didymosphaeriaceae	2e-04
g__Oedogonium	k__Viridiplantae	p__Chlorophyta	c__Chlorophyceae	o__Oedogoniales	f__Oedogoniaceae	2e-04
g__Operculomyces	k__Fungi	p__Chytridiomycota	c__Rhizophydiomycetes	o__Rhizophydiales	f__Operculomycetaceae	2e-04
g__Ophiobolus	k__Fungi	p__Ascomycota	c__Dothideomycetes	o__Pleosporales	f__Phaeosphaeriaceae	2e-04
g__Orbiliaceae_gen_Incertae_sedis	k__Fungi	p__Ascomycota	c__Orbiliomycetes	o__Orbiliales	f__Orbiliaceae	2e-04
g__Oryza	k__Viridiplantae	p__Anthophyta	c__Monocotyledonae	o__Poales	f__Poaceae	2e-04
g__Panellus	k__Fungi	p__Basidiomycota	c__Agaricomycetes	o__Agaricales	f__Mycenaceae	2e-04
g__Paraboeremia	k__Fungi	p__Ascomycota	c__Dothideomycetes	o__Pleosporales	f__Didymellaceae	2e-04
g__Paramecium	k__Alveolata	p__Ciliophora	c__Oligohymenophorea	o__Peniculida	f__Parameciidae	2e-04
g__Pectenia	k__Fungi	p__Ascomycota	c__Lecanoromycetes	o__Peltigerales	f__Pannariaceae	2e-04
g__Pezizales_gen_Incertae_sedis	k__Fungi	p__Ascomycota	c__Pezizomycetes	o__Pezizales	f__Pezizales_fam_Incertae_sedis	2e-04
g__Phacidiella	k__Fungi	p__Ascomycota	c__Leotiomycetes	o__Helotiales	f__Helotiales_fam_Incertae_sedis	2e-04
g__Phialocephala	k__Fungi	p__Ascomycota	c__Leotiomycetes	o__Helotiales	f__Mollisiaceae	2e-04
g__Phlebia	k__Fungi	p__Basidiomycota	c__Agaricomycetes	o__Polyporales	f__Meruliaceae	2e-04
g__Porostereum	k__Fungi	p__Basidiomycota	c__Agaricomycetes	o__Polyporales	f__Phanerochaetaceae	2e-04
g__Pseudallescheria	k__Fungi	p__Ascomycota	c__Sordariomycetes	o__Microascales	f__Microascaceae	2e-04
g__Pseudochaetosphaeronema	k__Fungi	p__Ascomycota	c__Dothideomycetes	o__Pleosporales	f__Macrodiplodiopsidaceae	2e-04
g__Pseudocoleophoma	k__Fungi	p__Ascomycota	c__Dothideomycetes	o__Pleosporales	f__Dictyosporiaceae	2e-04
g__Pseudotremella	k__Fungi	p__Basidiomycota	c__Tremellomycetes	o__Tremellales	f__Bulleraceae	2e-04
g__Punica	k__Viridiplantae	p__Anthophyta	c__Eudicotyledonae	o__Myrtales	f__Lythraceae	2e-04
g__Pyrenophora	k__Fungi	p__Ascomycota	c__Dothideomycetes	o__Pleosporales	f__Pleosporaceae	2e-04
g__Pythiaceae_gen_Incertae_sedis	k__Stramenopila	p__Oomycota	c__Oomycetes	o__Pythiales	f__Pythiaceae	2e-04
g__Rhizaria_gen_Incertae_sedis	k__Rhizaria	p__Rhizaria_phy_Incertae_sedis	c__Rhizaria_cls_Incertae_sedis	o__Rhizaria_ord_Incertae_sedis	f__Rhizaria_fam_Incertae_sedis	2e-04
g__Rhizopogon	k__Fungi	p__Basidiomycota	c__Agaricomycetes	o__Boletales	f__Rhizopogonaceae	2e-04
g__Rhodosporidiobolus	k__Fungi	p__Basidiomycota	c__Microbotryomycetes	o__Sporidiobolales	f__Sporidiobolaceae	2e-04
g__Sakaguchia	k__Fungi	p__Basidiomycota	c__Cystobasidiomycetes	o__Sakaguchiales	f__Sakaguchiaceae	2e-04
g__Scleroconidioma	k__Fungi	p__Ascomycota	c__Dothideomycetes	o__Dothideomycetes_ord_Incertae_sedis	f__Dothideomycetes_fam_Incertae_sedis	2e-04
g__Scleroderma	k__Fungi	p__Basidiomycota	c__Agaricomycetes	o__Boletales	f__Sclerodermataceae	2e-04
g__Sebacinales_gen_Incertae_sedis	k__Fungi	p__Basidiomycota	c__Agaricomycetes	o__Sebacinales	f__Sebacinales_fam_Incertae_sedis	2e-04
g__Septoglomus	k__Fungi	p__Glomeromycota	c__Glomeromycetes	o__Glomerales	f__Glomeraceae	2e-04
g__Sigesbeckia	k__Viridiplantae	p__Anthophyta	c__Eudicotyledonae	o__Asterales	f__Asteraceae	2e-04
g__Sistotremastrum	k__Fungi	p__Basidiomycota	c__Agaricomycetes	o__Trechisporales	f__Hydnodontaceae	2e-04
g__Stellatospora	k__Fungi	p__Ascomycota	c__Sordariomycetes	o__Sordariales	f__Chaetomiaceae	2e-04
g__Stromatinia	k__Fungi	p__Ascomycota	c__Leotiomycetes	o__Helotiales	f__Sclerotiniaceae	2e-04
g__Suaeda	k__Viridiplantae	p__Anthophyta	c__Eudicotyledonae	o__Caryophyllales	f__Amaranthaceae	2e-04
g__Subulicystidium	k__Fungi	p__Basidiomycota	c__Agaricomycetes	o__Trechisporales	f__Hydnodontaceae	2e-04
g__Syringa	k__Viridiplantae	p__Anthophyta	c__Eudicotyledonae	o__Lamiales	f__Oleaceae	2e-04
g__Tetragoniomyces	k__Fungi	p__Basidiomycota	c__Tremellomycetes	o__Trichosporonales	f__Tetragoniomycetaceae	2e-04
g__Teunia	k__Fungi	p__Basidiomycota	c__Tremellomycetes	o__Tremellales	f__Cryptococcaceae	2e-04
g__Thalictrum	k__Viridiplantae	p__Anthophyta	c__Eudicotyledonae	o__Ranunculales	f__Ranunculaceae	2e-04
g__Tricholomataceae_gen_Incertae_sedis	k__Fungi	p__Basidiomycota	c__Agaricomycetes	o__Agaricales	f__Tricholomataceae	2e-04
g__Tympanidaceae_gen_Incertae_sedis	k__Fungi	p__Ascomycota	c__Leotiomycetes	o__Leotiales	f__Tympanidaceae	2e-04
g__Uwebraunia	k__Fungi	p__Ascomycota	c__Dothideomycetes	o__Mycosphaerellales	f__Dissoconiaceae	2e-04
g__Zymoseptoria	k__Fungi	p__Ascomycota	c__Dothideomycetes	o__Mycosphaerellales	f__Mycosphaerellaceae	2e-04
g__Absidia	k__Fungi	p__Mucoromycota	c__Mucoromycetes	o__Mucorales	f__Cunninghamellaceae	1e-04
g__Acacia	k__Viridiplantae	p__Anthophyta	c__Eudicotyledonae	o__Fabales	f__Fabaceae	1e-04
g__Acalypha	k__Viridiplantae	p__Anthophyta	c__Eudicotyledonae	o__Malpighiales	f__Euphorbiaceae	1e-04
g__Acrobeloides	k__Metazoa	p__Nematoda	c__Chromadorea	o__Rhabditida	f__Cephalobidae	1e-04
g__Alboefibula	k__Fungi	p__Basidiomycota	c__Agaricomycetes	o__Polyporales	f__Phanerochaetaceae	1e-04
g__Aleurodiscus	k__Fungi	p__Basidiomycota	c__Agaricomycetes	o__Russulales	f__Stereaceae	1e-04
g__Allomyces	k__Fungi	p__Blastocladiomycota	c__Blastocladiomycetes	o__Blastocladiales	f__Blastocladiaceae	1e-04
g__Amphinema	k__Fungi	p__Basidiomycota	c__Agaricomycetes	o__Atheliales	f__Atheliaceae	1e-04
g__Amphobotrys	k__Fungi	p__Ascomycota	c__Leotiomycetes	o__Helotiales	f__Sclerotiniaceae	1e-04
g__Amphosoma	k__Fungi	p__Ascomycota	c__Orbiliomycetes	o__Orbiliales	f__Orbiliaceae	1e-04
g__Amyloxenasma	k__Fungi	p__Basidiomycota	c__Agaricomycetes	o__Amylocorticiales	f__Amylocorticiaceae	1e-04
g__Anthoxanthum	k__Viridiplantae	p__Anthophyta	c__Monocotyledonae	o__Poales	f__Poaceae	1e-04
g__Antrodia	k__Fungi	p__Basidiomycota	c__Agaricomycetes	o__Polyporales	f__Fomitopsidaceae	1e-04
g__Arachnopeziza	k__Fungi	p__Ascomycota	c__Leotiomycetes	o__Helotiales	f__Arachnopezizaceae	1e-04
g__Arthrographis	k__Fungi	p__Ascomycota	c__Dothideomycetes	o__Dothideomycetes_ord_Incertae_sedis	f__Eremomycetaceae	1e-04
g__Artocarpus	k__Viridiplantae	p__Anthophyta	c__Eudicotyledonae	o__Rosales	f__Moraceae	1e-04
g__Astragalus	k__Viridiplantae	p__Anthophyta	c__Eudicotyledonae	o__Fabales	f__Fabaceae	1e-04
g__Atractosporales_gen_Incertae_sedis	k__Fungi	p__Ascomycota	c__Sordariomycetes	o__Atractosporales	f__Atractosporales_fam_Incertae_sedis	1e-04
g__Atriplex	k__Viridiplantae	p__Anthophyta	c__Eudicotyledonae	o__Caryophyllales	f__Amaranthaceae	1e-04
g__Balantidiidae_gen_Incertae_sedis	k__Alveolata	p__Ciliophora	c__Litostomatea	o__Vestibuliferida	f__Balantidiidae	1e-04
g__Basidiodendron	k__Fungi	p__Basidiomycota	c__Agaricomycetes	o__Auriculariales	f__Auriculariales_fam_Incertae_sedis	1e-04
g__Bensingtonia	k__Fungi	p__Basidiomycota	c__Agaricostilbomycetes	o__Agaricostilbales	f__Kondoaceae	1e-04
g__Berberis	k__Viridiplantae	p__Anthophyta	c__Eudicotyledonae	o__Ranunculales	f__Berberidaceae	1e-04
g__Boudiera	k__Fungi	p__Ascomycota	c__Pezizomycetes	o__Pezizales	f__Pezizaceae	1e-04
g__Branch06_gen_Incertae_sedis	k__Fungi	p__Ascomycota	c__Sordariomycetes	o__Branch06	f__Branch06_fam_Incertae_sedis	1e-04
g__Burgoa	k__Fungi	p__Basidiomycota	c__Agaricomycetes	o__Cantharellales	f__Hydnaceae	1e-04
g__Byssocorticium	k__Fungi	p__Basidiomycota	c__Agaricomycetes	o__Atheliales	f__Byssocorticiaceae	1e-04
g__Calystegia	k__Viridiplantae	p__Anthophyta	c__Eudicotyledonae	o__Solanales	f__Convolvulaceae	1e-04
g__Camarosporidiella	k__Fungi	p__Ascomycota	c__Dothideomycetes	o__Pleosporales	f__Camarosporidiellaceae	1e-04
g__Capillipedium	k__Viridiplantae	p__Anthophyta	c__Monocotyledonae	o__Poales	f__Poaceae	1e-04
g__Capsicum	k__Viridiplantae	p__Anthophyta	c__Eudicotyledonae	o__Solanales	f__Solanaceae	1e-04
g__Caroxylon	k__Viridiplantae	p__Anthophyta	c__Eudicotyledonae	o__Caryophyllales	f__Amaranthaceae	1e-04
g__Celerioriella	k__Fungi	p__Ascomycota	c__Eurotiomycetes	o__Phaeomoniellales	f__Celotheliaceae	1e-04
g__Centaurea	k__Viridiplantae	p__Anthophyta	c__Eudicotyledonae	o__Asterales	f__Asteraceae	1e-04
g__Cephalotrichum	k__Fungi	p__Ascomycota	c__Sordariomycetes	o__Microascales	f__Microascaceae	1e-04
g__Cerrena	k__Fungi	p__Basidiomycota	c__Agaricomycetes	o__Polyporales	f__Cerrenaceae	1e-04
g__Chenia	k__Viridiplantae	p__Bryophyta	c__Bryopsida	o__Pottiales	f__Pottiaceae	1e-04
g__Chlamydomonadaceae_gen_Incertae_sedis	k__Viridiplantae	p__Chlorophyta	c__Chlorophyceae	o__Volvocales	f__Chlamydomonadaceae	1e-04
g__Chloridium	k__Fungi	p__Ascomycota	c__Sordariomycetes	o__Chaetosphaeriales	f__Chaetosphaeriaceae	1e-04
g__Cirrenalia	k__Fungi	p__Ascomycota	c__Sordariomycetes	o__Microascales	f__Halosphaeriaceae	1e-04
g__Cladorrhinum	k__Fungi	p__Ascomycota	c__Sordariomycetes	o__Sordariales	f__Podosporaceae	1e-04
g__Cleistothelebolus	k__Fungi	p__Ascomycota	c__Leotiomycetes	o__Thelebolales	f__Thelebolaceae	1e-04
g__Clonostachys	k__Fungi	p__Ascomycota	c__Sordariomycetes	o__Hypocreales	f__Bionectriaceae	1e-04
g__Coelastrella	k__Viridiplantae	p__Chlorophyta	c__Chlorophyceae	o__Sphaeropleales	f__Scenedesmaceae	1e-04
g__Coix	k__Viridiplantae	p__Anthophyta	c__Monocotyledonae	o__Poales	f__Poaceae	1e-04
g__Comoclathris	k__Fungi	p__Ascomycota	c__Dothideomycetes	o__Pleosporales	f__Pleosporaceae	1e-04
g__Convolvulus	k__Viridiplantae	p__Anthophyta	c__Eudicotyledonae	o__Solanales	f__Convolvulaceae	1e-04
g__Craspedacusta	k__Metazoa	p__Cnidaria_phy_Incertae_sedis	c__Hydrozoa	o__Limnomedusae	f__Olindiidae	1e-04
g__Cyclocybe	k__Fungi	p__Basidiomycota	c__Agaricomycetes	o__Agaricales	f__Tubariaceae	1e-04
g__Cynanchum	k__Viridiplantae	p__Anthophyta	c__Eudicotyledonae	o__Gentianales	f__Apocynaceae	1e-04
g__Cynodon	k__Viridiplantae	p__Anthophyta	c__Monocotyledonae	o__Poales	f__Poaceae	1e-04
g__Cystostereaceae_gen_Incertae_sedis	k__Fungi	p__Basidiomycota	c__Agaricomycetes	o__Agaricales	f__Cystostereaceae	1e-04
g__Dactylella	k__Fungi	p__Ascomycota	c__Orbiliomycetes	o__Orbiliales	f__Orbiliaceae	1e-04
g__Daedaleopsis	k__Fungi	p__Basidiomycota	c__Agaricomycetes	o__Polyporales	f__Polyporaceae	1e-04
g__Didymosphaeriaceae_gen_Incertae_sedis	k__Fungi	p__Ascomycota	c__Dothideomycetes	o__Pleosporales	f__Didymosphaeriaceae	1e-04
g__Dimorphospora	k__Fungi	p__Ascomycota	c__Leotiomycetes	o__Helotiales	f__Helotiaceae	1e-04
g__Diversispora	k__Fungi	p__Glomeromycota	c__Glomeromycetes	o__Diversisporales	f__Diversisporaceae	1e-04
g__Dothidea	k__Fungi	p__Ascomycota	c__Dothideomycetes	o__Dothideales	f__Dothideaceae	1e-04
g__Dothiorella	k__Fungi	p__Ascomycota	c__Dothideomycetes	o__Botryosphaeriales	f__Botryosphaeriaceae	1e-04
g__Echinochloa	k__Viridiplantae	p__Anthophyta	c__Monocotyledonae	o__Poales	f__Poaceae	1e-04
g__Eichleriella	k__Fungi	p__Basidiomycota	c__Agaricomycetes	o__Auriculariales	f__Auriculariaceae	1e-04
g__Endogonales_gen_Incertae_sedis	k__Fungi	p__Mucoromycota	c__Endogonomycetes	o__Endogonales	f__Endogonales_fam_Incertae_sedis	1e-04
g__Engelhardia	k__Viridiplantae	p__Anthophyta	c__Eudicotyledonae	o__Fagales	f__Juglandaceae	1e-04
g__Entyloma	k__Fungi	p__Basidiomycota	c__Exobasidiomycetes	o__Entylomatales	f__Entylomataceae	1e-04
g__Eocronartium	k__Fungi	p__Basidiomycota	c__Pucciniomycetes	o__Platygloeales	f__Eocronartiaceae	1e-04
g__Epithamnolia	k__Fungi	p__Ascomycota	c__Leotiomycetes	o__Leotiales	f__Mniaeciaceae	1e-04
g__Eucalyptus	k__Viridiplantae	p__Anthophyta	c__Eudicotyledonae	o__Myrtales	f__Myrtaceae	1e-04
g__Flavopunctelia	k__Fungi	p__Ascomycota	c__Lecanoromycetes	o__Lecanorales	f__Parmeliaceae	1e-04
g__Floccularia	k__Fungi	p__Basidiomycota	c__Agaricomycetes	o__Agaricales	f__Agaricales_fam_Incertae_sedis	1e-04
g__Fomitopsis	k__Fungi	p__Basidiomycota	c__Agaricomycetes	o__Polyporales	f__Fomitopsidaceae	1e-04
g__Funneliformis	k__Fungi	p__Glomeromycota	c__Glomeromycetes	o__Glomerales	f__Glomeraceae	1e-04
g__Fuscostagonospora	k__Fungi	p__Ascomycota	c__Dothideomycetes	o__Pleosporales	f__Fuscostagonosporaceae	1e-04
g__Gaertneriomyces	k__Fungi	p__Chytridiomycota	c__Spizellomycetes	o__Spizellomycetales	f__Spizellomycetaceae	1e-04
g__Gallinipes	k__Fungi	p__Chytridiomycota	c__Spizellomycetes	o__Spizellomycetales	f__Spizellomycetaceae	1e-04
g__Geastrales_gen_Incertae_sedis	k__Fungi	p__Basidiomycota	c__Agaricomycetes	o__Geastrales	f__Geastrales_fam_Incertae_sedis	1e-04
g__Geastrumia	k__Fungi	p__Ascomycota	c__Dothideomycetes	o__Mycosphaerellales	f__Mycosphaerellaceae	1e-04
g__Geoglossum	k__Fungi	p__Ascomycota	c__Geoglossomycetes	o__Geoglossales	f__Geoglossaceae	1e-04
g__Glomeromycota_gen_Incertae_sedis	k__Fungi	p__Glomeromycota	c__Glomeromycota_cls_Incertae_sedis	o__Glomeromycota_ord_Incertae_sedis	f__Glomeromycota_fam_Incertae_sedis	1e-04
g__Glycyrrhiza	k__Viridiplantae	p__Anthophyta	c__Eudicotyledonae	o__Fabales	f__Fabaceae	1e-04
g__Gomphales_gen_Incertae_sedis	k__Fungi	p__Basidiomycota	c__Agaricomycetes	o__Gomphales	f__Gomphales_fam_Incertae_sedis	1e-04
g__Gomphonema	k__Stramenopila	p__Ochrophyta	c__Bacillariophyceae	o__Cymbellales	f__Gomphonemataceae	1e-04
g__GS07_gen_Incertae_sedis	k__Fungi	p__Rozellomycota	c__Rozellomycotina_cls_Incertae_sedis	o__GS07	f__GS07_fam_Incertae_sedis	1e-04
g__GS08_gen_Incertae_sedis	k__Fungi	p__Rozellomycota	c__Rozellomycotina_cls_Incertae_sedis	o__GS08	f__GS08_fam_Incertae_sedis	1e-04
g__GS23_gen_Incertae_sedis	k__Fungi	p__Mucoromycota	c__Umbelopsidomycetes	o__GS23	f__GS23_fam_Incertae_sedis	1e-04
g__GS32_gen_Incertae_sedis	k__Fungi	p__Ascomycota	c__Orbiliomycetes	o__GS32	f__GS32_fam_Incertae_sedis	1e-04
g__GS36_gen_Incertae_sedis	k__Fungi	p__Ascomycota	c__Lecanoromycetes	o__GS36	f__GS36_fam_Incertae_sedis	1e-04
g__Gyrothrix	k__Fungi	p__Ascomycota	c__Sordariomycetes	o__Xylariales	f__Xylariales_fam_Incertae_sedis	1e-04
g__Hamigera	k__Fungi	p__Ascomycota	c__Eurotiomycetes	o__Eurotiales	f__Aspergillaceae	1e-04
g__Harzia	k__Fungi	p__Ascomycota	c__Sordariomycetes	o__Coronophorales	f__Ceratostomataceae	1e-04
g__Helicoma	k__Fungi	p__Ascomycota	c__Dothideomycetes	o__Tubeufiales	f__Tubeufiaceae	1e-04
g__Helotiaceae_gen_Incertae_sedis	k__Fungi	p__Ascomycota	c__Leotiomycetes	o__Helotiales	f__Helotiaceae	1e-04
g__Hymenochaetales_gen_Incertae_sedis	k__Fungi	p__Basidiomycota	c__Agaricomycetes	o__Hymenochaetales	f__Hymenochaetales_fam_Incertae_sedis	1e-04
g__Hymenoscyphus	k__Fungi	p__Ascomycota	c__Leotiomycetes	o__Helotiales	f__Helotiaceae	1e-04
g__Hymenula	k__Fungi	p__Ascomycota	c__Pezizomycotina_cls_Incertae_sedis	o__Pezizomycotina_ord_Incertae_sedis	f__Pezizomycotina_fam_Incertae_sedis	1e-04
g__Hyphoderma	k__Fungi	p__Basidiomycota	c__Agaricomycetes	o__Polyporales	f__Hyphodermataceae	1e-04
g__Hyphopichia	k__Fungi	p__Ascomycota	c__Saccharomycetes	o__Saccharomycetales	f__Saccharomycetales_fam_Incertae_sedis	1e-04
g__Immersiella	k__Fungi	p__Ascomycota	c__Sordariomycetes	o__Sordariales	f__Neoschizotheciaceae	1e-04
g__Iodophanus	k__Fungi	p__Ascomycota	c__Pezizomycetes	o__Pezizales	f__Pezizaceae	1e-04
g__Jaagichlorella	k__Viridiplantae	p__Chlorophyta	c__Trebouxiophyceae	o__Watanabeales	f__watanabeaceae	1e-04
g__Jaminaea	k__Fungi	p__Basidiomycota	c__Exobasidiomycetes	o__Microstromatales	f__Microstromatales_fam_Incertae_sedis	1e-04
g__Jeremyomyces	k__Fungi	p__Ascomycota	c__Dothideomycetes	o__Pleosporales	f__Phaeosphaeriaceae	1e-04
g__Kahliella	k__Alveolata	p__Ciliophora	c__Spirotrichea	o__Stichotrichida	f__Kahliellidae	1e-04
g__Katablepharidaceae_gen_Incertae_sedis	k__Cryptista	p__Katablepharidophyta	c__Katablepharidophyta_cls_Incertae_sedis	o__Katablepharidophyta_ord_Incertae_sedis	f__Katablepharidaceae	1e-04
g__Keratinophyton	k__Fungi	p__Ascomycota	c__Eurotiomycetes	o__Onygenales	f__Onygenaceae	1e-04
g__Kirschsteiniothelia	k__Fungi	p__Ascomycota	c__Dothideomycetes	o__Kirschsteiniotheliales	f__Kirschsteiniotheliaceae	1e-04
g__Kluyveromyces	k__Fungi	p__Ascomycota	c__Saccharomycetes	o__Saccharomycetales	f__Saccharomycetaceae	1e-04
g__Lecythophora	k__Fungi	p__Ascomycota	c__Sordariomycetes	o__Coniochaetales	f__Coniochaetaceae	1e-04
g__Lentinus	k__Fungi	p__Basidiomycota	c__Agaricomycetes	o__Polyporales	f__Polyporaceae	1e-04
g__Lentitheciaceae_gen_Incertae_sedis	k__Fungi	p__Ascomycota	c__Dothideomycetes	o__Pleosporales	f__Lentitheciaceae	1e-04
g__Leucoagaricus	k__Fungi	p__Basidiomycota	c__Agaricomycetes	o__Agaricales	f__Agaricaceae	1e-04
g__Leucosporidiales_gen_Incertae_sedis	k__Fungi	p__Basidiomycota	c__Microbotryomycetes	o__Leucosporidiales	f__Leucosporidiales_fam_Incertae_sedis	1e-04
g__Lichenostigmatales_gen_Incertae_sedis	k__Fungi	p__Ascomycota	c__Arthoniomycetes	o__Lichenostigmatales	f__Lichenostigmatales_fam_Incertae_sedis	1e-04
g__Lopharia	k__Fungi	p__Basidiomycota	c__Agaricomycetes	o__Polyporales	f__Polyporaceae	1e-04
g__Medicago	k__Viridiplantae	p__Anthophyta	c__Eudicotyledonae	o__Fabales	f__Fabaceae	1e-04
g__Meliniomyces	k__Fungi	p__Ascomycota	c__Leotiomycetes	o__Helotiales	f__Hyaloscyphaceae	1e-04
g__Membranomyces	k__Fungi	p__Basidiomycota	c__Agaricomycetes	o__Cantharellales	f__Hydnaceae	1e-04
g__Metuloidea	k__Fungi	p__Basidiomycota	c__Agaricomycetes	o__Polyporales	f__Steccherinaceae	1e-04
g__Microcyclosporella	k__Fungi	p__Ascomycota	c__Dothideomycetes	o__Mycosphaerellales	f__Mycosphaerellaceae	1e-04
g__Muriphaeosphaeria	k__Fungi	p__Ascomycota	c__Dothideomycetes	o__Pleosporales	f__Phaeosphaeriaceae	1e-04
g__Mycoaciella	k__Fungi	p__Basidiomycota	c__Agaricomycetes	o__Polyporales	f__Meruliaceae	1e-04
g__Myrsine	k__Viridiplantae	p__Anthophyta	c__Eudicotyledonae	o__Ericales	f__Primulaceae	1e-04
g__Neofabraea	k__Fungi	p__Ascomycota	c__Leotiomycetes	o__Helotiales	f__Dermateaceae	1e-04
g__Nothoramularia	k__Fungi	p__Ascomycota	c__Lecanoromycetes	o__Acarosporales	f__Acarosporaceae	1e-04
g__Onygenaceae_gen_Incertae_sedis	k__Fungi	p__Ascomycota	c__Eurotiomycetes	o__Onygenales	f__Onygenaceae	1e-04
g__Parafenestella	k__Fungi	p__Ascomycota	c__Dothideomycetes	o__Pleosporales	f__Cucurbitariaceae	1e-04
g__Parastagonospora	k__Fungi	p__Ascomycota	c__Dothideomycetes	o__Pleosporales	f__Phaeosphaeriaceae	1e-04
g__Peltaster	k__Fungi	p__Ascomycota	c__Dothideomycetes	o__Dothideomycetes_ord_Incertae_sedis	f__Dothideomycetes_fam_Incertae_sedis	1e-04
g__Peniophorella	k__Fungi	p__Basidiomycota	c__Agaricomycetes	o__Hymenochaetales	f__Rickenellaceae	1e-04
g__Phaeosphaeriopsis	k__Fungi	p__Ascomycota	c__Dothideomycetes	o__Pleosporales	f__Phaeosphaeriaceae	1e-04
g__Phaeothecoidea	k__Fungi	p__Ascomycota	c__Dothideomycetes	o__Mycosphaerellales	f__Teratosphaeriaceae	1e-04
g__Phaeotremella	k__Fungi	p__Basidiomycota	c__Tremellomycetes	o__Tremellales	f__Phaeotremellaceae	1e-04
g__Phyllanthus	k__Viridiplantae	p__Anthophyta	c__Eudicotyledonae	o__Malpighiales	f__Phyllanthaceae	1e-04
g__Phylloporus	k__Fungi	p__Basidiomycota	c__Agaricomycetes	o__Boletales	f__Boletaceae	1e-04
g__Phyllozyma	k__Fungi	p__Basidiomycota	c__Spiculogloeomycetes	o__Spiculogloeales	f__Spiculogloeaceae	1e-04
g__Physcia	k__Fungi	p__Ascomycota	c__Lecanoromycetes	o__Caliciales	f__Physciaceae	1e-04
g__Pisolithus	k__Fungi	p__Basidiomycota	c__Agaricomycetes	o__Boletales	f__Sclerodermataceae	1e-04
g__Polyozellus	k__Fungi	p__Basidiomycota	c__Agaricomycetes	o__Thelephorales	f__Thelephoraceae	1e-04
g__Polyphilus	k__Fungi	p__Ascomycota	c__Leotiomycetes	o__Helotiales	f__Helotiales_fam_Incertae_sedis	1e-04
g__Polyscytalum	k__Fungi	p__Ascomycota	c__Sordariomycetes	o__Xylariales	f__Xylariales_fam_Incertae_sedis	1e-04
g__Polytolypa	k__Fungi	p__Ascomycota	c__Eurotiomycetes	o__Onygenales	f__Onygenaceae	1e-04
g__Prorocentrum	k__Alveolata	p__Dinophyta	c__Dinophyceae	o__Prorocentrales	f__Prorocentraceae	1e-04
g__Pseudocladosporium	k__Fungi	p__Ascomycota	c__Eurotiomycetes	o__Chaetothyriales	f__Herpotrichiellaceae	1e-04
g__Pseudocyclothyriella	k__Fungi	p__Ascomycota	c__Dothideomycetes	o__Pleosporales	f__Teichosporaceae	1e-04
g__Pseudomicrostroma	k__Fungi	p__Basidiomycota	c__Exobasidiomycetes	o__Microstromatales	f__Microstromatales_fam_Incertae_sedis	1e-04
g__Pseudoperonospora	k__Stramenopila	p__Oomycota	c__Oomycetes	o__Peronosporales	f__Peronosporaceae	1e-04
g__Pseudopyrenochaeta	k__Fungi	p__Ascomycota	c__Dothideomycetes	o__Pleosporales	f__Pseudopyrenochaetaceae	1e-04
g__Puccinia	k__Fungi	p__Basidiomycota	c__Pucciniomycetes	o__Pucciniales	f__Pucciniaceae	1e-04
g__Pulvinulaceae_gen_Incertae_sedis	k__Fungi	p__Ascomycota	c__Pezizomycetes	o__Pezizales	f__Pulvinulaceae	1e-04
g__Pyxidiophora	k__Fungi	p__Ascomycota	c__Laboulbeniomycetes	o__Pyxidiophorales	f__Pyxidiophoraceae	1e-04
g__Pyxidiophorales_gen_Incertae_sedis	k__Fungi	p__Ascomycota	c__Laboulbeniomycetes	o__Pyxidiophorales	f__Pyxidiophorales_fam_Incertae_sedis	1e-04
g__Quadricrura	k__Fungi	p__Ascomycota	c__Dothideomycetes	o__Pleosporales	f__Tetraplosphaeriaceae	1e-04
g__Querciphoma	k__Fungi	p__Ascomycota	c__Dothideomycetes	o__Pleosporales	f__Leptosphaeriaceae	1e-04
g__Quixadomyces	k__Fungi	p__Ascomycota	c__Dothideomycetes	o__Pleosporales	f__Parapyrenochaetaceae	1e-04
g__Ramularia	k__Fungi	p__Ascomycota	c__Dothideomycetes	o__Mycosphaerellales	f__Mycosphaerellaceae	1e-04
g__Ranunculus	k__Viridiplantae	p__Anthophyta	c__Eudicotyledonae	o__Ranunculales	f__Ranunculaceae	1e-04
g__Rasamsonia	k__Fungi	p__Ascomycota	c__Eurotiomycetes	o__Eurotiales	f__Trichocomaceae	1e-04
g__Remototrachyna	k__Fungi	p__Ascomycota	c__Lecanoromycetes	o__Lecanorales	f__Parmeliaceae	1e-04
g__Rhizosphaera	k__Fungi	p__Ascomycota	c__Dothideomycetes	o__Dothideales	f__Dothideales_fam_Incertae_sedis	1e-04
g__Rhytidhysteron	k__Fungi	p__Ascomycota	c__Dothideomycetes	o__Hysteriales	f__Hysteriaceae	1e-04
g__Sarcinomyces	k__Fungi	p__Ascomycota	c__Eurotiomycetes	o__Chaetothyriales	f__Chaetothyriales_fam_Incertae_sedis	1e-04
g__Sardiniella	k__Fungi	p__Ascomycota	c__Dothideomycetes	o__Botryosphaeriales	f__Botryosphaeriaceae	1e-04
g__Sawadaea	k__Fungi	p__Ascomycota	c__Leotiomycetes	o__Helotiales	f__Erysiphaceae	1e-04
g__Schizoporaceae_gen_Incertae_sedis	k__Fungi	p__Basidiomycota	c__Agaricomycetes	o__Hymenochaetales	f__Schizoporaceae	1e-04
g__Senecio	k__Viridiplantae	p__Anthophyta	c__Eudicotyledonae	o__Asterales	f__Asteraceae	1e-04
g__Septobasidium	k__Fungi	p__Basidiomycota	c__Pucciniomycetes	o__Septobasidiales	f__Septobasidiaceae	1e-04
g__Setophaeosphaeria	k__Fungi	p__Ascomycota	c__Dothideomycetes	o__Pleosporales	f__Pleosporales_fam_Incertae_sedis	1e-04
g__Simplicillium	k__Fungi	p__Ascomycota	c__Sordariomycetes	o__Hypocreales	f__Cordycipitaceae	1e-04
g__Sinapis	k__Viridiplantae	p__Anthophyta	c__Eudicotyledonae	o__Brassicales	f__Brassicaceae	1e-04
g__Slooffia	k__Fungi	p__Basidiomycota	c__Microbotryomycetes	o__Microbotryomycetes_ord_Incertae_sedis	f__Microbotryomycetes_fam_Incertae_sedis	1e-04
g__Spegazzinia	k__Fungi	p__Ascomycota	c__Dothideomycetes	o__Pleosporales	f__Didymosphaeriaceae	1e-04
g__Sphaerellopsis	k__Fungi	p__Ascomycota	c__Dothideomycetes	o__Pleosporales	f__Leptosphaeriaceae	1e-04
g__Steccherinum	k__Fungi	p__Basidiomycota	c__Agaricomycetes	o__Polyporales	f__Steccherinaceae	1e-04
g__Stereum	k__Fungi	p__Basidiomycota	c__Agaricomycetes	o__Russulales	f__Stereaceae	1e-04
g__Stomiopeltis	k__Fungi	p__Ascomycota	c__Dothideomycetes	o__Capnodiales	f__Capnodiales_fam_Incertae_sedis	1e-04
g__Subplenodomus	k__Fungi	p__Ascomycota	c__Dothideomycetes	o__Pleosporales	f__Leptosphaeriaceae	1e-04
g__Talbotiomycetales_gen_Incertae_sedis	k__Fungi	p__Entorrhizomycota	c__Entorrhizomycetes	o__Talbotiomycetales	f__Talbotiomycetales_fam_Incertae_sedis	1e-04
g__Teratosphaeriaceae_gen_Incertae_sedis	k__Fungi	p__Ascomycota	c__Dothideomycetes	o__Mycosphaerellales	f__Teratosphaeriaceae	1e-04
g__Tetracystis	k__Viridiplantae	p__Chlorophyta	c__Chlorophyceae	o__Chlamydomonadales	f__Chlorococcaceae	1e-04
g__Tetragoniomycetaceae_gen_Incertae_sedis	k__Fungi	p__Basidiomycota	c__Tremellomycetes	o__Trichosporonales	f__Tetragoniomycetaceae	1e-04
g__Thelonectria	k__Fungi	p__Ascomycota	c__Sordariomycetes	o__Hypocreales	f__Nectriaceae	1e-04
g__Tilletia	k__Fungi	p__Basidiomycota	c__Exobasidiomycetes	o__Tilletiales	f__Tilletiaceae	1e-04
g__Tintinnopsis	k__Alveolata	p__Ciliophora	c__Spirotrichea	o__Tintinnida	f__Codonellidae	1e-04
g__Toona	k__Viridiplantae	p__Anthophyta	c__Eudicotyledonae	o__Sapindales	f__Meliaceae	1e-04
g__Tremella	k__Fungi	p__Basidiomycota	c__Tremellomycetes	o__Tremellales	f__Tremellaceae	1e-04
g__Tremellodendropsidaceae_gen_Incertae_sedis	k__Fungi	p__Basidiomycota	c__Agaricomycetes	o__Tremellodendropsidales	f__Tremellodendropsidaceae	1e-04
g__Tremellodendropsidales_gen_Incertae_sedis	k__Fungi	p__Basidiomycota	c__Agaricomycetes	o__Tremellodendropsidales	f__Tremellodendropsidales_fam_Incertae_sedis	1e-04
g__Tricharina	k__Fungi	p__Ascomycota	c__Pezizomycetes	o__Pezizales	f__Pyronemataceae	1e-04
g__Trichobolus	k__Fungi	p__Ascomycota	c__Pezizomycetes	o__Pezizales	f__Ascodesmidaceae	1e-04
g__Trigonella	k__Viridiplantae	p__Anthophyta	c__Eudicotyledonae	o__Fabales	f__Fabaceae	1e-04
g__Triscelophorus	k__Fungi	p__Ascomycota	c__Pezizomycotina_cls_Incertae_sedis	o__Pezizomycotina_ord_Incertae_sedis	f__Pezizomycotina_fam_Incertae_sedis	1e-04
g__Truncatella	k__Fungi	p__Ascomycota	c__Sordariomycetes	o__Amphisphaeriales	f__Sporocadaceae	1e-04
g__Tyroliella	k__Fungi	p__Mortierellomycota	c__Mortierellomycetes	o__Mortierellales	f__Mortierellaceae	1e-04
g__Udeniomyces	k__Fungi	p__Basidiomycota	c__Tremellomycetes	o__Cystofilobasidiales	f__Mrakiaceae	1e-04
g__Varicellaria	k__Fungi	p__Ascomycota	c__Lecanoromycetes	o__Pertusariales	f__Varicellariaceae	1e-04
g__Veronaea	k__Fungi	p__Ascomycota	c__Eurotiomycetes	o__Chaetothyriales	f__Herpotrichiellaceae	1e-04
g__Volvariella	k__Fungi	p__Basidiomycota	c__Agaricomycetes	o__Agaricales	f__Pluteaceae	1e-04
g__Xanthothecium	k__Fungi	p__Ascomycota	c__Eurotiomycetes	o__Onygenales	f__Onygenaceae	1e-04
g__Xenasmatella	k__Fungi	p__Basidiomycota	c__Agaricomycetes	o__Russulales	f__Xenasmataceae	1e-04
g__Xenodevriesia	k__Fungi	p__Ascomycota	c__Dothideomycetes	o__Capnodiales	f__Xenodevriesiaceae	1e-04
g__Xenodidymella	k__Fungi	p__Ascomycota	c__Dothideomycetes	o__Pleosporales	f__Didymellaceae	1e-04
g__Xenomeris	k__Fungi	p__Ascomycota	c__Dothideomycetes	o__Dothideomycetes_ord_Incertae_sedis	f__Dothideomycetes_fam_Incertae_sedis	1e-04
g__Xenopyrenochaetopsis	k__Fungi	p__Ascomycota	c__Dothideomycetes	o__Pleosporales	f__Pyrenochaetopsidaceae	1e-04
g__Xenosonderhenia	k__Fungi	p__Ascomycota	c__Dothideomycetes	o__Mycosphaerellales	f__Mycosphaerellaceae	1e-04
g__Xerochrysium	k__Fungi	p__Ascomycota	c__Eurotiomycetes	o__Eurotiales	f__Aspergillaceae	1e-04
g__Xylogone	k__Fungi	p__Ascomycota	c__Leotiomycetes	o__Helotiales	f__Helotiales_fam_Incertae_sedis	1e-04
g__Zeloasperisporium	k__Fungi	p__Ascomycota	c__Dothideomycetes	o__Zeloasperisporiales	f__Zeloasperisporiaceae	1e-04
g__Zoopagomycota_gen_Incertae_sedis	k__Fungi	p__Zoopagomycota	c__Zoopagomycota_cls_Incertae_sedis	o__Zoopagomycota_ord_Incertae_sedis	f__Zoopagomycota_fam_Incertae_sedis	1e-04
g__Zopfiella	k__Fungi	p__Ascomycota	c__Sordariomycetes	o__Sordariales	f__Lasiosphaeriaceae	1e-04
g__Aaosphaeria	k__Fungi	p__Ascomycota	c__Dothideomycetes	o__Pleosporales	f__Dacampiaceae	0
g__Acarospora	k__Fungi	p__Ascomycota	c__Lecanoromycetes	o__Acarosporales	f__Acarosporaceae	0
g__Acaulospora	k__Fungi	p__Glomeromycota	c__Glomeromycetes	o__Diversisporales	f__Acaulosporaceae	0
g__Acer	k__Viridiplantae	p__Anthophyta	c__Eudicotyledonae	o__Sapindales	f__Aceraceae	0
g__Acrodontium	k__Fungi	p__Ascomycota	c__Dothideomycetes	o__Mycosphaerellales	f__Teratosphaeriaceae	0
g__Actinomortierella	k__Fungi	p__Mortierellomycota	c__Mortierellomycetes	o__Mortierellales	f__Mortierellaceae	0
g__Agaricales_gen_Incertae_sedis	k__Fungi	p__Basidiomycota	c__Agaricomycetes	o__Agaricales	f__Agaricales_fam_Incertae_sedis	0
g__Agaricostilbomycetes_gen_Incertae_sedis	k__Fungi	p__Basidiomycota	c__Agaricostilbomycetes	o__Agaricostilbomycetes_ord_Incertae_sedis	f__Agaricostilbomycetes_fam_Incertae_sedis	0
g__Agaricus	k__Fungi	p__Basidiomycota	c__Agaricomycetes	o__Agaricales	f__Agaricaceae	0
g__Ageratina	k__Viridiplantae	p__Anthophyta	c__Eudicotyledonae	o__Asterales	f__Asteraceae	0
g__Albidomyces	k__Fungi	p__Ascomycota	c__Eurotiomycetes	o__Onygenales	f__Neoarthropsidaceae	0
g__Alloleptosphaeria	k__Fungi	p__Ascomycota	c__Dothideomycetes	o__Pleosporales	f__Leptosphaeriaceae	0
g__Amyloporia	k__Fungi	p__Basidiomycota	c__Agaricomycetes	o__Polyporales	f__Polyporales_fam_Incertae_sedis	0
g__Anabasis	k__Viridiplantae	p__Anthophyta	c__Eudicotyledonae	o__Caryophyllales	f__Amaranthaceae	0
g__Angelica	k__Viridiplantae	p__Anthophyta	c__Eudicotyledonae	o__Apiales	f__Apiaceae	0
g__Angustimassarina	k__Fungi	p__Ascomycota	c__Dothideomycetes	o__Pleosporales	f__Amorosiaceae	0
g__Aphelidiomycetes_gen_Incertae_sedis	k__Fungi	p__Aphelidiomycota	c__Aphelidiomycetes	o__Aphelidiomycetes_ord_Incertae_sedis	f__Aphelidiomycetes_fam_Incertae_sedis	0
g__Aphelidiomycota_gen_Incertae_sedis	k__Fungi	p__Aphelidiomycota	c__Aphelidiomycota_cls_Incertae_sedis	o__Aphelidiomycota_ord_Incertae_sedis	f__Aphelidiomycota_fam_Incertae_sedis	0
g__Apiospora	k__Fungi	p__Ascomycota	c__Sordariomycetes	o__Amphisphaeriales	f__Apiosporaceae	0
g__Armillaria	k__Fungi	p__Basidiomycota	c__Agaricomycetes	o__Agaricales	f__Physalacriaceae	0
g__Arthonia	k__Fungi	p__Ascomycota	c__Arthoniomycetes	o__Arthoniales	f__Arthoniaceae	0
g__Arthrinium	k__Fungi	p__Ascomycota	c__Sordariomycetes	o__Amphisphaeriales	f__Apiosporaceae	0
g__Arthroderma	k__Fungi	p__Ascomycota	c__Eurotiomycetes	o__Onygenales	f__Arthrodermataceae	0
g__Ascodesmidaceae_gen_Incertae_sedis	k__Fungi	p__Ascomycota	c__Pezizomycetes	o__Pezizales	f__Ascodesmidaceae	0
g__Ascodesmis	k__Fungi	p__Ascomycota	c__Pezizomycetes	o__Pezizales	f__Ascodesmidaceae	0
g__Ascotricha	k__Fungi	p__Ascomycota	c__Sordariomycetes	o__Xylariales	f__Xylariaceae	0
g__Athelopsis	k__Fungi	p__Basidiomycota	c__Agaricomycetes	o__Atheliales	f__Byssocorticiaceae	0
g__Auriporia	k__Fungi	p__Basidiomycota	c__Agaricomycetes	o__Polyporales	f__Polyporales_fam_Incertae_sedis	0
g__Auriscalpium	k__Fungi	p__Basidiomycota	c__Agaricomycetes	o__Russulales	f__Auriscalpiaceae	0
g__Bacidina	k__Fungi	p__Ascomycota	c__Lecanoromycetes	o__Lecanorales	f__Ramalinaceae	0
g__Bannoa	k__Fungi	p__Basidiomycota	c__Cystobasidiomycetes	o__Erythrobasidiales	f__Erythrobasidiaceae	0
g__Basidiobolales_gen_Incertae_sedis	k__Fungi	p__Basidiobolomycota	c__Basidiobolomycetes	o__Basidiobolales	f__Basidiobolales_fam_Incertae_sedis	0
g__Basidiobolus	k__Fungi	p__Basidiobolomycota	c__Basidiobolomycetes	o__Basidiobolales	f__Basidiobolaceae	0
g__Beauveria	k__Fungi	p__Ascomycota	c__Sordariomycetes	o__Hypocreales	f__Cordycipitaceae	0
g__Berkeleyomyces	k__Fungi	p__Ascomycota	c__Sordariomycetes	o__Microascales	f__Ceratocystidaceae	0
g__Bisifusarium	k__Fungi	p__Ascomycota	c__Sordariomycetes	o__Hypocreales	f__Nectriaceae	0
g__Blastocladiomycota_gen_Incertae_sedis	k__Fungi	p__Blastocladiomycota	c__Blastocladiomycota_cls_Incertae_sedis	o__Blastocladiomycota_ord_Incertae_sedis	f__Blastocladiomycota_fam_Incertae_sedis	0
g__Bourdotia	k__Fungi	p__Basidiomycota	c__Agaricomycetes	o__Auriculariales	f__Hyaloriaceae	0
g__Brunneochlamydosporium	k__Fungi	p__Ascomycota	c__Sordariomycetes	o__Glomerellales	f__Plectosphaerellaceae	0
g__Brunneoporus	k__Fungi	p__Basidiomycota	c__Agaricomycetes	o__Polyporales	f__Fomitopsidaceae	0
g__Bulbithecium	k__Fungi	p__Ascomycota	c__Sordariomycetes	o__Hypocreales	f__Hypocreales_fam_Incertae_sedis	0
g__Burgella	k__Fungi	p__Basidiomycota	c__Agaricomycetes	o__Cantharellales	f__Hydnaceae	0
g__Cabalodontia	k__Fungi	p__Basidiomycota	c__Agaricomycetes	o__Polyporales	f__Steccherinaceae	0
g__Calcarisporiella	k__Fungi	p__Calcarisporiellomycota	c__Calcarisporiellomycetes	o__Calcarisporiellales	f__Calcarisporiellaceae	0
g__Calostoma	k__Fungi	p__Basidiomycota	c__Agaricomycetes	o__Boletales	f__Calostomataceae	0
g__Campanella	k__Fungi	p__Basidiomycota	c__Agaricomycetes	o__Agaricales	f__Marasmiaceae	0
g__Camposporium	k__Fungi	p__Ascomycota	c__Dothideomycetes	o__Pleosporales	f__Melanommataceae	0
g__Campylospora	k__Fungi	p__Ascomycota	c__Sordariomycetes	o__Hypocreomycetidae_ord_Incertae_sedis	f__Hypocreomycetidae_fam_Incertae_sedis	0
g__Candelabrochaete	k__Fungi	p__Basidiomycota	c__Agaricomycetes	o__Polyporales	f__Polyporales_fam_Incertae_sedis	0
g__Capnocheirides	k__Fungi	p__Ascomycota	c__Dothideomycetes	o__Mycosphaerellales	f__Teratosphaeriaceae	0
g__Capnodium	k__Fungi	p__Ascomycota	c__Dothideomycetes	o__Capnodiales	f__Capnodiaceae	0
g__Castanediella	k__Fungi	p__Ascomycota	c__Sordariomycetes	o__Amphisphaeriales	f__Castanediellaceae	0
g__Castanedomyces	k__Fungi	p__Ascomycota	c__Eurotiomycetes	o__Onygenales	f__Onygenaceae	0
g__Catenaria	k__Fungi	p__Blastocladiomycota	c__Blastocladiomycetes	o__Blastocladiales	f__Catenariaceae	0
g__Cephalotheca	k__Fungi	p__Ascomycota	c__Sordariomycetes	o__Cephalothecales	f__Cephalothecaceae	0
g__Cercophora	k__Fungi	p__Ascomycota	c__Sordariomycetes	o__Sordariales	f__Neoschizotheciaceae	0
g__Cetraspora	k__Fungi	p__Glomeromycota	c__Glomeromycetes	o__Gigasporales	f__Racocetraceae	0
g__Cetrelia	k__Fungi	p__Ascomycota	c__Lecanoromycetes	o__Lecanorales	f__Parmeliaceae	0
g__Chaetocapnodium	k__Fungi	p__Ascomycota	c__Dothideomycetes	o__Capnodiales	f__Capnodiaceae	0
g__Chaetomiaceae_gen_Incertae_sedis	k__Fungi	p__Ascomycota	c__Sordariomycetes	o__Sordariales	f__Chaetomiaceae	0
g__Chaetospermum	k__Fungi	p__Basidiomycota	c__Agaricomycetes	o__Sebacinales	f__Sebacinaceae	0
g__Chalara	k__Fungi	p__Ascomycota	c__Leotiomycetes	o__Helotiales	f__Pezizellaceae	0
g__Chionosphaeraceae_gen_Incertae_sedis	k__Fungi	p__Basidiomycota	c__Agaricostilbomycetes	o__Agaricostilbales	f__Chionosphaeraceae	0
g__Chlamydomonadales_gen_Incertae_sedis	k__Viridiplantae	p__Chlorophyta	c__Chlorophyceae	o__Chlamydomonadales	f__Chlamydomonadales_fam_Incertae_sedis	0
g__Ciboria	k__Fungi	p__Ascomycota	c__Leotiomycetes	o__Helotiales	f__Sclerotiniaceae	0
g__Cinereomyces	k__Fungi	p__Basidiomycota	c__Agaricomycetes	o__Polyporales	f__Gelatoporiaceae	0
g__Cippumomyces	k__Fungi	p__Ascomycota	c__Dothideomycetes	o__Capnodiales	f__Neoantennariellaceae	0
g__Claviceps	k__Fungi	p__Ascomycota	c__Sordariomycetes	o__Hypocreales	f__Clavicipitaceae	0
g__Clitocybe	k__Fungi	p__Basidiomycota	c__Agaricomycetes	o__Agaricales	f__Agaricales_fam_Incertae_sedis	0
g__Clypeosphaerella	k__Fungi	p__Ascomycota	c__Dothideomycetes	o__Mycosphaerellales	f__Mycosphaerellaceae	0
g__Coccodiniaceae_gen_Incertae_sedis	k__Fungi	p__Ascomycota	c__Eurotiomycetes	o__Chaetothyriales	f__Coccodiniaceae	0
g__Codinaea	k__Fungi	p__Ascomycota	c__Sordariomycetes	o__Chaetosphaeriales	f__Chaetosphaeriaceae	0
g__Coleophoma	k__Fungi	p__Ascomycota	c__Leotiomycetes	o__Helotiales	f__Dermateaceae	0
g__Colletotrichum	k__Fungi	p__Ascomycota	c__Sordariomycetes	o__Glomerellales	f__Glomerellaceae	0
g__Colpodellidae_gen_Incertae_sedis	k__Alveolata	p__Alveolata_phy_Incertae_sedis	c__Alveolata_cls_Incertae_sedis	o__Alveolata_ord_Incertae_sedis	f__Colpodellidae	0
g__Colponema	k__Alveolata	p__Colponemidia	c__Colponemidia_cls_Incertae_sedis	o__Colponemidia_ord_Incertae_sedis	f__Colponemidia_fam_Incertae_sedis	0
g__Coniochaeta	k__Fungi	p__Ascomycota	c__Sordariomycetes	o__Coniochaetales	f__Coniochaetaceae	0
g__Conioscypha	k__Fungi	p__Ascomycota	c__Sordariomycetes	o__Conioscyphales	f__Conioscyphaceae	0
g__Coprotus	k__Fungi	p__Ascomycota	c__Pezizomycetes	o__Pezizales	f__Pezizales_fam_Incertae_sedis	0
g__Corydalis	k__Viridiplantae	p__Anthophyta	c__Eudicotyledonae	o__Ranunculales	f__Papaveraceae	0
g__Corylicola	k__Fungi	p__Ascomycota	c__Dothideomycetes	o__Pleosporales	f__Bambusicolaceae	0
g__Cosmos	k__Viridiplantae	p__Anthophyta	c__Eudicotyledonae	o__Asterales	f__Asteraceae	0
g__Crepidotus	k__Fungi	p__Basidiomycota	c__Agaricomycetes	o__Agaricales	f__Crepidotaceae	0
g__Cryptocoryneum	k__Fungi	p__Ascomycota	c__Dothideomycetes	o__Pleosporales	f__Cryptocoryneaceae	0
g__Cyanosporus	k__Fungi	p__Basidiomycota	c__Agaricomycetes	o__Polyporales	f__Polyporales_fam_Incertae_sedis	0
g__Cyathus	k__Fungi	p__Basidiomycota	c__Agaricomycetes	o__Agaricales	f__Nidulariaceae	0
g__Cyclostephanos	k__Stramenopila	p__Ochrophyta	c__Bacillariophyceae	o__Thalassiosirales	f__Stephanodiscaceae	0
g__Cylindrobasidium	k__Fungi	p__Basidiomycota	c__Agaricomycetes	o__Agaricales	f__Physalacriaceae	0
g__Cylindrotorula	k__Fungi	p__Ascomycota	c__Dothideomycetes	o__Pleosporales	f__Torulaceae	0
g__Dacryobolus	k__Fungi	p__Basidiomycota	c__Agaricomycetes	o__Polyporales	f__Dacryobolaceae	0
g__Dactylidina	k__Fungi	p__Ascomycota	c__Dothideomycetes	o__Pleosporales	f__Phaeosphaeriaceae	0
g__Dendrocorticiopsis	k__Fungi	p__Basidiomycota	c__Agaricomycetes	o__Corticiales	f__Punctulariaceae	0
g__Derxomyces	k__Fungi	p__Basidiomycota	c__Tremellomycetes	o__Tremellales	f__Bulleribasidiaceae	0
g__Diatrype	k__Fungi	p__Ascomycota	c__Sordariomycetes	o__Xylariales	f__Diatrypaceae	0
g__Diaxonella	k__Alveolata	p__Ciliophora	c__Spirotrichea	o__Urostylida	f__Urostylidae	0
g__Dichomitus	k__Fungi	p__Basidiomycota	c__Agaricomycetes	o__Polyporales	f__Polyporaceae	0
g__Didymodon	k__Viridiplantae	p__Bryophyta	c__Bryopsida	o__Pottiales	f__Pottiaceae	0
g__Diospyros	k__Viridiplantae	p__Anthophyta	c__Eudicotyledonae	o__Ericales	f__Ebenaceae	0
g__Diplomitoporus	k__Fungi	p__Basidiomycota	c__Agaricomycetes	o__Polyporales	f__Polyporales_fam_Incertae_sedis	0
g__Disciseda	k__Fungi	p__Basidiomycota	c__Agaricomycetes	o__Agaricales	f__Agaricaceae	0
g__Dysphania	k__Viridiplantae	p__Anthophyta	c__Eudicotyledonae	o__Caryophyllales	f__Amaranthaceae	0
g__Edenia	k__Fungi	p__Ascomycota	c__Dothideomycetes	o__Pleosporales	f__Phaeosphaeriaceae	0
g__Efibula	k__Fungi	p__Basidiomycota	c__Agaricomycetes	o__Polyporales	f__Irpicaceae	0
g__Eidernor	k__Fungi	p__Basidiomycota	c__Exobasidiomycetes	o__Exobasidiales	f__Exobasidiales_fam_Incertae_sedis	0
g__Elaphomycetaceae_gen_Incertae_sedis	k__Fungi	p__Ascomycota	c__Eurotiomycetes	o__Eurotiales	f__Elaphomycetaceae	0
g__Endocarpon	k__Fungi	p__Ascomycota	c__Eurotiomycetes	o__Verrucariales	f__Verrucariaceae	0
g__Endogonomycetes_gen_Incertae_sedis	k__Fungi	p__Mucoromycota	c__Endogonomycetes	o__Endogonomycetes_ord_Incertae_sedis	f__Endogonomycetes_fam_Incertae_sedis	0
g__Endoperplexa	k__Fungi	p__Basidiomycota	c__Agaricomycetes	o__Auriculariales	f__Auriculariales_fam_Incertae_sedis	0
g__Epispathidium	k__Alveolata	p__Ciliophora	c__Litostomatea	o__Haptorida	f__Spathidiidae	0
g__Eragrostis	k__Viridiplantae	p__Anthophyta	c__Monocotyledonae	o__Poales	f__Poaceae	0
g__Etheirodon	k__Fungi	p__Basidiomycota	c__Agaricomycetes	o__Polyporales	f__Steccherinaceae	0
g__Eukaryota_gen_Incertae_sedis	k__Eukaryota_kgd_Incertae_sedis	p__Eukaryota_phy_Incertae_sedis	c__Eukaryota_cls_Incertae_sedis	o__Eukaryota_ord_Incertae_sedis	f__Eukaryota_fam_Incertae_sedis	0
g__Exopassalora	k__Fungi	p__Ascomycota	c__Dothideomycetes	o__Mycosphaerellales	f__Phaeothecoidiellaceae	0
g__Farysia	k__Fungi	p__Basidiomycota	c__Ustilaginomycetes	o__Ustilaginales	f__Anthracoideaceae	0
g__Fibroporia	k__Fungi	p__Basidiomycota	c__Agaricomycetes	o__Polyporales	f__Polyporales_fam_Incertae_sedis	0
g__Flavocillium	k__Fungi	p__Ascomycota	c__Sordariomycetes	o__Hypocreales	f__Cordycipitaceae	0
g__Foliophoma	k__Fungi	p__Ascomycota	c__Dothideomycetes	o__Pleosporales	f__Coniothyriaceae	0
g__Fonsecazyma	k__Fungi	p__Basidiomycota	c__Tremellomycetes	o__Tremellales	f__Bulleraceae	0
g__Forliomyces	k__Fungi	p__Ascomycota	c__Dothideomycetes	o__Pleosporales	f__Sporormiaceae	0
g__Funaria	k__Viridiplantae	p__Bryophyta	c__Bryopsida	o__Funariales	f__Funariaceae	0
g__Fusariella	k__Fungi	p__Ascomycota	c__Sordariomycetes	o__Hypocreales	f__Bionectriaceae	0
g__Fuscoporia	k__Fungi	p__Basidiomycota	c__Agaricomycetes	o__Hymenochaetales	f__Hymenochaetaceae	0
g__Galiicola	k__Fungi	p__Ascomycota	c__Dothideomycetes	o__Pleosporales	f__Phaeosphaeriaceae	0
g__Gastrosporium	k__Fungi	p__Basidiomycota	c__Agaricomycetes	o__Phallales	f__Gastrosporiaceae	0
g__Gilbertella	k__Fungi	p__Mucoromycota	c__Mucoromycetes	o__Mucorales	f__Choanephoraceae	0
g__Glarea	k__Fungi	p__Ascomycota	c__Leotiomycetes	o__Helotiales	f__Helotiaceae	0
g__Gloeocystidiellum	k__Fungi	p__Basidiomycota	c__Agaricomycetes	o__Russulales	f__Stereaceae	0
g__Gloiothele	k__Fungi	p__Basidiomycota	c__Agaricomycetes	o__Russulales	f__Peniophoraceae	0
g__Glyptotendipes	k__Metazoa	p__Arthropoda	c__Insecta	o__Diptera	f__Chironomidae	0
g__Gongronella	k__Fungi	p__Mucoromycota	c__Mucoromycetes	o__Mucorales	f__Cunninghamellaceae	0
g__Grammothele	k__Fungi	p__Basidiomycota	c__Agaricomycetes	o__Polyporales	f__Polyporaceae	0
g__Graphiola	k__Fungi	p__Basidiomycota	c__Exobasidiomycetes	o__Exobasidiales	f__Graphiolaceae	0
g__GS18_gen_Incertae_sedis	k__Fungi	p__Olpidiomycota	c__GS18	o__GS18_ord_Incertae_sedis	f__GS18_fam_Incertae_sedis	0
g__Gymnascella	k__Fungi	p__Ascomycota	c__Eurotiomycetes	o__Onygenales	f__Gymnoascaceae	0
g__Gymnopilus	k__Fungi	p__Basidiomycota	c__Agaricomycetes	o__Agaricales	f__Hymenogastraceae	0
g__Gyoerffyella	k__Fungi	p__Ascomycota	c__Leotiomycetes	o__Helotiales	f__Discinellaceae	0
g__Haptocillium	k__Fungi	p__Ascomycota	c__Sordariomycetes	o__Hypocreales	f__Ophiocordycipitaceae	0
g__Hazslinszkyomyces	k__Fungi	p__Ascomycota	c__Dothideomycetes	o__Pleosporales	f__Coniothyriaceae	0
g__Hebelomataceae_gen_Incertae_sedis	k__Fungi	p__Basidiomycota	c__Agaricomycetes	o__Agaricales	f__Hebelomataceae	0
g__Helicobasidium	k__Fungi	p__Basidiomycota	c__Pucciniomycetes	o__Helicobasidiales	f__Helicobasidiaceae	0
g__Helicogloea	k__Fungi	p__Basidiomycota	c__Atractiellomycetes	o__Atractiellales	f__Phleogenaceae	0
g__Hemileucoglossum	k__Fungi	p__Ascomycota	c__Geoglossomycetes	o__Geoglossales	f__Geoglossaceae	0
g__Hermetothecium	k__Fungi	p__Ascomycota	c__Eurotiomycetes	o__Chaetothyriales	f__Chaetothyriaceae	0
g__Heteroacanthella	k__Fungi	p__Basidiomycota	c__Agaricomycetes	o__Auriculariales	f__Auriculariales_fam_Incertae_sedis	0
g__Heterocephalobellus	k__Metazoa	p__Nematoda	c__Chromadorea	o__Rhabditida	f__Cephalobidae	0
g__Heterodermia	k__Fungi	p__Ascomycota	c__Lecanoromycetes	o__Caliciales	f__Physciaceae	0
g__Heteropogon	k__Viridiplantae	p__Anthophyta	c__Monocotyledonae	o__Poales	f__Poaceae	0
g__Hirsutella	k__Fungi	p__Ascomycota	c__Sordariomycetes	o__Hypocreales	f__Ophiocordycipitaceae	0
g__Hoehnelomycetaceae_gen_Incertae_sedis	k__Fungi	p__Basidiomycota	c__Atractiellomycetes	o__Atractiellales	f__Hoehnelomycetaceae	0
g__Holocotylon	k__Fungi	p__Basidiomycota	c__Agaricomycetes	o__Agaricales	f__Agaricaceae	0
g__Holosticha	k__Alveolata	p__Ciliophora	c__Spirotrichea	o__Urostylida	f__Holostichidae	0
g__Homortomyces	k__Fungi	p__Ascomycota	c__Dothideomycetes	o__Homortomycetales	f__Homortomycetaceae	0
g__Houjia	k__Fungi	p__Ascomycota	c__Dothideomycetes	o__Mycosphaerellales	f__Phaeothecoidiellaceae	0
g__Hydnodontaceae_gen_Incertae_sedis	k__Fungi	p__Basidiomycota	c__Agaricomycetes	o__Trechisporales	f__Hydnodontaceae	0
g__Hydnoporia	k__Fungi	p__Basidiomycota	c__Agaricomycetes	o__Hymenochaetales	f__Hymenochaetaceae	0
g__Hydropisphaera	k__Fungi	p__Ascomycota	c__Sordariomycetes	o__Hypocreales	f__Bionectriaceae	0
g__Hymenochaete	k__Fungi	p__Basidiomycota	c__Agaricomycetes	o__Hymenochaetales	f__Hymenochaetaceae	0
g__Hyphodermataceae_gen_Incertae_sedis	k__Fungi	p__Basidiomycota	c__Agaricomycetes	o__Polyporales	f__Hyphodermataceae	0
g__Hyphodermella	k__Fungi	p__Basidiomycota	c__Agaricomycetes	o__Polyporales	f__Phanerochaetaceae	0
g__Hypochnicium	k__Fungi	p__Basidiomycota	c__Agaricomycetes	o__Polyporales	f__Podoscyphaceae	0
g__Hypocreales_gen_Incertae_sedis	k__Fungi	p__Ascomycota	c__Sordariomycetes	o__Hypocreales	f__Hypocreales_fam_Incertae_sedis	0
g__Ichthyosporia_gen_Incertae_sedis	k__Ichthyosporia	p__Ichthyosporia_phy_Incertae_sedis	c__Ichthyosporia_cls_Incertae_sedis	o__Ichthyosporia_ord_Incertae_sedis	f__Ichthyosporia_fam_Incertae_sedis	0
g__Infundibulicybe	k__Fungi	p__Basidiomycota	c__Agaricomycetes	o__Agaricales	f__Agaricales_fam_Incertae_sedis	0
g__Inosperma	k__Fungi	p__Basidiomycota	c__Agaricomycetes	o__Agaricales	f__Inocybaceae	0
g__Junghuhnia	k__Fungi	p__Basidiomycota	c__Agaricomycetes	o__Polyporales	f__Steccherinaceae	0
g__Kabatiella	k__Fungi	p__Ascomycota	c__Dothideomycetes	o__Dothideales	f__Saccotheciaceae	0
g__Kavinia	k__Fungi	p__Basidiomycota	c__Agaricomycetes	o__Gomphales	f__Lentariaceae	0
g__Keithomyces	k__Fungi	p__Ascomycota	c__Sordariomycetes	o__Hypocreales	f__Clavicipitaceae	0
g__Komagataella	k__Fungi	p__Ascomycota	c__Saccharomycetes	o__Saccharomycetales	f__Pichiaceae	0
g__Laccaria	k__Fungi	p__Basidiomycota	c__Agaricomycetes	o__Agaricales	f__Hydnangiaceae	0
g__Latorua	k__Fungi	p__Ascomycota	c__Dothideomycetes	o__Pleosporales	f__Latoruaceae	0
g__Lecanicillium	k__Fungi	p__Ascomycota	c__Sordariomycetes	o__Hypocreales	f__Cordycipitaceae	0
g__Lemanea	k__Rhodoplantae	p__Rhodophyta	c__Florideophyceae	o__Batrachospermales	f__Lemaneaceae	0
g__Leptosphaeriaceae_gen_Incertae_sedis	k__Fungi	p__Ascomycota	c__Dothideomycetes	o__Pleosporales	f__Leptosphaeriaceae	0
g__Leptosporomyces	k__Fungi	p__Basidiomycota	c__Agaricomycetes	o__Atheliales	f__Byssocorticiaceae	0
g__Leptoxyphium	k__Fungi	p__Ascomycota	c__Dothideomycetes	o__Capnodiales	f__Capnodiaceae	0
g__Leucopenicillifer	k__Fungi	p__Ascomycota	c__Pezizomycotina_cls_Incertae_sedis	o__Pezizomycotina_ord_Incertae_sedis	f__Pezizomycotina_fam_Incertae_sedis	0
g__Lipomyces	k__Fungi	p__Ascomycota	c__Saccharomycetes	o__Saccharomycetales	f__Lipomycetaceae	0
g__Luellia	k__Fungi	p__Basidiomycota	c__Agaricomycetes	o__Trechisporales	f__Hydnodontaceae	0
g__Lycoperdon	k__Fungi	p__Basidiomycota	c__Agaricomycetes	o__Agaricales	f__Lycoperdaceae	0
g__Lyophyllum	k__Fungi	p__Basidiomycota	c__Agaricomycetes	o__Agaricales	f__Lyophyllaceae	0
g__Macalpinomyces	k__Fungi	p__Basidiomycota	c__Ustilaginomycetes	o__Ustilaginales	f__Ustilaginaceae	0
g__Magnaporthales_gen_Incertae_sedis	k__Fungi	p__Ascomycota	c__Sordariomycetes	o__Magnaporthales	f__Magnaporthales_fam_Incertae_sedis	0
g__Mallotus	k__Viridiplantae	p__Anthophyta	c__Eudicotyledonae	o__Malpighiales	f__Euphorbiaceae	0
g__Mangifera	k__Viridiplantae	p__Anthophyta	c__Eudicotyledonae	o__Sapindales	f__Anacardiaceae	0
g__Meira	k__Fungi	p__Basidiomycota	c__Exobasidiomycetes	o__Exobasidiales	f__Brachybasidiaceae	0
g__Melanconiella	k__Fungi	p__Ascomycota	c__Sordariomycetes	o__Diaporthales	f__Melanconiellaceae	0
g__Melanospora	k__Fungi	p__Ascomycota	c__Sordariomycetes	o__Coronophorales	f__Ceratostomataceae	0
g__Metapochonia	k__Fungi	p__Ascomycota	c__Sordariomycetes	o__Hypocreales	f__Clavicipitaceae	0
g__Metarhizium	k__Fungi	p__Ascomycota	c__Sordariomycetes	o__Hypocreales	f__Clavicipitaceae	0
g__Metschnikowia	k__Fungi	p__Ascomycota	c__Saccharomycetes	o__Saccharomycetales	f__Metschnikowiaceae	0
g__Microascus	k__Fungi	p__Ascomycota	c__Sordariomycetes	o__Microascales	f__Microascaceae	0
g__Microbotryomycetes_gen_Incertae_sedis	k__Fungi	p__Basidiomycota	c__Microbotryomycetes	o__Microbotryomycetes_ord_Incertae_sedis	f__Microbotryomycetes_fam_Incertae_sedis	0
g__Microstroma	k__Fungi	p__Basidiomycota	c__Exobasidiomycetes	o__Microstromatales	f__Microstromataceae	0
g__Microstromatales_gen_Incertae_sedis	k__Fungi	p__Basidiomycota	c__Exobasidiomycetes	o__Microstromatales	f__Microstromatales_fam_Incertae_sedis	0
g__Miscanthus	k__Viridiplantae	p__Anthophyta	c__Monocotyledonae	o__Poales	f__Poaceae	0
g__Monoblepharomycota_gen_Incertae_sedis	k__Fungi	p__Monoblepharomycota	c__Monoblepharomycota_cls_Incertae_sedis	o__Monoblepharomycota_ord_Incertae_sedis	f__Monoblepharomycota_fam_Incertae_sedis	0
g__Monochaetia	k__Fungi	p__Ascomycota	c__Sordariomycetes	o__Amphisphaeriales	f__Sporocadaceae	0
g__Monographella	k__Fungi	p__Ascomycota	c__Sordariomycetes	o__Amphisphaeriales	f__Hyponectriaceae	0
g__Moraceae_gen_Incertae_sedis	k__Viridiplantae	p__Anthophyta	c__Eudicotyledonae	o__Rosales	f__Moraceae	0
g__Morchella	k__Fungi	p__Ascomycota	c__Pezizomycetes	o__Pezizales	f__Morchellaceae	0
g__Mycenaceae_gen_Incertae_sedis	k__Fungi	p__Basidiomycota	c__Agaricomycetes	o__Agaricales	f__Mycenaceae	0
g__Mycoacia	k__Fungi	p__Basidiomycota	c__Agaricomycetes	o__Polyporales	f__Meruliaceae	0
g__Mycocentrospora	k__Fungi	p__Ascomycota	c__Dothideomycetes	o__Pleosporales	f__Dothidotthiaceae	0
g__Mycodiella	k__Fungi	p__Ascomycota	c__Dothideomycetes	o__Mycosphaerellales	f__Mycosphaerellaceae	0
g__Mycoleptodiscus	k__Fungi	p__Ascomycota	c__Dothideomycetes	o__Muyocopronales	f__Muyocopronaceae	0
g__Mycotribulus	k__Fungi	p__Basidiomycota	c__Agaricomycetes	o__Agaricales	f__Physalacriaceae	0
g__Myrmecridium	k__Fungi	p__Ascomycota	c__Sordariomycetes	o__Myrmecridiales	f__Myrmecridiaceae	0
g__Myxarium	k__Fungi	p__Basidiomycota	c__Agaricomycetes	o__Auriculariales	f__Hyaloriaceae	0
g__Nagrajchalara	k__Fungi	p__Ascomycota	c__Leotiomycetes	o__Helotiales	f__Pezizellaceae	0
g__Neobulgaria	k__Fungi	p__Ascomycota	c__Leotiomycetes	o__Helotiales	f__Gelatinodiscaceae	0
g__Neocelosporiaceae_gen_Incertae_sedis	k__Fungi	p__Ascomycota	c__Dothideomycetes	o__Dothideales	f__Neocelosporiaceae	0
g__Neokalmusia	k__Fungi	p__Ascomycota	c__Dothideomycetes	o__Pleosporales	f__Didymosphaeriaceae	0
g__Neopestalotiopsis	k__Fungi	p__Ascomycota	c__Sordariomycetes	o__Amphisphaeriales	f__Sporocadaceae	0
g__Neophaeosphaeria	k__Fungi	p__Ascomycota	c__Dothideomycetes	o__Pleosporales	f__Neophaeosphaeriaceae	0
g__Neoroussoella	k__Fungi	p__Ascomycota	c__Dothideomycetes	o__Pleosporales	f__Roussoellaceae	0
g__Niesslia	k__Fungi	p__Ascomycota	c__Sordariomycetes	o__Hypocreales	f__Niessliaceae	0
g__Nigrograna	k__Fungi	p__Ascomycota	c__Dothideomycetes	o__Pleosporales	f__Nigrogranaceae	0
g__Nigroporus	k__Fungi	p__Basidiomycota	c__Agaricomycetes	o__Polyporales	f__Steccherinaceae	0
g__Nothophoma	k__Fungi	p__Ascomycota	c__Dothideomycetes	o__Pleosporales	f__Didymellaceae	0
g__Ochroconis	k__Fungi	p__Ascomycota	c__Dothideomycetes	o__Venturiales	f__Sympoventuriaceae	0
g__Olpidiomycota_gen_Incertae_sedis	k__Fungi	p__Olpidiomycota	c__Olpidiomycota_cls_Incertae_sedis	o__Olpidiomycota_ord_Incertae_sedis	f__Olpidiomycota_fam_Incertae_sedis	0
g__Oncopodiella	k__Fungi	p__Ascomycota	c__Dothideomycetes	o__Dothideomycetes_ord_Incertae_sedis	f__Dothideomycetes_fam_Incertae_sedis	0
g__Oomyces	k__Fungi	p__Ascomycota	c__Dothideomycetes	o__Acrospermales	f__Acrospermaceae	0
g__Oomycota_gen_Incertae_sedis	k__Stramenopila	p__Oomycota	c__Oomycota_cls_Incertae_sedis	o__Oomycota_ord_Incertae_sedis	f__Oomycota_fam_Incertae_sedis	0
g__Ophiosphaerella	k__Fungi	p__Ascomycota	c__Dothideomycetes	o__Pleosporales	f__Phaeosphaeriaceae	0
g__Ophiostoma	k__Fungi	p__Ascomycota	c__Sordariomycetes	o__Ophiostomatales	f__Ophiostomataceae	0
g__Oresitrophe	k__Viridiplantae	p__Anthophyta	c__Eudicotyledonae	o__Saxifragales	f__Saxifragaceae	0
g__Ostropales_gen_Incertae_sedis	k__Fungi	p__Ascomycota	c__Lecanoromycetes	o__Ostropales	f__Ostropales_fam_Incertae_sedis	0
g__Panaeolina	k__Fungi	p__Basidiomycota	c__Agaricomycetes	o__Agaricales	f__Agaricales_fam_Incertae_sedis	0
g__Paraglomus	k__Fungi	p__Glomeromycota	c__Paraglomeromycetes	o__Paraglomerales	f__Paraglomeraceae	0
g__Paramultiseptospora	k__Fungi	p__Ascomycota	c__Dothideomycetes	o__Pleosporales	f__Parabambusicolaceae	0
g__Paramycosphaerella	k__Fungi	p__Ascomycota	c__Dothideomycetes	o__Mycosphaerellales	f__Mycosphaerellaceae	0
g__Paraphysoderma	k__Fungi	p__Blastocladiomycota	c__Physodermatomycetes	o__Physodermatales	f__Paraphysodermataceae	0
g__Parasola	k__Fungi	p__Basidiomycota	c__Agaricomycetes	o__Agaricales	f__Psathyrellaceae	0
g__Paratritirachium	k__Fungi	p__Basidiomycota	c__Tritirachiomycetes	o__Tritirachiales	f__Tritirachiaceae	0
g__Peperomia	k__Viridiplantae	p__Anthophyta	c__Eudicotyledonae	o__Piperales	f__Piperaceae	0
g__Peribolospora	k__Fungi	p__Basidiomycota	c__Peribolosporomycetes	o__Peribolosporales	f__Peribolosporaceae	0
g__Persicaria	k__Viridiplantae	p__Anthophyta	c__Eudicotyledonae	o__Caryophyllales	f__Polygonaceae	0
g__Pestalotiopsis	k__Fungi	p__Ascomycota	c__Sordariomycetes	o__Amphisphaeriales	f__Sporocadaceae	0
g__Petrophila	k__Fungi	p__Ascomycota	c__Dothideomycetes	o__Mycosphaerellales	f__Extremaceae	0
g__Pezoloma	k__Fungi	p__Ascomycota	c__Leotiomycetes	o__Helotiales	f__Discinellaceae	0
g__Phaeoacremonium	k__Fungi	p__Ascomycota	c__Sordariomycetes	o__Togniniales	f__Togniniaceae	0
g__Phaeopezia	k__Fungi	p__Ascomycota	c__Pezizomycetes	o__Pezizales	f__Pezizaceae	0
g__Phaeopoacea	k__Fungi	p__Ascomycota	c__Dothideomycetes	o__Pleosporales	f__Phaeosphaeriaceae	0
g__Phaeothecoidiella	k__Fungi	p__Ascomycota	c__Dothideomycetes	o__Mycosphaerellales	f__Phaeothecoidiellaceae	0
g__Phaffia	k__Fungi	p__Basidiomycota	c__Tremellomycetes	o__Cystofilobasidiales	f__Mrakiaceae	0
g__Phallus	k__Fungi	p__Basidiomycota	c__Agaricomycetes	o__Phallales	f__Phallaceae	0
g__Phellinus	k__Fungi	p__Basidiomycota	c__Agaricomycetes	o__Hymenochaetales	f__Hymenochaetaceae	0
g__Phlebiopsis	k__Fungi	p__Basidiomycota	c__Agaricomycetes	o__Polyporales	f__Phanerochaetaceae	0
g__Phragmocamarosporium	k__Fungi	p__Ascomycota	c__Dothideomycetes	o__Pleosporales	f__Lentitheciaceae	0
g__Physisporinus	k__Fungi	p__Basidiomycota	c__Agaricomycetes	o__Polyporales	f__Meruliaceae	0
g__Picipes	k__Fungi	p__Basidiomycota	c__Agaricomycetes	o__Polyporales	f__Polyporaceae	0
g__Pithya	k__Fungi	p__Ascomycota	c__Pezizomycetes	o__Pezizales	f__Sarcoscyphaceae	0
g__Platycarya	k__Viridiplantae	p__Anthophyta	c__Eudicotyledonae	o__Fagales	f__Juglandaceae	0
g__Plectania	k__Fungi	p__Ascomycota	c__Pezizomycetes	o__Pezizales	f__Sarcosomataceae	0
g__Plenodomus	k__Fungi	p__Ascomycota	c__Dothideomycetes	o__Pleosporales	f__Leptosphaeriaceae	0
g__Pluteus	k__Fungi	p__Basidiomycota	c__Agaricomycetes	o__Agaricales	f__Pluteaceae	0
g__Poaceascoma	k__Fungi	p__Ascomycota	c__Dothideomycetes	o__Pleosporales	f__Lentitheciaceae	0
g__Podosporaceae_gen_Incertae_sedis	k__Fungi	p__Ascomycota	c__Sordariomycetes	o__Sordariales	f__Podosporaceae	0
g__Porotheleaceae_gen_Incertae_sedis	k__Fungi	p__Basidiomycota	c__Agaricomycetes	o__Agaricales	f__Porotheleaceae	0
g__Psathyrella	k__Fungi	p__Basidiomycota	c__Agaricomycetes	o__Agaricales	f__Psathyrellaceae	0
g__Pseudoanungitea	k__Fungi	p__Ascomycota	c__Dothideomycetes	o__Venturiales	f__Cylindrosympodiaceae	0
g__Pseudocamarosporium	k__Fungi	p__Ascomycota	c__Dothideomycetes	o__Pleosporales	f__Didymosphaeriaceae	0
g__Pseudodactylaria	k__Fungi	p__Ascomycota	c__Sordariomycetes	o__Pseudodactylariales	f__Pseudodactylariaceae	0
g__Pseudohyphozyma	k__Fungi	p__Basidiomycota	c__Microbotryomycetes	o__Microbotryomycetes_ord_Incertae_sedis	f__Microbotryomycetes_fam_Incertae_sedis	0
g__Pseudomuriella	k__Viridiplantae	p__Chlorophyta	c__Chlorophyceae	o__Sphaeropleales	f__Sphaeropleales_fam_Incertae_sedis	0
g__Pseudoneoconiothyrium	k__Fungi	p__Ascomycota	c__Dothideomycetes	o__Pleosporales	f__Roussoellaceae	0
g__Pseudoophiobolus	k__Fungi	p__Ascomycota	c__Dothideomycetes	o__Pleosporales	f__Phaeosphaeriaceae	0
g__Pseudoramichloridium	k__Fungi	p__Ascomycota	c__Dothideomycetes	o__Mycosphaerellales	f__Extremaceae	0
g__Pseudorobillarda	k__Fungi	p__Ascomycota	c__Dothideomycetes	o__Dothideomycetes_ord_Incertae_sedis	f__Pseudorobillardaceae	0
g__Pseudosperma	k__Fungi	p__Basidiomycota	c__Agaricomycetes	o__Agaricales	f__Inocybaceae	0
g__Pterula	k__Fungi	p__Basidiomycota	c__Agaricomycetes	o__Agaricales	f__Pterulaceae	0
g__Punctelia	k__Fungi	p__Ascomycota	c__Lecanoromycetes	o__Lecanorales	f__Parmeliaceae	0
g__Punctularia	k__Fungi	p__Basidiomycota	c__Agaricomycetes	o__Corticiales	f__Punctulariaceae	0
g__Punctulariopsis	k__Fungi	p__Basidiomycota	c__Agaricomycetes	o__Corticiales	f__Punctulariaceae	0
g__Pyricularia	k__Fungi	p__Ascomycota	c__Sordariomycetes	o__Magnaporthales	f__Pyriculariaceae	0
g__Pyronemataceae_gen_Incertae_sedis	k__Fungi	p__Ascomycota	c__Pezizomycetes	o__Pezizales	f__Pyronemataceae	0
g__Quambalaria	k__Fungi	p__Basidiomycota	c__Exobasidiomycetes	o__Microstromatales	f__Quambalariaceae	0
g__Quasiphlebia	k__Fungi	p__Basidiomycota	c__Agaricomycetes	o__Polyporales	f__Phanerochaetaceae	0
g__Radulomyces	k__Fungi	p__Basidiomycota	c__Agaricomycetes	o__Agaricales	f__Radulomycetaceae	0
g__Ramaria	k__Fungi	p__Basidiomycota	c__Agaricomycetes	o__Gomphales	f__Gomphaceae	0
g__Ramicandelaber	k__Fungi	p__Kickxellomycota	c__Ramicandelaberomycetes	o__Ramicandelaberales	f__Ramicandelaberaceae	0
g__Ramicandelaberales_gen_Incertae_sedis	k__Fungi	p__Kickxellomycota	c__Ramicandelaberomycetes	o__Ramicandelaberales	f__Ramicandelaberales_fam_Incertae_sedis	0
g__Resinicium	k__Fungi	p__Basidiomycota	c__Agaricomycetes	o__Hymenochaetales	f__Rickenellaceae	0
g__Rhexocercosporidium	k__Fungi	p__Ascomycota	c__Leotiomycetes	o__Helotiales	f__Helotiales_fam_Incertae_sedis	0
g__Rhizophlyctidaceae_gen_Incertae_sedis	k__Fungi	p__Chytridiomycota	c__Rhizophlyctidomycetes	o__Rhizophlyctidales	f__Rhizophlyctidaceae	0
g__Rhizophydiomycetes_gen_Incertae_sedis	k__Fungi	p__Chytridiomycota	c__Rhizophydiomycetes	o__Rhizophydiomycetes_ord_Incertae_sedis	f__Rhizophydiomycetes_fam_Incertae_sedis	0
g__Rhopographus	k__Fungi	p__Ascomycota	c__Dothideomycetes	o__Dothideomycetes_ord_Incertae_sedis	f__Dothideomycetes_fam_Incertae_sedis	0
g__Rhynchogastrema	k__Fungi	p__Basidiomycota	c__Tremellomycetes	o__Tremellales	f__Rhynchogastremaceae	0
g__Ricinus	k__Viridiplantae	p__Anthophyta	c__Eudicotyledonae	o__Malpighiales	f__Euphorbiaceae	0
g__Rinaldiella	k__Fungi	p__Ascomycota	c__Sordariomycetes	o__Sordariales	f__Neoschizotheciaceae	0
g__Rinodina	k__Fungi	p__Ascomycota	c__Lecanoromycetes	o__Caliciales	f__Physciaceae	0
g__Rodwayella	k__Fungi	p__Ascomycota	c__Leotiomycetes	o__Helotiales	f__Pezizellaceae	0
g__Romagnesiella	k__Fungi	p__Basidiomycota	c__Agaricomycetes	o__Agaricales	f__Crassisporiaceae	0
g__Roussoella	k__Fungi	p__Ascomycota	c__Dothideomycetes	o__Pleosporales	f__Roussoellaceae	0
g__Saccharomyces	k__Fungi	p__Ascomycota	c__Saccharomycetes	o__Saccharomycetales	f__Saccharomycetaceae	0
g__Sarcoporia	k__Fungi	p__Basidiomycota	c__Agaricomycetes	o__Polyporales	f__Polyporales_fam_Incertae_sedis	0
g__Scenedesmus	k__Viridiplantae	p__Chlorophyta	c__Chlorophyceae	o__Sphaeropleales	f__Scenedesmaceae	0
g__Schwanniomyces	k__Fungi	p__Ascomycota	c__Saccharomycetes	o__Saccharomycetales	f__Debaryomycetaceae	0
g__Scutellinia	k__Fungi	p__Ascomycota	c__Pezizomycetes	o__Pezizales	f__Pyronemataceae	0
g__Scutellospora	k__Fungi	p__Glomeromycota	c__Glomeromycetes	o__Gigasporales	f__Scutellosporaceae	0
g__Septochytrium	k__Fungi	p__Chytridiomycota	c__Cladochytriomycetes	o__Cladochytriales	f__Septochytriaceae	0
g__Septonema	k__Fungi	p__Ascomycota	c__Dothideomycetes	o__Venturiales	f__Cylindrosympodiaceae	0
g__Sertulicium	k__Fungi	p__Basidiomycota	c__Agaricomycetes	o__Trechisporales	f__Trechisporales_fam_Incertae_sedis	0
g__Shiraia	k__Fungi	p__Ascomycota	c__Dothideomycetes	o__Pleosporales	f__Shiraiaceae	0
g__Shiraiaceae_gen_Incertae_sedis	k__Fungi	p__Ascomycota	c__Dothideomycetes	o__Pleosporales	f__Shiraiaceae	0
g__Sirobasidium	k__Fungi	p__Basidiomycota	c__Tremellomycetes	o__Tremellales	f__Tremellales_fam_Incertae_sedis	0
g__Sladenia	k__Viridiplantae	p__Anthophyta	c__Eudicotyledonae	o__Ericales	f__Sladeniaceae	0
g__Sorghum	k__Viridiplantae	p__Anthophyta	c__Monocotyledonae	o__Poales	f__Poaceae	0
g__Sphaerobolus	k__Fungi	p__Basidiomycota	c__Agaricomycetes	o__Geastrales	f__Geastraceae	0
g__Sphaeropsis	k__Fungi	p__Ascomycota	c__Dothideomycetes	o__Botryosphaeriales	f__Botryosphaeriaceae	0
g__Sphaerosporella	k__Fungi	p__Ascomycota	c__Pezizomycetes	o__Pezizales	f__Pyronemataceae	0
g__Spizellomyces	k__Fungi	p__Chytridiomycota	c__Spizellomycetes	o__Spizellomycetales	f__Spizellomycetaceae	0
g__Spodocybe	k__Fungi	p__Basidiomycota	c__Agaricomycetes	o__Agaricales	f__Hygrophoraceae	0
g__Spongiporus	k__Fungi	p__Basidiomycota	c__Agaricomycetes	o__Polyporales	f__Dacryobolaceae	0
g__Spongospora	k__Rhizaria	p__Endomyxa	c__Phytomyxea	o__Plasmodiophorida	f__Plasmodiophoridae	0
g__Sporidiobolales_gen_Incertae_sedis	k__Fungi	p__Basidiomycota	c__Microbotryomycetes	o__Sporidiobolales	f__Sporidiobolales_fam_Incertae_sedis	0
g__Sporobolus	k__Viridiplantae	p__Anthophyta	c__Monocotyledonae	o__Poales	f__Poaceae	0
g__Squamulea	k__Fungi	p__Ascomycota	c__Lecanoromycetes	o__Teloschistales	f__Teloschistaceae	0
g__Stramenopila_gen_Incertae_sedis	k__Stramenopila	p__Stramenopila_phy_Incertae_sedis	c__Stramenopila_cls_Incertae_sedis	o__Stramenopila_ord_Incertae_sedis	f__Stramenopila_fam_Incertae_sedis	0
g__Strobilomyces	k__Fungi	p__Basidiomycota	c__Agaricomycetes	o__Boletales	f__Boletaceae	0
g__Strombidium	k__Alveolata	p__Ciliophora	c__Spirotrichea	o__Spirotrichea_ord_Incertae_sedis	f__Strombidiidae	0
g__Sugitazyma	k__Fungi	p__Basidiomycota	c__Tremellomycetes	o__Tremellales	f__Trimorphomycetaceae	0
g__Symbiotaphrina	k__Fungi	p__Ascomycota	c__Xylonomycetes	o__Symbiotaphrinales	f__Symbiotaphrinaceae	0
g__Synchytriaceae_gen_Incertae_sedis	k__Fungi	p__Chytridiomycota	c__Synchytriomycetes	o__Synchytriales	f__Synchytriaceae	0
g__Teichospora	k__Fungi	p__Ascomycota	c__Dothideomycetes	o__Pleosporales	f__Teichosporaceae	0
g__Terana	k__Fungi	p__Basidiomycota	c__Agaricomycetes	o__Polyporales	f__Phanerochaetaceae	0
g__Teratosphaericola	k__Fungi	p__Ascomycota	c__Dothideomycetes	o__Mycosphaerellales	f__Teratosphaeriaceae	0
g__Terramyces	k__Fungi	p__Chytridiomycota	c__Rhizophydiomycetes	o__Rhizophydiales	f__Terramycetaceae	0
g__Testudinaceae_gen_Incertae_sedis	k__Fungi	p__Ascomycota	c__Dothideomycetes	o__Pleosporales	f__Testudinaceae	0
g__Thermochaetoides	k__Fungi	p__Ascomycota	c__Sordariomycetes	o__Sordariales	f__Chaetomiaceae	0
g__Tintinnidium	k__Alveolata	p__Ciliophora	c__Spirotrichea	o__Tintinnida	f__Tintinnidae	0
g__Tolypocladium	k__Fungi	p__Ascomycota	c__Sordariomycetes	o__Hypocreales	f__Ophiocordycipitaceae	0
g__Tremellales_gen_Incertae_sedis	k__Fungi	p__Basidiomycota	c__Tremellomycetes	o__Tremellales	f__Tremellales_fam_Incertae_sedis	0
g__Trichaleurina	k__Fungi	p__Ascomycota	c__Pezizomycetes	o__Pezizales	f__Chorioactidaceae	0
g__Tricholomopsis	k__Fungi	p__Basidiomycota	c__Agaricomycetes	o__Agaricales	f__Agaricales_fam_Incertae_sedis	0
g__Trichomonascus	k__Fungi	p__Ascomycota	c__Saccharomycetes	o__Saccharomycetales	f__Trichomonascaceae	0
g__Tricladium	k__Fungi	p__Ascomycota	c__Leotiomycetes	o__Helotiales	f__Tricladiaceae	0
g__Trifolium	k__Viridiplantae	p__Anthophyta	c__Eudicotyledonae	o__Fabales	f__Fabaceae	0
g__Tripogon	k__Viridiplantae	p__Anthophyta	c__Monocotyledonae	o__Poales	f__Poaceae	0
g__Tyrannosorus	k__Fungi	p__Ascomycota	c__Dothideomycetes	o__Venturiales	f__Venturiaceae	0
g__Udeniozyma	k__Fungi	p__Basidiomycota	c__Microbotryomycetes	o__Microbotryomycetes_ord_Incertae_sedis	f__Microbotryomycetes_fam_Incertae_sedis	0
g__Vaginatispora	k__Fungi	p__Ascomycota	c__Dothideomycetes	o__Pleosporales	f__Lophiostomataceae	0
g__Valsonectria	k__Fungi	p__Ascomycota	c__Sordariomycetes	o__Hypocreales	f__Bionectriaceae	0
g__Vanrija	k__Fungi	p__Basidiomycota	c__Tremellomycetes	o__Trichosporonales	f__Trichosporonaceae	0
g__Wojnowiciella	k__Fungi	p__Ascomycota	c__Dothideomycetes	o__Pleosporales	f__Phaeosphaeriaceae	0
g__Xanthophyllomyces	k__Fungi	p__Basidiomycota	c__Tremellomycetes	o__Cystofilobasidiales	f__Mrakiaceae	0
g__Xeromphalina	k__Fungi	p__Basidiomycota	c__Agaricomycetes	o__Agaricales	f__Mycenaceae	0
g__Zeldia	k__Metazoa	p__Nematoda	c__Chromadorea	o__Rhabditida	f__Cephalobidae	0
