run	g__Aaosphaeria	g__Abortiporus	g__Acer	g__Acericola	g__Acremonium	g__Acrocalymma	g__Acrospermum	g__Actinidia	g__Actinomucor	g__Aesculus	g__Agaricus	g__Alatospora	g__Aleurodiscus	g__Allium	g__Alloleptosphaeria	g__Alpinaria	g__Alternaria	g__Alutaceodontia	g__Amorocoelophoma	g__Ampelomyces	g__Amphinema	g__Amphosoma	g__Amylocorticium	g__Amyloporia	g__Amylostereum	g__Amyloxenasma	g__Angustimassarina	g__Antarctomyces	g__Antrodiella	g__Aphanobasidium	g__Apiospora	g__Apiotrichum	g__Apium	g__Arachis	g__Armillaria	g__Arrhenia	g__Arthroderma	g__Articulospora	g__Ascobolus	g__Ascochyta	g__Ascodesmis	g__Ascosphaera	g__Asparagus	g__Aspergillaceae_gen_Incertae_sedis	g__Aspergillus	g__Asymmetrispora	g__Athelia	g__Atheliaceae_gen_Incertae_sedis	g__Atrocalyx	g__Aurantiporus	g__Aureobasidium	g__Auricularia	g__Auriporia	g__Auriscalpium	g__Babjeviella	g__Bacidia	g__Bacidina	g__Bacillicladium	g__Baeospora	g__Bambusa	g__Bambusicola	g__Bannoa	g__Barbula	g__Barnettozyma	g__Basidiodendron	g__Begerowomyces	g__Berkeleyomyces	g__Bettsia	g__Betula	g__Bezerromyces	g__Bhatiellae	g__Bicornispora	g__Bipolaris	g__Bjerkandera	g__Blastobotrys	g__Blumeria	g__Boletus	g__Botryobasidium	g__Botryosphaeria	g__Botrytis	g__Bovista	g__Brassica	g__Brevicellicium	g__Brunnipila	g__Buckleyzyma	g__Bullera	g__Bulleribasidium	g__Burgella	g__Butlerelfia	g__Byssomerulius	g__Cabalodontia	g__Cadophora	g__Caliciopsis	g__Calloria	g__Calocybe	g__Calophoma	g__Calycina	g__Candelariella	g__Candida	g__Candolleomyces	g__Cantharellales_gen_Incertae_sedis	g__Capsicum	g__Capturomyces	g__Cardamine	g__Carpinus	g__Cartilosoma	g__Carya	g__Catillaria	g__Cenangium	g__Ceraceomyces	g__Ceraceosorus	g__Ceratobasidiaceae_gen_Incertae_sedis	g__Ceratobasidium	g__Ceratodon	g__Ceratorhiza	g__Cercospora	g__Cercozoa_gen_Incertae_sedis	g__Cerioporus	g__Ceriporia	g__Ceriporiopsis	g__Cerrena	g__Chaetospermum	g__Chaetosphaeronema	g__Chamelaucium	g__Cheilymenia	g__Chlorococcum	g__Chondracanthus	g__Chondrostereum	g__Chrysosporium	g__Chrysozyma	g__Ciborinia	g__Cicer	g__Cinereomyces	g__Cistella	g__Citeromyces	g__Citrus	g__Cladophialophora	g__Cladosporium	g__Clavispora	g__Clavulinaceae_gen_Incertae_sedis	g__Climacocystis	g__Clitocybe	g__Clitopilus	g__Colacogloea	g__Coleophoma	g__Collophorina	g__Collybia	g__Collybiopsis	g__Coniophora	g__Coniosporium	g__Coniothyrium	g__Coprinellus	g__Coprinopsis	g__Coriandrum	g__Coriolopsis	g__Cornus	g__Coronicium	g__Corticiaceae_gen_Incertae_sedis	g__Cortinariaceae_gen_Incertae_sedis	g__Cortinarius	g__Corylus	g__Corynespora	g__Crepidotus	g__Crinipellis	g__Cristinia	g__Crocicreas	g__Crustomyces	g__Cryptocline	g__Cryptococcus	g__Cryptomarasmius	g__Cucumis	g__Cucurbita	g__Cuminum	g__Curvibasidium	g__Cutaneotrichosporon	g__Cyanosporus	g__Cyathicula	g__Cyberlindnera	g__Cylindrobasidium	g__Cyphellophora	g__Cyphellopsis	g__Cystidiopostia	g__Cystobasidiomycetes_gen_Incertae_sedis	g__Cystobasidium	g__Cystoderma	g__Cystofilobasidium	g__Cystolepiota	g__Cytosporella	g__Dacrymyces	g__Dactylidina	g__Daedaleopsis	g__Datronia	g__Daucus	g__Debaryomyces	g__Debaryomycetaceae_gen_Incertae_sedis	g__Deconica	g__Dendryphion	g__Derxomyces	g__Desmochloris	g__Desmodesmus	g__Dictyosporiaceae_gen_Incertae_sedis	g__Didymella	g__Didymocyrtis	g__Diospyros	g__Dioszegia	g__Diplodia	g__Dissoconium	g__Diutina	g__Dlhawksworthia	g__Dothidea	g__Dothideaceae_gen_Incertae_sedis	g__Dothiora	g__Dothiorella	g__Echinoderma	g__Efibula	g__Eidernor	g__Elongaticollum	g__Elymus	g__Endoconidioma	g__Entoloma	g__Entyloma	g__Eocronartium	g__Eonema	g__Epicoccum	g__Epithamnolia	g__Eremascus	g__Eremothecium	g__Erodium	g__Erysiphe	g__Erythrobasidiales_gen_Incertae_sedis	g__Erythrobasidium	g__Eutrema	g__Exidia	g__Exidiopsis	g__Exobasidium	g__Exophiala	g__Fagus	g__Fellomyces	g__Fibrodontia	g__Fibroporia	g__Filipendula	g__Filobasidiaceae_gen_Incertae_sedis	g__Filobasidium	g__Flammulina	g__Flavoplaca	g__Foliophoma	g__Fomes	g__Fomitopsidaceae_gen_Incertae_sedis	g__Fomitopsis	g__Fontanospora	g__Fraxinicola	g__Fusarium	g__Fuscoporia	g__Fusicladium	g__Galerina	g__Gamsiella	g__Ganoderma	g__Gelidatrema	g__Genolevuria	g__Geotrichum	g__Glaciozyma	g__Glarea	g__Gloeocystidiellum	g__Gloeophyllum	g__Gloeoporus	g__Gloiothele	g__Glycine	g__Goffeauzyma	g__Golovinomyces	g__Golubevia	g__Gonatophragmium	g__Gonium	g__GS18_ord_Incertae_sedis_gen_Incertae_sedis	g__GS36_gen_Incertae_sedis	g__Gymnopilus	g__Gymnopus	g__Gyoerffyella	g__Hannaella	g__Hapalopilus	g__Hebeloma	g__Hedera	g__Helicobasidium	g__Helicogloea	g__Helminthosporium	g__Hemimycena	g__Hemipholiota	g__Hericiaceae_gen_Incertae_sedis	g__Heterobasidion	g__Heterocephalacria	g__Heteroconium	g__Heteroradulum	g__Holtermannia	g__Hormographiella	g__Hormonema	g__Hortaea	g__Humulus	g__Hyalorbilia	g__Hydnodontaceae_gen_Incertae_sedis	g__Hydnoporia	g__Hydnum	g__Hydra	g__Hydrangea	g__Hydropodia	g__Hygroamblystegium	g__Hygrophorus	g__Hymenochaete	g__Hymenochaetopsis	g__Hymenoscyphus	g__Hyphoderma	g__Hyphodermella	g__Hyphodontia	g__Hypholoma	g__Hyphopichia	g__Ichthyosporea_gen_Incertae_sedis	g__Infundibulicybe	g__Inocybe	g__Ipomoea	g__Irpex	g__Ischnoderma	g__Itersonilia	g__Jeremyomyces	g__Juglans	g__Junghuhnia	g__Kabatina	g__Kalmusia	g__Kazachstania	g__Keissleriella	g__Khoyollomyces	g__Klebsormidium	g__Kluyveromyces	g__Knufia	g__Krasilnikovozyma	g__Kuehneromyces	g__Kuraishia	g__Kurtzmaniella	g__Kwoniella	g__Lachnellula	g__Lachnum	g__Lacrymaria	g__Lactarius	g__Laetiporus	g__Laetisaria	g__Lasiodiplodia	g__Lecania	g__Lecophagus	g__Lemanea	g__Lens	g__Lentinellus	g__Lentinula	g__Lentinus	g__Lentitheciaceae_gen_Incertae_sedis	g__Lenzites	g__Lepiota	g__Lepista	g__Leprocaulon	g__Leptosphaeria	g__Leptosphaeriaceae_gen_Incertae_sedis	g__Leptospora	g__Leptosporomyces	g__Leucosporidium	g__Libertasomyces	g__Lichenostigmatales_gen_Incertae_sedis	g__Lichtheimia	g__Limonomyces	g__Limtongozyma	g__Linnemannia	g__Linum	g__Lithohypha	g__Lolium	g__Lopharia	g__Lophiostoma	g__Lophiotrema	g__Lophium	g__Lophodermium	g__Loweomyces	g__Lycoperdon	g__Lyomyces	g__Lyophyllaceae_gen_Incertae_sedis	g__Lyophyllum	g__Macadamia	g__Macrotyphula	g__Malassezia	g__Malus	g__Mangifera	g__Marasmius	g__Maudiozyma	g__Mazzaella	g__Medicago	g__Megacollybia	g__Melampsora	g__Melampsoridium	g__Melanodiplodia	g__Melanoleuca	g__Mensularia	g__Meripilus	g__Meruliaceae_gen_Incertae_sedis	g__Merulicium	g__Metschnikowia	g__Meyerozyma	g__Microbotryales_gen_Incertae_sedis	g__Microdochium	g__Microsporomycetaceae_gen_Incertae_sedis	g__Microstroma	g__Microthyriales_gen_Incertae_sedis	g__Mollisia	g__Mollisina	g__Moniliella	g__Moniliophthora	g__Morchella	g__Mortierella	g__Mortierellales_gen_Incertae_sedis	g__Morus	g__Mrakia	g__Mucor	g__Muriphaeosphaeria	g__Musa	g__Mycena	g__Mycetinis	g__Mychonastes	g__Mycoacia	g__Mycoarthris	g__Mycobernardia	g__Mycocentrospora	g__Mycoceros	g__Myochromella	g__Myriangiales_gen_Incertae_sedis	g__Myrmecia	g__Myxarium	g__Naevala	g__Naganishia	g__Nagrajchalara	g__Nakaseomyces	g__Nakazawaea	g__Neoascochyta	g__Neocelosporiaceae_gen_Incertae_sedis	g__Neocladophialophora	g__Neocucurbitaria	g__Neodacampia	g__Neodevriesia	g__Neodidymelliopsis	g__Neoerysiphe	g__Neofavolus	g__Neofusicoccum	g__Neoheteroceras	g__Neolentinus	g__Neopyrenochaeta	g__Neosetophoma	g__Neostagonospora	g__Neovaginatispora	g__Nicotiana	g__Nigrograna	g__Notholepista	g__Ochrocladosporium	g__Oligophagozyma	g__Oliveonia	g__Olpidiomycota_gen_Incertae_sedis	g__Opeltiella	g__Ophiosphaerella	g__Orbilia	g__Origanum	g__Oryza	g__Ossicaulis	g__Oxyporus	g__Paecilomyces	g__Pallidohirschioporus	g__Panellus	g__Panus	g__Papiliotrema	g__Paraconiothyrium	g__Parafenestella	g__Paragymnopus	g__Paraleptosphaeria	g__Paramycocentrospora	g__Paraophiobolus	g__Paraphaeosphaeria	g__Paraphoma	g__Parasola	g__Parastagonospora	g__Parathyridaria	g__Parathyridariella	g__Pascua	g__Pastinaca	g__Paulisebacina	g__Penicillium	g__Peniophora	g__Peniophoraceae_gen_Incertae_sedis	g__Peniophorella	g__Perenniporia	g__Periconia	g__Peronospora	g__Peterozyma	g__Petroselinum	g__Peziza	g__Pezizella	g__Pezizomycotina_gen_Incertae_sedis	g__Phacidiella	g__Phaeoacremonium	g__Phaeobotryon	g__Phaeoclavulina	g__Phaeococcomyces	g__Phaeodactylium	g__Phaeosclera	g__Phaeosphaeria	g__Phaeosphaeriaceae_gen_Incertae_sedis	g__Phaffia	g__Phallus	g__Phanerochaete	g__Phellinus	g__Phenoliferia	g__Phialina	g__Phialocephala	g__Phlebia	g__Phlebiopsis	g__Phlegmacium	g__Pholiota	g__Phragmocamarosporium	g__Phragmotrichum	g__Phyllactinia	g__Phylloporia	g__Physcia	g__Physisporinus	g__Piceomphale	g__Pichia	g__Picipes	g__Piloderma	g__Piskurozyma	g__Pistacia	g__Pisum	g__Plantago	g__Plenodomus	g__Pleurocybella	g__Pleurophoma	g__Pleurotopsis	g__Pleurotus	g__Plicaturopsis	g__Pluteus	g__Podosphaera	g__Poitrasia	g__Polyporales_gen_Incertae_sedis	g__Polyporus	g__Populomyces	g__Porostereum	g__Porotheleum	g__Postia	g__Praetumpfia	g__Preussia	g__Priceomyces	g__Printzina	g__Prosthemium	g__Protomerulius	g__Protomyces	g__Protomycetaceae_gen_Incertae_sedis	g__Proxiovicillium	g__Prunus	g__Psathyrella	g__Psathyrellaceae_gen_Incertae_sedis	g__Pseudeurotiaceae_gen_Incertae_sedis	g__Pseudeurotium	g__Pseudoclitocybe	g__Pseudocoleophoma	g__Pseudogymnoascus	g__Pseudoleucosporidium	g__Pseudomicrostroma	g__Pseudoneoconiothyrium	g__Pseudoophiobolus	g__Pseudopithomyces	g__Pseudoridolfia	g__Pseudorobillarda	g__Pseudosoloacrosporiella	g__Pseudotremella	g__Pseudozyma	g__Pterocarya	g__Puccinia	g__Pucciniastrum	g__Pyrenochaeta	g__Pyrenochaetopsis	g__Pyrenopeziza	g__Pyxidiophora	g__Pyxidiophorales_gen_Incertae_sedis	g__Quambalaria	g__Querciphoma	g__Radulidium	g__Radulomyces	g__Radulomycetaceae_gen_Incertae_sedis	g__Ramaria	g__Ramularia	g__Raphanus	g__Resinicium	g__Resinoporia	g__Retiarius	g__Rhinocladiella	g__Rhizocarpon	g__Rhizoctonia	g__Rhizomarasmius	g__Rhizopus	g__Rhizosphaera	g__Rhodocollybia	g__Rhodonia	g__Rhodosporidiobolus	g__Rhodotorula	g__Rickenella	g__Rigidoporus	g__Rinodina	g__Ripartites	g__Rodwayella	g__Rosa	g__Rubus	g__Rugosomyces	g__Rumex	g__Russula	g__Saccharomyces	g__Saccharomycopsis	g__Saccothecium	g__Saitozyma	g__Sakaguchia	g__Sampaiozyma	g__Sarcodon	g__Sarcoporia	g__Sarea	g__Sawadaea	g__Schizophyllum	g__Schizopora	g__Schwanniomyces	g__Sclerenchymomyces	g__Scleropezicula	g__Sclerostagonospora	g__Sclerotinia	g__Scolecobasidium	g__Scoliciosporum	g__Scopuloides	g__Sebacina	g__Sebacinales_gen_Incertae_sedis	g__Selenophoma	g__Septoriella	g__Serendipita	g__Serendipitaceae_gen_Incertae_sedis	g__Sertulicium	g__Sesamum	g__Setomelanomma	g__Setophoma	g__Sidera	g__Sinapis	g__Singerocybe	g__Sirobasidium	g__Sistotrema	g__Sistotremastrum	g__Skeletocutis	g__Solanum	g__Solicoccozyma	g__Sorosphaerula	g__Sphaeropsis	g__Spirosphaera	g__Spissiomyces	g__Spizellomycetales_gen_Incertae_sedis	g__Sporidiobolales_gen_Incertae_sedis	g__Sporobolomyces	g__Sporothrix	g__Stagonospora	g__Stagonosporopsis	g__Steccherinum	g__Stemphylium	g__Stephanosporaceae_gen_Incertae_sedis	g__Stereaceae_gen_Incertae_sedis	g__Stereum	g__Sterigmatomyces	g__Strobilurus	g__Styphnolobium	g__Subulicystidium	g__Suillus	g__Sulcosporium	g__Sydowia	g__Symmetrospora	g__Sympoventuriaceae_gen_Incertae_sedis	g__Talaromyces	g__Taphrina	g__Taphrinaceae_gen_Incertae_sedis	g__Taraxacum	g__Tausonia	g__Teichospora	g__Terana	g__Tetracladium	g__Teunia	g__Teunomyces	g__Thanatephorus	g__Thelebolus	g__Thelephora	g__Thermomyces	g__Thymus	g__Thyronectria	g__Thyrostroma	g__Tilletia	g__Tilletiopsis	g__Tinctoporellus	g__Tomentella	g__Tomentellopsis	g__Tortula	g__Torula	g__Trametes	g__Trametopsis	g__Trebouxia	g__Trechispora	g__Trechisporales_gen_Incertae_sedis	g__Tremella	g__Tremellodendropsidales_gen_Incertae_sedis	g__Tremellomycetes_gen_Incertae_sedis	g__Trentepohliaceae_gen_Incertae_sedis	g__Tricellula	g__Trichoderma	g__Tricholoma	g__Tricholomataceae_gen_Incertae_sedis	g__Trichomerium	g__Trichopezizella	g__Trichophyton	g__Trichosporiella	g__Trichosporon	g__Tricladium	g__Trifolium	g__Trigonella	g__Trigonopsis	g__Triticum	g__Tritirachium	g__Truncatella	g__Tubaria	g__Tubeufiaceae_gen_Incertae_sedis	g__Tubulicrinis	g__Tulasnella	g__Tylospora	g__Typhula	g__Udeniomyces	g__Urocystis	g__Uromyces	g__Ustilago	g__Ustilentyloma	g__Uzbekistanica	g__Vacuiphoma	g__Vararia	g__Venturia	g__Verrucaria	g__Verruciconidia	g__Verrucocladosporium	g__Vishniacozyma	g__Volucrispora	g__Vuilleminia	g__Vustinia	g__Waitea	g__Wallemia	g__Wallemiaceae_gen_Incertae_sedis	g__Wickerhamomyces	g__Wojnowiciella	g__Xanthoria	g__Xenasma	g__Xenasmatella	g__Xenocylindrosporium	g__Xenodidymella	g__Xenopyrenochaetopsis	g__Xerocomellus	g__Xeromphalina	g__Xylodon	g__Xylographa	g__Yamadazyma	g__Yarrowia	g__Ypsilina	g__Yueomyces	g__Zalaria	g__Zymoseptoria	g__Zyzygomyces	Unassigned
ERR6650592	0	0	0	0	0	0	0	0	0	0	0	0	0	0	0	0	0	0	0	0	0	0	0	0	0	0	0	0	0	0	0	0	0	0	0	0	0	0	0	0	0	0	0	0	0	0	0	0	0	0	0	0	0	0	0	0	0	0	0	0	0	0	0	0	0	0	0	0	0	0	0	0	0	0	0	0	0	0	0	0	0	0	0	0	0	0	0	0	0	0	0	0	0	0	0	0	0	0	0.282736627543808	0	0	0	0	0	0	0	0	0	0	0	0	0	0	0	0	0	0	0	0	0	0	0	0	0	0	0	0	0	0	0	0	0	0	0	0	0	0	0	0	0	0	0	0	0	0	0	0	0	0	0	0	0	0	0	0	0	0	0	0	0	0	0	0	0	0	0	0	0	0	0	0	0	0.0230134464279843	0	0	0	0	0	0	0	0	0	0	0	0	0	0	0	0	0	0	0	0	15.4453101883815	0	0	0	0	0	0	0	0	0	0	0.200545747443864	0	0	0	0	0	0	0	0	0	0	0	0	0	0	0	0	0	0	0	0	0	0	0	0	0	0	0	0	0	0	0	0	0	0	0	0	0	0	0	0	0	0	0	0	0	0	0	0	0	0	0	0	0	0	0	0	0	0	0	0	0	0	0	0	0	0	0	0	0	0	0	0	0	0	0	0	0	0	0	0	0	0	0	0	0	0	0	0	0	0	0	0	0	0	0	0	0	0	0	0	0	0	0	0	0	0	0	0	0	0	0	0	0	0	0	0	0	0	0	0	0	0	0	0	0	0	0	0	0	0	0	0	0	0	0	0	0	0	0	0	0	0	0	0	0	0	0	0	0	0	0	0	0	0	0	0	0	0	0	0	0	0	0	0	0	0	0	0	0	0	0	0	0	0	0	0	72.9197488246704	0	0	0	0	0	0	0	0	0	0	0	0	0	0	0	0	0	0	0	0	0	0	0	0	0	0	0	0	0	0	0	2.85695499227406	0	0	0	0	0	0	0	0	0	0	0	0	0	0	0	0.348489331623763	0	0	0	0	0	0	0	0	0	0	0	0	0	0	0	0	0	0	0	0	0	0	0	0	0	0	0	0	0	0	0	0	0	0	0	0	0	0	0	0	0	0	0	0	0	0	0	0	0	0	0	0	0	3.19558141828583	0	0	0	0	0	0	0	0	0	0	0	0	0	0	0	0	0	0	0	0	0	0	0	0	0	0	0	0	0	0	0	0	0	0	0	0	0	0	0	0	0	0	0	0	0	0	0	0	0	0	0	0	0	0	0	0	0	0	0	0	0	0	0	0	0	0	0	0	0	0	0	0	0	0	0	0	0	0	0	0	0	0	0	0	0	0	0	0	0	0	0	0	0	0	0	0	0	0	0	0	0	0	0	0	0	0	0	0	0	0	0	0	0	0	0	3.81365683663741	0	0	0	0	0	0	0	0	0	0	0.144655948975902	0	0	0	0	0	0	0	0	0	0	0	0	0	0	0	0	0	0	0	0	0	0	0	0	0	0	0	0	0	0	0	0	0	0	0	0	0	0	0	0	0	0	0	0	0	0	0	0	0	0	0	0	0.151231219383897	0	0.138080678567906	0	0	0	0	0	0	0	0	0	0	0	0	0	0	0	0	0	0	0	0	0	0	0	0	0	0	0	0	0	0	0	0.0789032448959463	0	0	0	0	0	0	0	0	0	0	0	0	0	0	0	0	0	0	0	0	0	0	0	0	0	0	0	0	0	0	0.0164381760199888	0	0	0	0	0	0	0	0	0	0	0	0	0	0.203833382647861	0	0	0	0	0.180819936219877	0	0	0	0	0	0	0	0	0	0	0	0	0	0	0	0	0	0	0
ERR6650593	0	0	0	0	0	0	0	0	0	0	0	0	0	0.0489499079275541	0	0	0	0	0	0	0	0	0	0	0	0	0	0	0	0	0	0	0	0	0.156173515768863	0	0	0	0	0	0	0	0	0	0.163166359758514	0	0	0	0	0	0	0	0	0	0	0	0	0	0	0	0	0	0	0	0	0	0	0	0	0	0	0	0	0	0	0	0	0	0	0	0	0	0	0	0	0	0	0	0	0	0	0	0	0	0	0	0	0	1.32630941003706	0	0	0	0	0	0	0	0	0	0	0	0	0	0	0	0	0	0	0	0	0	0	0	0	0	0	0	0	0	0	0	0	0	0	0	0	0	0	0	0	0	0	0.107223607841309	0	0	0	0	0	0	0	0	0	0	0	0	0	0	0	0	0	0	0	0	0	0	0	0	0	0	0	0	0	0	0	0	0	0	0	0	0	0	0	0	0	0.0139856879793012	0	0	0	0	0	0	0	0	0	54.4183119274609	0	0	0	0	0	0	0	0	0	0	0	0	0	0	0	0	0	0	0	0	0	0	0	0	0	0	0	0	0	0	0	0	0	0	0	0	0	0	0	0	0	0	0	0	0	0	0	0	0	0	0	0	0	0	0	0	0	0	0	0	0	0	0	0	0	0	0	0	0	0	0	0	0	0	0	0	0	0	0	0	0	0	0	0	0	0	0	0	0	0	0	0	0	0	0	0	0	0	0	0	0	0	0	0	0	0	0	0	0	0	0	0	0	0	0	0	0	0	0	0	0	0	0	0	0.526794247220345	0	0	0	0	0	0	0	0	0	0	0	0	0	0	0	0.0815831798792569	0	0	0	0	0	0	0	0	0	0	0	0	0	0	0	0	0.254073331623971	0	0	0	0	0	0	0	0	0	0	0	0	0	0	0	0	0	0	0	0	0	0	0	0	0	0	0	0	0	18.3678702128155	0	0	0	0	0	0	0	0	0	0	0	0	0	0	0	0	0.0442880119344537	0	0	0	0	0	0	0	0	0	0	0	0	0	0	4.35887275354887	0	0	0	0	0	0	0	0	0	0	0	0	0	0	0	0.675974918999557	0	0	0	0	0	0	0	0	0	0	0	0	0	0	0	0	0	0	0	0	0	0	0	0	0	0	0	0	0	0	0	0	0	0	0	0	0	0	0	0	0	0	0	0	0	0	0	0	0	0	0	0.0139856879793012	0	7.81799958042936	0	0	0	0	0	0	0	0	0	0	0	0	0	0	0	0	0	0	0	0	0	0	0	0	0	0	0	0	0	0	0	0	0	0	0	0	0	0	0	0	0	0	0	0	0	0	0	0	0	0	0	0	0	0	0	0	0	0	0	0	0	0	0	0	0	0	0	0	0	0	0	0	0	0	0	0	0	0	0	0	0	0	0	0	0	0	0	0	0	0	0	0	0	0	0	0	0	0	0	0	0	0	0	0	0	0	0	0	0	0	0	0	0	0	0	10.9088366238549	0	0	0	0	0	0	0	0	0	0	0.0559427519172047	0	0	0	0	0	0	0	0	0	0	0	0	0	0	0	0	0	0	0	0	0	0	0	0	0	0	0	0	0	0	0	0	0	0	0	0	0	0	0	0	0	0	0	0	0	0	0	0	0	0	0	0	0	0	0.365958835458381	0	0	0	0	0	0	0	0	0	0	0	0	0	0	0	0	0	0	0	0	0	0	0	0	0	0	0	0	0	0	0	0.034964219948253	0	0	0	0	0	0	0	0	0	0	0	0	0	0	0	0	0	0	0	0	0	0	0	0	0	0	0	0	0	0	0	0	0	0	0	0	0	0	0	0	0	0	0	0	0	0	0	0	0	0.244749539637771	0	0	0	0	0	0	0	0	0	0	0	0	0	0	0	0	0	0	0.0139856879793012
ERR6650599	0	0	0	0	0	0	0	0	0	0	0	0	0	0	0	0	0	0	0	0	0	0	0	0.113971921462985	0	0	0	0	0	0	0	0	0	0	0.196860591617883	0	0	0	0	0	0	0	0	0	0.761539657048127	0	0	0	0	0	0	0	0	0	0	0	0	0	0.0673470445008548	0	0	0	0	0	0	0	0	0	0	0	0	0	0	0.176138424079159	0	0	0	0	0	0	0	0.450707143967259	0	0	0	0	0	0	0	0	0	0	0	0	0	0	0	0	0.0103610837693623	0	0	0	0	0	0	0	0	0	0	0	0	0	0	0	0	0	0	0	0	0	0	0	0	0	0	0	0	0	0	0	0	0	0	0	0	0	0	0.0466248769621302	0	0	0	0	0	0	0	0	0	0	0	0	0	0	0	0	0	0	0	0	0	0	0	0	0	0	0	0	0	0	0	0	0	0	0	0	0	0	0	0	0	0	0	0	0	0	0	0	0	0	0	0	0	0	0	0	0	0	0	0	0	0	0	0	0	0	0	0	0	0	0	0	0	0	0	0	0	0	0	0	0	0	0	0	0	0	0	0	0	0	0	0	0	0	0	0	0	0	0	0	0	0	0	0	0	0	0	0	0	0	0	0	0	0	0	0	0	0	0	0	0	0	0	0	0	0	0	0	0	0	0	0	0	0	0	0	0	0	0	0	0	0	0	0	0	0	0	0	0	0.248666010464695	0	0	0	0	0	0	0	0	0	0	0	0	0	0	0	0	0	0	0	0	0	0	0.326374138734912	0	0	0	0	0	0	0	0	0	0	0	0	0	0	0	0	0	0	0	0	0	0	0	0	0	0	0	0	0	0	0	0	0	0	0	0	0	0	0	0	0	0	0	0	0	0	0	0	0	0	0	0	0	0	0	0	0	0	0	0	0	0	0	0	0	0	0	0	0	0	96.409884473916	0	0	0	0	0	0	0	0	0	0	0	0	0	0	0	0	0	0	0	0	0	0	0	0	0	0	0	0	0	0	0	0	0	0	0	0	0	0	0	0	0	0	0	0	0	0	0	0	0	0	0	0	0	0	0	0	0	0	0	0	0	0	0	0	0	0	0	0	0	0	0	0.124333005232347	0	0	0	0	0	0	0	0	0	0	0	0	0	0	0	0	0	0	0	0	0	0	0	0	0	0	0	0	0	0	0	0	0	0	0	0	0	0	0	0	0	0	0	0	0	0	0	0	0	0	0	0	0	0	0	0	0	0	0	0	0	0	0	0	0	0	0	0	0	0	0	0	0	0	0	0	0	0	0	0	0	0	0	0	0	0	0	0	0	0	0	0	0	0	0	0	0	0	0	0	0	0	0	0	0	0	0	0	0	0	0	0	0	0	0	0	0	0	0	0	0	0	0	0	0	0	0	0	0	0	0	0	0	0	0	0	0	0	0	0	0	0	0	0	0	0.196860591617883	0	0	0	0	0	0	0	0	0	0	0.036263793192768	0	0	0	0	0	0	0	0	0	0	0	0	0	0	0	0	0	0	0	0	0	0	0	0	0	0.13469408900171	0	0	0	0	0	0	0	0.269388178003419	0	0	0	0	0	0	0	0	0	0	0	0	0	0	0	0	0	0	0	0	0	0	0	0	0	0	0	0	0	0	0	0	0	0	0	0	0	0	0	0	0	0	0	0	0	0	0	0	0	0	0	0	0	0	0	0	0	0	0	0	0	0	0	0	0	0	0	0	0	0	0	0	0	0	0	0	0	0	0	0	0	0	0	0	0	0	0	0	0	0	0	0	0	0	0	0	0	0.0725275863855359	0	0	0.290110345542144	0	0	0	0	0	0	0	0	0	0	0	0	0	0	0	0	0	0	0	0	0.0673470445008548
ERR6650604	0	0	0	0	0	0	0	0	0	0	0	0	0	0	0	0	0.022158209616663	0	0	0	0	0	0	0	0	0	0	0	0	0	0	0	0	0	0	0	0	0	0	0	0	0	0	0	0.801388581135977	0	0	0	0	0	0	0	0	0	0	0	0	0	0	0	0	0	0	0	0	0	0	0	0	0	0	0	0	0	0	0	0	0	0	0	0	0	0	0	0	0.0036930349361105	0	0	0	0	0	0	0	0	0	0	0	0	0.605657729522121	0	0	0	0	0	0	0	0	0	0	0	0	0	0	0	0	0	0	0	0	0	0.96757515326095	0	0	0	0	0	0	0	0	0	0	0	0	0	0	0	0	0.0701676637860994	0	0	0	0	0	0	0	0	0	0	0	0	0	0	0	0	0	0	0	0	0	0	0	0	0	0	0	0	0	0	0	0	0	0	0	0	0	0	0	3.98847773099934	0	0	0	0	0	0	0	0	0	0	0	0	0	0	0	0.22527513110274	0	0	0	0	0	0	0	0	0	0	0	0	0	0	0	0	0	0	0	0	0	0	0	0	0	0	0	0	0	0	0	0	0	0	0	0	0	0	0	0	0	0	0	0	0	0	0	0	0.129256222763867	0	0	0	0	0	0	0	0	0.343452249058276	0	0	0	0	0	0	0	0	0	0	0	0	0	0	0	0	0	0	0	0	0	0	0	0	0	0	0	0	0	0	0	0	0	0	0	0	0	0	0	0	0	0	0	0	0	0	0	0	0	0	0	0	0	0	0	0	0	0	0	0	0	0	0	0	0	0	0	0.00738606987222099	0	0	0	0	0	0	0	0	0	0	0	0	0	0	0	0	0	0	0	0	0	0	0	0	0	0	0	0	0	0	0	0	0	0	0	0	0	0	0	0	0	0	0	0	0	0	0	0	0	0	0	0	0	0	0	0	0	0	0	0	0	83.2483935298028	0	0	0	0	0	0	0	0	0	0	0	0	0	0	0	0	0	0	0	0	0	0	0	0	0	0	0	0	0	0	0	0	0	0	0	0	0	0	0	0	0	0	0	0	0	0	0	0	0	0	0	0	0	0	0	0	0	0	0	0	0	0	0	0	0	0	0	0	0	0	0	0	0	0	0	0	0	0	0	0	0	0	0	0	0	0	0	0	0	0	0	0	0	0	0	0	0	0	0	0	0	2.53711500110791	0	0	0	0	0	0	0	0	0	0	0	0	0	0	0	0	0	0	2.31183987000517	0	0	0	0	0	0	0	0	0	0	0	0	0	0	0	0	0	0	0	0	0	0	0	0	0	0	0	0	0	0	0	0	0	0.036930349361105	0	0	0	0	0	0	0	0	0	0	0	0	0	0	0	0	0	0	0	0	0	0	0	0	0	0	0	0	0	0	0	0	0	0	0	0	0	0	0	0	0	0	0	0	0	0	0	0	0	0	0	0	0	0	0	0	0	0	0	0	0	0	0	0	0	0	0	0.472708471822143	0	0	0	0	0	0.118177117955536	0	0	0	0	0	0	0	0	0	0	0	0	0	0	0	0	0	0	0	0	0	0	0	0	0	0	0	0	0	0	0	0	0	0	0	0	0	0	0	0	0	0	0	0	2.88056725016619	0	0	0	0	0	0	0	0	0	0	0	0	0	0	0	0	0	0	0	0	0	0.321294039441613	0	0	0	0	0	0	0	0	0	0	0	0	0	0.0258512445527735	0	0	0	0	0	0	0	0	0	0	0	0	0	0	0	0	0	0	0	0	0	0	0	0	0	0	0	0	0	0	0	0	0	0	0	0	0	0.631508974074895	0	0	0	0	0	0	0	0	0	0	0.247433340719403	0	0	0	0	0.0036930349361105	0	0	0	0	0	0	0	0	0	0	0	0	0	0	0	0	0	0	0	0	0
ERR6650605	0	0	0	0	0	0	0	0	0	0	1.47651785455284	0	0	0	0	0	0	0	0	0	0	0	0	0	0	0	0	0	0	0	0	0	0	0	0	0	0	0	0	0	0	0	0	0	0.0203057465262669	0	0	0	0	0	0.307487018826328	0	0	0	0	0	0	0	0	0	0	0	0	0	0	0	0	0	0	0	0	0	0	0	0	0	0	0	0	0	0	0	0	0	0.0290082093232385	0.0522147767818293	0	0	0	0	0	0	0	0	0	0	0	0	3.36785310242799	0	0	0	0	0	0	0	0	0	0	0	0	0	0	0	0	0	0	0	0	0	0	0	0	0	0	0	0	0	0	0	0	0	0	0	0	0	0	0	0	0	0	0	0	0	0	0	0	0	0	0.333594407217242	0	0	0	0	0	0	0	0	0	0	0	0	0	0	0	0	0	0	0	0	0	0	0	0	1.65926957328924	0	0	0	0	0	0	0	0	0	0	0.0348098511878862	0	0	0	0	0	0	0	1.01238650538102	0	0	0	0	0	0	0	0.116032837292954	0	0	0.0348098511878862	0	0	0	0	0	0	0	0	0	0	0	0	0	0	0	0	0.0232065674585908	0	0	0	0	0	0	0	0	0	0	0.0145041046616192	0	0	0	0	0	0	0	0	0	0.310387839758652	0	0	0	0	0	0	0	0	0	0	0	0	0	0	0	0	0	0	0	0	0	0	0	0	0	0	0	0	0	0	0	0	0	0	0.0696197023757723	0	0	0	0	0	0	0	0	0	0	0	0	0	0	0	0	0	0	0	0	0	0	0	0	0	0	0	0	0	0	0	0	0	0	0	0	0	0	0	0	0	0	0	0	0	0	0	0.41481739332231	0	0	0	0	0	0	0	0	0.0319090302555623	0	0	0	0	0	0	0	0	0	0	0	0	0	0	0	0	0	0	0	0	0	0	0	0	0	0	0	0	0	0	0	0	0	0	0	0	0	0	0	0	0	0	0	0	0	0	89.3307806109129	0	0	0.0290082093232385	0	0	0	0	0	0	0	0	0	0	0	0	0	0	0	0	0	0	0	0	0	0	0	0	0	0	0	0	0	0	0	0	0	0	0	0	0	0	0	0	0	0	0	0	0	0	0	0	0.116032837292954	0	0	0	0	0	0	0	0	0	0	0	0	0.0174049255939431	0	0	0	0	0	0	0	0	0	0	0	0	0	0	0	0	0	0	0	0	0	0	0	0	0	0	0	0	0	0	0	0	0	0	0	0	0.446726423577873	0	0	0	0	0	0	0	0	0	0	0	0	0	0	0	0	0	0	0	0	0	0	0	0	0	0	0	0	0	0	0	0	0	0	0	0	0	0	0	0	0	0	0	0	0	0	0	0	0	0	0	0	0	0	0	0	0	0	0	0	0	0	0	0	0	0	0.0319090302555623	0	0	0	0	0	0	0	0	0	0	0	0	0	0	0	0	0	0	0	0	0.0435123139848577	0	0	0	0	0	0	0	0	0	0	0	0	0	0	0	0	0	0	0	0	0	0	0	0	0	0	0.03771067212021	0.237867316450556	0	0	0	0	0	0	0	0	0	0	0.0551155977141531	0	0	0	0	0	0	0	0	0	0	0	0	0	0	0	0	0	0	0	0	0	0	0	0	0	0	0	0	0	0	0	0	0	0.0203057465262669	0	0	0	0	0	0	0	0	0	0	0	0	0	0	0	0	0	0	0	0	0	0	0	0	0	0	0.0841238070373916	0	0	0	0	0	0	0	0	0	0	0	0	0	0	0	0	0	0	0	0	0	0	0	0	0	0	0	0	0	0	0	0	0	0	0	0	0	0	0	0	0	0	0	0	0	0	0	0	0	0	0	0	0	0	0	0	0	0	0	0	0	0	0	0	0	0	0	0	0.0058016418646477	0	0	0	0	0.127636121022249	0	0	0	0	0	0	0	0	0	0	0	0	0	0	0	0	0	0	0	0	0.107330374495982
ERR6650612	0	0	0	0	0	0	0	0	0	0.130966741340686	0	0	0	0	0	0	0	0	0	0	0	0	0	0.058590384283991	0	0	0	0	0	0	0	0	0	0	0	0	0	0	0	0	0	0	0	0	0.106841288988454	0	0	0	0	0	0	0	0	0	0	0	0	0	0	0	0	0	0	0	0	0	0	0	0.14475271411339	0	0	0	0	0	0	0	0	0	0	0	0	0	0	0	0.341202826124418	0	0	0	0	0	0	0	0	0	0	0	0	0	0.248147509908668	0	0	0	0	0	0.0758228502498708	0	0	0	0	0	0	0	0.148199207306566	0	0	0	0.0551438910908151	0	0	0	0	0	0	0	0	0	0	0	0	0	0	0	0	0	0	0	0	0.417025676374289	0	0	0	0	0	0	0	0	0	0	0	0	0	0	0	0	0.0310184387385835	0	0	0	0	0	0	0	0	0	0	0	0	0	0	0	0	0	0	0	0	0	0	0	0	0	0	0	0	0	0	0	0	0	0	0	0.289505428226779	0	0	0.572117870067207	0	0	0	0	0	0	0	0.417025676374289	0	0	0	0	0	0	0	0	0	0	0	0	0	0	0	0	0	0	0	0	0	0	0	0	0	0	0	0	0	0	0	0	0	0	0	0	0	0	0	0	0.758228502498708	0	0	0	0	0	0	0	0	0	0	0	0	0	0	0	0	0	0	0	0	0	0	0	0	0	0	0	0	0	0	0	0	0	0	0	0	0	0	0	0	0	0	0	0	0.062036877477167	0	0	0	0	0	0	0	0	0	0	0	0	0	0	0	0	0	0	0	0	0	0	0.0310184387385835	0	0.161985180079269	0	0	0	0	0	0	0.434258142340169	0	0.120627261761158	0	0	0	0	0	0	0	0	0	0	0	0	0	0	0	0.0482509047044632	0	0	0	0	0	0	0	0	0	0	0	0	0	0	0	0	0	0	0	0	0	0.148199207306566	0	0	0	0	0	0	0	0	0	0	0	0	0	0	0	0	0	0	0	0	0	90.0120627261761	0	0	0	0	0	0	0	0	0	0	0	0	0	0	0	0	0	0.0310184387385835	0	0	0	0	0	0	0	0	0	0	0	0	0	0.0654833706703429	0	0	0	0	0	0	0	0	0	0	0	0	0	0	0	0	0	0	0	0	0	0	0.103394795795278	0	0	0	0	0.0275719455454075	0	0	0	0	0.0241254523522316	0	0	0	0	0	0	0	0	0	0	0	0	0	0	0	0	0	0	0	0	0	0	0	0	0	0	0.103394795795278	0	0	0	0	0	0	0	0	0	1.42684818197484	0	0	0	0	0.0344649319317594	0	0	0	0	0	0	0	0	0	0	0	0	0	0.0654833706703429	0	0	0	0	0	0	0	0	0	0	0	0	0	0	0	0	0	0	0	0.485955540237808	0	0	0	0	0	0	0	0	0	0	0	0	0	0	0	0	0	0	0	0	0	0	0	0	0	0	0	0	0	0	0	0	0	0	0	0	0	0	0	0	0	0	0	0	0	0	0	0	0	0	0	0	0	0	0	0	0	0	0	0	0	0	0	0	0	0	0	0	0	0	0	0	0	0	0	0	0.189557125624677	0	0	0	0	0	0	0	0	0.12752024814751	0	0.117180768567982	0	0	0	0	0	0	0	0	0	0	0	0	0	0	0	0	0	0	0	0	0	0	0	0	0	0	0	0	0	0	0	0	0	0.148199207306566	0	0	0	0	0	0	0	0	0	0	0	0	0	0	0	0	0	0	0	0.0310184387385835	0.63760124073755	0	0	0	0	0	0	0	0	0.117180768567982	0	0	0	0	0	0	0	0	0	0	0	0	0	0	0	0	0	0	0	0	0	0	0.413579183181113	0	0	0	0	0	0	0	0	0	0	0	0	0	0	0	0	0	0	0	0	0	0	0	0	0	0	0	0	0	0	0	0	0	0	0	0	0	0	0	0	0	0	0.0310184387385835	0	0	0	0	0.268826469067724	0	0	0	0	0	0.0413579183181113	0	0	0	0	0	0	0	0	0	0	0	0	0	0	0.696191625021541
ERR6650616	0	0	0	0	0	0.0888565774061957	0	0	0	0	0	0	0	0	0	0	0	0	0	0.0403893533664526	0	0	0	0	0	0	0	0	0	0	0	0	0	0	1.38131588513268	0	0	0	0	0	0	0	0	0	0.226180378852135	0	0	0	0	0	0	0	0	0	0	0	0	0	0	0	0	0	0	0	0	0	0	0	0	0	0	0	0	0	0	0.0444282887030979	0	0	0	0	0	0	0	0	0	0	0	0	0	0	0	0	0	0	0	0	0	0	0	0	0	0	0	0	0	0	0	0	0	0	0	0	0	0	0	0	0	0	0	0	0	0	0	0	0.0282725473565168	0	0	0	0	0	0	0	0	0	0	0	0	0.210024637505554	0	0	0	0.0242336120198716	0	0	0	0	0	0	0	0.0484672240397431	0	0	0	0	0.0282725473565168	0	0	0	0	0	0	0	0	0	0	0	0	0	0	0	0	0	0	0	0	0	0	0.0686619007229694	0	0	0	0	0	0	0	0.0686619007229694	0	0	0	0.0686619007229694	0	0	0	0.476594369724141	0	0	0	0	0	0	0	0	0.403893533664526	0	0.141362736782584	0	0	0	0	0	0	0	0	0	0	0	0	0	0	0	0	0	0	0	0	0	0	0	0	0	0	0	0	0	0	0.0727008360596147	0	0	0	0	0	0	0.145401672119229	0	0	0	0	0	0.0727008360596147	0	0	0	0	0	0	0	0.00807787067329052	0	0	0	0	0	0	0	0	0.0363504180298073	0	0	0	0	0	0	0	0	0	0	0	0	0	0	0	0	0	0	0	0	0	0	0	0	0	0	0	0	0	0	0	0	0	0	0	0	0	0	0	0	0	0	0	0	0	1.46613352720223	0	0	0	0	0	0	0	0.145401672119229	0	0	0	0	0	0	0	0	0	0	0	0	0.0403893533664526	0	0	0	0	0	0	0	0	0	0	0	0	0	0	0	0	0	0	0	0	0	0	0	0	0	0	0	0	0	0	0	0	0	0	0	0	0	0	0	0	0	0	0.0363504180298073	0.0323114826931621	0	0	0	0	86.9098105739327	0	0	0.149440607455875	0	0	0	0	0	0.0403893533664526	0	0	0	0.0201946766832263	0	0	0	0.0363504180298073	0	0	0	0	0	0	0	0.0403893533664526	0	0	0	0	0	0	0.07673977139626	0	0	0	0	0	0.0525061593763884	0	0	0	0	0	0	0	0	0	0.516983723090593	0	0	0	0.121168060099358	0	0	0	0	0	0	0	0	0	0	0	0	0	0	0	0	0	0	0	0	0	0	0	0	0	0	0	0	0	0	0	0	0	0	0	0	0	0	0	0	0	0	0	0	0	0	0	0	0	0	0	0	0	0	0	0	0	0	0	0	0	0	0	0	0	0.0403893533664526	0	0	0	0	0	0	0	0.0363504180298073	0	0	0	0.0323114826931621	0	0	0.165596348802456	0	0	0	0	0	0.440243951694333	0	0	0	0	0.0888565774061957	0	0	0	0	0	0	0	0	0	0	0	0	0	0	0	0	0	0	0	0	0	0	0	0	0	0	0	0	0.294842279575104	0.0242336120198716	0	0	0	0	0	0	0	0	0	0.173674219475746	0	0	0	0	0	0	0	0	0	0	0	0	0	0	0	0	0.0646229653863242	0	0	0.0727008360596147	0	0.54525627044711	0	0	0	0	0	0	0	0	0	0	0	1.57114584595501	0	0	0	0	0	0.371582050971364	0	0	0	0	0.525061593763884	0	0	0	0	0	0	0	0	0	0	0.319075891594976	0	0	0	0	0	0	0	0	0	0	0	0	0	0	0	0	0	0	0	0	0	0	0.105012318752777	0	0	0	0	0	0	0	0.0201946766832263	0	0	0.0727008360596147	0	0	0	0	0	0	0	0	0	0	0	0	0	0	0	0.117129124762713	0	0	0.23021931418878	0	0	0	0	0	0	0	0	0	0	0	0	0	0	0	0	0.0848176420695505	0	0	0	0	0	0	0	0	0	0	0	0	0	0	0	0	0.0484672240397431	0	0	0	0	0	0	0	0	0	0	0	0	0	0	0	0	0	0	0	0	0	0	0	0	0	0	0	0	0	0	0	0.298881214911749	0	0	0	0	0.0807787067329052	0	0	0	0	0	0	0	0	0	0	0	0	0	0	0	0	0	0	0	0	0.807787067329052
ERR6650620	0	0	0	0	0	0	0	0	0	0	0	0	0	0	0	0	0	0	0	0	0	0	0	0	0	0	0	0	0	0	0	0	0	0	0	0	0	0	0	0	0	0	0	0	0	0	0	0	0	0	0.00851317413697697	0	0	0	0	0	0	0	0	0	0	0	0	0	0	0	0	0	0	0	0	0	0	0	0	0.73213297578002	0	0	0	0	0	0	0	0	0	0	0	0	0	0	0	0	0	0	0	0	0	0	0	0	0	0	0	0	0	0	0	0	0	0	0	0	0	0	0	0	0	0	0	0	0	0	0	0	0	0	0	0	0	0	0	0	0	0	0	0	0	0.0766185672327927	0	0	0	0	0	0	0	0	0	0	0	0	0	0	0	0	0	0	0	0	0	0	0	0	0	0	0	0	0	0	0	0	0	0	0	0	0	0	0	0	0	0	0	0	0	0	0	0	0	0	0	0	0	0	0.676797343889669	0.00425658706848849	0	0	0	0	0	0	0	0	0	0	0	0	0	0	0	0	0	0	0	0	0	0	0	0	0	0	0	0	0	0	0	0	0	0	0	0	0	0	0	0	0	0	0	0	0	0	0	0	0.0127697612054655	0	0	0	0	0	0	0	0	0	0	0	0	0	0	0	0	0	0	0	0	0	0	0	0	0	0	0	0	0	0	0	0	0	0	0	0	0	0	0	0	0	0	0	0	0	0	0	0	0	0	0	0	0	0	0	0	0	0	0	0	0	0	0	0	0	0	0	0.00425658706848849	0	2.28578725577832	0	0	0	0	0	0	0	0	0	0	0	0	0	0	0	0	0	0	0	0	0	0.00425658706848849	0	0	0	0	0	0	0	0	0	0	0	0	0	0	0	0	0	0	0	0	0	0	0	0	0	0	0	0	0	0	0	1.74945728514877	0	0	0	0	0	0	0	0	0	0	0	0	0	0	88.4433661090538	0	0	0	0	0	0	0	0	0	0	0	0	0	0	0	0	0	0	0	0	0	0	0	0	0	0	0	0	0	0	0	0	0	0	0	0	0	1.23441024986166	0	0	0	0	0	0	0	0	0	0	0	0	0	2.56246541523007	0	0	0	0	0	0	0	0	0	0	0	0	0	0	0	0	0	0	0	0	0	0	0	0	0	0	0	0	0	0	0	0	0	0	0	0	0	0	0	0	0	0	0	0	0	0	0	0	0	0	0	0	0	0	0	0	0	0	0	0	0	0	0	0	0	0	0	0	0.00425658706848849	0	0	0	0	0	0	0	0	0	0	0	0	0	0	0	0	0	0	0	0	0	0	0	0	0	0	0	0	0	0	0	0	0	0	0	0	0	0	0	0	0	0	0	0	0	0	0	0	0	0	0	0	0	0	0	0	0	0	0	0	0	0	0.00851317413697697	0	0	0	0	0	0	0	0	0	0	0	0	0	0	0	0	0	0	0	0	0	0	0	0	0	0	0	0	0	0	0	0	0	0	0	0	0	0	0	0	0	0	0	0	0	0	0	0	0	0	0	0	0	0	0	0	0	0	0	0	0	0	0	0	0	0	0	0	0	0	0	0	0	0	0	0	0	0	1.54088451879283	0	0	0	0	0	0	0	0	0	0	0.00425658706848849	0	0	0	0	0	0	0	0	0	0.64700123441025	0	0	0	0	0	0	0	0	0	0	0	0	0	0	0	0	0	0	0	0	0	0	0	0	0	0	0	0	0	0	0	0	0	0	0	0	0	0	0	0	0	0	0	0	0	0	0	0	0	0	0	0	0	0	0	0	0	0	0	0	0	0	0	0	0	0	0	0	0	0	0	0	0	0	0	0	0	0	0	0	0	0	0	0	0	0	0	0	0	0	0	0	0	0	0	0	0	0	0	0	0
ERR6650621	0	0	0	0	0	0	0	0	0	0	0	0	0	0	0	0	0	0	0	0.0492918405573264	0	0	0	0	0	0	0	0	0.0624363313726135	0	0	0	0	0	2.09326016233446	0	0	0	0	0	0	0	0	0	0.742663731063718	0	0	0	0	0	0	0	0	0	0	0	0	0	0	0	0	0	0	0	0	0	0	0	0	0	0	0	0	0	0	0	0	0.0164306135191088	0	0	0	0.00657224540764352	0.0624363313726135	0	1.34073806315928	0	0	0	0	0	0	0	0	0	0	0	0	0	0.0525779632611482	0	0	0	0	0	0	0	0	0	0	0	0	0	0	0	0	0	0	0	0	0	0	0	0	0	0	0	0	0.0558640859649699	0	0	0	0	0	0	0	0	0	0.249745325490454	0	0	0	0.069008576780257	0	0.138017153560514	0	0	0	0	0	0.0952975584108311	0	0.315467779566889	0	0	0	0	0	0	0	0	0	0	0	0	0	0	0	0	0	0	0	0	0	0	0.253031448194276	0	0	0	0.00657224540764352	0	0	0	0	0	0	0	0	0	0	0	0	0	0	0.657224540764352	0	0	0	0	0	0	0	1.33745194045546	0.0525779632611482	0	0	0	0	0	0	0	0	0	0.0657224540764352	0	0	0	0	0	0	0	0.0985836811146528	0	0	0	0	0	0	0	0	0	0	0	0	0	0	0.0197167362229306	0	0	0	0	0	0.0328612270382176	1.64306135191088	0	0	0	0	0	0.0164306135191088	0	0	0	0	0	0	0	0	0	0	0	0	0	0	0	0	0	0	0	0	0	0	0	0	0	0	0	0	0	0	0	0	0	0	0	0	0	0	0.013144490815287	0	0	0	0	0	0	0	0	0	0	0	0	0	0	0	0	0	0	0	0	0	0	0	0.46662942394269	0	0	0	0	0	0	0.00657224540764352	1.05155926522296	0	0	0	0	0	0	0	0	0	0	0	0	0.141303276264336	0	0	0	0	0	0	0	0	0	0	0	0	0	0	0	0	0	0	0	0	0	0	0	0	0	0	0.124872662745227	0	0	0	0	0	0	0.437054319608294	0.013144490815287	0	0	0	0	0	0	0	0	0	0	0	0.0558640859649699	0	81.0587887351714	0	0	0	0	0	0	0	0	0	0	0	0	0	0.13144490815287	0	0	0	0	0	0	0	0	0	0.331898393085998	0	0	0	0	0	0	0	0	0	0	0.0920114357070093	0	0	0	0.013144490815287	0	0.0525779632611482	0	0	0	0.0492918405573264	0	0	0.54221024613059	0	0	0	0	0	0	0	0	0	0	0	0	0	0	0	0	0	0	0	0	0	0	0	0	0	0	0	0	0	0	0	0	0	0	0	0.013144490815287	0	0.0295751043343958	0	0	0.249745325490454	0	0	0	0	0	0	0	0	0	0	0	0	0.13144490815287	0	0	0	0	0	0	0	0	0	0.0492918405573264	0	0	0	0	0	0	0	0	0	0	0	0	0	0	0	0	0	0.157733889783445	0	0	0	0	0	0.134731030856692	0	0	0.203739607636949	0	0	0	0	0	0	0	0	0	0	0	0	0	0	0	0	0	0	0	0	0	0	0	0	0	0	0	0	0	0	0	0	0	0.394334724458611	0	0	0	0	0	0	0	0	0	0	0	0	0	0	0	0	0	0	0	0	0	0	0	0	0	0	0	0	0	0	0.121586540041405	0	0	0	0	0	0	0	0.0230028589267523	0	0	0	0.200453484933127	0	0.069008576780257	0	0	0	0	0	0.0525779632611482	0	0	0	0	0.568499227761165	0	0	0	0	0	0	0	0	0	0	0	0	0	0	0	0	0	0	0	0	0	0	0	0	0	0	0	0	0	0	0	0	0	0	0	0	0	0	0	0	0	0	0	0	1.13042621011469	0	0	0	0	0	0	0	0	0	0.601360454799382	0	0	0	0	0	0.144589398968157	0	0	0.210311853044593	0	0	0	0	0	0	0	0	0	0	0	0	0	0	0	0	0	0	0	0	0	0	0	0	0	0.272748184417206	0	0	0	0	0	0	0	0	0	0	0	0	0	0	0	0	0	0	0	0	0	0	0	0	0	0	0	0	0	0	0	0	0	0	0	0	0	0	0	0.230028589267523	0	0	0	0	0.128158785449049	0	0.157733889783445	0	0	0	0	0	0	0	0	0	0	0	0.013144490815287	0	0	0	0	0	0	0.59807433209556
ERR6650623	0	0	0	0	0	0	0.285770595191171	0	0	0	0	0	0	0	0	0	0	0	0	0	0	0	0	0	0	0	0	0	0	0	0	0	0	0	0	0	0	0	0	0	0	0	0	0	1.34016554986204	0	0	0	0	0	0	0	0	0	0	0	0	0	0	0	0	0	0	0	0	0.847457627118644	0	0	0	0	0	0	0	0	0	0.135494678754434	0	0	0	0.0123176980685849	0	0	0	0	0.463145447378794	0	0	0	0.0369530942057548	0	0	0.105932203389831	0	0	0	0	0	0	0.426192353173039	0	0	0	0	0	0	0	0	0	0	0	0	0.192156089869925	0.00246353961371699	0	0	0	0	0	0	0	0	0	0	0	0	0	0	0	0	0	0	0	0	0	0	0	0	0.157666535277887	0	0	0	0.0320260149783209	0	0	0	0	0	0	0	0	0.0369530942057548	0	0	0	0	0	0	0	0	0	0	0	0	0	0	0	0	0	0.453291288923926	0	0	0	0	0.0344895545920378	0	0	0	4.88027197477335	0	0	0	0	0	0.226645644461963	0	0.290697674418605	0	0	0	0	0	0	0	0.0295624753646039	0	0	0	0	0	0	0	0.571541190382341	0	0	0.512416239653134	0	0	0	0	0	0	0	0	0	0	0	0.0492707922743398	0	1.61854552621206	0	0	0	0	0	0	0	0	0	0.120713441072132	0	0.20447378793851	0	0	0	0.0147812376823019	0	0	0.00985415845486795	0	0	0	0	3.79138746551045	0	0	0	0	0	0	0	0	0	0	0	0	0	0	0.657765076862436	0.0468072526606228	0	0	0	0	0	0	0	0	0	0	0	0	0	0	0	0	0	0	0	0	0	1.09134804887663	0	0	0	0	0	0	0	0	0	0	0.266062278281435	0	0	0	0	0	0	0	0	0	0	0	0	0	0	0	0	0	0	0	0	0	0	0	0	0	0	0	1.1455459203784	0	0	0	0	0	0	0	0	0	0	0	0	0	0	0.243890421757982	0	0	0	0	0	0	0	0	0	0	0	0	0	0	0	0	0	0	0	0	0	0	0	0	0.0468072526606228	0	0	0	0	0	0.273452897122586	0	0	0	0	0	0.192156089869925	0	0	0	0	0.0862238864800946	0	0	0	0	56.5333070555775	0	0	0	0	0	0	0	0	0	0	0	0	0	0	0	0	0	0	0	0	0	0.0812968072526606	0	0	0	0	0	0	0	0	0	0	0	0.0837603468663776	0.22910918407568	0	0	0	0	0	0	0	0	0	0	0	0	0	0	0	0	1.69491525423729	0	0	2.1309617658652	0	0	0	0	0	0	0	0	0	0.99773354355538	0.0689791091840757	0	0	0.692254631454474	0	0	1.18003547497044	0.307942451714624	0	0	0	0	0.0418801734331888	0	0	0	0	0	0	0	0.330114308238076	0	0	0	0	0	0	0	0	0	0	0	0.221718565234529	0	0	0	0.448364209696492	0	0	0	0	0	0	0	0	0	0	0	0	0	0	0	0	0	0	1.59144659046117	0	0	0	0	0	0	0	0	0	0	0	0	0.714426487977927	0	0	0	0	0	0	0	0	0	0	0	0	0.00985415845486795	0	0	0	0	0	0	0	1.54710287741427	0	0	0	0	0	0	0	0	0.187229010642491	0	0	0	0	0	0	0	0.0812968072526606	0	0	0	0	0	0	0	0	0	0	0	0.00492707922743398	0	0	0	0	0	0	0	0	0	0	0	0	0	0	0	0	0	0	0	0	0	0.0714426487977927	0	0.864702404414663	0	0	0	0	0	0	0	0	0	0.142885297595585	0	0	0	0	0	0	0	0	0	0	0	0	0	0	0	0	0	0	0	0	0.00246353961371699	0	0	0	0	0	0	0	0	0.0443437130469058	0	0	0	0.140421757981868	0	0	0	0	0	0	0	0	0	0	0	0	0	0.130567599527	0	0	0	0	0	0	0	0.820358691367757	0	0.246353961371699	0	0	0	0	0	0	0	0.00985415845486795	0	0	0	0	0	0	0	0	0.773551438707134	0	0	0	0	0	0	0	0	0	0	0	0	0	0	0	0	0	0	0	0	0	0	0.0246353961371699	0	0	0.0443437130469058	0	0	0	0	0	0.0147812376823019	0	0	0	0.0123176980685849	0	0	0	0	0	0	0	0	0	0	0	0	0	0	0	0	0	0	0	0	0	0	0	0	0	0	0	0	0	0.285770595191171	0	0	0	0	2.49063854946788	0	0	0	0	0	0.167520693732755	0	0	0.174911312573906	0	0	0.0517343318880568	0	0	0	0	0	0	0.00739061884115097	0.0492707922743398	3.31838785967678
ERR6650624	0	0	0	0	0	0	0	0	0	0	0	0	0	0	0	0	0	0	0	0	0	0	0	0	0	0	0.0555864369093941	0	0	0	0	0	0	0	0	0	0	0	0	0	0	0	0	0	0.0198522988962122	0	0	0	0	0	0	0	0	0	0	0	0	0	0	0	0	0	0	0	0.017867069006591	0.256094655761137	0	0	0	0	0	0	0	0	0	0.252124195981895	0	0	0	0	0	0	0	0	0.0258079885650758	0	0	0	0	0	0	0.329548161677122	0	0	0	0	0	0	0	0	0	0	0	0	0	0	0	0	0	0	0	0.00992614944810609	0	0	0	0	0	0	0	0	0	0	0	0	0	0	0	0	0	0.0397045977924244	0	0	0	0	0	0	0	0.121099023266894	0	0	0	0	0	0	0	0	0	0	0	0	0	0	0	0	0.0198522988962122	0	0	0	0	0	0	0	0	0	0	0	0	0	0	0	0	0	0	0.0337489081235607	0	0	0	0.119113793377273	0	0	0	0	0.0833796553640912	0.0158818391169697	0	0.0119113793377273	0	0	0	0	0	0	0	0.00198522988962122	0	0	0	0	0	0	0	0	0.00794091955848487	0	0.063527356467879	0	0	0	0	0	0	0	0	0	0	0	0	0	0	0	0	0	0	0	0	0	0	0	0	0	0	0	0	0	0.0794091955848487	0.0277932184546971	0	0	0	0	0	0	0.639244024458032	0	0	0	0	0	0	0	0	0	0	0	0	0	0	0	0	0	0	0	0	0	0	0	0	0	0	0	0	0	0	0	0	0	0	0	0	0	3.82950845707933	0	0	0	0	0	0	0.045660287461288	0.00794091955848487	0	0	0	0	0	0	0	0	0	0	0	0	0	0	0	0	0	0	0	0	0	0	0	0	0	0	0	0	0	0	0.0774239656952275	0	0	0	0	0	0	0	0	0	0	0	0	0	0	0	0	0	0	0	0	0	0	0	0	0	0	0	0	0	0	0	0	0	0	0	0	0	0	0	0	0	0	0	0	0	0	0	0	0	0	0	0.00992614944810609	0	0	0	0	0	0	0	0	0	86.1827999682363	0	0	0	0	0	0	0	0	0	0	0	0	0	0	0	0	0	0	0	0	0	0	0	0	0	0	0	0	0	0	0	0	0	0	0	0	0	0	0	0	0	0	0	0	0	0	0	0	0	0	0	0.148892241721591	0	0.0158818391169697	1.67950448661955	0	0	0	0	0	0	0	0	0	0.768283967283411	0	0	0	0.152862701500834	0	0	0.00595568966886365	0	0	0.111172873818788	0	0.0238227586754546	0	0	0	0	0	0	0	0	0.29381402366394	0	0	0	0	0	0	0	0	0	0	0	0.436750575716668	0	0	0	0.00992614944810609	0	0	0	0	0	0	0	0	0	0	0	0	0	0	0	0	0	0	0.748431668387199	0	0	0	0	0	0	0	0	0	0	0	0	0.373223219248789	0	0	0	0	0	0	0	0	0	0	0	0	0	0	0	0	0	0	0	0	0.319622012229016	0	0	0	0	0	0	0	0	0	0	0	0	0	0	0.0357341380131819	0	0	0	0	0	0	0	0	0	0	0	0	0	0	0	0	0	0	0	0	0	0	0	0	0	0	0	0	0	0	0	0	0	0	0	0	0	0	0	0	0	0	0	0	0	0	0	0.0258079885650758	0	0	0	0	0	0	0	0	0	0	0	0	0	0	0	0	0	0	0	0	0.105217184149925	0	0	0	0	0	0	0	0	0	0	0	0	0.0138966092273485	0	0	0	0	0	0	0	0	0	0	0	0	0	0	0	0	0	0	0	0	0.0138966092273485	0.0119113793377273	0	0	0	0	0	0	0	0	0	0	0	0	0	0	0.0138966092273485	0.045660287461288	0	0	0.0258079885650758	0	0	0.00794091955848487	0	0	0	0	0	0	0	0	0	0	0	0	0	0	0	0	0	0	0	0	0	0	0	0	0.0377193679028031	0.0615421265782578	0	0	0	0	0	0	0	0	0	0	0	0	0.00595568966886365	0	0	0	0	0	0	0	0	0	0	0	0	0	0	0	0	0	0	0	0	0	0	0	0.0754387358056063	0	0	0	0	0.0794091955848487	0	0	0.121099023266894	0	0	0	0	0	0	0	0	0	0	0	0	0	0	0	0	0	1.84626379734773
ERR6650628	0	0	0	0	0	0	0	0	0	0	0	0	0	0	0	0	0	0	0	0	0	0	0	0	0	0	0	0	0	0	0	0	0	0	0.197363010882377	0	0	0	0	0	0	0	0	0	0	0	0	0	0	0	0	0	0	0	0	0	0	0	0	0	0	0	0	0	0	0	0	0	0	0	0	0	0	0	0	0	0	0	0	0	0	0	0	0	0	0	0	0	0	0	0	0	0	0	0	0	0	0	0.411172939338286	0	0	0	0	0	0	0	0	0	0	0	0	0	0	0	0	0	0	0	0	0	0	0	0	0	0	0	0	0	0	0	0	0	0	0	0	0	0	0	0	0	0	0	0	0	0	0	0	0	0	0	0	0	0	0	0	0	0	0	0	0	0	0	0	0	0	0	0	0	0	0	0	0	0	0	0	0	0	0	0	0	0	0	0	0	0	0	0	0	0	0	0	0	0.0931991995833448	0.452290233272114	0	0	0	0	0	0	0	0	0	0	0	0	0	0	0	0	0	0	0	0	0	0	0	0	0	0	0	0	0	0	0	0	0	0	0	0	0	0	0	0	0	0	0	0	0	0	0	0	0.00822345878676571	0	0	0	0	0	0	0	0	0	0	0	0	0	0	0	0	0	0	0	0	0	0	0	0	0	0	0	0	0	0	0	0	0	0	0	0	0	0	0	0	0	0	0	0	0	0	0	0	0	0	0	0	0	0	0	0	0	0	0	0	0	0	0	0	0	0	0	0	0	0.962144678051589	0	0	0	0	0	0	0	0	0	0	0	0	0	0	0	0	0	0	0	0	0	0	0	0	0	0	0	0	0	0	0	0	0	0	0	0	0	0	0	0	0	0	0	0	0	0	0	0	0	0	0	0	0	0	0	0	0	0	0	0	0	0	0	0	0	0	0	0	96.6420876620707	0	0	0	0	0.0301526822181409	0	0	0	0	0	0	0	0	0	0	0	0.180916093308846	0	0	0	0	0	0	0	0	0	0	0	0	0	0	0	0	0	0.359091033688769	0	0	0	0	0	0	0	0	0	0	0	0	0	0	0	0	0	0	0	0	0	0	0	0	0	0	0	0	0	0	0	0	0	0	0	0	0	0	0	0	0	0	0	0	0	0	0	0	0	0	0	0	0	0	0	0	0	0	0	0	0	0	0	0	0	0	0	0	0	0	0	0	0	0	0	0	0	0	0	0	0	0	0	0	0	0	0	0	0	0	0	0	0	0	0	0	0	0	0	0	0	0	0	0	0	0	0	0	0	0	0	0	0	0	0	0	0.211068775526987	0	0	0	0	0	0	0	0	0	0	0	0	0	0	0	0	0	0	0	0	0	0	0	0	0	0	0	0	0	0	0	0	0	0	0	0	0	0	0	0	0	0	0	0	0	0	0	0	0	0	0	0	0	0	0	0	0	0	0	0	0	0	0	0	0	0	0	0.211068775526987	0	0	0	0	0	0	0	0	0.0109646117156876	0	0	0	0	0	0	0	0	0	0	0	0	0	0	0	0	0	0	0	0	0	0	0	0	0	0	0	0	0	0	0	0	0	0	0	0	0.0411172939338286	0	0	0	0	0	0	0	0	0	0	0	0	0	0	0	0	0	0.0027411529289219	0	0	0	0	0	0	0	0	0	0	0	0	0	0	0	0	0	0	0	0	0	0.0191880705024533	0	0	0	0	0	0	0	0	0	0.0027411529289219	0	0	0	0	0	0	0	0	0	0	0	0	0	0	0	0	0	0	0	0	0	0	0	0	0	0	0	0	0	0	0	0	0	0	0	0	0	0	0	0	0	0	0	0	0	0	0	0.0027411529289219	0	0	0	0	0	0	0	0	0	0	0	0	0	0	0	0	0	0	0	0	0.161728022806392
ERR6650629	0	0	0	0	0	0	0	0	0	0	0	0	0	0	0	0	0	0	0	0	0	0	0	0	0	0	0	0	0	0	0	0	0	0	0	0	0	0	0	0	0	0	0	0	0	0	0	0	0	0	0	0	0	0	0	0	0	0	0	0	0	0	0	0	0	0	0	0	0	0	0	0	0	0	0	0	0	0	0	0	0	0.0408853030963803	0	0	0	0	0	0	0	0	0	0	0	0	0	0	0	0	0.0626907980811164	0	0	0	0	0	0	0	0	0	0	0	0	0	0	0	0	0	0	0	0	0	0	0	0	0	0	0	0	0	0	0	0	0	0	0	0	0	0	0	0	0	0	0	0	0	0	0	0	0	0	0	0	0	0	0	0	0	0	0	0	0	0	0	0	0	0	0	0	0	0	0	0	0	0	0	0	0	0	0	0	0	0	0	0	0	0	0	0	0	0	0	0	0	0	0.168992586131705	0	0	0	0	0	0	0	0	0	0	0	0	0	0	0	0	0	0	0	0	0	0	0	0	0	0	0	0	0	0	0	0	0	0	0	0	0	0	0	0	0	0	0	0	0	0	0	0	0	0.111753161796773	0	0	0	0	0	0	0	0	0	0	0	0	0	0	0	0	0	0	0	0	0	0	0	0	0	0	0	0	0	0	0	0	0	0	0	0	0	0	0	0	0	0	0	0	0	0	0	0	0	0	0	0	0	0	0	0	0	0	0	0	0	0	0	0	0	0	0	0	0	0	0	0	0	0	0	0	0	0	0	0	0	0	0	0	0	0	0	0	0	0	0	0	0	0	0	0	0	0	0	0	0	0	0	0	0	0	0	0	0	0	0	0	0	0	0	0	0	0	0	0	0	0	0	0	0	0	0	0	0	0	0	0	0	0	0	0	0	99.3322067160925	0	0	0	0	0	0	0	0	0	0	0	0	0	0	0	0	0	0	0	0	0	0	0	0	0	0	0	0	0	0	0	0	0	0	0	0	0	0	0	0	0	0	0	0	0	0	0	0	0	0	0	0	0	0	0	0	0	0	0	0	0	0	0	0	0	0	0	0	0	0	0	0	0	0	0	0	0	0	0	0	0	0	0	0.149912778020061	0	0	0	0	0	0	0	0	0	0	0	0	0	0	0	0	0	0.130832969908417	0	0	0	0	0	0	0	0	0	0	0	0	0	0	0	0	0	0	0	0	0	0	0	0	0	0	0	0	0	0	0	0	0	0	0	0	0	0	0	0	0	0	0	0	0	0	0	0	0	0	0	0	0	0	0	0	0	0	0	0	0	0	0	0	0	0	0	0	0	0	0	0	0	0	0	0	0	0	0	0	0	0	0	0	0	0	0	0	0	0	0	0	0	0	0	0	0	0	0	0	0	0	0	0	0	0	0	0	0	0	0	0	0	0	0	0	0	0	0	0	0	0	0	0	0	0	0	0	0	0	0	0	0	0	0	0	0	0	0	0	0	0	0	0	0	0	0	0	0	0	0	0	0	0	0	0	0	0	0	0	0	0	0	0	0	0	0	0	0	0	0	0	0	0	0	0	0	0	0	0	0	0	0	0	0	0	0	0	0	0	0	0	0	0	0	0	0	0	0	0	0	0	0	0	0	0	0	0	0	0	0	0	0	0	0	0	0	0	0	0	0	0	0	0	0	0	0	0	0	0	0	0	0	0	0	0	0	0	0	0	0	0	0	0	0	0	0	0	0	0	0	0	0	0	0	0	0	0	0	0	0	0	0	0	0	0	0	0	0	0	0	0	0	0	0	0	0	0	0	0	0	0	0.00272568687309202
ERR6650631	0	0	0	0	0	0	0	0	0	0	0	0	0	0	0	0	0	0	0	0	0	0	0	0	0	0	0	0	0	0	0	0	0	0	0.00538300048447004	0	0	0	0	0	0	0	0	0	0	0	0	0	0	0	0	0	0	0	0	0	0	0	0	0	0	0	0	0	0	0	0	0	0	0	0	0	0	0	0	0	0	0	0	0	0	0	0	0	0	0	0	0	0	0	0	0	0	0	0	0	0	0	0	0	0	0	0	0	0	0	0	0	0	0	0	0	0	0	0	0	0	0	0	0	0	0	0	0	0	0	0	0	0	0	0	0	0	0	0	0	0	0	0	0	0	0	0	0	0	0	0	0	0	0	0	0	0	0	0	0	0	0	0	0	0	0	0	0	0	0	0	0	0	0	0	0	0	0	0	0	0	0	0	0	0	0	0	0	0	0	0	0	0	0	0	0	0	0	0	0	0	0	0	0	0	0	0	0	0	0	0	0	0	0	0	0	0	0	0	0	0	0	0	0	0	0	0	0	0	0	0	0	0	0	0	0	0	0	0	0	0	0	0	0	0	0	0	0	0	0	0	0	0.00538300048447004	0	0	0	0	0	0	0	0	0	0	0	0	0	0	0	0	0	0	0	0	0	0	0	0	0	0	0	0	0	0	0	0	0	0	0	0	0	0	0	0	0	0	0	0	0	0	0	0	0	0	0	0	0	0	0	0	0	0	0	0	0	0	0	0	0	0	0	0	0	0	0	0	0	0	0	0	0	0	0	0	0	0	0	0	0	0	0	0	0	0	0	0	0	0	0	0	0	0	0	0	0	0	0	0	0	0	0	0	0	0	0	0	0	0	0	0	0	0	0	0	0	0	0	0	0	0	0	0	0	0	0	0	99.9838509985466	0	0	0	0	0	0	0	0	0	0	0	0	0	0	0	0	0	0	0	0	0	0	0	0	0	0	0	0	0	0	0	0	0	0	0	0	0	0	0	0	0	0	0	0	0	0	0	0	0	0	0	0	0	0	0	0	0	0	0	0	0	0	0	0	0	0	0	0	0	0	0	0	0	0	0	0	0	0	0	0	0	0	0	0	0	0	0	0	0	0	0	0	0	0	0	0	0	0	0	0	0	0	0	0	0	0	0	0	0	0	0	0	0	0	0	0	0	0	0	0	0	0	0	0	0	0	0	0	0	0	0	0	0	0	0	0	0	0	0	0	0	0	0	0	0	0	0	0	0	0	0	0	0	0	0	0	0	0	0	0	0	0	0	0	0	0	0	0	0	0	0	0	0	0	0	0	0	0	0	0	0	0	0	0.00538300048447004	0	0	0	0	0	0	0	0	0	0	0	0	0	0	0	0	0	0	0	0	0	0	0	0	0	0	0	0	0	0	0	0	0	0	0	0	0	0	0	0	0	0	0	0	0	0	0	0	0	0	0	0	0	0	0	0	0	0	0	0	0	0	0	0	0	0	0	0	0	0	0	0	0	0	0	0	0	0	0	0	0	0	0	0	0	0	0	0	0	0	0	0	0	0	0	0	0	0	0	0	0	0	0	0	0	0	0	0	0	0	0	0	0	0	0	0	0	0	0	0	0	0	0	0	0	0	0	0	0	0	0	0	0	0	0	0	0	0	0	0	0	0	0	0	0	0	0	0	0	0	0	0	0	0	0	0	0	0	0	0	0	0	0	0	0	0	0	0	0	0	0	0	0	0	0	0	0	0	0	0	0	0	0	0	0	0	0	0	0	0	0	0	0	0	0	0	0	0	0	0	0
ERR6650633	0	0	0	0	0	0	0	0	0	0	0	0	0	0	0	0	0	0	0	0	0	0	0	0	0	0	0	0	0	0	0	0	0	0	0	0	0	0	0	0	0	0	0	0	0	0	0	0	0	0	0	0	0	0	0	0	0	0	0	0	0	0	0	0	0	0	0	0	0	0	0	0	0	0	0	0	0	0	0	0	0	0	0	0	0	0	0	0	0	0	0	0	0	0	0	0	0	0	0	0	0	0	0	0	0	0	0	0	0	0	0	0	0	0	0	0	0	0	0	0	0	0	0	0	0	0	0	0	0	0	0	0	0	0	0	0	0	0	0	0	0	0	0	0	0	0	0	0	0	0	0	0	0	0	0	0	0	0	0	0	0	0	0	0	0	0	0	0	0.00269128293457491	0	0	0	0	0	0	0	0	0	0	0	0	0	0	0	0	0	0	0	0	0	0	0	0	0.250289312915467	0	0	0	0	0	0	0	0	0	0	0	0	0	0	0	0	0	0	0	0	0	0	0	0	0	0	0	0	0	0	0	0	0	0	0	0	0	0	0	0	0	0	0	0	0	0	0	0	0.00269128293457491	0	0	0	0	0	0	0	0	0	0	0	0	0	0	0	0	0	0	0	0	0	0	0	0	0	0	0	0	0	0	0	0	0	0	0	0	0	0	0	0	0	0	0	0	0	0	0	0	0	0	0	0	0	0	0	0	0	0	0	0	0	0	0	0	0	0	0	0	0	0	0	0	0	0	0	0	0	0	0	0	0	0	0	0	0	0	0	0	0	0	0	0	0	0	0	0	0	0	0	0	0	0	0	0	0	0	0	0	0	0	0	0	0	0	0	0	0	0	0	0	0	0	0	0	0	0	0	0	0	0	0	0	0	0	0	0	0	0	99.2706623247302	0	0	0	0	0	0	0	0	0	0	0	0	0	0	0	0	0	0	0	0	0	0	0	0	0	0	0	0	0	0	0	0	0	0	0	0	0	0	0	0	0	0	0	0	0	0	0	0	0	0	0	0	0	0	0	0	0	0	0	0	0	0	0	0	0	0	0	0	0	0	0	0	0	0	0	0	0	0	0	0	0	0	0	0	0	0	0	0	0	0	0	0	0	0	0	0	0	0	0	0	0	0.0403692440186237	0	0	0	0	0	0	0	0	0	0	0	0	0	0	0	0	0	0	0	0	0	0	0	0	0	0	0	0.156094410205345	0	0	0	0	0	0	0	0	0	0	0	0	0	0	0	0	0	0	0	0	0	0	0	0	0	0	0	0	0	0	0	0	0	0	0	0	0	0	0	0	0	0	0	0	0	0	0	0	0	0	0	0	0	0	0	0	0	0	0	0	0	0	0	0	0	0	0	0	0	0	0	0	0	0	0	0	0	0	0	0	0	0	0	0	0	0	0	0	0	0	0	0	0	0	0	0	0	0	0	0	0	0	0	0	0	0	0	0	0	0	0	0	0	0	0	0	0	0	0	0	0	0	0	0	0	0	0	0	0	0	0	0	0	0	0	0	0	0	0	0	0	0	0	0.0888123368409721	0	0	0	0	0	0	0	0.0807384880372474	0	0	0	0	0	0	0	0.107651317382996	0	0	0	0	0	0	0	0	0	0	0	0	0	0	0	0	0	0	0	0	0	0	0	0	0	0	0	0	0	0	0	0	0	0	0	0	0	0	0	0	0	0	0	0	0	0	0	0	0	0	0	0	0	0	0	0	0	0	0	0	0	0	0	0	0	0	0	0	0	0	0	0	0	0	0	0	0	0	0	0	0	0	0	0	0	0	0	0	0	0	0	0	0	0	0
ERR6650635	0	0	0	0	0	0	0	0	0	0	0	0	0	0	0	0	0	0	0	0	0	0	0	0	0	0	0	0	0	0	0	0	0	0	0	0	0	0	0	0	0	0	0	0	0	0	0	0	0	0	0.0429747579842577	0	0	0	0	0	0	0	0	0	0	0	0	0	0	0	0	0	0	0	0	0	0	0	0	0	0	0	0	0	0	0	0	0	0	0	0	0	0	0	0	0	0	0	0	0	0	0	0	0	0	0	0	0	0	0	0	0	0	0	0	0	0	0	0	0	0	0	0	0	0	0	0	0	0	0	0	0	0	0	0	0.0180946349407401	0	0	0	0	0	0	0	0	0	0	0	0	0	0	0	0	0	0	0	0	0	0	0	0	0	0	0	0	0	0	0	0	0	0	0	0	0	0	0	0	0	0	0	0	0	0	0	0	0	0	0	0	0	0.115353297747218	0	0	0	0	0	0	0	1.18746041798607	0	0	0	0	0	0	0	0	0	0	0	0	0	0	0	0	0	0	0	0	0	0	0	0	0	0	0	0	0	0	0	0	0	0	0	0	0	0	0	0	0	0	0	0	0	0	0	0	0	0	0	0	0	0	0	0	0	0	0	0	0	0	0	0	0	0	0.185470008142586	0	0	0	0	0	0	0	0	0	0	0	0	0	0	0	0	0	0	0	0	0	0	0	0	0	0	0.192255496245363	0	0	0	0	0	0	0	0	0	0	0	0	0	0	0	0	0	0	0	0	0	0	0	0	0	0	0	0	0	0	0.122138785849995	0	0	0	0	0	0	0	0	0	0	0	0	0	0	0	0	0	0	0	0	0	0	0	0	0	0	0	0	0	0	0	0	0	0	0	0	0	0	0	0	0	0	0	0	0	0	0	0	0	0	0	0	0	0	0	0	0	0	0	0	0	0	96.8334388853705	0	0	0	0	0	0	0	0	0	0	0	0	0	0	0	0	0	0	0	0	0	0	0	0	0	0	0	0	0	0	0	0	0	0	0	0	0	0	0	0	0	0	0	0	0	0	0	0	0	0	0	0	0	0	0	0	0	0	0	0	0	0	0	0	0	0	0	0	0	0	0	0	0	0	0	0	0	0	0	0	0	0	0	0	0	0	0	0	0	0	0	0	0	0	0	0	0	0	0	0	0	0.597122953044422	0	0	0	0	0	0	0	0	0	0	0	0	0	0	0	0	0	0	0	0	0	0	0	0	0	0	0	0	0	0	0	0	0	0	0	0	0.00226182936759251	0	0	0	0	0	0	0	0	0	0	0	0	0	0.404867456799059	0	0	0	0	0	0	0	0	0	0	0	0	0	0	0	0	0	0	0.0113091468379625	0	0	0	0	0	0	0	0	0	0	0	0	0	0	0	0	0	0	0	0	0	0	0	0	0	0	0	0	0	0	0	0	0	0	0	0	0	0	0	0	0	0	0	0	0	0.169637202569438	0	0	0	0	0	0	0	0	0	0	0	0	0	0	0	0	0	0	0	0	0	0	0	0	0	0	0	0	0	0	0	0	0	0	0	0	0	0	0	0	0	0	0	0	0	0	0	0	0	0	0	0	0	0	0	0	0	0	0	0	0	0	0	0	0	0	0	0	0	0	0	0	0	0	0	0	0	0	0	0	0	0	0	0	0	0	0	0	0	0	0	0	0	0	0	0	0	0.0859495159685153	0	0	0	0	0	0	0	0	0	0	0	0	0	0	0	0	0	0	0	0	0	0	0	0	0	0	0	0	0	0	0	0	0	0	0	0	0	0	0	0	0	0	0.0316656111462951	0	0	0	0	0	0	0	0	0	0	0	0	0	0	0	0	0	0	0	0	0	0	0	0	0	0
ERR6650645	0	0	0	0	0	0	0	0	0	0	0	0	0	0	0	0	0	0	0	0	0	0	0	0	0	0	0.085599525910318	0	0	0	0	0	0	0	0.0263383156647132	0	0	0	0	0	0	0	0	0	1.17534733653783	0	0	0	0	0	0.184368209652993	0	0	0	0	0	0.0296306051228024	0	0	0	0	0.345690393099361	0	0	0.220583393691973	0	0	0	0.0230460262066241	0	0	0	0	0.0921841048264963	0	0	0	0.181075920194904	0	0	0	0.210706525317706	0	0	0.197537367485349	0	0	0	0	0	0	0	0	0	0	0	0	0	0.628827286495029	0	0	0	0	0	0	0	0	0	0	0	0	0	0	0	0	0	0	0	0	0	0	0	0	0	0	0	0	0	0	0	0	0	0	0	0	0	0.0493843418713373	0.00658457891617831	0	0	0	0	0	0	0.0921841048264963	0	0	0	0	0	0	0	0	0	0.0362151840389807	0	0	0	0	0	0	0	0	0	0	0	0	0	0.0921841048264963	0	0	0	0	0	0	0	0	0	0	0	0	0	0.0658457891617831	0.00658457891617831	0	0	0	0	0	0	0	0	0	0.938302495555409	0	0	0	0.0625534997036939	0	0	0	0.0460920524132482	0	0	0.319352077434648	0	0	0	0	0	0	0	0	0	0	0	0	0	0	0	0	0	0	0	0	0	0	0	0	0	0.200829656943438	0	0	0	0	0	0	0	0	0	0	0	0.0757226575360506	0	0.0625534997036939	0	0	0	0	0	0	0	0	0	0	0	0	0	0	0	0	0	0	0	0	0	0	0	0	0	0	0	0	0	0	0	0	0	0	0	0	0	0	0	0	0	0	0	0	0	0	0	0	0	0	0	0	0	0	0	0	0	0	0	0	0	0	0	0	0	0	0	0.11852242049121	0	0	0	0	0	0	0	0	0	0	0	0	0	0	0	0	0	0	0	0	0	0	0	0	0	0	0	0	0	0	0.0263383156647132	0	0	0	0	0	0	0	0	0	0	0	0	0	0	0	0	0	0	0	0	0	0	0	0	0	0	0	0.138276157239745	0	0	0	0	0	0	0	0	0	84.2068874695463	0	0	0	0	0	0	0.181075920194904	0	0	0	0	0	0	0	0	0	0.105353262658853	0	0	0	0.0460920524132482	0	0	0	0	0	0	0	0	0	0	0	0	0	0	0	0	0	0	0	0	0	0	0	0	0	0	0.134983867781655	0	0	0	0	0	0	0	0	0	0	0	0	0	0	0	0	0.0559689207875156	0	0	0	0	0	0	0	0	0	0	0	0	0	0	0	0	0	0	0	0	0	0	0.141568446697834	0	0	0	0	0	0	0	0	0	0	0	0	0	0.421413050635412	0.0230460262066241	0	0	0	0	0	0	0	0	0	0	0	0	0	0	0	0	0	0.0460920524132482	0	0	0	0	0	0	0	0	0	0	0	0	0	0	0	0	0	0	0	0	0	0	0	0	0	0	0	0	0	0	0	0	0	0	0	0	0	0	0	0	0	0	0	0	0	0	0	0	0	0	0	0	0	0	0	0	0	0	0	0.0724303680779614	0	0	0	0	0	0	0	0	0	0	0	0	0	0	0	0	0	0	0	0	0	0	0	0	0.128399288865477	0	0	0	0	0	0	0	0	0	0	0	1.6395601501284	0	0	0	0	0	0	0	0	0	0	0.921841048264963	0	0	0	0	0	0	0	0	0	0	0	0	0	0.181075920194904	0	0	0	0.0395074734970699	0	0	0	0	0	0	0	0	0	0	0	0	0	0	0	0.556396918417067	0	0	0	0	0	0	0	0	0	0	0	0	0	0	0	0	0	0	0	0	1.03707117929808	0	0	0	0	0	0.223875683150063	0	0	1.17205504707974	0	0	0.0230460262066241	0	0	0	0	0	0	0	0	0	0	0	0	0	0	0	0	0	0	0	0.144860736155923	0	0.00658457891617831	0	0	0	0	0	0	0	0	0	0	0	0	0	0	0.414828471719234	0	0	0	0	0	0	0	0	0	0	0	0	0	0	0	0	0	0	0	0	0	0	0	0	0	0.085599525910318	0	0	0	0	0.167906762362547	0	0.2732600250214	0	0	0	0	0	0	0.0296306051228024	0	0	0.00987686837426747	0	0	0	0	0	0	0	0	1.77125172845197
ERR6650646	0	0	0	0	0	0	0	0	0	0	0	0	0	0	0	0	0	0	0	0	0	0	0	0	0	0	0	0	0.0279017857142857	0	0	0	0	0	0	0	0	0	0	0	0	0	0	0	0	0	0	0	0	0	0.0837053571428571	0	0	0	0	0	0	0	0	0	0	0	0	0	0	0	0	0	0	0	0	0	0	0	0	0	0	0	0	0	0	0	0	0	0	0	0	0	0	0	0	0	0	0	0	0	0	0	0	0	0	0	0	0	0.0597895408163265	0	0	0	0	0	0	0	0	0	0	0	0	0	0	0	0	0	0	0	0	0	0	0	0	0	0	0	0	0	0	0	0	0.0279017857142857	0	0	0	0	0	0	0	0	0	0	0	0	0	0	0	0	0	0	0	0	0	0	0	0	0	0	0	0	0	0	0	0	0	0	0	0.0876913265306122	0	0	0	0	0	0	0	0	0	0.0597895408163265	0	0.151466836734694	0	0	0	0	0	0	0	0.0597895408163265	0	0	0	0	0	0	0	0	0	0	0.0239158163265306	0	0	0	0	0	0	0	0	0	0	0	0	0	0	0	0	0	0	0	0	0	0	0	0	0	0	0	0	0	0	0	0	0	0	0	0	0	0.079719387755102	0	0	0	0	0	0	0	0	0	0	0	0	0	0	0	0	0	0	0	0	0	0	0	0	0	0	0	0	0	0	0	0	0	0	0	0	0	0	0	0	0	0	0	0	0	0	0	0	0	0	0	0	0	0	0	0	0	0	0	0	0	0	0	0	0	0	0	0	0	0	0	0	0	0	0	0	0	0	0	0	0	0	0	0	0	0	0	0	0	0	0	0	0	0	0	0	0	0	0	0	0	0	0	0	0	0	0	0	0	0	0	0	0	0	0	0	0	0	0	0	0	0	0	0	0	0	0	0	0.0438456632653061	0	0	0	0	0	0	0	0	0	98.1823979591837	0	0	0	0	0	0	0	0	0	0	0	0	0	0	0	0	0	0	0	0	0	0	0	0	0	0	0	0	0	0	0	0	0	0	0	0	0	0	0	0	0.0518176020408163	0	0	0	0	0	0	0.0757334183673469	0	0	0	0	0	0	0.0119579081632653	0	0	0	0	0	0	0	0	0	0	0	0	0	0	0	0	0	0	0	0	0	0	0	0	0	0	0	0	0	0	0	0	0	0	0	0	0	0	0	0	0	0	0	0	0	0	0.0637755102040816	0	0	0	0	0	0	0	0	0	0	0	0	0	0	0	0	0	0	0	0	0	0	0	0	0	0	0	0	0	0	0	0	0	0	0	0	0	0	0	0	0	0.0518176020408163	0	0	0	0	0	0	0	0	0	0	0	0	0	0	0	0	0	0	0	0	0	0	0	0	0.0159438775510204	0	0	0	0	0	0	0	0	0	0	0	0	0	0	0	0	0	0	0	0	0	0	0	0	0	0	0	0	0	0	0	0	0	0	0	0	0	0	0	0	0	0	0	0	0	0	0	0.0876913265306122	0	0	0	0	0	0	0	0	0	0	0	0	0	0	0	0	0	0	0	0	0	0	0	0	0	0	0	0	0	0	0	0	0	0	0	0	0	0	0	0	0	0	0	0	0	0	0	0	0	0	0	0	0	0	0	0	0	0	0	0	0	0	0	0	0	0	0.0079719387755102	0	0	0	0	0	0.0239158163265306	0	0	0.0279017857142857	0	0	0.0119579081632653	0	0	0	0	0	0	0	0	0	0	0	0.135522959183673	0	0	0	0	0	0	0	0.0279017857142857	0	0.0079719387755102	0	0	0	0	0	0	0	0	0	0	0	0	0	0	0	0	0	0	0	0	0	0	0	0	0	0	0	0	0	0	0	0	0	0	0	0	0	0	0	0	0	0	0	0	0	0.0637755102040816	0	0	0	0	0	0	0	0	0	0	0	0	0	0	0	0	0	0	0	0	0.446428571428571
ERR6650648	0	0	0	0	0	0	0	0	0	0	0	0	0	0	0	0	0	0	0	0	0	0	0	0	0	0	0.231223773229425	0	0	0	0	0	0	0	0.0856384345294168	0	0	0	0	0	0	0	0	0	0.188404555964717	0	0	0	0.0685107476235334	0	0.488139076817676	0	0	0	0	0	0.402500642288259	0	0	0	0	0	0	0	0	0.0942022779823585	0	0	0	0	0	0	0	0.145585338700009	0	0	0	0	0	0	0	0	0	0	1.21606577031772	0	0	0	0	0	0	0	0	0	0	0	0	0	0.0770745910764751	0	0	0	0	0	0	0	0	0	0	0	0	0	0	0	0	0	0	0	0	0	0	0	0	0	0	0	0	0	0	0	0	0	0	0	0	0	0.385372955382376	0.0856384345294168	0	0	0	0	0	0	0	0	0	0	0	0	0	0	0	0	0	0	0	0	0	0	0	0	0	0	0	0	0	0	0	0	0	0	0	0	0	0	0	0.137021495247067	0.0428192172647084	0	0	0	0.2055322428706	0.351117581570609	0	0	0	0.0513830607176501	0	0	0.0171276869058834	0	0	2.23516314121778	0	0	0	0	0	0	0	1.08760811852359	0.1027661214353	0	1.00196968399418	0	0	0	0	0	0	0	0	0	0	0	0	0	0	0	0	0	0	0	0	0	0	0	0	0.128457651794125	0.0513830607176501	0	0	0	0	0	0	0	0	0	0	0	0.2055322428706	0	0	0	0	0	0	0	0	0	0	0	0	0	0	0	0	0	0	0	0	0	0	0	0	0	0	0	0	0	0	0	0	0	0	0	0	0	0	0	0	0	0	0	0	0	0	0	0	0.171276869058834	0	0	0	0	0	0	0	0	0	0	0	0	0	0	0	0	0	0	0.128457651794125	0	0	0	0	0	0	0.0428192172647084	0	0	0	0	0	0	0	0	0	0	0	0	0	0	0	0	0	0	0	0	0	0	0	0	0	0	0	0	0	0	0	0	0	0	0	0	0	0	0	0	0	0	0	0	0	0	0	0	0	0	0	0	0	0	0	0	0	0	0	0	0	0	0	80.3973623362165	0	0	0	0	0	0	0	0	0	0	0	0	0	0	0	0	0.111329964888242	0	0	0	0	0	0	0	0	0	0	0	0	0	0.0428192172647084	0.0171276869058834	0	0	0.0513830607176501	0	0	0	0	0	0	0	0	0	0	0	0	0.025691530358825	0	0	0	0	0	0	0	0	0	0	0	0	0	0	0	0	0	0	0	0	0.222659929776484	0	0	0	0	0	0	0	0	0	0	0	0	0	0	0	0	0	0.15414918215295	0.0599469041705918	0	0	0	0	0	0	0	0	0	0	0	0	0	0.565213667894151	0.0342553738117667	0	0	0	0	0	0	0	0	0	0	0	0	0	0	0	0	0	0.522394450629443	0	0	0	0	0	0	0	0	0	0	0	0	0.128457651794125	0	0	0	0	0.00856384345294168	0	0	0	0	0	0	0	0	0	0	0	0	0	0	0	0.00856384345294168	0	0	0	0	0	0	0	0	0	0	0.0428192172647084	0	0	0.0599469041705918	0	0	0	0	0	0	0	0	0	0.119893808341184	0	0	0	0	0	0	0	0	0	0	0	0	0	0	0	0.0342553738117667	0	0	0	0	0	0	0	0	0	0	0	0	0.419628329194142	0	0	0	0	0	0	0	0	0	0.0342553738117667	0	0	0	0	0	0	0	0	0	0	0.0342553738117667	0	0	0	0	0	0	0	0	0	0	0	0	0	0	0	0	0	0.428192172647084	0	0	0	0	0.111329964888242	0	0	0	0	0	0	0	0	0	0	0.0513830607176501	0	0	0	0	0	0	0	0	0	0	0.145585338700009	0	0	0	0	0	0	0	0	0	0.462447546458851	0	0	0	0	0	0.590905198252976	0	0	0.445319859552967	0	0	0	0	0	0	0	0	0	0	0	0	0	0	0	0	0	0	0	0	0	0	0.488139076817676	0	0	0	0	0.171276869058834	0	0	0	0	0	0	0	0	0	0	0	0	0	0	0	0	0	0	0	0	0	0	0	0	0	0	0	0	0	0	0.248351460135309	0	0	0	0	0	0	0	0	0.214096086323542	0	0	0.608032885158859	0	0	0	0	0	0	0	0	0	0	0	0	0	0	0	0	0	0	0	0	3.51117581570609
ERR6650650	0	0	0	0	0	0	0	0	0	0	0	0	0	0	0	0	0	0	0	0	0	0	0	0	0	0	0	0	0	0	0	0.0343849393965443	0	0	0	0	0	0	0	0	0	0	0	0	0.597438322014958	0	0	0	0	0	0	0	0	0	0	0	0	0	0	0	0	0	0	0	0	0.0472792916702484	0	0	0	0	0	0	0	0	0	0	0	0.0257887045474082	0	0	0	0	0	0	0.00429811742456804	0	0	0	0	0	0	0	0	0	0	0	0	0	0.511475973523597	0	0	0	0	0	0	0	0	0	0	0	0	0	0	0	0	0	0	0	0	0	0	0	0	0	0	0	0	0	0	0	0	0	0	0	0	0	0	0.0386830568211124	0	0	0	0	0	0	0	0	0	0	0	0	0	0	0	0	0.0300868219719763	0	0	0	0	0	0	0	0	0	0	0	0	0	0.45989856442878	0	0	0	0	0	0.408321155333964	0	0	0.0128943522737041	0	0	0	0	0	0	0	0.0902604659159288	0	0	0	0	0	0	0	0	0	0	0	0	0	0	0	0	0	0	0.0988567007650649	0	0	0	0	0	0	0	0	0	0	0	0	0	0	0	0	0	0	0.0773661136422247	0	0	0	0	0	0	0	0	0	0	0	0	0	0	0	0	0	0	0.352445628814579	0	0	0	0.0472792916702484	0	0	0	0	0	0	0	0	0	0	0	0.0730679962176567	0	0	0	0	0	0	0	0	0	0	0	0	0	0	0	0	0	0	0.133241640161609	0	0	0	0	0	0	0	0	0	0.0257887045474082	0	0	0	0	0	0	0	0	0	0	0	0	0	0	0	0	0	0	0	0	0	0	0	0	0	0	0	0	0	0	0	0.0214905871228402	0	0	0	0	0	0	0	0	0	0	0	0	0	0	0	0	0	0	0	0	0	0	0	0	0	0	0	0	0	0	0	0	0	0	0	0	0	0	0	0	0	0	0	0	0	0	0	0	0	0	0	0	0	0	0	0	0.0300868219719763	0	0	0	0	94.7519986246024	0	0	0	0	0	0	0	0	0	0	0	0	0	0	0	0	0	0	0	0	0	0	0	0	0	0	0	0	0	0	0	0.0257887045474082	0	0.0257887045474082	0	0	0	0	0	0	0	0	0	0	0	0	0	0.0773661136422247	0	0	0	0.0257887045474082	0	0	0	0	0	0	0	0	0	0	0	0	0	0	0	0	0	0	0	0.150434109859881	0	0	0	0.0171924696982722	0	0	0	0	0	0	0	0	0	0.0902604659159288	0	0	0	0	0	0	0	0	0	0	0	0	0	0	0	0.236396458351242	0	0	0	0	0.0300868219719763	0	0	0	0	0	0	0	0	0	0	0	0	0	0	0	0	0	0	0	0	0	0	0	0.00859623484913608	0	0	0	0	0	0	0	0	0	0	0	0	0	0	0	0	0	0	0	0	0	0	0	0	0	0	0	0	0	0	0	0	0	0	0	0	0	0.00429811742456804	0	0	0	0	0	0	0	0	0	0.00429811742456804	0	0	0	0	0	0	0	0	0	0	0	0	0	0	0.0730679962176567	0	0	0	0	0	0	0	0	0	0	0	0.0214905871228402	0	0	0	0	0	0	0	0	0	0	0.0128943522737041	0.330955041691739	0	0	0	0	0	0	0	0	0	0	0	0	0	0	0	0	0	0	0	0	0	0	0	0	0	0	0	0	0	0	0	0	0	0	0	0	0	0	0	0	0	0	0	0	0	0	0	0	0	0	0	0	0	0	0	0	0	0	0	0	0	0	0	0	0	0	0	0	0	0	0	0.0601736439439526	0	0	0	0	0	0	0	0	0	0	0	0	0	0	0	0	0	0	0	0	0	0	0	0	0	0.0214905871228402	0	0	0	0	0	0	0	0	0	0	0	0	0	0	0	0	0	0	0	0	0	0	0	0	0	0	0	0	0	0	0	0	0	0	0	0	0	0	0	0	0	0	0	0	0.0300868219719763	0	0	0.485687268976188	0	0.0128943522737041	0	0	0	0	0	0	0	0	0	0.0171924696982722	0	0	0	0	0	0	0	0	0.365339981088283
ERR6650651	0	0	0	0	0	0	0	0	0	0	0	0	0	0	0	0	0	0	0	0	0	0	0	0	0	0	0	0	0	0	0	0	0	0	0	0	0	0	0	0	0	0	0	0	0	0	0	0	0	0	0	0	0	0	0	0	0	0	0	0	0	0	0	0	0	0	0	0	0	0	0	0	0	0.00410896988125077	0	0	0	0	0	0	0	0	0	0	0	0	0	0	0	0	0	0	0	0	0	0	0	0	0	0	0	0	0	0	0	0	0	0	0	0	0	0	0	0	0	0	0	0	0	0	0	0	0	0	0	0	0	0	0	0	0	0	0	0	0	0	0	0	0	0	0	0	0	0	0	0	0	0	0	0	0	0	0	0	0	0	0	0	0	0	0	0	0	0	0	0	0	0	0	0	0	0	0	0	0	0	0	0	0	0	0	0	0	0.0246538192875046	0	0	0	0	0	0	0	0	0	0	0	0	0	0	0	0	0	0	0	0	0.00821793976250154	0	0	0	0	0	0	0	0	0	0	0	0	0	0	0	0	0	0	0	0	0	0	0	0	0	0	0	0	0	0	0	0	0	0	0	0	0	0	0	0	0	0	0	0	0	0	0	0	0	0	0	0	0	0	0	0	0	0	0	0	0	0	0	0	0	0	0	0	0	0	0	0	0	0	0	0	0	0	0	0	0	0	0	0	0	0	0	0	0	0	0	0	0	0	0	0	0	0	0	0	0	0	0	0	0	0	0	0	0	0	0	0	0	0	0	0	0	0	0	0	0	0	0	0	0	0	0	0	0	0	0	0	0	0	0	0	0	0	0	0	0	0	0	0	0	0	0	0	0	0	0	0	0	0	0	0	0	0	0	0	0	0	0	0	0	0	0	0	0	0	0	0	0	0	0	0	99.9342564819	0	0	0	0	0	0	0	0	0	0	0	0	0	0	0	0	0	0	0	0	0	0	0	0	0	0	0	0	0	0	0	0	0	0	0	0	0	0	0	0	0	0	0	0	0	0	0	0	0	0	0	0	0	0	0	0	0	0	0	0	0	0	0	0	0	0	0	0	0	0	0	0	0	0	0	0	0	0	0	0	0	0	0	0	0	0	0	0	0	0	0	0	0	0	0	0	0	0	0	0	0	0	0	0	0	0	0	0	0	0	0	0	0	0	0	0	0	0	0	0	0	0	0	0	0	0	0	0	0	0	0	0	0	0	0	0	0	0	0	0	0	0	0	0	0	0	0	0	0	0	0	0	0	0	0	0	0	0	0	0	0	0	0	0	0	0	0	0	0	0	0	0	0	0	0	0	0	0	0	0	0	0	0	0	0	0	0	0	0	0	0	0	0	0	0	0	0	0	0	0	0	0	0	0	0	0	0	0	0	0	0	0	0	0	0	0	0	0.00410896988125077	0	0	0	0	0	0	0	0	0	0	0	0	0	0	0	0	0	0	0	0	0	0	0	0	0	0	0	0	0	0	0	0	0	0	0	0	0	0	0	0	0	0	0	0	0	0	0	0	0	0	0	0	0	0	0	0	0	0	0	0	0	0	0	0	0	0	0	0	0	0	0	0	0	0	0	0	0	0	0	0	0	0	0	0	0	0	0	0	0	0	0	0	0	0	0	0	0	0	0	0	0	0	0	0	0	0	0	0	0	0	0	0	0	0	0.00410896988125077	0	0	0	0	0	0	0	0	0	0	0	0	0	0	0	0	0	0	0	0	0	0	0	0	0	0	0	0	0	0	0.00821793976250154	0	0	0	0	0	0	0	0	0	0	0	0	0	0	0	0	0	0	0	0	0.0123269096437523
ERR6650653	0	0	0	0	0	0	0	0	0	0	0	0	0	0	0	0	0	0	0	0	0	0	0	0	0	0	0	0	0	0	0	0.0404352301132186	0	0	0	0	0	0	0	0	0	0	0	0	0	0	0	0	0	0	0.00735186002058521	0	0	0	0	0	0	0	0	0	0	0	0	0	0	0	0	0	0	0	0	0	0	0.0147037200411704	0	0	0	0.0330833700926334	0	0	0	0	0	0	0.00735186002058521	0	0	0	0	0	0	0	0	0	0	0	0	0	0.0036759300102926	0	0	0	0	0	0	0	0	0	0	0	0	0	0	0	0	0	0	0	0	0	0	0	0	0	0	0	0	0	0	0	0	0	0	0	0	0	0	0	0	0	0	0	0	0	0	0	0	0	0	0	0	0	0	0	0	0	0	0	0	0	0	0	0	0	0	0	0	0	0.0771945302161447	0	0	0	0	0	0	0	0	0	0	0	0	0	0	0	0	0	0	0	0	0	0	0	0	0.00735186002058521	0	0	0	0	0	0	0	0	0	0	0	0	0	0	0	0	0	0	0	0	0	0	0	0	0	0	0	0	0	0.018379650051463	0	0	0	0	0	0	0	0	0	0	0	0	0	0	0	0	0	0	0.0441111601235112	0	0	0	0	0	0	0	0	0	0	0	0	0	0	0	0	0	0	0	0	0	0	0	0	0	0	0	0	0	0	0	0	0	0	0	0	0	0	0	0	0	0	0	0	0.0036759300102926	0	0	0	0	0	0	0	0	0	0	0	0	0	0	0	0	0	0	0	0	0	0	0	0	0.610204381708572	0	0	0	0	0	0	0.0036759300102926	0	0	0	0	0	0	0	0	0	0	0	0	0	0	0	0	0	0	0	0	0	0	0	0	0	0	0	0	0	0	0	0	0	0	0	0	0	0	0	0.00735186002058521	0	0	0	0	0	0	0	0	0	0	0	0	0	0	0	0	0.00735186002058521	0	0	0	0	98.9964711071901	0	0	0	0	0	0	0	0	0	0	0	0	0	0	0	0	0	0	0	0	0	0	0	0	0	0	0	0	0	0	0	0	0	0	0	0	0	0	0	0	0	0	0	0	0	0	0	0	0	0	0	0	0	0	0	0	0	0	0	0	0	0	0	0	0	0	0	0	0	0	0	0	0	0	0	0	0	0	0	0	0	0	0	0	0	0	0	0	0	0	0	0	0	0	0	0	0	0	0	0	0	0.0110277900308778	0	0	0	0	0	0	0	0	0	0	0	0	0	0	0	0	0	0	0	0	0	0	0	0	0	0	0	0	0	0	0	0	0	0	0	0	0	0	0	0	0	0	0	0	0	0	0	0	0	0	0	0	0	0	0	0	0	0	0	0	0	0	0	0	0	0	0	0	0	0	0	0	0	0	0	0	0	0	0	0	0	0	0	0	0	0	0	0	0	0	0	0.0110277900308778	0	0	0	0	0	0	0	0	0	0	0	0	0	0	0	0	0	0	0	0	0	0	0	0.0110277900308778	0	0	0	0	0	0	0	0	0	0	0	0	0	0	0	0	0	0	0	0	0	0	0	0	0	0	0	0	0	0	0	0	0	0	0	0	0	0	0	0	0	0	0	0	0.0330833700926334	0	0	0	0	0	0	0	0	0	0	0	0	0	0	0	0	0	0	0	0	0.00735186002058521	0	0	0	0	0	0	0	0	0	0	0	0.0110277900308778	0	0	0	0	0	0	0	0	0	0	0	0	0	0	0	0	0	0	0	0.0147037200411704	0	0	0	0	0	0	0	0	0	0	0	0	0	0	0	0	0.0036759300102926	0	0	0	0	0	0	0	0	0	0	0	0	0	0	0	0	0	0	0	0	0	0	0	0	0	0.0147037200411704	0	0	0	0	0	0	0	0	0	0	0	0	0	0	0	0	0	0	0	0	0	0	0	0	0	0
ERR6650654	0	0	0	0	0	0	0	0	0	0	0	0	0	0	0	0	0	0	0	0	0	0	0	0	0	0	0.00318918229365991	0	0	0	0	0	0	0	0	0	0	0	0	0	0	0	0	0	0	0	0	0.558106901390483	0	0	0	0	0	0	0	0	0	0	0	0	0	0	0	0	0	0	0	0	0.108432197984437	0	0	0	0	1.14491644342391	0	0	0	0	0	0	0	0.33805332312795	0	0	0.00637836458731981	0	0	0	0	0	0	0	0	0	0	0	0	0	1.21826763617808	0	0	0	0	0	0	0	0	0	0	0	0	0	0	0	0	0	0	0	0	0	0	0	0	0	0	0	0	0	0	0	0	0	0	0	0	0	0	0	0	0	0	0	0	0	0	0	0	0	0	0	0	0	0	0	0	0	0	0	0	0	0	0	0	0	0	0	0	0	1.3362673810435	0	0	0	0	0	0	0	0	0	0	0	0	0	0	0	0	0.0924862865161373	0	0	0	0	0	0	0	3.82701875239189	0	0	0	0	0	0	0	0	0	0	1.64880724582217	0	0	0	0	0	0	0	0	0	0	0	0	0	0	0	0	0	0	0	0	0	0	0	0	0	0	0	0	0	0	0	0	0	0	0	0	0	0	0	0	0	0	0	0	0	0	0	0	0	0	0	0	0	0	0	0	0	0	0	0	0	0	0	0	0	0	0	0	0	0	0	0	0	0	0	0	0	0	0	0	0	0.137134838627376	1.63605051664753	0	0	0	0	0	0	0	0	0	0	0	0	0	0	0	0	0	0	0	0	0	0	0	0	1.60415869371093	0	0	0	0	0	0	0	0	0	0	0	0	0	0	0	0	0	0	0	0	0	0	0	0	0	0	0	0	0	0	0	0	0	0	0	0	0	0	0	0	0	0	0	0	0	0	0	0	0	0	0.207296849087894	0	0	0	0	0	0	0	0	0	0	0	0	0	0	0	0	0	67.8498532976145	0.102053833397117	0	0	0	0	0	0.656971552493941	0	0	0	0	0	0	0	0	0	0.781349661946677	0	0	0	0	0	0	0	0	0	0	0	0	0	0	0	0	0	0.102053833397117	0	0	0	0	0	0	0	0	0	0	0	0	0	0	0	0	0	0	0	0	0	0	0	0	0	0	0	0	0	0	0	0	0	0	0	0	0	0	0	0	0	0	0	0	0	0	0	0	0	0	0	0	0	0	0	0	0	0	0	0	0	0	0	0	0	0	0.934430412042352	0	0	0	0	0	0	0	0	0	0	0	0	0	0	0	0	0	0	0	0	0	0	0	0	0	0	0	0	0	0	0	0	0	0	0	0	0	0	0	0	0	0	0	0	0	0	0	0	0	0	0	0	0	0	0	0	0	0	0	0	0	0	0	0	0	0	0	0	0	0	0	0	0	0	0	0	0	0	0	0	0	0	0	0	0	0	0	0	0	0	0	0	0	0	0	0	0	0	0	0	0	0	0	1.58821278224263	0	0	0	0	0	0	0	0	0	0	0	3.39966832504146	0	0	0	0	0	0	0	0	0	0	0.389080239826509	0	0	0	0	0	0	0	0	0	0	0	0	0	0	1.2884296466386	0	0	0	0	0	0	0	0	0	0	0	0	0	0	0	0	0	0	0.213675213675214	0.00318918229365991	0	0	0	0	0	0	0	0	0	0	0	0	0.066972828166858	0	0	0	0	0	0	3.65799209082791	0	0	0	0	0	0	0	0.127567291746396	0.723944380660799	0	0	0	0	0	0	0	0	0	0	0	0	0	0	0	0	0	0	0	0	0	0	0.0637836458731981	0	0	0	0	0	0	0	0	0	0	0	0	0	0	0	0	2.55453501722158	0	0	0	0	0	0	0	0	0	0	0	0	0	0	0	0	0	0	0	0	0	0	0	0	0	0	0	0	0	0	0.68886337543054	0	0	0	0	0	0	0	0	0	0	0	0.465620614874346	0	0	0	0	0	0	0	0	0.475188161755326
ERR6650655	0	0	0	0	0	0	0	0	0	0	0	0	0	0	0	0	0	0	0	0	0	0	0	0	0	0	0	0	0	0	0	0	0	0	0	0	0	0	0	0	0	0	0	0	0	0	0	0	0	0	0.00684322178881817	0	0	0	0	0	0	0	0	0	0	0	0	0	0	0	0	0	0	0	0	0	0	0	0	0	0	0	0	0	0	0	0	0	0	0	0	0	0	0	0	0	0	0	0	0	0	0	0	0	0	0	0	0	0	0	0	0	0	0	0	0	0	0	0	0	0	0	0	0	0	0	0	0	0	0	0	0	0	0	0	0	0	0	0	0	0	0	0	0	0	0	0	0	0	0	0	0	0	0	0	0	0	0	0	0	0	0	0	0	0	0	0	0	0	0	0	0	0	0	0	0	0	0	0	0	0	0	0	0	0	0	0	0	0	0	0	0	0	0	0	0	0	0	0	0	0	0	0	0	0	0	0	0	0	0	0	0	0	0	0	0	0	0	0	0	0	0	0	0	0	0	0	0	0	0	0	0	0	0	0	0	0	0	0	0	0	0	0	0	0	0	0.0684322178881818	0	0	0	0	0	0	0	0	0	0	0	0	0	0	0	0	0	0	0	0	0	0	0	0	0	0	0	0	0	0	0	0	0	0	0	0	0	0	0	0	0	0	0	0	0	0	0	0	0	0	0	0	0	0	0	0	0	0	0	0	0	0	0	0	0	0	0	0	0	0	0	0	0	0	0	0	0	0	0	0	0	0	0	0	0	0	0	0	0	0	0	0	0	0	0	0	0	0	0	0	0	0	0	0	0	0	0	0	0	0	0	0	0	0	0	0	0	0	0	0	0	0	0	0	0	0	0	0	0	0	0	0	0	0	0	0	0	0	99.7331143502361	0	0	0	0	0	0	0	0	0	0	0	0	0	0	0	0	0	0	0	0	0	0	0	0	0	0	0	0	0	0	0	0	0	0	0	0	0	0	0	0	0	0	0	0	0	0	0	0.116334770409909	0	0	0	0	0	0	0	0	0	0	0	0	0	0	0	0	0	0	0	0	0	0	0	0	0	0	0	0	0	0	0	0	0	0	0	0	0	0	0	0	0	0	0	0	0	0	0	0	0	0	0	0	0	0	0	0	0	0	0	0	0	0	0	0	0	0	0	0	0	0	0	0	0	0	0	0	0	0	0	0	0	0	0	0	0	0	0	0	0	0	0	0	0	0	0	0	0	0	0	0	0	0	0	0	0	0	0	0	0	0	0	0	0	0	0	0	0	0	0	0	0	0	0	0	0	0	0	0	0	0	0	0	0	0	0	0	0	0	0	0	0	0	0	0	0	0	0	0	0	0	0	0	0	0	0	0	0	0	0	0	0	0	0	0	0	0	0	0	0	0	0	0	0	0	0	0	0	0	0	0	0	0	0	0	0	0	0	0	0	0	0	0	0	0	0	0	0	0	0	0	0	0	0	0	0	0	0	0	0	0	0	0	0	0	0	0	0	0	0	0	0	0	0	0	0	0	0	0	0	0	0	0	0	0	0	0	0	0	0	0	0	0.0410593307329091	0	0	0	0	0	0	0	0	0	0	0	0	0	0	0	0	0	0	0	0	0	0	0	0	0	0	0	0	0	0	0	0	0	0	0	0	0	0	0	0	0	0	0	0	0	0	0	0	0	0	0	0	0	0	0	0	0	0	0	0	0	0	0	0	0	0	0	0	0	0	0	0	0	0.0342161089440909	0	0	0	0	0	0	0	0	0	0	0	0	0	0	0	0	0	0	0	0	0
ERR6650657	0	0	0	0	0	0	0	0	0	0	0	0	0	0	0	0	0	0	0	0	0	0	0	0	0	0	0	0	0	0	0	0	0	0	0	0	0	0	0	0	0	0	0	0	0	0	0	0	0	0	0.00394383972235368	0	0	0	0	0	0	0	0	0	0	0	0	0	0	0	0	0	0	0	0	0	0	0	0	0	0	0	0	0	0	0	0	0	0	0	0	0	0	0	0	0	0	0	0	0	0	0	0.114371351948257	0	0	0	0	0	0	0	0	0	0	0	0	0	0	0	0	0	0	0	0	0	0	0	0	0	0	0	0	0	0	0	0	0	0	0	0	0	0	0	0	0	0	0	0	0	0	0	0	0	0	0	0	0	0	0	0	0	0	0	0	0	0	0	0	0	0	0	0	0	0.161697428616501	0	0	0	0	0	0	0	0	0	0	0	0	0	0	0.0236630383341221	0	0.0473260766682442	0	0	0	0	0.0157753588894147	0	0	0.00788767944470737	0	0	0	0	0	0	0	0	0	0	0	0	0	0	0	0	0	0	0	0	0	0	0	0	0	0	0	0	0	0	0	0	0	0	0	0	0	0	0	0	0	0	0	0	0	0	0	0	0.0315507177788295	0	0	0	0	0	0	0	0	0	0	0	0	0	0	0	0	0	0	0	0	0	0	0	0	0	0	0	0	0	0	0	0	0	0	0	0	0	0	0	0	0	0	0	0	0	0	0	0	0	0	0	0	0	0	0	0	0	0	0	0	0	0	0	0	0	0	0	0	0	0	0	0	0	0	0	0	0	0	0	0	0	0	0	0	0	0	0	0	0	0	0	0	0	0	0	0	0	0	0	0	0	0	0	0	0	0	0	0	0	0	0	0	0	0	0	0	0	0	0	0	0	0	0	0	0	0	0	0	0	0	0	0	0	0	0	0	0	0	99.3729294841458	0	0	0	0	0	0	0	0	0	0	0	0	0	0	0	0	0	0	0	0	0	0	0	0	0	0	0	0	0	0	0	0	0	0	0	0	0	0	0	0	0	0	0	0	0	0	0	0	0	0	0	0	0	0	0	0	0	0	0	0.0197191986117684	0	0	0	0	0	0	0	0	0	0	0	0	0	0	0	0	0	0	0	0	0	0	0	0	0	0	0	0	0	0	0	0	0	0	0	0	0	0	0	0	0	0	0	0	0	0	0	0	0	0	0	0	0	0	0	0	0	0	0	0	0	0	0	0	0	0	0	0	0	0	0	0	0	0	0	0	0	0	0	0	0	0	0	0	0	0	0	0	0	0	0	0	0	0	0	0	0	0	0	0	0	0	0	0	0	0	0	0	0	0	0	0	0	0	0	0	0	0	0	0	0	0	0	0	0	0	0	0	0	0	0	0	0	0	0	0	0	0	0	0	0	0	0	0	0	0	0	0	0	0	0	0	0	0	0	0	0	0.0394383972235368	0	0	0	0	0	0	0	0	0	0	0	0	0	0	0	0	0	0	0	0	0	0	0	0	0	0	0	0	0	0	0	0	0	0	0	0	0	0	0	0	0	0	0	0	0	0	0	0	0	0	0	0	0	0	0	0	0	0	0	0	0	0	0	0	0	0	0	0	0	0	0	0.0236630383341221	0	0	0	0	0	0.0512699163905979	0	0	0	0	0	0	0	0	0	0	0	0	0	0	0	0	0	0	0	0.0473260766682442	0	0	0	0	0	0	0	0	0	0	0	0	0	0	0	0	0	0	0	0	0	0	0	0	0	0	0	0	0	0	0	0	0	0	0	0	0	0	0	0	0	0	0	0	0	0	0	0.0276068780564758	0	0	0	0	0	0	0	0	0	0	0	0	0	0	0	0	0	0	0	0	0.0118315191670611
ERR6650659	0	0	0	0	0	0	0	0	0	0	0	0	0	0	0	0	0	0	0	0	0	0	0	0	0	0	0	0	0	0	0	0	0	0	0	0	0	0	0	0	0	0	0	0	0	0	0	0	0	0	0	0	0	0	0	0	0	0	0	0	0	0	0	0	0	0	0	0	0	0	0	0	0	0	0	0	0	0.272294077603812	0	0	0	0	0	0	0	1.5021556614477	0	0	0	0	0	0	0	0	0	0	0	0	1.59745858860903	0	0	0	0	0	0	0	0	0	0	0	0	0	0	0	0	0	0	0	0	0	0	0	0	0	0	0	0	0	0	0	0	0	0	0	0	0	0	0	0	0	0	0	0	0	0	0	0	0	0	0	0	0	0	0	0.22237349670978	0	0	0	0	0	0	0	0	0	0	0	0	0	1.12548218742909	0	0	0	0	0	0	0	0	0.113455865668255	0	0	0	0	0	0	0	0	0	0	0	0	0	0	0	3.05877013841616	0	0	0	0	0	0	0	0	0	0	0	0	0	0	0	0	0	0	0	0	0	0	0	0	0	0	0	0	0	0	0	0	0	0	0	0	0	0	0	0	0	0	0	0	0	0	0	0	2.38257317903336	0	0	0	0	0	0	0	0	0	0	0	0	0	0	0	0	0	0	0	0	0	0	0	0	0	0	0	0	0	0	0	0	0	0	0	0	0	0	0	0	0	0	0	0	0	0	0	0	0	0	0	0	0	0	0	0	0	0	0	0	0	0	0	0	0.167914681189017	0	0	0	0.181529385069208	0	0	0	0	0	0	0	0	0	0	0	0	0	0	0	0	0	0	0	0	0	0	0	0	0	0	0	0	0	0	0	0	0	0	0	0	0	0	0.90764692534604	0	0	0	0	0	0	0	0	0.163376446562287	0	0	0	0	0	0	0	0	0	0	0	0	0	0	0	0	0.417517585659179	0	0	0	0	77.8851826639437	0	0	0	0	0	0	0	0	0	0	0	0	0	0	0	0	0	0	0	0	0	0	0	0	0	0	0	0	0	0	0	0	0	0	0	0	0	0	0	0	0	0	0	0	0	0	0	0.0862264579078738	0	0	0	0	0	0	0.349444066258226	0	0	0	0	0	0	0	0	0	0.485591105060132	0	0	0	0	0	0	0	0	0	0	0	0	0	0	0	0	0	0	0	0	0	0	0	0	0	0	0	0	0	0	0	0	0	0	0	0	1.27070569548446	0	0	0	0	0	0	0	0	0	0	0	0	0	0	0	0	0	0	0	0	0	0	0	0	0	0	0	0	0	0	0	0	0	0	0	0	0	0	0.762423417290674	0	0	0	0	0	0	0	0	0	0	0	0	0	0	0	0	0	0	0	0	0	0	0	0	0	0	0	0	0	0	0	0	0	0	0	0	0	0	0	0	0	0	0	0	0	0	0	0	0	0.208758792829589	0	0	0	0	0	0	0	0	0	0	0	0.154299977308827	0	0.0635352847742228	0.494667574313592	0	0	0.0862264579078738	0	0	0	0	0	0	0	0	1.24347628772408	0	0	0	0	0	0	0	0	0	0	3.32652598139324	0	0	0	0	0	0	0	0	0	0	0	0	0	0	0	0	0	0	0	0	0	0	0	0	0	0	0	0	0	0	0	0	0	0	0	0	0	0	0	0	0	0	0	0	0.349444066258226	0	0	0	0	0	0	0	0	0	0.113455865668255	0	0	0	0	0	0	0	0	0.0136147038801906	0	0	0	0	0	0	0	0	0	0	0	0	0	0	0	0	0	0	0	0	0	0	0.263217608350352	0	0	0	0	0	0	0	0	0	0	0	0	0	0	0	0	0	0	0	0	0	0	0	0	0	0	0	0	0	0	0	0	0	0	0	0	0	0	0	0	0	0	0	0	0	0	0	0	0	0.299523485364193	0	0	0	0	0	0	0	0	0	0	0	0	0	0	0	0	0	0	0.431132289539369
ERR6650664	0	0	0	0	0	0	0	0	0	0	0	0	0	0.470492349868484	0	0	0	0	0	0	0	0	0	0	0	0	0	0	0	0	0	0	0	0	0.907642722187234	0	0	0	0	0	0	0	0.0333419775497351	0	0	0	0	0	0	0	0	0	0	0	0	0	0	0	0	0	0	0	0	0	0	0	0	0	0	0	0	0	0	0.392694402252436	0	0	0	0.18523320860964	0	0	0	0	0	0	0	0.333419775497351	0	0	0	0	0	0	0	0	0	0	0	0	0	0	0	0	0	0	0	0	0	0	0	0	0	0.15930055940429	0	0	0	0	0	0	0	0	0	0	0	0	0	0	0	0	0	0	0	0	0	0	0	0	0	0.0111139925165784	0	0	0	0	0	0	0	0	0	0	0	0	0	0	0	0	0	0	0	0	0	0	0	0	0	0	0	0	0	0	0	0	0	0	0	0	0	0	0	0.214870521987182	0	0	0	0	0	0.492720334901641	0	0	0	0	0	0	0	0	0	1.39665839291668	0	0	0	0	0	0	0	0	0	0	0	0	0	0	0	0	0	0	0	0	0	0	0	0	0	0	0	0	0	0	0	0	0	0	0	0	0	0	0	0	0	0	0	0	0	0	0	0	0.54458563331234	0	0	0	0	0	0	0	0	0	0	0.314896454636387	0	0	0	0	0	0	0	0	0	0	0	0	0	0	0	0	0	0	0	0	0	0	0	0	0	0	0	0	0	0	0	0	0	0	0	0	0	0	0	0	0	0	0	0	0	0	0	0	0	0	0	0	0	0	0.351943096358315	0	0	0	0.789093468677064	0	0	0	0	0	0	0.00370466417219279	0	0	0	0	0	0	0	0	0	0	0	0	0	0	0	0	0	0	0	0	0	0	0	0	0	0	0	0	0	0	0	0	0	0	0	0	0	0.400103730596821	0	0	0	0	0	0	0	0	0	0	0	0	0	0	0	0	0	0	0	0	0	0	0	81.7767569369837	0	0	0	0	0	0	0	0	0	0	0	0	0	0	0	0	0	0	0	0	0	0	0	0	0	0	0	0	0	0	0	0	0	0	0	0	0	0.100025932649205	0	0	0	0	0	0	0	0	0	0	0	0	0	0	0	0	0	0	0	0	0	0.170414551920868	0	0	0	0	0	0	0	0	0	0	0	0.848368095432149	0	0	0	0	0	0	0	0	0	0	0	0	0	0	0	0	0	0	0	0	0	0	0	0	0	0	0	0	0	0.155595895232097	0	0	0	0	0	0	0	0	0	0	0	0	0	0	0	0	0	0	0	0	0	0	0	0	0	0	0	0	0	0	0	0	0	0	0	0	0	0	0	0	0	0	0	0	0	0	0	0	0	0	0	0	0	0	0	0	0	0	0	0	0	0	0	0	0	0	0	0	0	0	0	0	0	0	0	0	0	0	0	0	0	0.129663246026748	0	0	0	0	0	0	0	0	0	0	0	0	0	0	0	0	0	0	0	0	0.0481606342385063	0	0	0	0	0	0	0	0	0	0	0	0	0	0	0	0	0	0	0	0	0	0	0	4.76790278961212	0	0	0	0	0	0	0	0	0	0	0	0	0	0	0	0	0	0	0	0	0	0	0	0	0	0	0	0	0	0	0	0	0	0	0	0	0	0	0	0	0	0	0	0	0.107435260993591	0	0	0	0	0	0	0	1.11880858000222	0	1.11139925165784	0	0	0	0	0	0	0	0	0	0	0	0	0	0	0	0	0	0	0	0	0	0	0	0	0	0	0	0	0	0	0	1.16326455006854	0	0	0	0	0	0	0	0	0	0	0	0	0	0	0	0	0	0	0	0	0	0	0	0	0	0	0	0	0	0	0	0	0	0	0	0	0	0	0	0	0	0	0	0	0	0	0	0	0	0	0	0	0	0	0	0	0	0	0	0	0	0	0	0	0	0	0	0	1.50038898973808
ERR6650666	0	0	0	0	0	0	0	0	0	0	0	0	0	0.0256049161438996	0	0	0	0	0	0	0	0	0	0	0	0	0	0	0.0448086032518243	0	0	0	0	0	0	0	0	0	0	0	0	0	0	0	0.0896172065036487	0	0	0	0	0	0	0	0	0	0	0	0	0	0	0	0	0	0	0	0	0	0	0	0	0	0	0	0	0.134425809755473	0	0	0	0	0	0	0	0	0	0	0.00320061451798745	0.0544104468057867	0	0	0	0	0	0	0	0	0	0	0	0	4.61528613493791	0	0	0	0	0	0	0	0	0	0	0	0	0	0	0	0	0	0	0	0	0	0	0	0	0	0	0	0	0	0	0	0	0	0	0	0	0	0	0.0480092177698118	0	0	0	0	0	0	0	0	0	0	0	0	0	0	0	0	0.0512098322877993	0	0	0	0	0	0	0	0	0	0	0	0	0	0.272052234028934	0	0	0	0	0	0	0	0	0	0.0256049161438996	0	0	0	0	0	0	0	0	0	0	0	0	0	0.0832159774676738	3.35424401485085	0	0	0	0	0	0	0	0.0832159774676738	0	0	0.169632569453335	0	0	0	0	0	0	0	0	0	0	0	0	0	0	0	0	0	0	0.00640122903597491	0	0	0	0	0	0	0	0	0	0	0	0	0	0	0	0	0	0	0.0448086032518243	0	0	0	0	0	0	0	0	0	0	0	0	0	0	0	0	0	0	0	0.0480092177698118	0	0	0	0	0	0	0	0	0	0	0	0	0	0	0	0	0	0	0	0	0	0	0	0	0	0	0	0	0	0	0	0	0.035206759697862	0	0	0	0	0	0	0	0	0	0	0	0	0.179234413007297	0	0	0.0448086032518243	0.134425809755473	0	0	0	0	0	0.380873127640507	0.102419664575599	0	0	0	0	0	0	0	0	0	0	0	0	0	0	0.131225195237486	0	0	0	0	0	0	0	0	0	0	0	0	0	0	0	0	0	0	0	0	0.33926513890667	0	0.118422737165536	0	0	0	0	0	0	0	0	0	0	0.0960184355396236	0	0	0	0	0	0	0	0	0	0	0	0	79.5512738445782	0	0	0	0	0	0	0	0	0	0	0	0	0	0	0	0	0	0	0	0	0	0	0	0	0	0	0	0	0	0	0	0.182435027525285	0	0	0	0	0	0	0	0	0	0	0	0	0	0	0	0.185635642043272	0	0	0	0.102419664575599	0	0	0	0	0.166431954935348	0	0	0	0	0	0	0	0	0	0	0	0	0	0	0	0	0	0	0	0	0	0	0	0	0	0	0	0	0	0	0	0.0224043016259122	0	0	0	0	0	0	0	0	0	0	0	0	1.67392139290744	0	0	0	0	0	0	0	0	0	0	0	0	0	0	0	0	0	0	0	0	0	0	0	0	0	0	0	0	0	0	0	0	0	0	0	0	0	0	0	0	0	0	0	0	0	0	0	0	0.361669440532582	0	0	0	0.0960184355396236	0	0	0	0	0	0	0	0	0	0	0	0	0	0	0	0	0	0	0	0	0	0	0	0	0	0	0	0	0	0	0	0	0	0	0	0	0	0	0	0	0	0	0	0	0	0	0	0	0	0.128024580719498	0.15042888234541	0	0	0	0	0	0	0	0	0	0	0	0.723338881065165	0	0	0	0	0	0	0	0	0	0	0.0896172065036487	0	0	0	0	0	0	0	0	0	0	0.208039943669184	0	0	0	0.0384073742158494	0	0	0	0	0	0	0	0	0	0	0	0	0	0	0	0	0	0	0.0256049161438996	0	0	0.0384073742158494	0	0	0	0	0	0	0	0.0768147484316989	0	0	0	0	0	0	0	0	0	0	0	0	0	0	0	0.377672513122519	0	0	0.0800153629496863	0	0	0.0192036871079247	0	0	0	0	0	0.115222122647548	0	0	0	0	0	0.131225195237486	0	0	0	0	0	0	0	0	0	0	0	0	0	0	0	0	0	0	0	0	0	0	0	0	0	0	0	0	0	0	0	0	0	0	0	0	0	0	0.240046088849059	0	0	0	0	0	0	0	0	0	0	0	0.233644859813084	0	0	0	0	0.259249775956984	0	0	0	0	0	0	0	0	0	0	0	0	0	0	0	0	0	0	0	0	4.00716937652029
ERR6650668	0	0	0	0	0	0	0	0	0	0	0	0	0	0	0	0	0	0	0	0	0.09706853038245	0	0	0	0	0	0	0	0	0	0	0	0	0	0	0	0	0	0	0	0	0	0	0	0	0	0	0	0	0	0	0	0	0	0	0	0	0	0	0	0	0	0	0	0	0	0	0	0	0	0	0	0	0	0	0	0	0	0	0	0	0.05824111822947	0	0	0	0	0	0	0	0	0	0	0	0	0	0	0	0	0.629004076878276	0	0	0	0	0	0	0	0	0	0	0	0	0	0	0	0	0	0	0	0	0	0	0	0	0	0	0	0	0	0	0	0	0	0	0	0	0	0	0	0	0	0	0	0	0	0	0	0	0	0	0	0	0	0	0	0.066006600660066	0	0	0.209668025626092	0	0	0	0	0	0	0	0	0	0	0	0	0	0	0	0	0	0	0	0	0	0	0	0	0	0	0	0	0	0	0	0	0	0	0	1.19200155309649	0	0	0	0	0	0	0	0	0	0	0.108716754028344	0	0	0	0	0	0	0	0	0	0	0	0	0	0	0	0	0	0	0	0	0	0	0	0	0	0	0	0	0	0	0.042710153368278	0	0	0	0	0	0	0	0	0	0	0	0	0	0	0	0	0	0	0	0	0	0	0	0	0	0	0	0	0	0	0	0	0	0	0	0	0	0	0	0	0	0	0	0	0	0	0	0	0	0	0	0	0	0	0	0	0.384391380314502	0	0	0	0	0	0	0	0	0	0	0	0	0	0	0	0	0	0	0	9.95146573480877	0	0	0	0	0	0	0.547466511357018	0	0	0	0	0	0	0	0	0	0	0	0	0	0	0	0	0	0	0	0	0	0	0	0	0.256260920209668	0	0	0	0	0	0	0	0	0	0	0	0	0	0	0	0	0	0	0	0	0	0	0	0	0	0	0	0	0	0	0	0	0	0	0	0	85.0436808386721	0	0	0	0	0	0	0	0	0	0	0	0	0	0	0	0	0	0	0	0	0	0	0	0	0	0	0	0	0	0	0	0	0	0	0	0	0	0	0	0	0	0	0	0	0	0	0	0.535818287711124	0	0	0	0	0	0	0	0	0	0	0	0	0	0	0	0	0	0	0	0	0	0	0	0	0	0	0	0	0	0	0	0	0	0	0	0	0	0	0	0	0	0	0	0	0	0	0	0	0	0	0	0	0	0.073772083090662	0	0	0	0	0	0	0	0	0	0	0	0	0	0	0	0	0	0	0	0	0	0	0	0	0	0	0	0	0	0	0	0	0	0	0	0	0	0	0	0	0	0	0	0	0	0	0	0	0	0	0	0	0	0	0	0	0	0	0	0	0	0	0	0	0	0	0	0	0	0	0	0	0	0	0	0	0	0	0	0	0	0	0	0	0	0	0	0	0	0	0	0	0	0	0	0	0	0	0	0	0	0	0	0	0	0	0	0	0.09706853038245	0	0	0	0	0	0	0.081537565521258	0	0	0	0	0	0	0	0	0	0	0.050475635798874	0	0	0	0	0	0	0	0	0	0	0	0	0	0	0	0	0	0	0	0	0	0	0	0	0	0	0	0	0	0	0	0	0	0	0	0	0	0	0	0	0	0	0	0	0.574645699864104	0	0	0	0	0	0	0	0	0	0	0	0	0	0	0	0	0	0	0	0	0	0	0	0	0	0	0	0	0	0	0	0	0	0	0	0	0	0	0	0	0	0	0	0	0	0	0	0	0	0	0	0	0	0	0	0	0	0	0	0	0	0	0	0	0	0	0	0	0	0	0	0	0	0	0	0	0	0	0	0	0	0	0	0	0	0	0	0	0	0	0	0	0	0	0	0	0	0	0	0	0	0	0	0	0	0	0	0	0	0	0
ERR6650669	0	0	0	0	0	0	0	0	0	0	0	0	0	0	0	0	0	0	0	0	0	0	0	0	0	0	0	0	0	0	0	0	0	0	0	0	0	0	0	0	0	0	0	0	0.0236094059873454	0	0	0	0	0	0	0	0	0	0	0	0	0	0.0377750495797526	0	0	0	0	0	0	0	0	0	0	0	0	0	0	0	0	0	0	0	0	0	0	0	0	0	0	0.0613844555670979	0	0	0	0	0	0	0	0	0	0	0	0	0.0897157427519124	0	0	0	0	0	0	0	0	0	0	0	0	0	0	0	0	0	0	0	0	0	0	0	0	0	0	0	0	0	0	0	0	0	0	0	0	0	0	0.106242326943054	0	0	0	0	0	0	0	0	0	0	0	0	0	0	0	0	0	0	0	0	0	0	0	0	0	0	0	0	0	0	0.148739257720276	0	0	0	0	0	0	0	0	0	0	0	0	0	0	0	0	0	0	0	0	0	0	0	0	0.240815941070923	0	0	0	0	0	0	0	0	0	0	0.597317971479838	0	0	0	0	0	0	0	0	0	0	0	0	0	0	0	0	0	0	0	0	0	0	0	0	0	0	0	0	0	0	0	0	0	0	0	0	0	0.0637453961658325	0	0	0	0	0	0	0	0	0	0	0	0	0	0	0	0	0	0	0	0	0	0	0	0	0	0	0	0	0	0	0	0	0	0	0	0	0	0	0	0	0	0	0	0	0	0	0	0	0	0	0	0	0	0	0	0	0	0	0	0	0	0	0	0	0	0	0	0	0	0	0	0	0	0	0	0	0.807441684767211	0	0	0	0	0	0	0	0	0	0	0	0	0	0	0	0	0	0	0	0	0	0	0	0	0	0	0	0	0	0	0	0	0	0	0	0	0	0	0	0	0	0	0	0	0	0	0	0	0	0	0	0	0	0	0	0	0	0	0	0	0	96.1280574180754	0	0	0	0	0	0	0	0	0	0	0	0	0	0.0283312871848144	0	0	0	0	0	0	0	0	0	0	0	0	0	0	0	0	0	0	0	0	0.0236094059873454	0	0	0	0	0	0	0	0	0	0	0	0.00236094059873454	0.0377750495797526	0	0	0	0	0	0	0	0	0	0	0	0	0	0	0	0	0	0	0	0	0	0	0	0	0	0	0	0	0	0	0	0	0	0	0	0	0	0	0	0	0	0	0	0	0	0	0	0	0	0	0.0212484653886108	0	0	0.0283312871848144	0	0	0	0	0	0	0	0	0	0	0	0	0	0	0	0	0	0	0.0330531683822835	0	0	0	0	0	0	0	0	0.0377750495797526	0	0	0	0	0	0	0	0	0	0	0	0	0	0	0	0	0	0	0	0	0	0	0	0	0	0	0	0	0	0	0	0	0	0	0	0	0	0	0	0	0	0	0	0	0	0	0	0	0	0	0	0	0	0.0873548021531778	0	0	0	0	0	0	0	0	0	0	0	0	0	0	0	0	0	0	0	0	0	0.0590235149683634	0	0	0	0	0	0	0	0	0.030692227783549	0	0	0.0141656435924072	0	0	0	0	0	0	0	0	0	0	0	0	0	0	0	0	0	0	0	0	0	0	0	0	0	0	0	0	0	0	0	0	0	0	0	0	0	0	0	0	0	0	0	0	0	0.0165265841911418	0	0	0	0	0	0	0	0	0	0.613844555670979	0	0	0	0.0236094059873454	0	0	0	0	0	0.00708282179620361	0	0	0	0	0	0	0	0	0	0	0	0	0	0	0	0	0	0	0	0	0	0	0	0	0	0	0	0	0	0	0	0.0212484653886108	0	0	0	0	0	0	0	0	0	0	0	0	0	0	0	0	0	0	0	0	0	0	0	0	0	0	0	0	0	0	0	0	0	0	0	0	0	0	0	0	0	0	0.60912267447351	0	0	0	0	0	0	0	0	0	0	0	0	0	0	0	0	0	0	0	0	0	0	0	0	0	0
ERR6650670	0	0	0	0	0	0	0	0	0	0	0	0	0	0	0	0	0	0	0	0	0	0	0	0	0	0	0	0	0	0	0	0	0	0	0	0	0	0	0	0	0	0	0	0	0	0	0.226087480782564	0	0	0	0.32858047207066	0	0	0	0	0	0	0	0	0	0	0	0	0	0	0.0602899948753504	0	0	0	0	0	0	0	0	0	0	0	0.0994784915443282	0	0	0	2.23977330961927	0	0	0.0844059928254906	0	0	0	0	0	0	0	0	0	0.0150724987188376	0	0	0	0.578783950803364	0	0	0	0	0	0	0	0	0	0	0	0	0	0	0	0	0	0	0	0	0	0	0	0	0	0	0	0	0	0	0	0	0	0	0	0	0.0241159979501402	0	0	0	0	0	0	0	0	0	0	0	0	0	0	0	0	0.0572754951315829	0	0	0	0	0	0	0	0	0	0	0	0	0	0	0	0	0	0	0	0	0	0	0	0	0.211014982063727	0.0241159979501402	0	0	0	0.0602899948753504	0.111536490519398	0	0.0120579989750701	0	0	0	0	0	0	0	0.599885449009737	0	0	0	0	0	0	0	0	0	0	0.111536490519398	0	0	0	0	0	0	0	0	0	0	0	0	0	0	0	0	0	0	0	0	0	0	0	0	0	0	0	0	0	0	0	0.150724987188376	0	0	0	0	0	0	0	0	0	0	0	0	0	0	0	0	0	0	0	0	0	0	0	0	0	0	0	0	0	0	0	0	0	0	0	0	0	0	0	0	0	0	0	0	0	0	0	0	0	0	0	0	0	0	0	0	0	0	0.069333494106653	0	0	0	0	0	0	0	0	0	0	0	0	0	0	0.0271304976939077	0	0.937509420311699	0	0	0	0	0	0	1.06411840954994	0	0	0	0	0	0	0	0	0	0	0	0	0	0	0	0	0	0	0	0	0	0	0	0	0	0	0	0	0	0	0	0	0	0	0	0	0	0	0	0	0	0	0	0	0	0	0	0	0	0	0	0	0	0	0	0	0.075362493594188	0	0	0	0	90.5284418050825	0	0	0	0	0	0	0	0	0	0	0	0	0	0	0	0	0	0	0	0	0	0	0	0	0	0	0	0	0	0	0	0	0	0	0	0	0	0.0723479938504205	0	0	0	0	0	0	0	0	0	0.171826485394749	0	0	0	0.00301449974376752	0	0	0	0	0	0	0	0	0	0	0	0	0	0	0	0	0	0	0	0	0	0	0	0	0	0	0	0.0211014982063727	0	0	0	0	0	0	0	0	0	0	0	0	0	0	0	0	0	0	0	0	0	0.0422029964127453	0.310493473608055	0	0	0	0	0	0	0	0	0	0	0	0	0	0	0	0	0	0	0	0	0	0	0	0	0	0.0211014982063727	0	0	0	0	0	0	0	0	0	0	0	0	0	0	0	0	0	0	0	0	0	0	0	0	0	0	0	0	0	0	0	0	0	0	0	0	0	0	0	0	0	0	0	0	0	0	0	0	0	0	0	0	0	0	0	0	0	0	0	0	0	0	0	0	0	0	0	0	0	0	0	0	0	0	0	0.0241159979501402	0	0	0	0	0	0	0	0	0	0.0180869984626051	0	0	0.120579989750701	0	0	0	0	0	0	0	0	0	0	0.0301449974376752	0	0	0	0	0	0	0	0	0	0	0	0	0	0	0	0	0	0	0	0	0	0	0	0	0	0	0	0	0	0	0	0	0	0	0	0	0	0	0	0	0	0	0	0	0.226087480782564	0	0	0	0	0	0	0	0	0	0.307478973864287	0	0	0	0	0	0	0	0	0.0301449974376752	0	0	0	0	0	0	0	0	0	0	0	0	0	0	0	0	0	0	0	0	0	0	0	0	0	0	0	0	0	0	0	0	0	0	0	0	0	0	0	0	0	0	0	0	0	0	0	0	0	0	0	0	0	0	0	0	0	0	0	0	0	0	0	0	0	0.0874204925692581	0	0	0	0	0	0	0	0	0	0	0	0	0	0	0	0	0	0	0	0	0	0	0	0	0	0.816929430560998
ERR6650672	0	0	0	0	0	0	0	0	0	0	0	0	0	0	0	0	0	0	0	0	0	0	0	0	0	0	0	0	0	0	0	0	0	0	0	0	0	0	0	0	0	0	0	0	0.355700826764084	0	0	0	0	0	0	0	0	0	0	0	0	0	0	0	0	0	0	0	0	0	0	0	0	0	0	0	0	0	0	0	0	0	0	0	0	0	0	0	0	0	0	0	0	0	0	0	0	0	0	0	0	0	0.631288854707428	0	0	0	0	0	0	0	0	0	0	0	0	0	0	0	0	0	0	0	0	0	0	0	0	0	0	0	0	0	0	0	0	0	0	0	0	0.0448631673396142	0	0	0	0	0	0	0	0	0	0	0	0	0	0	0	0	0	0	0	0	0	0	0	0	0.0480676792924438	0	0	0	0	0	0	0	0	0	0	0	0	0	0	0	0	0	0	0	0	0	0	0	0	0	0	0	0	0	0	0	0	0	0	0	0	0	0	0	0	0	0	0	0	0	0	0	0	0	0	0	0	0	0	0	0	0	0	0	0.365314362622573	0	0	0	0	0	0	0	0	0	0	0	0	0	0	0	0	0	0	0	0	0	1.03505736076396	0	0	0	0	0	0	0	0	0	0	0	0	0	0	0	0	0	0	0	0	0	0	0	0	0	0	0	0	0	0	0	0	0	0	0	0	0	0	0	0	0	0	0	0	0	0	0	0	0	0	0	0	0	0	0	0	0	0	0	0	0	0	0	0	0	0	0	0	0	0	0	0	0	0	0	0	0	0	0	0	0	0	0	0	0	0	0	0	0	0	0	0	0	0	0	0	0	0	0	0	0	0	0	0	0	0	0	0	0	0	0	0	0	0	0	0	0	0	0	0	0	0	0	0	0	0	0	0	0	0	0	0	0	0	0	0	0	0	83.9710312119464	0	0	0	0	0	0	0	0	0	0	0	0	0	0	0	0	0	0	0	0	0	0	0	0	0	0	0	0	0	0	0	0	0	0	0.487085816830097	0	0	0	0	0	0	0	0	0	0	0	0	0	0	0	0	0	0	0	0	0	0	0	0	0	0	0	0	0	0	0	0	0	0	0	0	0	0	0	0	0	0	0	0	0	0	0	0	0	0	0	0	0	0	0	0	0	0	0	0	0	0	0	0	0	0	0.775491892584759	0	0	0	0	0	0	0	0	0	0	0	0	0	0	0	0	0	0	0	0	0	0	0	0	0	0	0	0	0	0	0	0	0	0	0	0	0	0	0	0	0	0	0	0	0	0	0	0	0	0	0	0	0	0	0	0	0	0	0	0	0	0	0	0	0	0	0	0	0	0	0	0	0	0	0	0	0	0	0	0	0	0	0	0	0	0	0	0	0	0	0	0	0	0	0	0	0	0	0	0	0	0	0	0	0	0	0	0	0	0	0	0	0	0	0	0	0	0	0	0	0	0	0	0	0	0	0	0	0	0	0	0	0	0	0	0	0.743446773056463	0	0	0	0	0	0	0	0	0	0	0	0	0	0	0	0	0	0	0	0	0	0	0	0	0	0	0	0	0	0	0	0	0	0	0	0	0	0	0	0	0	0	0	0	5.04710632570659	0	0	0	0	0	0	0	0	0	0	0	0	0	0	0	0	0	0	0	0	0	0	0	0	0	0	0	0	0	0	0	1.57341536883933	0	0	0	0	0	0	0	0	0.656924950330065	0	0	0	0	0	0	0	0	0	0	0	0	0	0	0	0	0	0	0	0	0	0	0	0	0	0	0	0	0	0	0	0	0	0	0	0	0	0	2.90649234121643	0	0	0	0	0	0	0	0	0	0	0	0	0	0	0	0	0	0	0	0	1.35871306799974
ERR6650675	0	0	0	0	0	0	0	0	0	0	0	0	0	0	0	0	0	0	0	0	0	0	0	0	0	0	0	0	0	0	0	0	0	0	0	0	0	0	0	0	0	0	0	0	0	0	0	0	0	0	0	0	0	0	0	0	0	0	0	0	0	0	0	0	0	0	0	0	0	0	0	0	0	0.0803858520900322	0	0	0	0	0	0	0	0	0	0	0	0	0	0	0	0	0	0	0	0	0	0	0	0	0	0	0	0	0	0	0	0	0	0	0	0	0	0	0	0	0	0	0	0	0	0	0	0	0	0	0	0	0	0	0	0	0	0	0	0	0	0	0	0	0	0	0	0	0	0	0	0	0	0	0	0	0	0	0	0	0	0	0	0	0	0	0	0	0	0	0	0	0	0	0	0	0	0	0	0	0	0	0	0	0	0	0	0	0	0	0	0	0	0	0	0	0	0	0	0	0	0	0	0	0	0	0	0	0	0	0	0	0	0	0	0	0	0	0	0	0	0	0	0	0	0	0	0	0	0	0	0	0	0	0	0	0	0	0	0	0	0	0	0	0	0	0	0	0	0	0	0	0	0	0	0	0	0	0	0	0	0	0	0	0	0	0	0	0	0	0	0	0	0	0	0	0	0	0	0	0	0	0	0	0	0	0	0	0	0	0	0	0	0	0	0	0	0	0	0	0	0	0	0	0	0	0	0	0	0	0	0	0	0	0	0	0	0	0	0	0	0	0	0	0	0	0	0	0	0	0	0	0	0	0	0	0	0	0	0	0	0	0	0	0	0	0	0	0	0	0	0	0	0	0	0	0	0	0	0	0	0	0	0	0	0	0	0	0	0	0	0	0	0	0	0	0	0	0	0	0	0	0	0	0	0	0	99.6053785442853	0	0	0	0	0	0	0	0	0	0	0	0	0	0	0	0	0	0	0	0	0	0	0	0	0	0	0	0	0	0	0	0	0	0	0	0	0	0	0	0	0	0	0	0	0	0	0	0	0	0	0	0	0	0	0	0	0	0	0	0	0	0	0	0	0	0	0	0	0.208272434960538	0	0	0.0109617071031862	0	0	0	0	0	0	0	0	0	0	0	0	0	0	0	0	0	0	0	0	0	0	0	0	0	0	0	0	0	0	0	0	0	0	0	0	0	0	0	0	0	0	0	0	0	0	0	0	0	0	0	0	0	0	0	0	0	0	0	0	0	0	0	0	0	0	0	0	0	0	0	0	0	0	0	0	0	0	0	0	0	0	0	0	0	0	0	0	0	0	0	0	0	0	0	0	0	0	0	0	0	0	0	0	0	0	0	0	0	0	0	0	0	0	0	0	0	0	0	0	0	0	0	0	0	0	0	0	0	0	0	0	0	0	0	0.0401929260450161	0	0	0	0	0	0	0	0	0	0	0	0	0	0	0	0	0	0	0	0	0	0	0	0	0	0	0	0	0	0	0	0	0	0	0	0	0	0	0	0	0	0	0	0	0	0	0	0	0	0	0	0	0	0	0	0	0	0	0	0	0	0	0	0	0	0	0	0	0	0	0	0	0	0	0	0	0	0	0	0	0	0	0	0	0	0	0	0	0	0	0	0	0	0	0	0	0	0	0	0	0	0	0	0	0	0	0	0	0	0	0	0	0	0	0	0	0	0	0	0	0	0	0	0	0	0	0	0	0	0	0	0	0	0	0	0	0	0	0	0	0	0	0	0	0	0	0	0	0	0	0	0	0.054808535515931	0	0	0	0	0	0	0	0	0	0	0	0	0	0	0	0	0	0	0	0	0	0	0	0
ERR6650676	0	0	0	0	0	0	0	0	0	0	0	0	0	0	0	0	0	0	0	0	0	0	0	0	0	0	0	0	0	0	0	0	0	0	0	0	0	0	0	0	0	0	0	0	0.276962092899092	0	0	0	0	0	0.0533902829684997	0	0	0	0	0	0	0	0	0	0	0	0	0	0	0	0	0	0	0	0	0	0	0.0200213561131874	0	0	0	0	0	0	0	0	0	0	0.230245595301655	0.250266951414843	0	0	0	0	0	0	0	0	0	0	0	0	0.32367859049653	0	0	0	0	0	0	0	0	0	0	0	0	0	0	0	0	0	0	0	0	0	0	0	0	0	0	0	0	0	0	0	0	0	0	0	0	0	0	0	0	0	0	0	0	0	0	0	0	0	0	0	0	0	0	0	0	0	0	0	0	0	0	0	0	0	0	0	0	0	0	0	0	0	0	0	0	0	0	0	0	0	0	0	0	0	0	0.0300320341697811	0	0	0	0	0	0	0	0.0166844634276562	0	0	0	0	0	0	0	0	0	0	0	0	0	0	0	0	0	0	0	0	0	0.0467164975974373	0	0	0	0	0	0	0	0	0	0	0	0	0	0	0	0	0	0	0	0	0	0	0	0	0	0	0.233582487987186	0	0	0	0	0	0	0	0	0	0.0233582487987186	0	0	0	0	0	0	0	0	0	0	0	0	0	0	0	0	0	0	0	0	0	0	0	0	0	0	0	0	0	0	0	0	0	0	0	0	0	0	0	0	0	0	0	0	0	0	0	0	0	0	0	0	0	0	0	0	0	0	0	0	0	0	0	0	0	0	0	0	0	0	0	0	0	0	0	0	0	0	0	0	0	0.0200213561131874	0	0	0	0	0	0	0	0	0	0	0	0	0	0	0	0	0	0	0	0	0	0	0	0	0	0	0	0	0	0	0	0	0	0	0	0	0	0	0	0	0	0	0	0	0	0	95.1681793913508	0	0	0	0	0	0	0	0	0	0	0	0	0	0	0	0	0	0	0	0	0	0	0	0	0	0	0	0	0	0	0	0	0	0	0	0	0	0	0	0	0	0	0	0	0	0	0	0	0	0	0	1.44821142552056	0	0	0	0	0	0	0	0	0	0	0	0	0	0	0	0	0.0834223171382808	0	0	0	0	0	0	0	0	0	0	0	0	0	0	0	0	0	0	0	0	0	0	0	0	0	0	0	0	0	0	0	0	0	0	0	0	0	0.240256273358249	0	0	0	0	0	0	0	0	0	0	0	0	0	0	0	0	0	0	0	0	0	0	0	0	0	0	0	0	0	0	0	0	0	0	0	0	0	0	0	0	0	0	0	0	0	0	0	0	0	0	0	0	0	0	0	0	0	0	0	0	0	0	0	0	0	0	0	0	0	0	0	0	0	0	0	0	0	0	0	0	0	0	0	0	0	0	0	0	0	0	0	0	0	0	0	0	0	0	0.200213561131874	0	0	0	0	0	0	0	0	0	0	0	0.186865990389749	0	0	0	0	0	0	0	0	0	0	0.106780565936999	0	0	0	0	0	0	0	0	0	0	0	0.0400427122263748	0	0	0	0	0	0	0.0467164975974373	0	0	0	0	0	0	0	0	0	0	0	0	0	0	0	0	0	0	0	0	0	0	0	0	0	0.0533902829684997	0	0	0	0	0	0	0	0	0	0.100106780565937	0	0	0	0	0	0.363721302722904	0	0	0	0	0	0	0	0	0	0	0	0	0	0	0	0	0	0	0	0	0	0	0	0	0	0.260277629471436	0	0	0	0	0	0	0	0	0	0	0	0	0	0	0	0	0	0	0	0	0	0	0	0	0	0	0	0	0	0	0	0	0	0	0	0	0	0	0	0	0	0	0	0	0	0	0	0.0200213561131874	0	0	0	0	0	0	0	0	0	0	0	0	0	0	0	0	0	0	0	0	0.156833956219968
ERR6650678	0	0	0	0	0	0	0	0	0	0	0	0	0	0	0	0	0	0	0	0.485097019403881	0	0	0	0	0	0	0	0	0	0	0	0	0	0	0	0	0	0	0	0	0	0	0	0	0.370074014802961	0	0	0	0	0	0	0	0	0	0	0	0	0	0	0	0	0	0	0	0	0	0	0	0	0	0	0	0	0.560112022404481	0	0	0	0	0	0	0	0.13002600520104	0	0	0	0	0	0	0	0	0	0	0	0	0	0	0	0	0.18003600720144	0	0	0	0	0	0	0	0	0	0	0	0	0	0	0	0	0	0	0	0	0	0	0	0	0	0	0	0	0	0	0	0	0	0	0.0800160032006401	0	0	0	0	0	0	0	0.0450090018003601	0	0	0	0	0	0	0	0.11002200440088	0	0	0	0	0.15503100620124	0	0	0	0	0	0	0	0	0	0	0	0	0	0.1500300060012	0	0	0	0	0	0.2750550110022	0	0	0	0	0	0	0	0.13502700540108	0	0	0.0700140028005601	0	0	0	0	0	0	0	0.435087017403481	0	0	0	0	0	0	0	0	0	0	0	0	0	0	0	0	0	0	0	0	0	0	0	0	0	0	0	0	0	0.0750150030006001	0	0	0	0	0	0	0	0	0	0	0	0	0	0	0	0	0	0	0.23004600920184	0	0	0	0	0	0	0	0	0	0	0	0	0	0	0	0	0	0	0	0	0	0	0	0	0	0	0	0	0	0	0	0	0	0	0	0	0	0	0	0	0	0	0	0	0	0	0	0	0	0	0	0	0	0	0	0	0	0	0	0	0	0	0	0	0	0	0	0	0	0	0	0	0	0	0	0	0.125025005001	0	0.02000400080016	0	0	0	0	0	0	0	0	0	0	0	0	0.17003400680136	0	0	0	0	0	0	0	0	0	0	0	0	0	0	0	0	0	0	0	0	0	0	0	0	0	0	0	0	0	0	0	0	0	0	0	0	0	0	0	0	0	0.0500100020004001	0	0	0	0	87.3524704940988	0	0	0	0	0	0	0	0	0	0	0	0	0	0	0	0	0	0.0250050010002	0	0	0	0	0	0	0	0	0	0	0	0	0.0600120024004801	0.13002600520104	0	0.0650130026005201	0	0	0	0	0	0	0	0	0	0	0	0	0	0.1500300060012	0	0	0	0.22004400880176	0	0	0	0	0	0	0	0	0	0	0	0	0	0	0	0	0	0	0	0.560112022404481	0	0	0	0	0	0	0	0	0	0	0	0	0	0	0	0	0	0	0	0	0	0	0	0	0	0	0	0	0	1.500300060012	0	0	0	0	0	0	0	0	0	0	0	0	0	0	0	0.0500100020004001	0	0	0	0	0	0	0	0	0	0	0.0550110022004401	0	0	0	0	0	0	0	0	0	0.365073014602921	0	0.355071014202841	0	0	0	0	0	0	0	0	0	0.0250050010002	0	0	0	0.465093018603721	0	0	0	0	0	0	0	0	0	0	0	0	0	0	0	0	0.22004400880176	0	0	0	0	0	0	0	0	0	0	0	0	0	0	0	0	0	0	0	0	0	0	0	0	0	0.0700140028005601	0	0	0	0	0	0	0.03000600120024	0.715143028605721	0	0	0	0	0	0	0	0	0	0	0	0.615123024604921	0	0	0	0	0	0	0	0	0	0	0.01500300060012	0	0	0	0	0	0	0	0	0	0	0	0	0	0	0	0	0	0	0	0	0	0	0	0	0	0	0	0	0	0	0	0	0	0	0	0	0	0	0	0	0	0	0	0	0.15503100620124	0	0	0	0	0	0	0	0	0	0.0650130026005201	0	0	0	0	0	0.775155031006201	0	0	0	0	0	0.0700140028005601	0	0	0	0	0	0	0	0	0	0	0	0	0	0	0	0	0	0	0	0.19003800760152	0	0	0	0	0	0	0	0	0.15503100620124	0	0	0	0	0	0	0	0	0	0	0	0	0	0	0	0	0	0	0	0	0	0.0700140028005601	0	0	0	0	0	0	0	0	0	0	0	0	0	0	0	0	0.1750350070014	0	0.360072014402881	0	0	0	0	0	0	0	0	0	0	0	0	0	0	0	0	0	0	1.09021804360872
ERR6650682	0	0	0	0	0	0	0	0	0	0	0	0	0	0	0	0	0	0	0	0	0	0	0	0	0	0	0	0	0	0	0	0	0	0	0	0	0	0	0	0	0	0	0	0	0.240108304171243	0	0	0	0	0	0	0	0	0	0	0	0	0	0	0	0	0	0	0	0	0	0	0	0	0	0	0	0	0.0280977802753582	0	0	0	0	0	0	0	0.00766303098418861	0	0	0	0	0	0	0	0	0	0	0	0	0	0	0	0	0.794400878694219	0	0	0	0	0	0	0	0	0	0	0	0	0	0	0	0	0	0	0	0	0	0	0	0	0	0	0	0	0	0	0	0	0	0	0	0	0	0	0	0	0	0	0	0	0	0	0	0	0	0	0	0	0	0	0	0	0	0	0	0	0	0	0	0	0	0	0	0	0	0	0	0	0	0	0	0	0	0	1.22608495747018	0	0	0	0	0	0.0280977802753582	0	0	0	0	0	0	0.319292957674526	0	0	1.49173669825538	0.00766303098418861	0	0	0	0	0	0	0.970650591330558	0	0	0	0	0	0	0	0	0	0	0	0	0	0	0	0	0	0	0	0	0	0	0	0	0	0	0	0	0	0	0	0	0	0	0	0	0	0	0	0	0.0178804056297734	0.0587499042121127	0	0	0	0	0	0	0	0	0	0	0	0	0	0	0	0	0	0	0	0	0	0	0	0	0	0	0	0	0	0	0	0	0	0	0	0	0	0	0	0	0	0	0	0	0	0	0	0	0	0	0	0	0	0	0	0	0	0	0	0	0	0	0	0	0	0	0	0	0	0	0	0	0	0	0	0	0	0	0	0	0	0	0	0	0	0	0	0	0	0	0	0	0	0	0	0	0	0	0.526194794247618	0	0	0	0	0	0	0	0	0	0	0	0	0	0	0	0	0	0	0	0	0	0	0	0	0	0	0	0	0	0	0	0	0	0	0	0	0	0	88.6714858617078	0	0	0	0	0	0	0	0	0	0	0	0	0	0	0	0	0.109836777440037	0	0	0	0	0	0	0	0	0	0	0	0	0	0	0	0	0.125162839408414	0	0	0	0	0	0	0	0	0	0	0	0	0	0.114945464762829	0	0	0	0	0	0	0	0	0	0	0	0	0	0	0	0	0	0	0	0	0	0	0	0	0	0	0	0	0	0	0	0	0	0	0	0	0	0.0587499042121127	0	0	0	0	0	0	0	0	0	0	0	0	0	0	0	1.84934481085085	0	0	0	0	0	0	0	0	0	0	0	0	0	0	0	0.140488901376791	0	0	0	0	0	0	0	0	0	0	0	0	0	0	0	0	0	0	0	0	0	0	0	0	0	0	0	0	0	0	0	0	0	0	0	0	0	0	0	0	0	0	0	0	0	0	0	0	0	0	0	0	0	0	0	0	0	0	0	0	0	0	0	0	0	0	0	0	0	0	0	0	0	0	0	0.120054152085622	0	0	0	0	0	0	0	0	0	0	0	0	0	0	0	0	0	0	0	0	0	0	0	1.0064114025901	0	0	0	0	0	0	0	0	0	0	0.383151549209431	0	0	0	0	0	0	0	0	0	0	0	0	0	0	0	0	0	0	0	0	0	0	0	0	0	0	0	0	0	0	0	0	0	0	0	0	0.0970650591330558	0	0	0	0	0	0	0	0	0	0	0	0	0	0	0	0	0	0	0	0	0	0	0	0.143043245038187	0	0	0	0	0	0.112391121101433	0	0	0	0	0	0	0	0	0	0	0	0	0	0	0	0	0	0	0	0	0.0510868732279241	0	0	0	0	0	0	0	0	0	0	0	0	0	0	0	0.0102173746455848	0	0	0	0	0	0	0	0	0	0	0	0	0	0	0	0	0	0	0	0	0	0	0	0	0	0.196684461927508	0	0	0	0.0459781859051317	0.743314005466295	0.224782242202866	0	0	0	0	0	0	0	0	0	0	0	0	0	0	0	0	0	0	0	0.0791846535032823
ERR6650685	0	0	0	0	0	0	0	0	0	0	0	0	0	0	0	0	0	0	0	0	0.419950228121112	0	0	0	0	0	0	0	0	0	0	0	0	0	0	0	0	0	0	0	0	0	0	0	0	0	0	0	0	0	1.50871007880547	0	0	0	0	0	0	0	0	0.150352550808793	0	0	0	0	0	0	0	0	0	0	0	0	0	0	0	0	0	0	0	0	0	0	0.0311074243052675	0	0.725839900456242	0	0	0	0	0	0	0	0	0	0	0	0	0	0	0	0	0	0	0	0	0	0	0	0	0	0	0	0	0	0	0	0	0	0	0	0	0	0	0	0	0	0	0	0	0.088137702198258	0	0	0	0	0	0	0	0.119245126503526	0	0	0	2.70634591455827	0	0	0	0	0	0	0	0.0103691414350892	0	0	0	0	0.0362919950228121	0	0	0	0	0	0	0	0.0311074243052675	0	0	0	0	0	0	0	0	0	0	0	0	0	0	0	0.129614267938615	0	0	0	0.176275404396516	0	0	4.15284114475321	0	0	0	0	0	0	0	0.228121111571962	0	0	0	0	0	0	0	0.0259228535877229	0	0	0.751762754043965	0	0	0	0	0	0	1.07839070924927	0	0	0	0	0	0	0	0	0	0	0	0	0	0	0	0	0	0	0.731024471173787	0	0	0	0	0	0	0	0	0	0	0	1.52426379095811	0	0	0	0	0	0	0	0.176275404396516	0	0	0	0	0	0	0	0	0	0	0	0	0	0	0	0	0	0	0	0	0	0	0	0	0	0	0	0	0	0	0	0	0	0	0	0	0	0	0	0	0	0	0	0	0	0	0	0	0	0	0	0	0	0	0	0	0	0	0	1.44649523019494	0.0466611364579013	0	0	0	0	0	0	0	1.83015346329324	0	0	0	0	0	0	0	0	0	0.0259228535877229	0	0	0	0	0	0	0	0	0	0	0	0	0.585856491082538	0	0	0	0	0	0	0	0	0	0	0.212567399419328	0	0	0	0.31625881377022	0	0.222936540854417	0	0	0	0	0	0	0	0	0	0	0	0	0	0	0	0	0	0	0.0207382828701783	0	0.684363334715886	53.6291995022812	0	0	0	0	0	0	0	0	0	0	0.062214848610535	0	0	0	0	0	0	0	0	0	0	0.165906262961427	0	0	0	0	0	0	0	0	0	0	0	0	0.461426793861468	0	0	0.197013687266694	0	0	0	0	0	0	0	0.12442969722107	0	0.357735379510577	0	0	0	0.103691414350892	0	0	0	0	0	0	0	0	0	0	0	0	0	0	0	0.103691414350892	0	0.476980506014102	0	0	0	0	0	0	0	0	0	0	0	0.0466611364579013	0	0	0	0	0	0	0	0	0	0	0	0	0	0	0	0	0	0	0	7.17026130236416	2.50933222729158	0	0.0777685607631688	0	0	0	0	0	0	0	0	0	0	0	0	0.492534218166736	0	0	0.63251762754044	0	0	0	0	0	0	0	0	0	0	0.0570302778929905	0.0466611364579013	0	0	0	0	0	0	0	0	0	0	0	0	0	0	0	0	0	0	0	0.0933222729158026	0	0	0	0	0	0	0	0	0	0	0	0	0	0	0	0	0	0	0	0	0	0	0	0	0	0	0	0	0	0	0	0	0	0	0	0	0	0	0	0	0	0	0	0	0	0	0	0	0	0	0	0	0	0	0	0	0	0	0	0	0	0.886561592700124	0	0.129614267938615	0	0	0	0	0	0	0.108875985068436	0	0	0	0	5.63044379925342	0	0	0	0	0	0	0	0	0	0.171090833678971	0	0	0	0	0	0	0	0	0	0	0	0	0	0	0	0	0	0	0	0.0207382828701783	0	0	0	0.886561592700124	0	0	0.49771878888428	0	0	0	0	0	0	0	0.523641642472003	0	0	0	0	0	0	0	0.0466611364579013	0	0	0.0259228535877229	0	0	0	0	1.3842803815844	0	0	0.388842803815844	0	0	0	0	0	0	0	0	0	0	0	0	0	0	0	0	0	0	0	0	0	0	0.0103691414350892	0	0	0	0	0	0	0	0	0	0	0	0	0	0	0	0	0	0	0	0	0	0	0	0	0	0	0	0	0	0	0	0	0	0	0	0	0.673994193280796	0	0	0	0	0	0.31625881377022	0	0	0	0	0.0933222729158026	0	0.0725839900456242	0	0.0259228535877229	0	0.0414765657403567	0	0	0	0	0	0.0673994193280796	0	0	0	0	0	0	0	0	0.995437577768561
ERR6650688	0	0	0	0	0	0	0	0	0	0	0	0	0	0	0	0	0	0	0	0	0	0	0	0	0	0	0	0	0	0	0	0	0	0	0	0	0	0	0	0	0	0	0	0	0.137401242856697	0	0.143646753895637	0	0	0	0.683883458764013	0	0	0	0	0	0	0	0	0	0	0	0	0	0	0	0	0	0	0	0	0	0	0	0	0.0156137775973519	0	0	0	0	0	0.112419198700934	0	0	0.293539018830216	0.0437185772725853	0	0	0	0	0	0	0	0	0	0	0	0	0.533991193829435	0	0	0	0	0	0	0	0	0	0	0	0	0.0312275551947038	0	0	0	0	0	0	0	0	0	0	0.124910220778815	0	0	0	0	0	0	0	0	0	0	0	0	0	0	0.00312275551947038	0	0	0	0	0	0	0	0	0	0	0	0	0	0	0	0	0	0	0	0	0	0	0	0	0	0	0	0	0	0	0.502763638634731	0	0	0	0	0	0	0	0	0	0	0	0	0	0	0.134278487337226	0	0.134278487337226	0	0	0	0	0	0	0	0.334134840583331	0	0	0	0	0	0	0	0.312275551947038	0	0	0	0	0	0	0	0	0	0	0	0	0	0	0	0	0	0	0	0	0	0	0	0	0	0	0	0	0.0530868438309965	0	0	0	0	0	0	0	0	0	0	0	0.134278487337226	0	0	0	0	0	0	0	0	0	0	0	0	0	0.115541954220404	0	0	0	0	0	0	0	0	0	0	0	0	0	0	0	0	0	0	0.0156137775973519	0	0	0	0	0	0	0	0	0	0	0	0	0	0	0	0.24669768603816	0	0	0	0	0	0	0	0	0	0.0156137775973519	0	0	0	0	0	0	0	0	0.0187365331168223	0	0	0	0	0	0.0343503107141742	0	0	0	0	0.0374730662336446	0	0	0	0	0	0	0	0	0	0	0	0	0.0499640883115261	0	0	0	0	0	0	0	0	0	0	0	0	0	0	0	0	0	0	0	0	0	0	0.0312275551947038	0	0	0	0	0	0	0	0	0	0	0	0	0	0	0.137401242856697	0	0	0	0	0	0	0	0	87.6776067201699	0	0	0	0	0	0	0	0	0	0	0	0	0	0	0	0	0	0	0	0	0	0	0	0	0	0	0	0	0	0	0	0.0468413327920557	0	0	0	0	0	0	0	0	0	0	0	0	0	0	0	0.0374730662336446	0	0	0	0.24669768603816	0	0	0	0	0	0.103050932142523	0	0	0	0	0	0	0.0593323548699372	0	0	0	0	0	0	0	0	0	0	0	0	0	0	0	0	0	0	0	0	0	0	0	0	0	0	0	0	0	0	0	0	0	0	0	0	4.0064953314805	0	0	0	0	0	0	0	0	0	0	0	0	0	0	0	0	0	0	0.153015020454049	0	0	0	0.0343503107141742	0	0	0	0	0.0374730662336446	0.0156137775973519	0	0	0	0	0	0	0	0	0	0	0	0	0	0	0	0	0	0	0	0	0	0	0	0.140523998376167	0	0	0	0	0	0	0	0	0	0	0	0	0.0530868438309965	0	0.00624551103894076	0	0.777566124348125	0	0	0	0	0	0	0	0	0	0	0	0	0	0	0	0	0	0	0	0	0	0	0	0	0	0	0	0	0	0	0	0	0	0	0	0	0	0	0	0	0	0	0	0	0	0.0156137775973519	0	0	0	0	0	0	0	0	0.0780688879867595	0	0.0281047996752334	0	0	0	0.0156137775973519	0	0	0	0	0	0	0	0	0	0	0	0	0	0	0	0	0	0	0	0	0	0	0	0	0	0	0	0	0	0.209224619804516	0	0	0	0	0	0	0	0	0	0	0.156137775973519	0	0	0	0	0	0	0	0	0	0	0	0	0	0	0	0.121787465259345	0	0	0.0687006214283484	0	0	0	0	0	0	0	0	0	0	0	0	0	0	0	0	0	0	0	0	0	0	0	0	0	0.196733597726634	0	0	0	0	0	0.0936826655841114	0	0	0	0	0	0	0	0	0	0	0	0	0	0	0	0	0	0	0	0	0	0.103050932142523	0	0	0	0	0	0	0	0	0	0	0	0.0562095993504668	0	0	0	0	0.309152796427568	0	0	0	0	0	0	0	0	0.0968054211035818	0	0	0.0437185772725853	0	0	0	0	0	0	0	0	0.580832526621491
ERR6650696	0	0	0	0	0	0	0	0	0	0	0	0	0	0	0	0	0	0	0	0	0	0	0	0	0	0	0	0	0	0.00546164559381742	0	0	0	0	0	0	0	0	0	0	0	0	0	0	0.08465550670417	0	0	0	0	0	0.163849367814523	0	0	0	0	0	0	0	0	0	0	0	0	0	0	0.00546164559381742	0	0	0	0	0	0	0	0.0436931647505393	0	0	0	0	0	0	0	0	0	0	0	0	0	0	0	0	0	0	0	0	0	0	0	0	0.0382315191567219	0	0	0	0	0	0	0	0	0	0	0	0	0.103771266282531	0	0	0	0	0	0	0	0	0	0	0	0	0	0	0	0	0	0	0	0	0	0	0	0	0	0.00273082279690871	0	0	0	0	0	0	0	0	0	0	0	0	0	0	0	0	0	0	0	0	0	0	0	0	0	0	0	0	0	0	0	0	0	0	0	0	0	0	0	0.0109232911876348	0.0109232911876348	0	0	0	0	0.00819246839072613	0	0.0355006963598132	0	0	0	0	0	0	0.0218465823752697	0.0491548103443568	0	0	0	0	0	0	0	0.00546164559381742	0	0	0	0	0	0	0	0	0	0	0	0	0.00819246839072613	0	0	0	0	0	0	0	0	0.00546164559381742	0	0	0	0	0.319506267238319	0	0	0	0	0	0	0	0	0	0	0	0	0	0	0	0	0	0	0	0	0	0	0	0.00273082279690871	0	0	0	0	0	0	0	0	0	0	0	0	0	0	0	0	0	0	0	0	0	0	0.0109232911876348	0	0	0	0	0	0	0	0	0	0	0	0	0	0	0	0	0	0	0	0.019115759578361	0	0	0	0	0	0	0	0	0	0	0	0	0	0.0327698735629045	0	0	0	0	0.0245774051721784	0	0	0	0	0	0	0	0	0	0	0	0	0	0	0	0	0	0	0	0	0	0	0	0	0.0409623419536306	0	0	0	0	0	0	0	0	0	0	0	0	0	0	0	0	0	0.0109232911876348	0	0	0	0	0	0	0	0	0	0	0	0	0	0	0	0	0	0	0.0791938611103526	0	0	0	0	97.4330265709058	0	0	0	0	0	0	0.0109232911876348	0	0	0	0	0	0	0	0	0	0.0355006963598132	0	0	0	0	0	0	0	0	0	0	0	0	0	0	0	0	0	0.103771266282531	0	0	0.0628089243289003	0	0	0	0	0	0	0	0	0	0.111963734673257	0	0	0	0.0300390507659958	0	0	0	0	0	0	0	0	0	0	0	0	0	0	0	0	0	0	0	0	0	0	0	0	0	0	0	0	0	0	0	0	0	0	0	0	0	0	0	0	0	0	0	0	0	0	0	0	0	0.019115759578361	0	0	0	0	0	0	0	0	0	0	0	0	0	0	0	0	0	0	0.00819246839072613	0	0	0	0	0	0	0	0	0	0	0	0	0	0	0	0	0	0.10650208907944	0	0	0	0	0	0	0	0	0	0	0	0	0	0	0	0	0	0	0	0	0	0	0	0	0	0	0	0	0	0	0	0	0	0	0	0	0	0	0	0	0	0	0	0	0	0	0	0	0	0	0	0	0	0	0	0	0	0	0	0	0	0.0273082279690871	0	0	0	0	0.0300390507659958	0.0600781015319916	0	0	0	0	0	0	0	0	0	0	0.00273082279690871	0	0	0	0	0	0	0	0	0	0	0.587126901335372	0	0	0	0	0	0	0	0	0	0.00273082279690871	0	0	0	0	0	0	0	0	0	0	0	0	0	0	0	0	0	0	0	0	0	0	0	0	0	0	0	0	0	0	0	0	0	0	0.0136541139845435	0	0	0	0	0	0	0	0	0	0	0	0	0	0	0	0.0163849367814523	0	0	0	0	0	0	0	0	0	0	0	0	0	0.0355006963598132	0	0	0	0	0	0	0	0	0	0	0	0.00819246839072613	0	0	0	0	0	0	0	0	0	0	0	0	0	0	0	0	0	0	0	0	0	0	0	0	0	0	0	0	0	0	0	0	0	0	0	0	0	0	0	0	0	0	0	0	0	0	0	0	0	0	0	0	0	0.0382315191567219	0	0	0	0	0	0.0355006963598132	0	0	0	0	0	0	0	0	0.0764630383134438
ERR6650700	0	0	0	0	0	0	0	0	0	0	0	0	0	0	0	0	0	0	0	0	0	0	0	0	0	0	0	0	0	0	0	0	0	0	0	0	0	0	0	0	0	0	0	0	0.178934526230175	0	0	0	0	0	0.178934526230175	0	0	0	0	0	0	0	0	0	0	0	0	0	0	0	0	0	0	0	0	0	0	0	0	0	0	0.0569337128914193	0	0	0	0	0	0	0	0	0	0	0	0	0	0	0	0	0	0	0	0	0	0	0	0	0	0	0	0	0	0	0	0	0	0	0	0	0	0	0	0	0	0	0	0	0	0	0	0	0	0	0	0	0	0	0	0	0	0	0	0	0	0	0	0	0	0	0	0	0	0	0	0	0	0	0	0	0	0	0	0	0	0	0	0	0.0406669377795852	0	0	0	0	0	0	0	0	0	0	0	0	0.0976006506710045	0	0.00813338755591704	0	0	0	0	0	0	0	0	0	0	0	0	0	0	0	0	0	0	0	0	0	0	0	0	0	0	0	0	0	0	0	0	0	0	0	0	0	0	0	0	0	0	0	0	0	0.0406669377795852	0	0	0	0	0	0	0.0244001626677511	0	0	0	0	0	0	0	0	0	0	0	0.0569337128914193	0	0	0	0	0	0	0	0	0	0	0	0	0	0	0	0	0	0	0	0	0	0	0	0	0	0	0	0	0	0	0	0	0.00813338755591704	0	0	0	0	0	0	0	0	0	0	0	0.154534363562424	0	0	0	0	0	0	0	0	0	0	0	0	0	0	0	0	0	0	0	0	0	0	0	0.0162667751118341	0	0	0	0	0	0	0	0	0	0	0	0	0	0	0	0	0	0	0	0	0	0	0	0	0	0	0	0	0.0732004880032534	0	0	0	0	0	0	0	0	0	0	0	0	0	0	0	0	0	0	0	0	0	0	0	0	0	0	0	0	0	0	0	0	0	0	0	0	0	0	0	0	97.1614477429849	0	0	0	0	0	0	0	0	0	0	0	0	0.0406669377795852	0	0	0	0	0	0	0	0	0	0	0	0	0	0	0	0	0	0	0	0	0.0976006506710045	0.0162667751118341	0	0	0	0	0	0	0	0	0	0	0	0	0	0	0	0	0.00813338755591704	0	0	0	0	0	0.0162667751118341	0	0	0	0	0	0	0	0	0	0	0	0	0	0	0	0	0	0	0	0	0	0	0	0	0	0	0	0	0	0	0	0	0	0	0	0	0	0	0	0	0	0	0	0.122000813338756	0.0650671004473363	0	0	0	0.0732004880032534	0	0	0	0	0	0	0	0	0	0	0	0	0	0	0	0	0	0	0	0	0	0	0.0244001626677511	0	0	0	0	0	0	0	0	0	0	0	0	0	0	0	0	0	0	0	0	0	0	0	0	0	0	0	0	0	0	0	0	0	0	0	0	0	0	0	0	0	0	0	0	0	0	0	0	0	0	0	0	0	0.0162667751118341	0	0	0	0	0	0	0.382269215128101	0	0	0	0	0	0	0	0	0	0	0	0	0	0	0.268401789345262	0	0	0	0	0	0	0	0	0	0	0	0	0	0	0	0	0	0	0	0	0	0	0.154534363562424	0	0	0	0	0	0.0569337128914193	0	0	0	0.0406669377795852	0	0	0	0	0	0	0	0	0	0	0	0	0	0	0	0	0	0	0	0	0	0	0	0	0	0	0	0	0	0	0	0	0	0	0.0569337128914193	0	0	0	0	0	0	0	0	0	0	0	0	0	0	0	0	0	0	0	0	0	0	0	0	0	0	0	0.0813338755591704	0	0	0	0	0	0	0	0	0	0	0	0	0	0	0	0	0	0	0	0	0	0	0	0	0	0	0	0	0	0	0	0	0	0	0	0	0	0	0	0	0	0	0	0	0	0	0	0	0	0	0	0	0	0	0	0	0	0	0	0	0	0.170801138674258	0	0	0	0	0	0.0732004880032534	0	0	0	0	0	0	0	0	0	0	0	0	0	0	0.13826758845059
ERR6650701	0	0	0	0	0	0	0	0	0	0	0	0	0	0	0	0	0	0	0	0	0	0	0	0	0	0	0	0	0	0	0	0	0	0	0.363086232980333	0	0	0	0	0	0	0	0	0	0.897629853756934	0	0	0	0	0.0806858295511851	9.09732728189612	0	0	0	0	0	0	0	0	0	0	0	0	0	0	0	0	0	0	0	0	0	0	0	0	0	0	0	0	0	0	0.0403429147755925	0	0.0605143721633888	0	0	0	0	0	0	0	0	0	0	0	0	0	0	0.110943015632879	0	0	0	0	0	0	0	0	0	0	0	0	0	0	0	0	0	0	0	0	0	0	0	0	0	0	0	0	0	0	0	0	0	0	0	0	0	0	0.191628845184065	0	0	0	0	0	0	0	0	0	0	0	0	0	0	0	0	0.332829046898638	0	0	0	0	0	0	0	0	0	0	0	0	0	0	0	0.262228946041351	0	0	0	0	0	0	0	0	0	0	0	0	0	0	0	0	0	0	0	0	0	0	0.423600605143722	0	0	0	0	0	0	0	0	0	0	0	0	0	0	0	0	0	0	0	0	0	0	0	0	0	0	0	0	0	0	0	0	0	0	0	0	0	0	0	0	0	0	0	0	0	0	0	0	0	0	0	0	0	0	0	0	0	0	0.141200201714574	0	0	0	0	0	0	0	0	0	0	0	0	0	0	0	0	0.0100857286938981	0	0	0	0	0	1.47251638930913	0	0	0	0	0	0	0	0	0	0	0	0	0	0	0	0	0	0	0	0	0	0	0	0	0	0	0	0	0	0	0	0	0	0.110943015632879	1.58345940494201	0	0	0	0	0	0	0	0	0	0	0	0	0	0	0	0	0	0	0	0	0	0	0	0	0	0	0	0	0.191628845184065	0	0	0	0	0	0	0	0	0	0	0	0	0	0	0	0	0	0	0	0	0	0	0	0	0	0	0	0	0	0	0	0	0	0	0	0	0	0	0	0	0	50.8623298033283	0	0	0	0	0	0	0	0	0	0	0	0	1.089258698941	0	0	0	0	0	0	0	0	0	0.0907715582450832	0	0	0	0	0	0	0	0	0	0	0	0	0	0	0	0	0	0	0	0	0	0	0	0	5.35552193645991	0	0	0	0	0	0	0	0	0	0	0	0	0	0	0	0	0	0	0	0	0	0	0	0	0	0	0	0	0	0	0	0	0	0	0	0	0	0	0	0	0	0	0	0	0	0	0	0	0.171457387796268	0	0	0	0	1.03883005547151	0	0	0	0	0	0	0	0	0	0	0	0	0	0	0	0	0	0	0.373171961674231	0	0	0	0	0	0	0	0	0	0	0	0	0	0	0	0	0	0	0	0	0	0	0.0706001008572869	0	0	0	0	0	0	0	0	0	0	0.231971759959657	0	0	0	0	0	0	0	0	0	0	0	0	0	0	0	0	0.726172465960666	0	0	0	0	0	0	0	0	0	0	0	0	0.0504286434694907	0	0	0	0	0	0	0	0	0	0	0	0	0	0	0	0	0	0	0	0	0	0	0	0	0	0	0	0	0	0	0	0	0	0	0	0	0	0	0	0	0	0	0	0.907715582450832	0	0.685829551185073	0	0	0	0	0	0	0.191628845184065	0	0	0	0	0	0	0	0	0	0	0	0	0	0	0	0	0	0	0	0	0.0302571860816944	0	0	0	0	0	0	17.8315683308119	0	0	0	0	0	0	0	0.0806858295511851	0	0	0	0.514372163388805	0	0	0	0.27231467473525	0	0	0	0	0	0	0	0	0	0	0	0	0	0	0	0	0	0	0	0.110943015632879	0	0	0	0	0	0	0	0.231971759959657	0	0	0	0	0	0.978315683308119	0	0	0	0	0	0	0	0	0	0	0	0	0	0	0	0	0	0	0	0	0	0.0403429147755925	0	0	0	0	0	0	0	0	0	0	0	0	0	0	0	0	0	0	0	0	0	0	0	0	0	0	0	0	0	0	0	0	0	0	0	0	0	0	0	0	0	0	0	0	0	0	2.6928895612708
ERR6650702	0	0	0	0	0	0	0	0	0	0	0	0	0	0	0	0	0	0	0	0	0	0	0	0	0	0	0	0	0	0	0	0	0	0	0	0	0	0	0	0	0	0	0	0	0	0	0	0	0	0	0	0	0	0	0	0	0	0	0	0	0	0	0	0	0	0	0	0	0	0	0	0	0	0	0	0	0	0	0	0	0	0	0	0	0	0	0	0	0	0	0	0	0	0	0	0	0	0	0	0	0	0	0	0	0	0	0	0	0	0	0	0	0	0	0	0	0	0	0	0	0	0	0	0	0	0	0	0	0	0	0	0	0	0	0	0	0	0	0	0	0	0	0	0	0	0	0	0	0	0	0	0	0	0	0.0695603784084585	0	0	0	0	0	0	0	0	0	0	0	0	0	0	0	0	0	0	0	0	0	0	0	0	0	0	0	0	0	0	0	0	0	0	0	0	0.1669449081803	0.0139120756816917	0.0417362270450751	0	0	0	0	0	0	0	0	0	0	0	0	0	0	0	0	0	0	0	0	0	0	0	0	0	0	0	0	0	0	0	0	0	0	0.0834724540901502	0	0	0	0	0	0	0	0	0	0	0	0	0	0.445186421814135	0	0	0	0	0	0	0	0	0	0	0	0	0	0	0	0	0	0	0	0	0	0	0	0	0	0	0	0	0	0	0	0	0.0695603784084585	0	0	0	0	0	0	0	0	0	0	0	0	0	0	0	0	0	0	0	0	0	0	0	0	0	0	0	0	0	0	0	0	0	0	0	0.194769059543684	0.0556483027267668	0	0	0	0	0	0	0	0	0	0	0	0	0	0	0	0	0	0	0	0	0	0	0	0	0	0	0	0	0	0	0	0	0	0	0	0	0	0	0	0	0	0	0	0	0.0417362270450751	0	0	0	0	0	0	0	0	0	0	0	0	0	0	0	0	0	0	0	0	0	0	0	98.5253199777407	0	0	0	0	0	0	0	0	0	0	0	0	0	0	0	0	0	0	0	0	0	0	0	0	0	0	0	0	0	0	0	0	0	0	0	0	0	0	0	0	0	0	0	0	0	0	0	0	0	0	0	0	0	0	0	0	0	0	0	0	0	0	0	0	0	0	0	0	0	0	0	0	0	0	0	0	0	0	0	0	0	0	0	0	0	0	0	0	0	0	0	0	0	0	0	0	0	0	0	0	0	0	0	0	0	0	0	0	0	0	0	0	0	0	0	0	0	0	0	0	0	0	0	0	0	0	0	0	0	0	0	0	0	0	0	0	0	0	0	0	0	0	0	0	0	0	0	0	0	0	0	0	0	0	0	0	0	0	0	0	0	0	0	0	0	0	0	0	0	0	0	0	0	0	0	0	0	0	0	0	0	0	0	0	0	0	0	0	0	0	0	0	0	0	0	0	0	0	0	0	0	0	0.111296605453534	0	0	0.0556483027267668	0	0	0	0	0	0	0	0	0	0	0	0	0	0	0	0	0	0	0	0	0	0	0	0	0	0	0	0	0	0	0	0	0	0	0	0	0	0	0	0	0	0	0	0	0	0	0	0	0	0	0	0	0	0	0	0	0	0	0	0.0556483027267668	0	0	0	0	0	0	0	0	0	0	0	0	0	0	0	0	0	0	0	0	0	0	0	0	0	0	0	0	0	0	0	0	0	0	0	0	0	0	0	0	0	0	0	0	0	0	0	0	0	0	0	0	0	0	0	0	0	0	0	0	0	0	0	0	0	0	0	0	0	0	0	0	0	0	0	0	0	0	0	0	0	0	0	0	0	0	0	0	0	0	0	0	0	0	0	0	0	0.0139120756816917	0	0.0556483027267668	0	0	0	0	0	0	0	0	0	0	0	0	0	0	0	0	0	0	0
ERR6650704	0	0	0	0	0	0	0	0	0	0	0	0	0	0	0	0	0	0	0	0	0	0	0	0	0	0	0	0	0	0	0	0	0	0	0	0	0	0	0	0	0	0	0	0	2.25072886297376	0	0	0	0	0	0	0	0	0	0	0	0	0	0	0	0	0	0	0	0	0	0	0	0	0	0	0	0	0	0	0	0	0.822157434402332	0	0	0	0	0	0	0	0	0	0	0	0	0	0	0	0	0	0	0	0	0	0	0	0	0	0	0	0	0	0	0	0	0	0	0	0	0	0	0	0	0	0	0	0	0	0	0	0	0	0	0	0	0	0	0	0	0	0.00583090379008746	0	0	0	0	0	0.116618075801749	0	0	0	0	0	0	0	0	0	0	0	0	0	0	0	0	0	0	0	0	0	0	0	0	0	0	0	0	0	0	0	0	0	0	0	0	0	0	0	0	0	0.513119533527697	0	0	0	0	0	0	0	0	0	3.49271137026239	0	0	0	0	0	0	0	2.88046647230321	0	0	0	0	0	0	0	0	0	0	0	0	0	0	0	0	0	0	0	0	0	0	0	0	0	0	0	0	0	0	0	0	0	0	0	0	0	0	0	0	0	1.73760932944606	0	0	0	0	0	0	0	0	0	0	0	0	0	0	0	0	0	0	0	0	0	0	0	0	0	0	0	0	0	0	0	0	0	0	0	0	0	0	0	0	0	0	0	0	0	0	0	0	0	0	0	0	0	0	0	0	0	0	0	0	0	0	0	0	0	0	0	0	0	0	0	0	0	0	0	0	0	0	0	0	0	0	0	0	0	0	0	0	0	0	0	0	0	0	0	0	0	0	0	0	0	0	0	0	0	0	0	0	0	0	0	0	0	0	0	0	0	0	0	0	0	0	0	0	0	0	0	0	0	0	0	0	0	0	0	0	0	69.5510204081633	0	0	0	0	0	0	0	0	0	0	0	0	0	0	0	0	0	0	0	0	0	0	0	0	0	0	0	0	0	0	0	0	0	0	0	0	0	0	0	0	0	0	0	0	0	0	0	0	0	0	0	0	0	0	0	0	0	0	0	0	0	0	0	0	0	0	0	0	0	0	0	0	0	0	0	0	0	0.151603498542274	0	0	0.361516034985423	0.227405247813411	0	0	0	0	0	0	0	0	0	0	0	0	0	0	0	0	0	0	0	2.98542274052478	0	0	0	0	0	0	0	0	0	0	0	0	0	0	0	0	0	0	0	0	0	0	0	0	0	0	0	0	0	0	0	0	0	0	0	0	0	0	0	0	0	0	0	0	0	0	0	0	0	0.448979591836735	0	0	0	0	0	0	0	0	0	0	0	0	0	0	0	0	0	0	0	0.139941690962099	0	0	0	0	0	0	0	0	0	0	0	0	0	0	0	0	0	0	0	0	0	0	0	0	0	0	0	0	0	0	0	0	0	0	0	0	0	0	0	0	0	0	0	0	0	0	0	0	0	0	0	0	0	0	0	0	11.3586005830904	0	0	0	0	0	0	0	0	0	0	0	0	0	0	0	0	0	0	0	0	0	0	0	0	0	0	0	0	0	0	0	0	0	0	0	0	0.34402332361516	0	0	0	0	0	0	0	0	0	0	0	0	0	0	0	0	0	0.303206997084548	0	0	0	0	0	0	0	0	0.927113702623907	0	0	0	0	0	0	0	0	0	0	0	0	0	0	0	0	0	0	0	0	0	0	0.00583090379008746	0	0	0	0	0	0	0	0	0	0	0	0	0	0	0	0	0	0.583090379008746	0	0	0	0	0	0	0	0	0	0	0	0	0	0	0	0	0	0	0	0	0	0	0	0	0.0524781341107872	0	0	0	0	0	0	0	0	0	0	0	0	0	0	0	0	0.379008746355685	0	0	0	0	0	0	0	0	0.361516034985423
ERR6650705	0	0	0	0	0	0	0	0	0	0	0	0	0	0.00845272811800009	0	0	0	0	0	0	0	0	0	0	0	0	0	0	0	0	0	0	0	0	0.00845272811800009	0	0	0	0	0	0	0	0	0	0.0676218249440007	0	0	0	0	0	0.0253581843540003	0	0	0	0	0	0	0	0	0	0	0	0	0	0	0	0	0	0	0	0	0	0	0.0380372765310004	0	0	0	0.114111829593001	0	0	0	0	0	0	0.0633954608850006	0.190186382655002	0	0	0	0	0	0	0	0	0	0	0	0	0.0633954608850006	0	0	0	0	0	0	0	0	0	0	0	0	0	0.0126790921770001	0	0	0	0	0	0	0	0	0	0	0	0	0	0	0	0	0	0	0	0	0	0	0	0	0	0	0	0	0	0	0	0	0	0	0	0	0	0	0	0	0.0126790921770001	0	0	0	0	0	0	0	0	0	0	0	0	0	0	0	0	0	0	0	0	0	0	0	0.156375470183002	0	0	0	0	0	0	0	0	0	0	0	0	0	0	0	0.0211318202950002	0	0	0	0	0	0	0	0.118338193652001	0	0	0	0	0	0	0	0	0	0	0	0.0253581843540003	0	0	0	0	0	0.0338109124720003	0	0	0	0	0	0	0	0	0	0	0	0	0	0	0	0.0253581843540003	0	0	0	0	0	0	0.371920037192004	0	0	0	0	0	0	0	0	0	0	0	0	0	0.371920037192004	0	0	0	0	0	0	0	0.143696378006001	0	0	0	0	0	0	0	0	0	0	0.0211318202950002	0	0	0	0	0	0	0	0	0	0	0	0.0253581843540003	0	0	0	0	0	0	0	0	0	0	0	0	0	0	0	0	0	0	0	0	0	0	0.0211318202950002	0.202865474832002	0	0	0	0	0	0	0	0.114111829593001	0	0	0	0	0	0	0	0	0	0	0	0	0	0	0	0	0	0	0	0	0	0	0	0	0	0	0	0	0	0	0	0	0	0	0	0	0	0.0760745530620008	0	0	0	0	0	0	0	0	0	0	0	0	0	0	0	0	0	0	0	0	0	0	0	95.667976839525	0	0	0	0	0	0	0	0	0	0	0	0	0.0422636405900004	0	0	0	0.346561852838004	0	0	0	0	0	0	0	0	0	0	0	0	0	0	0	0	0	0	0	0	0.0760745530620008	0	0	0	0	0	0	0	0	0	0	0	0	0	0.0676218249440007	0	0	0	0	0	0	0	0	0	0	0	0	0	0	0	0	0	0	0	0	0	0	0	0	0	0	0	0	0	0	0	0	0.00845272811800009	0.0126790921770001	0	0	0	0	0	0	0	0	0	0	0	0	0	0	0	0.105659101475001	0.0211318202950002	0.0295845484130003	0	0	0	0	0	0	0	0	0	0	0	0	0	0	0	0	0.109885465534001	0	0	0	0	0	0	0	0	0	0	0	0	0	0	0	0	0	0.0211318202950002	0	0	0	0	0	0	0	0.0169054562360002	0	0	0	0	0	0	0	0.00845272811800009	0	0	0	0	0	0	0.00845272811800009	0	0	0	0	0	0	0	0	0	0	0	0	0	0	0	0	0	0	0	0	0	0	0	0	0	0	0	0	0	0	0	0	0	0	0	0	0	0	0	0	0	0	0	0	0	0	0	0	0	0	0	0	0.00845272811800009	0	0	0	0	0	0	0	0	0	0	0	0	0	0	0	0	0	0	0	0	0	0	0	0	0	0	0	0	0	0	0	0	0.0295845484130003	0.0169054562360002	0	0	0	0	0	0	0	0	0	0.00845272811800009	0	0.0126790921770001	0	0	0	0.0253581843540003	0	0	0	0	0	0	0	0	0.0591690968260006	0	0	0	0	0	0	0	0	0	0	0	0	0	0	0	0	0	0	0.0295845484130003	0	0	0	0	0	0.0633954608850006	0	0	0	0	0	0	0	0	0	0	0.00422636405900004	0	0	0	0	0	0.0760745530620008	0	0	0.215544567009002	0	0	0	0	0	0.0338109124720003	0	0	0	0	0	0	0	0	0	0	0	0	0	0	0	0	0	0.0253581843540003	0	0	0	0	0	0	0	0	0	0	0	0	0	0	0	0	0	0	0	0	0	0	0	0	0	0	0	0	0	0	0	0	0.0676218249440007	0	0	0	0	0	0	0	0	0.447994590254004
ERR6650706	0	0	0	0	0	0	0	0	0	0	0	0	0	1.22777644901539	0	0	0.147492625368732	0	0	0	0	0	0	0	0	0	0	0	0	0	0	0	0	0	0	0	0	0	0	0	0	0	0	0	0	0	0	0	0	0	0.334848122458742	0	0	0	0	0	0	0	0	0	0	0	0	0	0	0	0	0	0	0	0	0	0	0	0	0	0	0	0	0	0	0	0	0	0.0797257434425576	0.227218368811289	0	0	0	0	0	0	0	0	0	0	0	0	0	0	0	0	0	0	0	0	0	0	0	0	0	0	0	0	0	0	0	0	0	0	0	0	0	0	0	0	0	0	0	0	0	0	0	0	0	0	0	0	0	0	0	0	0	0	0	0	0	0	0	0	0	0	0	0	0	0	0	0	0	0	0	0	0	0	0	0	0	0	0	0	0	0	0	0	0	0	0	0	0	0	0	0	0	0	0	0	0	0	0	0	0	0	0	0.92083233676154	0	0	0	0	0	0	0	0	0	0	0.103643466475325	0	0	0	0	0	0	0	0	0	0	0	0	0	0	0	0	0	0	0	0	0	0	0	0	0	0	0	0	0	0	0	0	0	0	0	0	0	3.33253607589891	0	0	0	0	0	0	0	0	0	0	0	0	0	0	0	0	0	0	0	0	0	0	0	0	0	0	0	0	0	0	0	0	0	0	0	0	0	0	0	0	0	0	0	0	0	0	0	0	0	0	0	0	0	0	0	0	0	0	0	0	0	0	0	0	0	0	0	3.30064577852188	0.825161444630471	0	0	0	0	0	0	0	0	0	0	0	0	0	0	0	0	0	0	0	0	0	0	0	0	0	0	0	0	0.574025352786415	0	0	0	0	0	0	0	0	0	0	0	0	0	0	0	0	1.08028382364666	0	0	0	0	0	0	0	0	0	0	0.31890297377023	0	0	0	0	0	0	0	0	0	0	0	0	74.0452842222754	0	0	0.550107629753647	0	0	0	0	0	0	0	0	0	0	0	0	0	0	0	0	0	0	0	0	0	0	0	0	0	0	0	0	0	0	0	0	0	0	0	0	0	0	0	0	0	0	0	0	0	0	0	0	0.00398628717212788	0	0	0	0	0	0	0	0	0	0	0	0	0.745435701187914	0	0	0	0	0	0	0	0	0	0	0	0	0	0	0	0	0	0	0	0	0	0	0	0	0	0	0	0	0	0	0	0	0	0	0	0	1.03643466475325	1.88950011958862	0	0	0	0	0	0	0	0	0	0	0	0	0	0	2.35589571872758	0	0	0	0	0.398628717212788	0	0	0	0	0	0	0	0	0	1.25169417204815	0	0	0	0	0	0	0	0	0	0	0	0	0	0	0	0	0	0	0	0	0	0	0	0	0	0	0	0	0	0	0	0	0	0	0	0	0	0	0	0	0	0	0	0	0	0	0	0	0	0	0	0	0	0	0	0	0	0	0	0	0	0	0	0	0	0	0	0	0	0	0.948736346966435	0	0	0	0	0	0	0	0	0	0	0	0	0	0	0	0	0	0	0	0	0	0	0	0	0	0	0	0	0	0	0	0	0	0	2.57115522602248	0	0	0	0	0	0	0	0	0	0	0	0	0	0	0	0	0	0	0	0	0	0	0	0	0	0	0.542135055409392	0	0	0	0	0	0	0	0	0	0	0	0	0	0	0	0	0	0	0	0	0	0	0	0	0	0	0	0	0	0	0	0	0	0	0	0	0	0	0	0	0	0	0	0	0	0	0	0	0	0	0	0	0	0	0	0	0	0	0	0	0	0	0	0	0	0	0	0	0	0	0	0	0	0	0	0	0	0	0	0	0	0	0	0	0	0	0	0	0	0	0	0	0	0	0	0	0	0	0	0	0	0	0	0	0	0	0	0	0	0.542135055409392	0	0	0	0	0	0	0	0	0.645778521884717
ERR6650710	0	0	0	0	0	0	0	0	0	0	0	0	0	0	0	0	0	0	0	0	0	0	0	0	0	0	0	0	0	0	0	0	0	0	0.204185809086269	0	0	0	0	0	0	0	0	0	0.404117747149906	0	0.153139356814701	0	0	0	0	0	0	0	0	0	0	0	0	0	0	0	0	0	0	0	0	0	0	0	0	0	0	0	0	0	0	0	0	0	0	0	0	0	0	0	0	0	0	0	0	0	0	0	0	0	0	0	0	0	0	0	0	0	0	0	0	0	0	0	0	0	0	0	0	0	0	0	0	0	0	0	0	0	0	0	0	0	0	0	0	0	0	0	0	0	0	0	0	0	0	0	0	0	0	0	0	0	0	0	0	0	0	0	0	0	0	0	0	0	0	0	0	0	0	0	0	0	0	0	0	0	0	0	0	0	0	0.0510464522715671	0	0	0	0	0	0	0	0	0	0	0	0	0	0	0	0	0	0	0	0	0	0	0	0	0	0	0	0	0	0	0	0	0	0	0	0	0	0	0	0	0	0	0	0	0	0	0	0	0	0	0	0	0	0	0	0	0	0	0	0	0	0	0	0	0.00850774204526119	0	0	0	0	0	0	0	0	0	0	0	0	0	0	0	0	0	0	0	0	0	0	0	0	0	0	0	0	0	0	0	0	0	0	0	0	0	0	0	0	0	0	0	0	0	0	0	0	0	0	0	0	0	0	0	0	0	0	0	0	0	0	0	0	0	0	0	0	0	0	0	0	0	0	0	0	0.00425387102263059	0	0	0	0	0	0	0	0	0	0	0	0	0	0	0	0	0	0	0	0	0	0	0	0	0	0	0	0	0	0	0	0	0	0	0	0	0	0	0	0	0	0	0	0	0	0	0	0	0	0	0	0	0	0	0	0	0	0	0	0	0	97.3158073847201	0	0	0	0	0	0	0	0	0	0	0	0	0	0	0	0	0	0	0	0	0	0	0	0	0	0	0	0	0	0	0	0	0	0	0	0	0	0	0	0	0	0	0	0	0	0	0	0	0	0	0	0.246724519312574	0	0	0	0	0	0	0	0	0	0	0	0	0	0	0	0	0	0	0	0	0	0	0	0	0	0	0	0	0	0	0	0	0	0	0	0	0	0	0	0	0	0	0	0	0	0	0	0	0	0.0935851624978731	0	0	0	0	0	0	0	0	0	0	0	0	0	0	0	0	0	0	0	0	0	0	0	0	0	0	0	0	0	0	0	0	0	0	0	0	0	0	0	0	0	0	0	0	0	0	0	0	0	0	0	0	0	0	0	0	0	0	0	0	0	0	0	0	0	0	0	0	0	0	0	0	0	0	0	0	0	0	0	0	0	0	0	0	0	0	0	0	0	0	0	0	0	0	0	0	0	0	0	0	0	0	0	0	0	0	0	0	0	0	0	0	0	0	0	0	0	0	0	0	0	0	0	0	0	0	1.48885485792071	0	0	0	0	0	0	0	0	0	0	0	0	0	0	0	0	0	0	0	0	0	0	0	0	0	0	0	0	0	0	0	0	0	0	0	0	0	0	0	0	0	0	0	0	0	0	0	0	0	0	0	0	0	0	0	0	0	0	0	0	0	0	0	0	0	0	0	0	0	0	0	0	0	0	0	0	0	0	0	0	0	0	0	0	0	0	0	0	0	0	0	0	0	0	0	0	0	0	0	0	0	0	0	0	0	0	0	0	0	0	0	0	0	0	0	0	0	0	0	0	0	0	0	0	0	0	0	0	0	0	0	0	0	0	0	0	0	0	0	0	0	0	0	0	0	0	0	0	0	0	0	0	0	0	0	0.0297770971584142
ERR6650712	0	0	0	0	0	0	0	0	0	0	0	0	0	0	0	0	0	0	0	0	0	0	0	0	0	0	0	0	0	0	0	0	0	0	0	0	0	0	0	0	0	0	0	0	0.305992350191245	0	0	0	0	0	0	0	0	0	0	0	0	0	0	0	0	0	0	0	0	0	0	0	0	0	0	0	0	0	0	0	0	0	0	0	0	0	0	0	0	0.484487887802805	0	0	0	0	0	0	0	0	0	0	0	0	0.407989800254994	0	0	0	0	0	0	0	0	0	0	0	0	0	0	0	0	0	0	0	0	0	0	0	0	0	0	0	0	0	0	0	0	0	0	0	0	0	0.101997450063748	0.280492987675308	0	0	0	0	0	0	0	0	0	0	0	0	0	0	0	0	0.348491287717807	0	0	0	0	0	0	0	0	0	0	0	0	0	0	0	0	0	0	0	0.484487887802805	0	0	0	0	0	0	0	0	0	0	0	0	0	0	0	0	0	0.0509987250318742	1.6489587760306	0	0	0	0	0	0	0	0.390990225244369	0	0	0	0	0	0	0	0	0	0	0	0	0	0	0	0	0	0	0	0	0	0	0	0	0	0	0	0	0	0	0	0	0	0	0	0	0	0	0	0	0	0	0	0	0	0	0	0	0	0	0	0	0	0	0	0	0	0	0	0	0	0	0	0	0	0	0	0	0	0	0	0	0	0.560985975350616	0	0	0	0	0	0	0	0	0	0	0	0	0	0	0	0	0	0	0	0	0	0	0.0509987250318742	0	0	0	0	0	0	0	0	0	0	0	0	0	0	0	0	0	0	0	0	0	0	0	0	0	0	0	0	0	0	0	0	0	0	0	0	0	0	0	0	0	0	0	0	0	0	0	0	0	0	0	0	0	0	0	0	0	0	0	0	0	0	0	0	0	0	0	0	0	0	0	0	0	0	0	0	0	0	0	0	0	0	73.3786655333617	0	0	0	0	0	0	0	0	0	0	0	0	0	0	0	0	0	0	0.0254993625159371	0	0	0	0	0	0	0	0	0	0	0	0	0	0	0	0.569485762855929	0	0	0	0	0	0	0	0	0	0	0	0	0	0	0	0	1.96345091372716	0	0	0	0	0	0	0	0	0	0	0	0	0	0	0	0	0	0	0	0	0	0	0	0	0	0	0	0	0	0	0	0	0	0	0	0	0	0	0	0.832979175520612	0	0	0	0	0	0	0	0	0	1.53846153846154	0	0	0	0	0	0	0	0	0	0	0	0	0	0	0	7.88780280492988	0	0	0	0	0	0	0.739481512962176	0	0	0	0	0	0	0	0	0	0	0	0	0	0.441988950276243	0	0	0	0	0	0	0	0	0	0	0	0	0.61198470038249	0	0	0	0	0	0	0	0	0	0	0	0	0	0	0	0	0	0	0	0	0	0	0	0	0	0	0	0	0	0	0	0	0	0	0	0	0	0	0	0	0	0	0	0	0	0	0	0	0	0	0	0	0	0	0	0	0	0	0	0	0	0	0	0	0	0.00849978750531237	0	0	0	0	0	0	0	0	0	0	0.0679983000424989	0	0	0	0	0	0	0	0	0	0.535486612834679	0	0	0	0	0	0	0	0	0	0	0	0	0	0	0.195495112622184	0	0	0	0	0	0	0	0	0.696982575435614	0	0	0	0	0	0	0	0	0	0	0.407989800254994	0	0	0	0	0	0	0	0	0	0	0	0	0	0	0	0	0	0	0	0	0	0	0	0	0	0	0	0.603484912877178	0	0	0	0	0	0	0	0.331491712707182	0	0	0	0	0	0.509987250318742	0	0	0	0	0	1.05397365065873	0	0	0	0	0	0	0	0	0	0	0	0	0	0	0	0	0	0	0	0	0	0	0	0	0	0	0	0	0	0	0	0	0	0	0	0.0254993625159371	0.127496812579686	0	0	0	0	0	0	0	0	0	0	0	0	0.00849978750531237	0	0	0	0	0	0	0	0	0	0	0	0	2.32044198895028
ERR6650713	0	0	0	0	0	0	0	0	0	0	0	0	0	0	0	0	0	0	0	0	0	0	0	0	0	0	0	0	0	0	0	0	0	0	0	0	0	0	0	0	0	0	0	0	0	0	0	0	0	0	0	0	0	0	0	0	0	0	0	0	0	0	0	0	0	0	0	0	0	0	0	0	0	0	0	0	0	0	0	0.0377500943752359	0	0	0	0	0	0	0	0	0	0	0	0	0	0	0	0	0	0	0.302000755001887	0	0	0	0	0	0	0	0	0	0	0	0	0	0	0	0	0	0	0	0	0	0	0	0	0	0	0	0	0	0	0	0	0	0	0	0	0	0	0	0	0	0	0	0	0	0	0	0	0	0	0	0	0	0	0	0	0	0	0	0	0	0	0	0	0	0	0	0	0	0	0	0	0	0	0	0	0	0	0	0	0	0	0	0	0	0	0	0	0	0	0	0	0	0	0	0	0	0	0	0	0	0	0	0	0	0	0	0	0	0	0	0	0	0	0	0	0	0	0	0	0	0	0	0	0	0	0	0	0	0	0	0	0	0	0	0	0	0	0	0	0	0	0	0.822113166394027	0	0	0	0	0	0	0	0	0	0	0	0	0	0	0	0	0	0	0	0	0	0	0	0	0	0	0	0	0	0	0	0	0	0	0	0	0	0	0	0	0	0	0	0	0	0	0	0	0	0	0	0	0	0	0	0	0	0	0	0	0	0	0	0	0	0	0	0	0	0	0	0	0	0	0	0	0	0	0	0	0	0	0	0	0	0	0	0	0	0	0	0	0	0	0	0	0	0	0	0	0	0	0	0	0	0	0	0	0	0	0	0	0	0	0	0	0	0	0	0	0	0	0	0	0	0	0	0	0	0	0	0	0	0	0	0	0	0	97.2274652908854	0	0	0	0	0	0	0	0	0	0	0	0	0	0	0	0	0	0	0	0	0	0	0	0	0	0	0	0	0	0	0	0	0	0	0	0	0	0	0	0	0	0	0	0	0	0	0	0	0	0	0	0.59141814521203	0	0	0	0	0	0	0	0	0	0	0	0	0	0	0	0	0	0	0	0	0	0	0	0	0	0	0	0	0	0	0	0	0	0	0	0	0	0	0	0	0	0	0	0	0	0	0	0	0	0.155194832431526	0.00838890986116354	0	0	0	0	0	0	0	0	0	0	0	0	0	0	0	0	0	0	0	0	0	0	0	0	0	0	0	0	0	0	0	0	0	0	0	0	0	0	0	0	0	0	0	0	0	0	0	0	0	0	0	0	0	0	0	0	0	0	0	0	0	0	0	0	0	0	0	0	0	0	0	0	0	0	0	0	0	0	0	0	0	0	0	0	0	0	0	0	0	0	0	0	0	0	0	0	0	0	0	0	0	0	0	0	0	0	0	0	0	0	0	0.293611845140724	0	0	0	0	0	0	0	0	0	0	0	0	0	0.335556394446542	0	0	0	0	0	0	0	0	0	0	0	0	0	0	0	0	0	0	0	0	0	0	0	0	0	0	0	0	0	0	0	0	0	0	0	0	0	0	0	0	0	0	0	0	0	0	0	0	0	0	0	0	0	0	0	0	0	0	0	0	0	0	0	0	0	0	0	0	0	0	0	0	0	0	0	0	0	0	0	0	0	0	0	0	0	0	0	0	0	0	0	0	0	0	0	0	0	0	0	0	0	0	0	0	0	0	0	0	0	0	0	0	0	0	0	0	0	0	0	0	0	0	0	0	0	0	0	0	0	0	0	0	0	0	0	0	0	0	0	0	0	0	0	0	0	0	0	0	0	0	0	0	0	0	0	0.226500566251416
ERR6650714	0	0	0	0	0	0	0	0	0	0	0.597334004024145	0	0	0	0	0	0.0314386317907445	0	0	0	0	0	0	0	0	0	0	0	0	0	0	0	0	0	0.0817404426559356	0	0	0	0	0	0	0	0	0	0.207494969818913	0	0	0	0	0	0.163480885311871	0	0	0	0	0	0	0	0	0	0	0	0	0	0	0	0	0	0	0	0	0	0	0	0	0	0	0	0	0	0	0	0	0	0.0440140845070423	0	0	0	0	0	0	0	0	0	0	0	0	0	0.00628772635814889	0	0	0	0	0	0	0	0	0	0	0	0	0	0	0	0	0	0	0	0	0	0	0	0	0	0	0	0	0	0	0	0	0	0	0	0	0.0440140845070423	0	0	0	0	0	0	0	0	0	0	0	0	0	0.100603621730382	0	0	0	0	0	0	0	0	0	0	0	0	0	0	0	0	0	0	0	0	0	0	0	0	0	0	0	0	0.0503018108651912	0	0	0	0.144617706237425	0	0	0	0	0	0	0	0	0	0	0.0188631790744467	0	0	0	0	0	0	0	0.352112676056338	0	0	0	0	0	0	0	0	0	0.16976861167002	0	0	0	0	0	0	0	0	0	0	0	0	0	0	0	0	0	0	0	0	0	0	0	0	0	0	0	0	0	0	3.43938631790744	0	0	0	0	0	0	0	0	0	0	0	0	0	0	0	0	0	0	0	0	0	0	0	0	0	0	0	0	0	0	0	0	0	0	0	0	0	0	0	0	0	0	0	0	0	0	0	0	0	0	0	0	0	0	0	0	0	0	0	0	0	0	0	0	0	0	0	0.238933601609658	0	0	0	0	0	0	0	0.0691649899396378	0	0	0	0	0	0	0	0	0	0	0	0	0	0	0	0.00628772635814889	0	0	0	0.609909456740443	0	0	0	0	0	0	0	0	0	0	0	0	0	0	0	0	0	0	0	0	0	0	0	0	0	0	0	0	0	0	0	0	0	0	0	0	0	0	0	0	0	0	72.8810362173038	0	0	0	0	0	0	0	0	0	0	0	0	0	0	0	0	0	0	0	0	0	0	0	0	0	0	0	0	0	0	0	0	0	0	0.0754527162977867	0	0	0	0	0	0	0	0	0	0	0	0	0	0	0	0	0	0	0	0	0	0	0	0	0	0	0	0	0	0.0314386317907445	0	0	0.2829476861167	0	0.163480885311871	0	0	0	0	0	0	0	0	0	0	0	0	0	0	0	0	0	0	0	0	0	0	0	0	0	0	0	0	0	0	0	18.6871227364185	0	0	0	0	0	0	0	0	0	0	0	0	0	0	0	0	0	0	0	0	0	0	0	0	0	0	0	0	0	0	0	0	0	0	0	0	0	0	0	0	0	0.144617706237425	0	0	0	0	0	0	0	0.11317907444668	0	0	0	0	0	0	0	0	0	0	0	0	0	0	0	0	0	0	0	0	0	0	0	0	0	0	0	0	0	0	0	0	0	0	0	0	0	0	0	0	0	0	0	0	0	0	0	0	0	0	0	0	0	0	0	0	0	0	0	0	0	0	0.188631790744467	0	0.0125754527162978	0	0	0	0	0	0	0	0	0	0	0	0.603621730382294	0	0	0	0	0	0	0	0	0	0	0	0	0	0	0	0	0	0	0	0	0	0	0	0	0	0	0	0	0	0	0	0	0	0	0	0	0	0	0	0	0	0	0	0	0	0	0	0	0	0	0	0	0	0	0	0	0	0	0	0	0	0	0	0	0	0	0	0	0	0	0	0	0	0	0	0	0	0	0	0	0	0	0	0	0	0	0	0	0	0.408702213279678	0	0	0	0	0	0	0	0	0	0	0	0	0	0	0	0	0	0	0	0	0	0	0	0	0	0	0	0	0	0	0	0	0	0	0	0	0	0	0	0	0	0	0	0	0	0	0	0	0	0	0	0	0	0	0	0	0	0	0	0	0	0	0	0	0	0.0314386317907445
ERR6650718	0	0	0	0	0	0	0	0	0	0	0	0	0	0	0	0	0	0	0	0	0.123206658635418	0	0	0	0	0	0	0	0	0	0	0	0	0	0	0	0	0	0	0	0	0	0	0	0.0711860694337969	0	0	0	0	0	0	0	0.451757748329865	0	0	0	0	0	0	0	0	0	0	0	0	0	0	0	0	0	0	0	0	0	0	0	0	0	0	0	0	0	0	0	0	0	0	0	0	0	0	0	0	0	0	0	0	0	0	0	0	0	0	0	0	0	0	0	0	0	0	0	0	0	0	0	0	0	0	0	0	0	0	0	0	0	0	0	0	0	0	0	0	0	0	0.0629722921914358	0.0711860694337969	0.0520205892016209	0	0	0	0.240937465775928	0	0	0	0	0	0	0	0	0	0.0684481436863432	0	0	0	0	0	0	0	0.00547585149490746	0	0	0	0	0	0	0	0	0	0	0	0	0	0	0	0	0	0.0793998466761581	0	0	0	0	0	0	0	0	0	0	0	0	0	0	0.030117183221991	0.00273792574745373	0	0	0	0	0	0	0	0	0	0	0	0	0	0	0	0	0	0	0	0	0	0	0	0	0	0	0	0	0	0.00273792574745373	0	0	0	0	0	0	0	0	0	0	0	0	0	0	0	0	0	0	0	0	0	0	0	0	0	0	0	0	0	0	0	0	0	0	0	0	0	0	0	0	0	0	0	0	0	0	0	0	0	0	0	0	0	0	0	0	0	0	0	0	0	0	0	0	0	0	0	0	0	0	0	0	0	0	0	0	0	0	0	0	0	0	0	0	0	0	0	0.418902639360421	0	0	0	0	0.13963421312014	0	0	0	0	0	0	0	0	0	0	0	0	0	0	0	0	0	0	0	0	0	0	0	0	0	0	0	0	0	0	0	0	0	0	0	0	0.257365020260651	0	0	0	0	0	0	0	0	0	0	0	0	0	0	0	0	0	0	0	0	0	0	0	0	0	0	0	93.2373234037893	0	0	0	0	0	0	0	0	0	0	0	0	0	0	0	0	0	0	0	0	0	0	0	0	0	0	0	0	0	0	0	0	0	0	0.774832986529405	0	0	0	0	0	0	0	0.399737159128244	0	0	0	0	0	0	0	0	0	0	0	0	0	0	0	0	0	0	0	0	0	0	0	0	0	0	0.0383309604643522	0	0.00273792574745373	0	0	0	0	0	0	0	0	0	0	0	0	0	0	0	0	0	0	0	0	0	0	0	0	0	0	0	0	0	0.0492826634541671	0	0	0	0	0	0	0	0	0	0	0	0	0	0	0	0	0	0	0	0	0	0	0	0	0	0	0	0.00273792574745373	0	0	0	0	0	0	0	0	0	0	0	0	0	0	0	0	0	0	0	0	0	0	0	0	0	0	0	0	0	0	0	0	0	0	0	0	0	0	0	0	0	0	0	0	0	0	0	0	0	0	0	0	0	0.00547585149490746	0	0	0	0	0	0	0	0	0	0	0	0	0	0	0	0	0	0	0	0	0	0	0	0	0	0	0	0	0	0	0.336764866936809	0	0	0	0	0	0	0	0	0	0	0	0	0.106779104150695	2.60102946008104	0	0	0	0	0	0	0	0	0	0	0	0	0	0	0	0	0	0	0	0	0	0	0	0	0	0	0	0	0	0	0	0	0	0	0	0	0	0	0	0	0	0	0	0	0.153323841857409	0	0	0	0	0	0	0	0.172489322089585	0	0	0	0	0	0	0	0	0	0	0	0	0	0	0	0	0	0	0	0	0	0	0	0	0	0	0	0	0	0	0	0	0	0	0	0	0	0	0	0	0	0	0	0	0	0	0	0	0	0	0	0	0	0	0	0	0	0	0	0	0	0	0.0191654802321761	0	0	0	0	0	0	0	0	0	0	0	0	0	0	0	0	0	0	0	0	0	0	0	0	0	0	0	0	0	0	0	0	0	0	0	0	0	0	0	0.0219034059796298
ERR6650719	0	0	0	0	0	0	0	0	0	0	0	0	0	0	0	0	0	0	0	0	0	0	0	0	0	0	0	0	0	0	0	0	0	0	0	0	0	0	0	0	0	0	0	0	0	0	0	0	0	0	0.172586795103351	0	0	0	0	0	0	0	0	0	0	0	0	0	0	0	0	0	0	0	0	0	0	0.104354806341561	0	0	0	0	0	0.0441501103752759	0	0	0	0	0	0	0	0	0	0	0	0	0	0	0	0	0	0	0.148504916716837	0	0	0	0	0	0	0	0	0	0	0	0	0	0	0	0	0	0	0	0	0	0	0	0	0	0	0	0	0	0	0	0	0	0	0	0	0.228777844671884	0	0.0120409391932571	0	0	0	0.738510937186434	0	0	0	0	0	0	0	0	0	0	0	0	0.0481637567730283	0	0	0	0	0	0	0	0	0	0	0	0	0	0	0	0	0	0	0	0	0	0	0	0	0	0	0	0	0.0361228175797712	0.0802729279550472	0	0	0	0	0	0	0	0	0.240818783865141	0	0	0	0	0	0	0	0	0.0280955247842665	0	0	0	0	0	0	0	0	0	0	0	0	0	0	0	0	0	0	0	0	0	0	0	0	0	0	0	0	0	0	0	0	0	0	0	0	0	0	0	0.0240818783865141	0	0	0	0	0	0	0	0	0	0	0	0	0	0	0	0	0	0	0	0	0	0	0.13646397752358	0	0	0	0	0	0	0	0	0	0.0802729279550472	0	0	0	0	0	0	0	0	0	0	0	0	0	0	0	0	0	0	0	0	0	0	0	0	0	0	0	0	0	0	0	0	0	0	0	0.268914308649408	0	0	0	0	0	0.184627734296608	0	0.0762592815572948	0	0	0	0	0	0	0	0	0	0	0	0	0	0	0	0	0	0	0	0	0	0	0	0	0	0	0	0	0	0	0	0	0	0.0160545855910094	0	0	0	0.0521774031707807	0	0	0	0	0	0	0	0	0	0.0280955247842665	0	0	0	0	0	0	0	0	0	0	0	0	0	92.0891029500301	0	0	0.0481637567730283	0	0	0	0	0	0	0	0	0	0	0	0.164559502307847	0	0	0	0	0	0	0	0	0	0	0	0	0	0	0	0	0	0	0.433473810957255	0.192655027092113	0	0	0	0	0	0	0	0	0	0	0	0	0	0	0	0	0	0	0	0	0	0	0.00401364639775236	0	0	0	0	0	0	0	0	0	0	0	0	0	0	0	0	0	0	0	0	0	0	0	0	0	0	0	0	0	0	0.132450331125828	0	0	0	0	0	0	0	0	0	0	0	0	0.706401766004415	0.27292795504716	0	0	0	0	0	0	0	0	0	0	0	0	0	0	0.0441501103752759	0	0	0.0602046959662854	0	0	0	0	0	0	0	0	0.0321091711820189	0.0481637567730283	0	0.224764198274132	0	0	0	0	0	0	0	0	0	0	0	0	0	0	0	0	0	0	0	0	0	0	0	0	0	0	0	0	0	0	0	0	0	0	0	0	0	0	0.100341159943809	0	0	0	0	0	0	0	0	0	0	0	0	0	0	0	0	0	0	0	0	0	0	0	0	0	0	0	0	0	0	0	0	0	0.0120409391932571	0	0	0	0	0	0	0	0	0.501705799719045	0	0	0	0	0	0	0	0	0	0	0	0	0	1.26028496889424	0	0	0	0	0	0	0	0	0	0	0	0	0	0	0	0	0	0	0	0	0	0	0	0	0	0	0	0	0	0	0	0	0	0	0	0	0.0280955247842665	0	0	0	0	0	0	0	0	0	0	0	0	0	0	0	0	0	0	0	0	0	0	0	0.104354806341561	0	0	0	0	0	0	0	0	0	0	0.0682319887617901	0	0	0	0	0	0	0	0	0	0	0	0	0	0	0.0521774031707807	0	0	0.0602046959662854	0	0	0	0	0	0	0	0.35721452939996	0	0	0	0	0	0	0	0	0	0	0	0	0	0	0	0	0	0	0	0	0	0	0	0	0	0	0	0	0	0	0	0	0	0.184627734296608	0	0	0.0160545855910094	0	0	0	0	0	0	0	0	0	0	0	0	0	0	0	0	0	0	0	0	0.0521774031707807
ERR6650721	0	0	0	0	0	0	0	0	0	0	0	0	0	0	0	0	0.00757575757575758	0	0	0	0	0	0	0	0	0	0.181818181818182	0	0	0	0	0	0	0	0.106060606060606	0	0	0	1.27272727272727	0	0	0	0.492424242424242	0	2.11363636363636	0.181818181818182	0	0	0	0	2.81060606060606	0	0	0	0	0	0	0	0	0	0	0	0	0	0	0	0	0	0	0	0	0	0	0.0227272727272727	0	0.325757575757576	0	0	0.0151515151515152	0	0	0	0	0	0.454545454545455	0	0	0	0	0	0	0	0	0.0909090909090909	0	0	0	0	0.909090909090909	0	0	0	0	0.0303030303030303	0	0	0	0	0	0	0	0	0	0	0	0	0	0	0	0	0	0	0	0	0	0	0	0	0	0	0	0	0	0	0	0	0	0.0606060606060606	0	0	0	0	0	0	0	0	0	0	0	0.143939393939394	0	0	0	0	0	0	0	0	0	0	0	0	0	0	0	0	0	0	0	0	0	0	0	0.0378787878787879	0	0	0	0	0	0	0	0	0	0.159090909090909	0	0.0757575757575758	0	0	0	0	1.34848484848485	0	0	0.0757575757575758	0	0	0	0	0.0681818181818182	0	0	0.318181818181818	0.136363636363636	0	0.613636363636364	0	0	0	0	0	0	0.0606060606060606	0	0	0	0	0	0	0	0	0	0	0.0454545454545455	0	0	0	0	0	0	0	0.462121212121212	0	0	0	0	0	0.0454545454545455	0	0	0	0	0	3.12878787878788	0	0	0	0	0	0	0	0	0	0	0	0	0	0	0	0.0378787878787879	0	0	0	0	0	0	0	0	0.484848484848485	0	0	0	0	0	0	0	0	0	0	0	0	0.53030303030303	0	0	0	0	0	0	0.106060606060606	0	0	0	0	0	0.159090909090909	0	0	0	0	0	0	0	0	0	0	0	0	0	0	0	0	0	0.0303030303030303	0.553030303030303	0	0	0	0	0	0	0.0757575757575758	0	0	0	0.0227272727272727	0	0	0.136363636363636	0	0	0	0	0	0	0	0	0.0757575757575758	0	0.0454545454545455	0	0	0	0	0	0	0	0	0	0	0	0	0.0681818181818182	0	0	0	0	0	0	0.348484848484848	0	0.0378787878787879	0	0	0	0	0	0	0	0	0	0	0	0	0	0	0.0757575757575758	0	0	0	0	0	0	61.7348484848485	0	0	0	0	0	0	0.113636363636364	0	0	0	0	0	0	0	0	0	0.0227272727272727	0	0	0	0	0	0	0	0	0	0	0	0	0	0.143939393939394	0.113636363636364	0	0	0	0	0	0	0	0	0	0.143939393939394	0	0	0	0	0	1.24242424242424	0	0	0	0.545454545454546	0.0681818181818182	0	0.0984848484848485	0	0	0	0	0	0	0	0	0	0	0	0	0	0.0909090909090909	0	0	0	0	0	0	0	0	0	0	0	0	0	0	0	0	0.454545454545455	0	0	0	0	0	0	0	0.166666666666667	0	0	0	0	0	0	0	0.795454545454545	0	0	0	0	0	0	0	0	0	0	0.0757575757575758	0	0	0	0	0.378787878787879	0	0	0.189393939393939	0	0	0	0	0	0.0833333333333333	0	0	0	0	0.181818181818182	0	0	0	0	0	0	0	0	0	0	0	0	1.70454545454545	0	0	0	0.0909090909090909	0.0454545454545455	0	0	0	0	0.318181818181818	0	0	0	0	0	0	0	0.0681818181818182	0	0	0	0	0	0	0	0	4.33333333333333	0	0	0	0	0	0.0378787878787879	0	0	0	0	0	0	0	0	0.257575757575758	0	0	0	0	0	0	0	0	0	0	0.053030303030303	0	0	0	0	0	0	0	0	0	0.0909090909090909	0	0	0	0	0	0	0	0	0	0.0984848484848485	0	0	0	0	0	0	0	0	0	0	0.310606060606061	0	0	0	0	0	0	0	0	0	0	0	0	0	0	0	0	0.0909090909090909	0	0	0	0	0	0	0	0	0	0	0	0	0	0	0	0	0	0	0	0	0	0	0	0	0	0	0	0	0	0	0	0	0	0	0	0	0	0.227272727272727	0	0	0	0	0	0.310606060606061	0	0	0.196969696969697	0	0	0.818181818181818	0	0	0.0378787878787879	0	0	0	0	0	0	0	0	0	0	0	0	0	0	0	0	0.439393939393939	0	0.0151515151515152	0	0	0	0	0	0	0.318181818181818	0	0	0	0	0	0	0	0	0	0	0	0	0	0	0	0	0	0	0	0	0	0	0	0	0	0	0	0.196969696969697	0	0	0	0	0	0	0	0.204545454545455	0	0	1.47727272727273	0	0.0454545454545455	0	0	0	0	0	0	0.0984848484848485	0	0	0	0.0681818181818182	0	0	0	0	0	0	0	2.81818181818182
ERR6650724	0	0	0	0	0	0	0	0	0	0	0	0	0	0	0	0	0	0	0	0	0	0	0	0	0	0	0	0	0	0	0	0	0	0	0	0	0	0	0	0	0	0	0	0	0.272686917369522	0	0	0	0	0	0	0	0	0	0	0	0	0	0	0	0	0	0	0	0	0	0	0	0	0	0	0	0	0	0	0	0	0	0	0	0	0	0	0	0	0	0	0	0	0	0	0	0	0	0	0	0	0	2.42881603145412	0	0	0	0	0	0	0	0	0	0	0	0	0	0	0	0	0	0	0	0	0	0	0	0	0	0	0	0	0	0	0	0	0	0	0	0	0	0	0	0	0	0	0	0	0	0	0	0	0	0	0	0	0	0	0	0	0	0	0	0	0	0	0	0	0	0	0	0	0	0	0	0	0	0	0	0	0	0	0	0	0	0	0	0	0	0	0.050732449743167	0	0	0	0	0	0	0.00951233432684381	0.862451645633839	0	0	0	0	0	0	0	0.0729278965058025	0	0	0.39951804172744	0	0	0	0	0	0	0	0	0	0	0	0	0	0	0	0	0	0	0	0	0	0	0	0	0	0	0	0	0	0	0	0	0	0	0	0	0	0.272686917369522	0	0	0	0	0	0.0634155621789587	0	0	0	0	0	0	0	0	0	0	0	0	0	0	0	0	0	0.110977233813178	0	0	0	0	0	0	0	0	0	0	0	0	0	0	0	0	0	0	0	0	0	0	0	0	0	0	0	0	0	0	0	0	0	0	0	0	0	0	0	0	0	0	0	0	0	0	0	0	0	0	0	0	0.0348785591984273	0	0	0	0	0	0	0	0	0	0	0	0	0	0	0	0	0	0	0	0	0	0	0.00634155621789587	0	0	0	0	0	0	0	0	0	0	0	0	0	0	0.142685014902657	0	0	0	0	0	0	0	0	0	0	0	0	0	0	0	0	0	0	0	0	0	0	0	94.3433318536369	0	0	0	0	0	0	0	0	0	0	0	0	0	0	0	0	0	0	0	0	0	0	0	0	0	0	0	0	0	0	0	0	0	0	0	0	0	0	0	0	0	0	0	0	0	0	0	0	0	0	0	0	0	0	0	0	0	0	0	0	0	0	0	0	0	0	0	0	0	0	0	0	0	0	0	0	0	0	0	0	0	0	0	0	0	0	0	0	0	0	0	0	0	0	0	0	0	0	0	0	0	0.0190246686536876	0	0	0	0	0	0	0	0	0	0	0	0	0	0	0	0	0	0	0.250491470606887	0	0	0	0	0	0	0	0	0	0	0	0	0	0	0	0	0	0	0	0	0	0	0	0	0	0	0	0	0	0	0	0	0	0	0	0	0	0	0	0	0	0	0	0	0	0	0	0	0	0	0.00317077810894794	0	0	0	0	0	0	0	0	0	0	0	0	0	0	0	0	0	0	0	0	0	0	0	0	0	0	0	0	0	0	0	0	0	0.133172680575813	0	0	0	0	0.0697571183968546	0	0	0	0	0	0	0	0	0	0	0	0	0	0	0	0	0	0	0	0	0	0	0	0	0	0	0	0	0	0	0	0	0	0	0	0	0	0	0	0	0	0	0	0	0	0	0	0	0	0	0	0	0	0	0	0	0	0	0	0	0	0	0.098294121377386	0	0	0	0	0	0	0	0	0	0	0	0	0	0	0	0.0443908935252711	0	0	0	0	0	0	0	0	0	0	0	0	0	0	0	0	0	0	0	0	0	0	0	0	0	0	0	0	0	0	0	0	0	0	0	0	0	0	0	0	0	0	0	0	0	0	0	0	0	0	0	0	0	0	0	0	0	0	0	0	0	0	0	0	0	0	0	0	0	0	0	0	0	0.0221954467626356	0	0	0	0	0	0	0	0	0	0	0	0	0	0	0	0	0	0	0	0	0.288540807914262
ERR6650730	0	0	0	0	0	0	0	0	0	0	0	0	0	0.0187434397960714	0	0	0	0	0	0	0	0	0	0	0	0	0	0	0	0	0	0	0	0	0	0	0	0	0	0	0	0	0.112460638776428	0	0.168690958164642	0	0	0	0	0.341130604288499	0	0	0	0	0	0	0	0	0	0	0	0	0	0	0	0	0	0	0	0	0	0	0	0	0	0	0	0	0	0	0	0	0	0	0.0299895036737142	0.281151596941071	0	0	0	0	0	0	0	0	0	0	0	0	0	0	0	0	0	0	0	0	0	0	0	0	0	0	0	0	0	0	0	0	0	0	0	0	0	0	0	0	0	0	0	0.00749737591842855	0	0	0	0	0	0.176188334083071	0	0.0937171989803569	0	0	0	0	0	0	0	0	0	0	0	0	0	0	0	0.0937171989803569	0	0	0.374868795921428	0	0	0	0	0	0	0	0	0	0	0	0	0	0	0	0	0	0	0	0	0.599790073474284	0	0	0	0	0	0	0	0.54355975408607	0	0	0	0	0	0	0	3.83115909431699	0	0	0	0	0	0	0	1.74313990103464	0	0	0	0	0	0	0	0	0	0	0	0	0	0	0	0	0	0	0	0	0	4.03733693207377	0	0	0	0	0.0862198230619283	0	0.416104363472785	0	0	0	0	0	0	0	0	0	0	0	0	0	0	0	0	0	0	0	0	0	0	0	0	0	0	0	0	0	0	0	0	0	0	0	0	0	0	0	0	0	0	0	0	0	0	0	0	0	0	0	0	0	0	0	0	0	0	0	0	0	0	0	0	0	0	0	0	0	0	0	0	0	0	0	0	0	0	0	0	0	0	0	0	0	0	0	0	0.277402908981856	0	0	0	0	0	0	0	0	0	0	0	0	0	0	0	0.431099115309642	0	0	0	0	0	0	0	0	0	0	0	0	0	0	0	0	0	0	0	0	0	0	0	0	0	0	0	0	0	0	0	0	0	0	0	0	0	0	0	0	0	0	0	0	0	68.0236917079022	0	0	0	0	0	0	0	0	0.101214574898785	0	0	0	0	0	0	0	0	0	0	0	0	0	0	0	0	0	0	0	0	0	0	0	0	0	0	0	0	0	0	0	0	0	0	0	0	0	0	0.656020392862498	0	0	0	0	0	0	0	0	0	0	0	0	0	0	0	0	0	0	0	0	0	0	0	0	0	0	0	0	0	0	0.0712250712250712	0	0	0	0	0	0	0.423601739391213	0	0	0	0	0	0	0	0	0	0	0	0	0	0	0	0.236167341430499	0.423601739391213	0	0.46483730694257	0	0	0	0	0	0	0	0	0	0	0	0	0	0	0	4.03358824411456	0	0	0	0	0	0	0	0	1.626930574299	0	0	0	0	0	0	0	0	0	0	0	0	0	0	0.476083370820213	0	0	0	0	0	0	0	0	0	0	0	0	0	0	0	0	0	0	0	0	0	0	0	0	0	0	0	0	0	0	0	0	0	0	0	0	0	0	0	0	0	0	0	0	0	0	0	0	0	0	0	0	0	0	0	0	0	0	0	0	0	0	0	0	0	0	0	0	0	0	0	0	0	0	0	0	0	0	0	0	0	0	0	0	0	0	0	0	0	0	0	0	0	0	0	0	0	0	0	0	0	0	0	0	0	0	0	0	0	0	0	0	0	0	0	0	0	0	0	0	0.202429149797571	0	0	0	0	0	0	0	1.05338131653921	0	0	0	0	0	0	0	0	0	0	0	0	0	0	0	0.146198830409357	0	0	0	0	0	0	0	0	0	0	0	0	0	0	0	0	0	0	0	0	0	0	0	0	0.0299895036737142	0.536062378167641	0	0	0	0	0	0	0	0	0	0	0	0	0	0	0	0	0	0	0	0	0	0	0	0	0	0	0	0	0	0	0	0	0	0	0	0	0	0	0	0	0	0	0.0149947518368571	0	0	0	0	0	0	0	0	0	0	0	0	0	0	0	0	0	0	0	0	0	0	0	0	0	7.81601439496176
ERR6650731	0	0	0	0	0	0	0	0	0	0	0	0	0	0	0	0	0	0	0	0	0	0	0	0	0	0	0	0	0.267489711934156	0	0	0	0	0	0	0	0	0	0	0	0	0	0	0	0	0	0	0	0	0	0.580246913580247	0	0	0	0	0	0	0	0	0	0	0	0	0	0	0	0	0	0	0	0	0	0	8.55555555555556	0	0	0	0	0	0	0	0	0	0	0	0	0	0	0	0	0	0	0	0	0	0	0	0	0.00823045267489712	0	0	0	0	0	0	0	0	0	0	0	0	0	0	0	0	0	0	0	0	0	0	0	0	0	0	0	0	0	0	0	0	0	0	0	0	0.403292181069959	0	0	0	0	0	0	0	0	0	0	0	0	0	0	0	0	0	0	0	0	0	0	0	0	0	0	0	0	0	0	0	0	0	0	0	0	0	0	0	0	0	0.00411522633744856	0	0	0	0	0	0	0	0.00411522633744856	0	0	0	0	0	0	0	15.1728395061728	0	0	0	0	0	0	0	0	0	0	0.481481481481482	0	0	0	0	0	0	0	0	0	0	0	0	0	0	0	0	0	0	0.156378600823045	0	0	0	0	0	0	0	0	0.300411522633745	0	0	0	0	0	0	0	0	0	0.888888888888889	0	0	0	0	0	0.242798353909465	0	0	0	0	0	0	0	0	0	0	0	0	0	0	0	0	0	0	0	0	0	0	0	0	0	0	0	0	0	0	0	0	0	0	0	0	0	0	0	0	0	0	0	0	0	0.156378600823045	0	0	0	0	0	0	0	0	0	0	0	0	0	0	0	0.0493827160493827	0	0	0	0	0	0	0	0	0.00411522633744856	0	0	0	0	0	0	0	0	0	0	0	0	0	0	0	0	0	0	0	0	0	0	0	0	0	0	0	0	0	0	0	0	0	0	0	0	0	0.00411522633744856	0	0.0823045267489712	0	0	0	0	0	0	0	0	0	0	0	0	0	0	0	0	0	0	0	0	0	60.0534979423868	0	0	0	0	0	0	0	0	0	0	0	0	0	0	0	0	0	0	0	0	0	0	0	0	0	0	0	0	0	0	0	0	0	0	0	0	0	0	0	0	0	0	0	0	0	0	1.68312757201646	0	0	0	0	2.4320987654321	0	0	0	0	0	0	0	0	0	0	0	0	0	0	0	0	0	0	0	0	0	0	0	0	0	0	0	0	0	0	0	0	0	0	0	0	0	0	0	0	0	0	0	2.09053497942387	0	0	0	0	0	0	0.382716049382716	0	0	0	0	0	0	0	0	0	0	0	0	0	0	0	0	0	0	0	0	0	0	0	0	0	0	0	0	0	0	0	0	0	0	0	0	0	0	0	0	0	0	0	0	0	0	0	0	0	0	0	0	0	0	0	0	0	0	0	0	0	0	0	0	0	0	0	0	0	0	0	0	0	0	0	0	0	0	0	0	0	0	0	0	0	0	0	0	0	0	0	0	0	0	0	0	0	0	0	0	0	0	0	0	0	0	0	0	0	0	0	0	0	0	0.00411522633744856	0	0	0	0	0	0	0	0	0	0	0.255144032921811	0	0	0	0	0	0	0	0	0	0	0	0	0	0	0	0	0	0	0	0	0	0	0	0	0	0	0	0	0	0	0	0	0	0	0	0	0.0740740740740741	0	0	0	0	0	0	0	1.78189300411523	0	0	0	0	0	0	0	0	0	0	0	0	0	0	0	0	0	0	0	0	0	0	0	0	0	0	0	0	0	0	0	0	0	0	0	0	0	0	0	0	0	0	0	0	0	0	0	0	0	0	0	0	0	0	0	0	0	0	0	0	0	0	0	0	0	0	0	0	0	0	0	0	0	0	0	0	0	0	0	0	0	0	0	0	0	0	0	0	0	0	0	0	0	0	0	0	0	0	0	0	0	0	0	0	0	0	0	0	0	0	3.88065843621399
ERR6650733	0	0	0	0	0	0	0	0	0	0	0	0	0	0	0	0	0	0	0	0	0	0	0	0	0	0	0	0	0	0	0	0	0	0	0	0	0	0	0	0	0	0	0	0	0	0	0	0	0	0	0.652775376102369	0	0	0	0	0	0	0	0	0	0	0	0	0	0	0	0	0	0	0	0	0	0	0.721943627874805	0	0	0	0	0	0	0	0	0	0	0	0	0	0	0	0	0	0	0	0	0	0	0	0	0	0	0	0	0	0	0	0	0	0	0	0	0	0.583607124329933	0	0	0	0	0	0	0	0	0	0	0	0	0	0	0	0	0	0	0	0	0	0	0	0.272349991353969	0	0.103752377658655	0	0	0	0	0	0	0	0	0	0	0	0	0	0	0	0	0	0	0	0	0	0	0	0	0	0	0	0	0	0	0	0	0	0	0	0	0	0	0	0	0	0	0	0	0	0	0	0	0	0	0	0	0	0	0.194535708109978	3.12554037696697	0	0	0	0	0	0	0	0	0	0	0	0	0	0	0	0	0	0	0	0	0	0	0	0	0	0	0	0	0	0	0	0	0	0	0	0	0	0	0	0	0	0	0	0	0	0	0	0	2.13556977347398	0	0	0	0	0	0	0	0	0	0	0	0	0	0	0	0	0	0	0	0	0	0	0	0	0	0	0	0	0	0	0	0	0.168597613695314	0	0	0	0	0	0	0	0	0	0	0	0.077814283243991	0	0	0	0	0	0	0	0	0	0	0	0.129690472073318	0	0	0	0	0	0	0	0	0	0	0	0	0	0	0	0	0	0	0	0.129690472073318	0	0	0	0	0	0	0	0	0	0	0	0	0	0	0	0	0	0	0	0	0	0	0	0	0	0	0	0	0	0	0	0	0	0	0	0	0	0	0	0	0	0	0	0	0	0	0	0	0	0	0	0	0	0	0	0	0	0	0	0	0	84.0826560608681	0	0	0	0	0	0	0	0	0	0	0	0	0	0	0	0	0	0	0	0	0	0	0	0	0	0	0	0	0	0	0	0	0	0	0	0	0	0	0	0	0	0	0	0	0	0	0	0	0	0	0	0	0	0	0	0	0	0	0	0	0	0	0	0	0	0	0	0	0	0	0	0	0	0	0	0	0	0	0	0	0	0	0	0	0	0	0	0	0	0	0	0	0	0	0	0	0	0	0	0	0	0.125367456337541	0	0	0	0	0	0	0	0	0	0	0	0	0	0	0	0	0	0	0.830019021269237	0	0	0	0	0	0	0	0	0	0	0	0	0	0	0	0	0	0	0	0	0	0	0	0	0	0	0	0	0	0	0	0	0	0	0	0	0	0	0	0	0	0	0	0	0	0	0	0	0	0	0.600899187273042	0	0	0	0	0	0	0	0	0	0	0	0.185889676638423	0.0432301573577728	0	0	0	0	0	0	0	0	0	0	0	0	0	0	0	0	0	0	0	0	0	0	0	0	0	0.159951582223759	0	0	0	0.964032509078333	0	0	0.838665052740792	0	0	0	0	0	0	0	0	0	0	1.21909043748919	0	0	0	0	0	0	0	0	0	0	0	0	0	0	0	0	0	0	0	0	0	0	0	0	0	0	0	0	0	0	0	0	0	0	0	0	0.0864603147155456	0	0	0	0	0	0	0	0.799757911118796	0	0	0	0	0	0	0	0	0	0	0	0	0	0	0	0.0648452360366592	0	0	0	0	0	0.203181739581532	0	0	0	0	0	0	0	0	0	0	0	0	0	0	0	0	0	0	0	0.410686494898841	0	0	0	0	0	0	0	0	0	0	0	0	0	0	0	0	0	0	0	0	0	0	0	0	0	0	0	0	0	0	0	0	0	0	0	0	0	0	0	0	0	0	0.194535708109978	0	0.0518761888293273	0	0	0	0	0	0	0	0	0	0	0	0	0	0	0	0	0	0	0	0	0	0	0	0.842988068476569
ERR6650741	0	0	0	0	0	0	0	0	0	0	0	0	0	0	0	0	0	0	0	0	0	0	0	0	0	0	0	0	0	0	0	0	0	0	0	0	0	0	0	0	0	0	0	0	1.57632016814082	0	0	0	0	0	3.62991505385761	0	0	0	0	0	0	0	0	0	0	0	0	0	0	0	0	0	0	0	0	0	0	0	0.459760049041072	0	0	0	0	0	0	0.17514668534898	0	0	0	0	0	0	0	0	0	0	0	0	0	0	0	0	0.429109379105	0	0	0	0	0	0	0	0	0	0	0	0	0	0	0	0	0	0	0	0	0	0	0	0	0	0	0	0	0	0	0	0	0	0	0	0	0.12698134687801	0	0.0218933356686225	0	0	0	0	0	0	0	0	0	0	0	0	0	0	0	0	0.0700586741395919	0	0	0	0	0	0	0	0	0	0	0	0	0	0	0	0	0	0	0	0	0	0	0.00437866713372449	0	0	0	0	0	0	0	0.700586741395919	0	0	0	0	0	0	0.0919520098082144	1.47998949119888	0	0	0	0	0	0	0	0	0	0.0394080042035204	0.205797355285051	0	0	0.232069358087398	0	0	0	0	0	0	0	0	0	0.0131360014011735	0	0	0	0	0	0	0.315264033628164	0	0	0	0	0	0	0	0	0	0	0	0	0	0	0	0	0	1.25667746737893	0	0	0	0	0	0	0	0	0	0	0	0	0	0	0	0	0	0	0	0	0	0	0	0	0	0	0	0	0	0	0	0	0	0	0	0	0	0	0	0	0	0	0	0	0	0	0	0	0	0	0	0	0	0	0	0	0	0	0	0	0.0437866713372449	0	0	0	0	0	0	1.26543480164638	0	0	0	0	0	0	0	0.192661353883878	0	0	0	0	0	0	0	0	0	0	0	0	0	0	0	0	0	0	0	0	0	0	0	0	0	0	0	0	0	0	0	0	0	0	0	0	0	0	0	0	0	0	0	0	0	0	0	0	0	0	0	0	0	0	0	0	0	0	0	0	0	0	60.5744811279447	0	0	2.62282161310097	0	0	0	0	0	0	0	0	0	1.06839478062878	0	0	0	1.58069883527454	0	0	0	0	0	0	0	0	0	0	0	0	0	0	0	0	1.89158420176898	0	0	0	0	0	0	0	0	0	0	0	0	0	0.704965408529644	0	0	0	0	0	0	0	0	0	0	0	0	0	0	0	0	0	0	0	0	0	0	0	0.704965408529644	0	0	0	0	0	0	0	0	0	0	0	0	0	0	0	0	0	0	0	0	0	0	0	0	0	0	0	0	0.197040021017602	1.15158945616954	0.148874682546633	0	0	0	0	0	0	0	0	0	0	0	0	0	0	0	0	0	0	0	0	0	0	0	0	0	0	0.00437866713372449	0	0	0	0	0	0	0	0	0	0	0	0	0	0	0.00875733426744899	0	0	0	0	0	0	0	0	0.197040021017602	0	0	0	0	0	0	0	0	0	0	0	0	0	0	0	0	0	0.122602679744286	0	0	0	0	0	0	0	0	0	0	0	0	0	0	0	0	0	0	0	0	0	0	0	0	0	0	0	0	0	0	0	0	0	0	0	0	0	0	0	0	0	0	0.51668272177949	0	0	0.669936071459848	0	0	0	0	0	0	0	0	0	0	4.04150976442771	0	0.411594710570102	0	0	0	0	0	0.310885366494439	0	0	0	0	0	0	0	0	0	0	0	0	0	0	0	0	0	0	0	0	0	0	0	0	0	0	0	0	3.40222436290393	0	0	0	0	0	0	0	0	0	0	0	0	0	0	0	0.446624047639898	0	0	0	0	0	0	0	0	0	0	0	0	0	0	0	0	0	0	0	0	0	0	0	0	0	0	0	0	0	0	0	0	0	0	0	0	0.38970137490148	0	0	0	0	0	0	0	0	0	0	0	0	0	0	0	0	0	0	0	0	0	0	0	0	0	0	0	0	0	0	0	0	0	0	0	0	0	0	0	0	0	0.192661353883878	0	0	0	0	1.26543480164638	0	0	0	0	0.162010683947806	0	0	0	0	0	0	0	0.118224012610561	0	0	0	0	0	4.76398984149225
ERR6650742	0	0	0	0	0	0	0	0	0	0	0	0	0	0	0	0	0	0	0	0	0	0	0	0	0	0	0	0	0	0	0	0	0	0	0	0	0	0	0	0	0	0	0	0	0	0	0	0	0	0	0	0	0	0	0	0	0	0	0	0	0	0	0	0	0	0	0	0	0	0	0	0	0	0	0	0	0	0	0	0	0	0	0	0	0	0	0	0	0	0	0	0	0	0	0	0	0	0	0.0598981731057203	0	0	0	0	0	0	0	0	0	0	0	0	0	0	0	0	0	0	0	0	0	0	0	0	0	0	0	0	0	0	0	0	0	0	0	0	0	0	0	0	0	0	0	0	0	0	0	0	0	0	0	0	0	0	0	0	0	0	0	0	0	0	0	0.0770119368502118	0	0	0	0	0	0	0	0	0	0	0	0	0	0	0	0	0	0	0	0	0	0	0	0	0	0	0	0	0	0	0.393616566123305	0	0	0	0	0	0	0	0	0.00855688187224575	0	0.132631669019809	0	0	0	0	0	0	0	0	0	0	0	0	0	0	0	0	0	0	0	0	0	0	0	0	0	0	0	0	0	0	0	0	0	0	0	0	0	0	0	0	0	0	0	0	0	0	0	0	0	0	0	0	0	0	0	0	0	0	0	0	0	0	0	0	0	0	0	0	0	0	0	0	0	0	0	0	0	0	0	0	0	0	0	0	0	0	0	0	0	0	0	0	0	0	0	0	0	0	0	0	0	0	0	0	0	0	0	0	0	0	0	0	0	0	0	0	0	0	0	0	0	0	0	0	0	0	0	0	0	0	0	0	0	0	0	0	0	0	0	0	0	0	0	0	0	0	0	0	0	0	0	0	0	0	0	0	0	0	0	0	0	0	0	0	0	0	0	0	0	0	0	0	0	0	0	0	99.1314764899671	0	0	0	0	0	0	0	0	0	0	0	0	0	0	0	0	0	0	0	0	0	0	0	0	0	0	0	0	0	0	0	0	0	0	0	0	0	0	0	0	0	0	0	0	0	0	0	0	0	0	0	0	0	0	0	0	0	0	0	0	0	0	0	0	0	0	0	0	0	0	0	0	0	0	0	0	0	0	0	0	0	0	0	0	0	0	0	0	0	0	0	0	0	0	0	0	0	0	0	0	0	0.0470628502973516	0	0	0	0	0	0	0	0	0	0	0	0	0	0	0	0	0	0	0	0	0	0	0	0	0	0	0	0	0	0	0	0	0	0	0	0	0	0	0	0	0	0	0	0	0	0	0	0	0	0	0	0	0	0	0	0	0	0	0	0	0	0	0	0	0	0	0	0	0	0	0	0	0	0	0	0	0	0	0	0	0	0	0	0	0	0	0	0	0	0	0	0	0	0	0	0	0	0	0	0	0	0	0	0	0	0	0	0	0	0	0	0	0	0	0	0	0	0	0	0	0	0	0	0	0	0	0.149745432764301	0	0	0	0	0	0	0	0	0	0	0	0	0	0	0	0	0	0	0	0	0	0	0	0	0	0	0	0	0	0	0	0	0	0	0	0	0	0	0	0	0	0	0	0	0	0	0	0	0	0	0	0	0	0	0	0	0	0	0	0	0	0	0	0	0	0	0	0	0	0	0	0	0	0	0	0	0	0	0	0	0	0	0	0	0	0	0	0	0	0	0	0	0	0	0	0	0	0	0	0	0	0	0	0	0	0	0	0	0	0	0	0	0	0	0	0	0	0	0	0	0	0	0	0	0	0	0	0	0	0	0	0	0	0	0	0	0	0	0	0	0	0	0	0	0	0	0	0	0	0	0	0	0	0	0	0
ERR6650743	0	0.0244834002546274	0	0	0	0	0	0	0	0	0.0391734404074038	0	0	0	0	0	0	0	0	0	0	0	0	0	0	0	0	0	0.0244834002546274	0	0	0	0	0	0.10772696112036	0	0.0244834002546274	0	0	0	0	0	0	0	0.166487121731466	0	0.112623641171286	0	0	0	0.35745764371756	0	0	0	0	0	0	0	0	0	0	0	0	0	0	0	0	0	0	0	0	0	0	0	0	0	0	0	0	0	0	0	0	0	0	0.00979336010185095	0	0	0	0	0	0	0	0	0	0	0	0	0.083243560865733	0	0.083243560865733	0	0	0	0.0587601606111057	0	0	0	0	0	0	0	0.0391734404074038	0	0	0	0	0	0	0	0	0	0	0	0	0	0	0.0244834002546274	0	0	0	0	0	0.083243560865733	0	0	0	0.0146900401527764	0	0	0	0.132210361374988	0	0	0	0	0	0	0	0.0146900401527764	0	0	0	0	0	0.0146900401527764	0	0	0	0	0	0	0	0	0	0	0	0	0	0	0	0	0	0	0	0	0	0	0	0	0	0	0	0	0	0	0	0	0	0	0	0	0	1.576730976398	0	0	0	0	0	0	0	0.582704926060131	0.0440701204583293	0	0.0979336010185094	0	0	0	0	0	0	0	0	0	0.0391734404074038	0	0	0	0	0	0	0	0	0	0	0	0	0	0	0	0.0244834002546274	0	0	0	0	0	0	0	0	0	0	0	0.0244834002546274	0.0685535207129566	0	0	0	0	0.0636568406620311	0	0	0	0	0	0	0	0	0	0	0	0	0	0	0	0	0.0391734404074038	0	0	0	0	0	0	0	0	0	0.0244834002546274	0	0	0	0	0	0	0	0	0	0	0	0.0489668005092547	0	0	0	0	0	0	0	0	0	0	0	0	0	0	0	0	0	0	0	0.0587601606111057	0	0.00489668005092547	0	0.156693761629615	0	0	0	0	0	0	0.210557242189795	1.36617373420821	0	0	0	0	0	0	0	0	0	0	0	0	0	0	0.0489668005092547	0	0.10772696112036	0	0	0	0	0	0	0	0	0	0	0	0.00979336010185095	0	0	0	0	0	0	0	0	0	0	0.0244834002546274	0	0	0	0	0.0195867202037019	0	0	0	0	0	0	0	0	0	0	0	0	0	0	0	0	88.9432964450103	0	0	0.0489668005092547	0	0	0	0	0	0	0	0	0	0	0.0342767603564783	0	0	0.0146900401527764	0	0	0	0	0	0	0	0	0	0.0293800803055528	0	0	0	0	0.0342767603564783	0	0	0.0195867202037019	0	0	0	0	0	0	0	0	0	0	0	0	0.20566056213887	0	0	0	0	0	0	0	0	0	0	0	0	0	0	0	0	0	0	0	0	0	0	0	0	0	0	0	0	0	0	0	0	0	0	0	0	0	0.0146900401527764	0	0	0	0	0	0	0	0	0	0.146900401527764	0	0	0	0	0	0.416217804328665	0.0587601606111057	0	0	0	0	0	0	0	0	0	0	0	0	0	0	0	0	0	0	0	0	0	0	0	0	0	0	0.181177161884242	0.0489668005092547	0	0	0	0	0	0	0	0	0	0	0	0	0	0	0	0	0	0	0	0	0	0	0.0244834002546274	0	0	0	0	0	0	0	0	0	0	0	0	0	0	0	0	0	0.0783468808148076	0	0	0	0	0	0	0	0	0	0	0	0	0	0	0	0	0	0	0	0	0	0	0	0	0	0	0	0	0.0391734404074038	0	0	0	0	0	0	0	0	0	0	0	0	0	0.0489668005092547	0	0	0.0293800803055528	0.0734502007638821	0	0	0	0	0	0	0	0	0	1.11644305161101	0	0	0	0	0	0	0	0	0	0.190970521986093	0	0	0	0	0	0	0	0	0.00979336010185095	0	0	0	0	0	0	0	0	0	0	0.00979336010185095	0	0	0	0.0244834002546274	0	0	0	0	0	0	0	0	0	0	0.00489668005092547	0	0	0	0	0	0	0	0.621878366467535	0	0.0342767603564783	0	0	0	0	0	0.0587601606111057	0	0	0.0342767603564783	0	0	0	0	0	0	0	0	0.093036920967584	0	0	0	0	0	0	0	0	0	0	0	0	0	0.244834002546274	0	0	0	0	0	0	0	0	0	0	0.0391734404074038	0	0	0	0	0	0	0	0	0	0	0	0	0	0	0	0	0	0	0	0	0	0	0	0	0	0	0	0	0	0	0	0.0195867202037019	0	0	0	0	0.347664283615709	0	0	0	0	0	0	0	0	0	0	0	0.102830281069435	0	0	0	0	0	0	0	0	0.499461365194398
ERR6650744	0	0	0	0	0	0	0	0	0	0	0	0	0	0	0	0	0	0	0	0	0	0	0	0	0	0	0	0	0	0	0	0	0	0	0	0	0	0	0	0	0	0	0	0	0.170713201820941	0	0	0	0	0	0	0	0	0	0	0	0	0	0	0	0	0	0	0	0	0	0	0	0	0	0	0	0	0	0	0	0	0	0	0	0	0	0	0	0	0	0	0	0	0	0	0	0	0	0	0	0	0	0	0	0	0.0900986342943854	0	0	6.87120637329287	0	0	0	0	0	0	0	0	0	0	0	0	0	0	0	0	0	0	0	0	0	0	0	0	0	0	0	0	0	0	0	0	0	0	0	0	0	0	0	0	0	0	0	0	0	0	0	0	0	0	0	0	0	0	0	0.142261001517451	0	0	0	0	0	0	0	0	0	0	0	0	0	0	0	0	0.829855842185129	0	0	0	0	0	0	0	0	0	0	0	0	0	0	0	0	0	0	0	0	0	0	0	0	0	0	0	0	0	0	0	0	0	0	0	0	0	0	0	0	0	0	0	0	0	0	0	0	0	0	0	0	0	0	0	0	0	0	0	0	0	0	0	0	0.270295902883156	0	0	0	0	0	0	0	0	0	0	0	0	0	0	0	0	0	0	0	0	0	0	0	0	0	0	0	0	0	0	0	0	0	0	0	0	0	0	0	0	0	0	0	0	0	0	0	0	0	0	0	0	0	0	0	0	0	0	0	0	0	0	0	0	0	0	0	0	0	0	0	0	0	0	0	0	0	0	0	0	0	0	0	0	0	0	0	0	0	0	0	0	0	0	0	0	0	0	0	0	0	0	0	0	0	0	0	0	0	0	0	0	0	0	0	0	0	0	0	0	0	0	0	0	0	0	0	0	0	0	0	0	0	0	0	0	0	0	89.3541350531108	0	0	0	0	0	0	0	0	0	0	0	0	0	0	0	0	0	0	0	0	0	0	0	0	0	0	0	0	0	0	0	0	0	0	0	0	0	0.00474203338391502	0	0	0	0	0	0	0	0	0	0.365136570561457	0	0	0	0	0	0	0	0	0	0	0	0	0	0	0	0	0	0	0	0	0	0	0	0	0	0	0	0	0	0	0	0	0	0	0	0	0	0	0	0	0	0	0	0	0	0	0	0	0	0	0	0	0	0.801403641881639	0.256069802731411	0	0	0	0	0	0	0	0	0	0	0	0	0	0	0	0	0	0	0	0	0	0	0	0	0	0	0	0	0	0	0	0	0	0	0	0	0	0	0	0	0	0	0	0	0	0	0	0	0	0	0	0	0	0	0	0	0	0	0	0	0	0	0	0	0	0	0	0	0	0	0	0	0	0	0	0	0	0	0	0	0	0	0	0	0	0	0	0	0	0	0	0	0	0	0	0	0	0	0	0	0	0	0	0	0	0	0	0	0	0	0	0	0	0	0	0	0	0	0	0	0	0	0	0	0	0.289264036418816	0	0	0	0	0	0	0	0	0	0	0	0	0	0	0	0	0	0	0	0	0	0	0	0	0	0	0	0	0	0	0	0	0	0	0	0	0	0	0	0	0	0	0	0	0	0	0	0	0	0	0	0	0	0	0	0	0	0	0	0	0	0	0	0	0	0	0	0	0	0	0	0	0	0	0	0	0	0	0	0	0	0	0	0	0	0	0	0	0	0	0	0	0	0	0	0	0	0	0	0	0	0	0	0	0	0	0	0	0	0	0	0	0	0	0	0	0	0	0	0	0	0	0	0	0	0	0	0	0	0	0	0	0	0	0.554817905918058	0	0	0	0	0	0	0	0	0	0	0	0	0	0	0	0	0	0	0	0	0
ERR6650745	0	0	0	0	0	0	0	0	0	0	0	0	0	0	0	0	0	0	0	0	0	0	0	0	0	0	0	0	0	0	0	0	0	0	0	0	0	1.92277383766745	0	0	0	0	0	0	0.745994221171526	0	0	0	0	0	0.0210139217231416	0	0	0	0	0	0	0	0	0	0	0	0	0	0	0	0	0	0	0	0	0	0	0	0	0	0	0	0	0	0	0.294194904123982	0	0	4.17651694247439	0.12608353033885	0	0	0	0	0	0	0	0	0	0	0	0	0.341476228001051	0	0	0	0	0	0.0157604412923562	0	0	0	0	0	0	0	0	0	0	0	0	0	0.220646178092987	0	0	0	0	0	0	0	0	0	0	0.357236669293407	0	0	0	0	0	0	0	0	0	0	0	0.199632256369845	0	0	0	0	0	0	0	0	0	0	0	0	0	0	0	0	0	0	0	0	0	0	0	0	0	0	0	0	0	0	0	0	0	0	0	0	0	0	0	0	0	1.02442868400315	0	0	0	0	0	0	0	0	0	0.257420541108484	0	0	0	0	0	0	0	0	0	0	1.21880745994221	0	0	0	0	0	0	0	0	0	0	0	0	0	0	0	0	0	0	2.28001050696086	0	0	0	0	0	0	0	0	0	0	0	0	0	0	0	0	0	0	27.4231678486998	0	0	0	0	0	0	0	0	0	0	0	0	0	0	0	0	0	0	0	0	0	0	0	0	0	0	0	0	0	0	0	0	0.598896769109535	0	0	0	0	0	0	0	0	0	0	0	0	0	0	0	0	0	0	0	0	0	0	0	0	0	0	0	0	0	0	0	0	0	0	0	0	0	0	0	0	0	0	0.20488573680063	0	0	0	0	0	0	0	0	0	0	0	0	0	0	0	0	0	0	0.105069608615708	0	0	0	0	0	0	0	0	0	0	0	0	0	0	0	0	0	0	0	0	0	0	0	0	0	0	0	0	0	0	0	0	0	0	0	0	0	0	0	0	0	0	0	31.5366430260047	0	0	0	0	0	0	0	0	0	0	0	0	0	0	0	0	0	0	0	0	0	0	0	0	0	0	0	0	0	0	0	0	0	0.0630417651694248	0	0	0	0.598896769109535	0	0	0	0	0	0	0	0	0.0420278434462832	0.183871815077489	0	0	0	0	0	0	0	0	0	0	0	0	0	0	0	0	0	0	0	0	0	0	0	0	0	0	0	0	0	0	0	0	0	0	0	0	0	0	0	0	0	0	0	0	0	0	0	0	0	0	0	0	0	3.30443919096401	0	0	0	0	0	0	0	0	0	0	0	0	0	0	0	0	0	0	0	0	0	0	0	0	0	0	0	0.840556868925663	0	0	0	0	0	0	0	0	0	0	0	0	0	0	0	0	0	0	0	0	0	0	0	0	0.173364854215918	0	0	0	0	0	0	0	0	0	0	0	0	0	0	0	0	0	0	0	0	0	0	0	0	0	0	0	0	0	0	0	0	0	0	0	0	0	0	0	0	0	0	0	0	0	0	0	0	0	0	0	0	0	0	0	0	0	0	0	0.0157604412923562	0	7.68058838980825	1.68111373785133	0	0	0	0	0	0	0	0	0	0	0.304701864985553	0	0	0	0	0	0	0	0	0	0	0	0	0	0	0	0	0	0	0	0	0	0	0	0	0	0	0	0	0	0	0	0	0	0	0	0	0.672445495140531	0	0	0	0	0	0	0	3.07853953244024	0	0	0	0	0	0	0	0	0	0	0	0	0	0	0	3.96112424481219	0	0	0.236406619385343	0	0	0	0	0	0	0	0	0	0	0	0	0	0	0	0	0	0	0	0	0	0	0	0	0	0	0	0	0	0	0	0	0	0	0	0	0	0	0	0	0	0	0	0	0	0	0	0	0	0	0	0	0	0	0	0	0	0	0	0	0	0	0	0	0	0	0	0	0	0	0.309955345416338	0	0	0	0	0	0	0	0	0	0	0	0	0	0	0	0	0	0	0	0	3.78250591016548
ERR6650748	0	0	0	0	0	0	0	0	0	0	0	0	0	0	0	0	0	0	0	0	0	0	0	0	0	0	0	0	0	0	0	0	0	0	0	0	0	0	0	0	0	0	0	0	0	0	0	0	0	0	0	0	0	0	0	0	0	0	0	0	0	0	0	0	0	0	0	0	0	0	0	0	0	0	0	0	0	0	0	0	0	0	0	0	0	0	0	0	0	0	0	0	0	0	0	0	0	0	0	0	0	0	0	0	0	0	0	0	0	0	0	4.63692038495188	0	0	0	0	0	0	0	0	0	0	0	0	0	0	0	0	0	0	0	0	0	0	0	0	0	0	0	0	0	0	0	0	0	0	0	0	0	0	0	0	0	0	0	0	0	0	0	0	0	0	0	0	0	0	0	0	0	0	0	0	0	0	0	0	0	0	0	0	0	0	0	0	0	0	0	0	0	0	0	0	0	0	0	0	0	0	0	0	0	0	0	0	0	0	0	0	0	0	0	0	0	0	0	0	0	0	0	0	0	0	0	0	0	0	0	0	0	0	0	0	0	0	0	0	2.93088363954506	0	0	0	0	0	0	0	0	0	0	0	0	0	0	0	0	0	0	0	0	0	0	0	0	0	0	0	0	0	0	0	0	0	0	0	0	0	0	0	0	0	0	0	0	0	0	0	0	0	0	0	0	0	0	0	0	0	0	0	0	0	0	0	0	0	0	0	0	0	0	0	0	0	0	0	0	0	0	0	0	0	0	0	0	0	0	0	0	0	0	0	0	0	0	0	0	0	0	0	0	0	0	0	0	0	0	0	0	0	0	0	0	0	0	0	0	0	0	0	0	0	0	0	0	0	0	0	0	0	0	0	0	0	0	0	0	0	0	0	0	0	0	0	0	71.1286089238845	0	0	0	0	0	0	0	0	0	0	0	0	0	0	0	0	0	0	0	0	0	0	0	0	0	0	0	0	0	0	0	0	0	0	0	0	0	0	0	0	0	0	0	0	0	0	0	0	0	0	0	0	0	0	0	0	0	0	0	0	0	0	0	0	0	0	0	0	0	0	0	0	0	0	0	0	0	0	0	0	0	0	0	0	0	0	0	0	0	0	0	0	0	0	0	0	0	0	0	0	0	10.3674540682415	0	0	0	0	0	0	0	0	0	0	0	0	0	0	0	0	0	0	0	0	0	0	0	0	0	0	0	0	0	0	0	0	0	0	0	0	0	0	0	0	2.6246719160105	0	0	0	0	0	0	0	0	0	0	0	0	0	0	0	0	0	0	0	0	0	0	0	0	0	0	0	0	0	0	0	0	0	0	0	0	0	0	0	0	0.0437445319335083	0	0	0	0	0	0	0	0	0	0	0	0	0	0	0	0	0	0	0	0	0	0	0	0	0	0	0	0	0	0	0	0	0	0	0	0	0	0	0	0	0	0	0	0	0.306211723534558	0	0	0	0	0	0	0	0	0	0	0	0	0	0	0	0	0	0	0	0	0	0	0	0	0	0	0	0	0	0	0	0	0	0	0	0	0	0	0	0	0	0	0	0	0	0	0	0	0	0	0	0	0	0	0	0	0	0	0	0	0	0	0	0	0	0	0	0	0	0	0	0	0	0	0	0	0	0	0	0	0	0	0	0	0	0	0	0	0	0	0	0	0	0	0	0	0	0	0	0	0	0	0	0	0	0	0	0	0	0	0	0	0	0	0	0	0	0	0	0	0	0	0	0	0	0	0	0	0	0	0	0	0	0	0	0	0	0	0	0	0	0	0	0	0	0	0	0	0	0	0	0	0	0	0	7.96150481189851
ERR6650752	0	0	0	0	0	0	0	0	0	0	0	0	0	0	0	0	0	0	0	0	0	0	0	0	0	0	0	0	0	0	0	0	0	0	0	0	0	0	0	0	0	0	0	0	0.0190027363940407	0	0	0	0	0	0	0	0	0	0	0	0	0	0	0	0	0	0	0	0	0	0	0	0	0	0	0	0	0.00380054727880815	0	0	0	0	0	0	0	0	0	0	0	0	0	0	0	0	0	0	0	0	0	0	0	0	0.36865308604439	0	0	0	0	0	0	0	0	0	0	0	0	0	0	0	0	0	0	0	0	0	0	0	0	0	0	0	0	0	0	0	0	0	0	0	0	0	0	0	0	0	0	0	0	0	0	0	0	0	0	0	0	0	0	0	0	0	0	0	0	0	0	0	0	0	0	0	0	0	0	0	0	0	0	0	0	0	0	0	0	0	0	0	0	0	0	0.0114016418364244	0	0	0	0	0	0	0.239434478564913	1.00334448160535	0	0	0	0	0	0	0	0	0	0	0	0	0	0	0	0	0	0	0	0	0	0	0	0	0	0	0	0	0	0	0	0	0	0	0	0	0	0	0	0	0	0	0	0	0	0	0	0	0	0	0	0	0	0	0	0	0	0	0	0	0	0	0	0	0	0	0	0	0	0	0	0	0	0	0	0	0	0	0	0	0	0	0	0	0	0	0	0	0	0	0	0	0	0	0	0	0	0	0	0	0	0	0	0	0	0	0	0	0	0	0	0	0	0	0	0	0.0228032836728489	0	0	0	0	0	0	0	0	0.00380054727880815	0	0	0	0	0	0	0	0	0	0	0	0	0	0	0.672696868349042	0	0	0	0	0	0	0	0	0	0	0	0	0	0	0	0	0	0	0	0	0	0	0	0	0.0076010945576163	0	0	0	0	0	0	0	0	0	0	0	0	0	0	0	0	0	0	0	0	0	96.7619337184555	0	0	0	0	0	0	0	0	0	0	0	0	0	0	0	0	0	0	0	0	0	0	0	0	0	0	0	0	0	0	0	0	0	0	0	0	0	0	0	0	0	0	0	0	0	0	0	0.0380054727880815	0	0	0	0.0646093037397385	0	0	0	0	0	0	0	0	0	0	0	0	0	0	0	0	0	0	0	0	0	0	0	0	0	0	0	0	0	0	0	0	0	0	0	0	0	0	0	0	0	0	0	0	0	0	0	0.0380054727880815	0	0.10261477652782	0	0	0	0	0	0	0	0	0	0	0	0	0	0	0	0	0	0	0	0	0	0	0	0	0	0	0	0.0798114928549711	0	0	0	0	0	0	0	0	0	0	0	0	0	0	0	0	0	0	0	0	0	0	0	0	0	0	0	0	0	0	0	0	0	0	0	0	0	0	0	0	0	0	0	0	0	0	0	0	0	0	0	0	0	0	0	0	0	0	0	0	0	0	0	0	0	0	0	0	0	0	0	0	0	0	0	0	0	0	0	0	0	0	0	0	0	0	0	0.00380054727880815	0	0	0	0	0	0	0	0	0	0	0.0798114928549711	0	0	0	0	0	0	0	0	0	0	0	0	0	0	0	0	0	0	0	0	0	0	0	0	0	0	0	0	0	0	0	0	0	0	0	0	0.254636667680146	0	0	0	0	0	0	0	0	0	0	0	0	0	0	0	0.0646093037397385	0	0.0076010945576163	0	0	0	0	0	0	0	0	0	0	0	0	0	0	0	0	0	0	0	0	0	0	0	0	0	0	0	0	0	0	0	0.076010945576163	0	0	0	0	0	0	0	0	0	0	0	0	0	0	0	0	0	0	0	0	0	0	0	0	0	0	0	0	0	0	0	0	0	0	0	0	0	0	0	0	0	0	0	0	0	0	0	0	0	0.0494071146245059	0	0	0	0	0	0	0	0	0	0	0	0	0	0	0	0	0	0	0.026603830951657
ERR6650754	0	0	0	0	0	0	0	0	0	0	0	0	0	0	0	0	0	0	0	0	0	0	0	0	0	0	0	0	0	0	0	0	0	0	0	0	0	0.191190793982901	0	0	0	0	0	0	0.0685400959561343	0	0.0432884816565059	0	0	0	0.548320767649075	0	0	0	0	0	0	0	0	0	0	0	0	0	0	0	0	0	0	0	0	0	0	0	0	0	0	0	0	0	0	0	0	0	0.115435951084016	0	0	0	0	0	0	0	0	0	0	0	0	0	1.1327152700119	0	0	0	0	0	0	0	0	0	0	0	0	0	0.11182857761264	0	0	0	0	0	0	0	0	0	0	0	0	0	0	0	0	0	0	0	0	0	0	0.0468958551278814	0	0	0	0	0	0	0	0	0	0	0	0	0	0	0	0	0	0	0	0	0	0	0	0	0	0	0	0	0	0	0	0	0	0	0	0	0	0	0	0	0	0	0.0324663612423794	0	0	0	0	0	0	0	0	0	0	0	0	0	0.101006457198514	0.505032285992569	0	0	0	0	0	0	0	0	0	0	0.0793622163702608	0	0	0	0	0	0	0	0	0	0	0	0	0	0	0	0	0	0	0	0	0	0	0	0	0	0	0	0	0	0	0	0	0	0	0	0	0	2.17163882976805	0	0	0	0	0	0	0	0	0	0.0468958551278814	0	0	0	0	0	0	0	0	0	0	0	0	0	0	0	0.0360737347137549	0	0	0	0	0	0	0	0	0	0	0	0	0	0	0	0	0	0	0	0	0	0	0	0	0	0	0	0	0	0	0	0	0	0	0	0	0	0	0	0	0.0937917102557628	0	0	0	0	0	0	0	0	0	0.0108221204141265	0	0	0	0	0	0	0	0	0	0	0	0	0	0	0.00360737347137549	0	0.22365715522528	0	0	0	0	0	0	0	0	0	0	0	0	0	0	0	0	0	0	0	0	0	0	0	0	0	0	0	0	0	0	0	0	0	0	0	0	0	0	0	0	0	0	0	0	89.4989358248259	0	0	0	0	0	0	0	0	0	0	0	0	0	0	0	0	0	0	0	0	0	0	0	0	0	0	0	0	0	0	0	0	0	0	0.0432884816565059	0	0	0	0	0	0	0	0	0	0	0	0	2.32675588903719	0	0	0	0	0	0	0	0	0	0	0	0	0	0	0	0	0	0	0	0	0	0	0	0	0	0	0	0	0	0	0	0	0	0	0	0	0	0	0	0	0	0	0	0	0	0	0	0	0	0	0	0	0	0.422062696150933	0	0	0	0.0216442408282529	0	0	0	0	0	0	0	0	0	0	0	0	0	0	0	0	0	0	0	0	0	0	0	0	0.014429493885502	0	0	0	0	0	0	0	0	0	0	0	0	0	0	0	0	0	0	0	0	0	0	0	0	0	0	0	0	0	0	0	0	0	0	0	0	0	0	0	0	0	0	0	0	0	0	0	0	0	0	0	0	0	0.0288589877710039	0	0	0	0	0	0	0	0	0	0	0	0	0	0	0	0	0	0	0	0	0	0	0	0	0	0	0	0	0	0	0	0.0324663612423794	0	0	0	0	0	0	0	0	0	0	0	0.14429493885502	0	0	0	0	0	0	0	0	0	0	0	0	0	0	0	0	0	0	0	0	0	0	0	0	0	0	0	0	0	0	0	0	0	0	0	0	0	0	0	0	0	0	0	0.0108221204141265	0	0	0	0	0	0	0	0	0.0180368673568775	0	0	0	0	0	0	0	0	0	0	0	0	0	0.0721474694275098	0	0	0	0	0	0	0	0	0	0	0	0	0	0	0	0	0	0	0	1.72432451931748	0	0	0	0	0	0	0	0	0.0108221204141265	0	0	0	0	0	0	0	0	0	0	0	0	0	0	0	0	0	0	0	0	0	0	0	0	0	0	0	0	0	0	0	0	0	0	0	0	0	0	0	0	0.0108221204141265	0	0	0.0108221204141265	0	0	0	0	0	0	0	0	0	0	0	0	0	0	0	0.0468958551278814
ERR6650761	0	0	0	0	0	0	0	0	0	0	0	0	0	0.00836540070269366	0	0	0	0	0	0	0	0	0	0	0	0	0	0	0	0	0	0	0	0	0	0	0	0	0	0	0	0	0	0	14.6854609335787	0	0	0	0	0	0	0	0	0	0	0	0	0	0	0	0	0	0	0	0	0	0	0	0	0	0	0	0	0	0	0	0	0	0	0	0	0	0	0	0.255144721432157	0	0	0	0	0	0	0	0	0	0	0	0	0	0.0543751045675088	0	0	0	0	0	0	0	0	0	0	0	0	0	0	0	0	0	0	0	0	0	0	0	0	0	0	0	0	0	0	0	0	0	0	0	0	0.0125481010540405	0	0	0	0	0	0.150577212648486	0	0	0	0	0	0	0	0	0	0	0	0	0	0	0	0	0	0	0	0	0	0	0	0	0	0	0	0	0	0	0	0	0	0	0	0	0	0	0	0	0	0	0	0	0	0	0	0	0	0	0	0.0125481010540405	0	0	0	0	0	0	0	0	0	0	0	0	0	0	0	0	0	0	0	0	0	0	0	0	0	0	0	0	0	0	0	0	0	0	0	0	0	0	0	0	0	0	0	0	0	0	0	0	0	0	0	0	0	0	0	0	0	0	0	0	0	0	0	0	0	0	0	0	0	0	0	0	0	0	0	0	0	0	0	0	0	0	0	0	0	0	0	0	0	0	0	0	0	0	0	0	0	0	0	0	0	0	0	0	0	0	0	0	0	0	0	0	0	0	0	0	0	0	0	0	0	0	0	0	0	0.112932909486364	0	0	0	0	0	0	0	0	0	0	0	0	0	0	0	0	0	0	0	0.284423623891584	0	0	0	0	0	0	0	0	0	0	0	0	0	0.167308014053873	0	0	0	0	0	0	0	0	0	0	0	0	0	0	0	0	0	0	0	0	0	0	0	0	0	0	0	72.2310523674084	0.0627405052702024	0	0	0	0	0	0	0	0	0	0	0	0	0	0	0	0	0	0	0	0	0	0	0	0	0	0	0	0	0	0	0.121298310189058	0	0	0	0	0	0	0	0	0	0	0	0	0	0	0	0	0	0	0	0	0	0	0	0	0	0	0	0	0	0	0	0	0.0669232056215493	0	0	0	0	0	0	0	0	0	0	0	0	0	0	0	0	0	0	0	0	0	0	0	0	0	0	0	0	0	0	0.242596620378116	0	0	0	0	0	0.213317717918688	0.108750209135018	0	0	0	0	0	0	0	0	0	0	0	0	0	0	0	0	0	0	0	0	0	0	0	0	0	0	0	0	0	0	0	0	0	0	0	0	0	0	0	0	0	0	0	0	0	0	0	0	0	0	0	0	0	0	0	0	0	0	0	0	0	0	0	0	0	0	0	0	0.0460097038648151	0	0	0	0	0	0	0	0	0	0	0	0	0	0	0	0	0	0	0	0	0	0	0	0	0	0	0	0	0	0	0	0	0	0	0	0	0	0	0	0	0	0	0	0	0	0	0	0	0	0	0	0	0	0	0	0	10.2308850593943	0	0	0	0	0	0	0	0	0	0	0	0	0	0	0	0	0	0	0	0	0	0	0	0	0	0	0.0585578049188556	0	0	0	0	0	0	0.188221515810607	0	0	0	0	0	0	0	0	0	0	0	0	0	0	0	0	0	0	0	0	0	0	0	0	0	0	0	0	0	0	0	0	0	0	0	0	0	0	0	0	0	0	0	0	0	0	0	0	0	0	0	0	0	0	0	0	0	0	0	0	0	0	0	0	0	0	0	0	0	0	0	0	0	0	0	0	0	0	0	0	0	0	0	0	0	0.301154425296972	0	0	0	0	0	0	0	0	0	0	0	0	0	0	0.309519825999665	0	0	0	0	0	0	0	0	0	0	0	0	0	0	0	0	0	0	0	0	0.0752886063242429
ERR6650765	0	0	0	0	0	0	0	0	0	0	0	0	0	0	0	0	0	0	0	0	0	0	0	0	0	0	0	0	0	0	0	0	0	0	0	0	0	0	0	0	0	0	0	0	0.278405422853454	0	0	0	0	0	0.0806972240154939	0	0	0	0	0	0	0	0	0	0	0	0	0	0	0	0	0	0	0	0	0	0	0	0	0	0	0	0	0	0	0	0	0	0	0	0	0	0	0	0	0	0	0	0	0	0	0	0	0	0	0	0	0	0	0	0	0	0	0	0	0	0	0	0	0	0	0	0	0	0	0	0	0	0	0	0	0	0	0	0	0	0	0.00403486120077469	0	0.153324725629438	0	0	0	0	0	0.00403486120077469	0	0	0	0	0	0	0	0	0	0	0	0	0	0	0	0	0	0	0	0	0	0	0	0	0	0	0	0	0	0	0	0	0	0	0	0	0	0	0	0	0	0	0	0	0	0	0	0	0	0	0.052453195610071	3.32069076823757	0	0	0	0	0	0	0	0	0	0	0	0	0	0	0	0	0	0	0	0	0	0	0	0	0	0	0	0	0	0	0	0	0	0	0	0	0	0	0	0	0	0	0	0	0	0	0	0	0.0564880568108457	0	0	0	0	0	0	0	0	0	0	0	0	0	0	0	0	0	0	0	0	0	0	0.209812782440284	0	0	0	0	0	0	0	0	0	0	0	0	0	0	0	0	0	0	0	0	0	0	0	0	0	0	0	0	0	0	0	0	0	0	0	0	0	0	0	0	0	0	0	0	0	0	0	0	0	0	0	0	0	0.00403486120077469	0	0	0	0	0	0	0	0	0	0	0	0	0	0	0.234021949644932	0	0	0	0	0	0	0	0	0	0	0	0	0	0	0	0	0	0	0	0	0	0	0	0	0	0	0	0	0	0	0	0	0	0	0	0	0	0	0	0	0	0	0	0	0	0	92.9672369270497	0	0	0	0	0	0	0	0	0	0	0	0	0	0	0	0	0	0	0	0	0	0	0	0	0	0	0	0	0	0	0	0	0	0	0	0	0	0	0	0	0	0	0	0	0	0	0	0	0	0	0	0	0	0	0	0	0	0	0	0	0	0	0	0	0	0	0	0	0	0	0	0	0	0	0	0	0	0	0	0	0	0	0	0	0	0	0	0	0	0	0	0	0	0	0	0	0	0	0	0	0	0.673821820529374	0	0	0	0	0	0	0	0	0	0	0	0	0	0	0	0	0	0	0	0	0	0	0	0	0	0	0	0.0443834732085216	0	0	0	0	0	0	0	0	0	0	0	0	0	0	0.0201743060038735	0	0	0	0	0	0	0	0	0	0	0	0	0	0	0	0	0	0	0	0	0	0	0	0	0	0	0.0928018076178179	0	0	0	0	0	0	0	0	0	0	0	0	0	0	0	0	0	0	0	0	0	0	0	0	0	0	0	0	0	0	0	0	0	0	0	0	0	0	0	0	0	0	0	0	0	0	0	0	0	0	0	0	0	0	0	0	0	0	0	0	0	0	0	0	0	0	0	0	0	0	0	0	0	0	0	0.0564880568108457	0	0	0	0	0	0	0	0	0	0	0	0	0	0	0	0	0	0	0	0	0	0	0	0	0	0	0	0	0	0	0	0	0	0	0	0	0	0	0	0	0	0	0	0	0	0	0	0	0	0	0	0	0	0	0	0	0	0	0	0	0	0	0	0	0	0	0	0.359102646868948	0	0	0	0	0	0	0	0	0	0	0	0	0	0	0	0	0	0	0	0	0	0	0	0	0	0	0	0	0	0	0	0	0	0	0	0	0	0	0	0	0	0	0.0121045836023241	0	0	0	0	0	0	0.00806972240154939	0.112976113621691	0	0	0	0	0	0	0	0	0	0	0	0	0	0	0	0	0	1.25484183344093
ERR6650771	0	0	0	0	0	0	0	0	0	0	0	0	0	0	0	0	0	0	0	0	0	0	0	0	0	0	0	0	0	0	0	0	0	0	1.21313127398163	0	0	0	0	0	0	0	0	0.36432696407116	3.82930894151389	0	0	0	0	0	0	0	0	0	0	0	0	0	0	0	0	0	0	0	0	0	0	0	0	0	0	0	0	0	0	0	0	0	0	0	0	0	0	0	0	0	0	0	0	0	0	0	0	0	0	0	0	0	0.395333514204876	0	0	0.47672570830588	0	0	0.00775163753342894	0	0	0	0	1.53870005038564	0	0	0	0	0	0	0	0	0	0	0	0	0	0	0	0	0	0	0	0	0	0	0	0	0	0.488353164606023	0	0.236424944769583	0	0	0	0	0	0	0	0	0	0	0	0	0	0	0	0	0	0	0	0	0	0	0	0	0	0	0	0	0	0	0	0	0	0	0	0	0	0	0	0	0	0	0	0	0	0	0	0	0	0	0	0	0	0	0	0.244176582303012	0	0	0	0	0	0	0	0	0	0	0.934072322778187	0	0	0	0	0	0	0	0	0	0	0	0	0	0	0	0	0	0	0	0	0	0	0	0	0	0	0	0	0	0	0	0	0	0	0	0	0	0.317817138870586	0	0	0	0	0	0	0	0	0	0	0	0	0	0	0	0	0	0	0	0	0	0	0	0	0	0	0	0	0	0	0	0	0	0	0	0	0	0	0	0	0	0	0	0	6.56563699081431	0	0	0	0	0	0	0	0	0	0	0	0	0	0	0	0	0	0	0	0.0930196504011472	0	0	0	0	0	0	0	0	0	1.09298089221348	0	0.14728111313515	0	0	0	0	0	0	0	0	0	0	0	0	0	0	0	0	0	0	0	0	0	0	0	0	0	0	0	0	0	0	0	0	0	0	0	0	0	0	0	0	0	0	0	0	0	0	0	0	0	0	0	0	0	0	0	5.63544048680284	0	0	0	0	0	70.7104375799388	0	0	0	0	0	0	0	0	0	0	0	0	0	0	0	0	0	0	0	0	0	0	0	0	0	0	0	0	0	0	0	0	0	0	0	0	0	0	0	0	0	0	0	0	0	0	0	0.0116274563001434	0	0	0	0	0	0	0	0	0	0	0	0	0	0	0	0	0	0	0	0	0	0	0	0	0	0	0	0	0	0	0	0	0	0.0813921941010038	0	0	0	0	0	0	0	0	0	0	0	0	0	0	0	0	0	0	0	0.596876090074028	0.608503546374171	0	0	0	0	0	0	0	0	0	0	0	0	0	0	0	0	0	0	0	0	0	0	0	0	0	0	0	0	0	0	0	0	0	0	0	0	0	0.124026200534863	0	0	0	0	0	0	0	0	0	0	0	0	0	0	0	0	0	0	0	0	0	0	0	0	0	0	0	0	0	0	0	0	0	0	0	0	0	0	0	0	0	0	0	0	0	0.0891438316344328	0	0	0	0	0	0	0	0	0	0	0	0	0	0	0	0	0	0	0	0	0	0	0	0	0	0	0	0	0	0	0	0	0	0	0	0	0	0	0	0	0	0.538738808573311	0	0	0	0	0	0	0	0	0	0	0.143405294368435	0	0	0	0	0	0	0	0	0	0	0	0	0	0	0	0	0	0	0	0	0	0	0	0	0	0	0	0	0	0	0	0	0	0.00387581876671447	0	0	0	0	0	0	0	0	0	1.70148443858765	0	0	0	0	0	0	0	0	0	0	0	0	0	0	0	0	0	0	0	0	0	0	0	0	0	0	0	0	0	0	0	0.14728111313515	0	0	0	0	0	0	0	0	0	0	0	0	0	0	0	0	0	0	0	0	0	0	0	0	0	0	1.66272625092051	0	0	0	0	0	0	0	0	0	0	0	0	0	0	0	0	0	0	0	0	0	0	0	0	0	0	0	0	0	0	0	0	0	0	0	0	0	0	0	0	0	0
ERR6650775	0	0	0	0	0	0	0	0	0	0	0	0	0	0	0	0	0	0	0	0	0	0	0	0	0	0	0	0	0	0	0	0	0	0	0	0	0	0	0	0	0	0	0	0	0.0333333333333333	0	0	0	0	0	0.858333333333333	0	0	0	0	0	0	0	0	0	0	0	0	0	0	0	0	0	0	0	0	0	0	0	0	0	0	0	0	0	0	0.05	0	0	0	0	0	0	0	0	0	0	0	0	0	0	0	0	0	0	0	0	0	0	0	0	0	0	0	0	0.0833333333333333	0	0	0	0	0	0	0	0	0	0	0	0	0	0	0	0	0	0	0	0	0.00416666666666667	0	0	0	18.8541666666667	0	0.0375	0	0	0	0.933333333333333	0	0	0	0	0	0	0	0	0	0.404166666666667	0	0	0	0	0	0	0	0	0	0	0	0	0	0	0	0	0	0	0	0.025	0	0	0	0	0	2.85	0	0	0	0	0	0	0	0	0	0	0	0	0	0	0.00833333333333333	6.33333333333333	0	0	0	0	0	0	0.145833333333333	0	0	0	0.0375	0	0	0	0	0	0	0	0	0	0	0	0	0	0	0	0	0	0	0	0	0	0	0	0	0	0	0	0	0	0	0	0.641666666666667	0	0	0	0	0	0	0	0	0	0	0	0	0	0	0	0	0	0	0	0	0	0	0	0	0	0	0	0	0	0	0	0	0.3625	0	0	0	0	0	0	0	0	0	0	0	0	0	0	0	0	0	0	0	0	0	0	0	0	0	0	0	0	0	0	0	0	0	0	0	0	0	0	0	0	0	0	0	0	0	0	0	0.275	0.758333333333333	0	0	0	0	0	0	0	0	0	0	0	0	0	0	0	0	0	0	0	0	0	0	0	1.575	0	0	0	0	0	0	0	0	0.5375	0	0	0	0	0	0	0	0	0	0	0	0	0	0	0	0	0	0	0	0	0	0	0	0	0	0	0	0	0	44.65	0	0	0	0	0	0	0	0	0	0	0	0	0	0	0	0	3.75416666666667	0	0	0	0	0	0	0	0	0	0	0	0	0.075	0	0	0	0	0	0	0	0.00833333333333333	0	0	0	0	0	0	0	0	0	0	0	0	0	0	0	0	0	0	0	0	0	0	0	0	0	0	0	0	0	0	0	0	0	0	0	0	0	0	0	0	0	0	0	0.191666666666667	0	0	0	0	0	0	0	0	0	0	0	0	0	0	0	0	0	0	0	1.20416666666667	0	0	0	0	0	0	0	0	0	0	0	0	0	0	0	0	0	0	0	0	0	0	0	0	0	0	0	0	0	0	0	0	0	0	0	0	0	0	0	0	0	0	3.60833333333333	0	0	0	0	0	0	0	0	0	0	0	0	0	0	0	0	0	0	0	0	0	0	0	0	0	0	6.12916666666667	0	0	0	0	0	0	0	0	0	0	0	0	0	0	0	0	0	0	0	0	0	0	0	0	0	0	0	0	0	0	0	0	0	0	0	0	0	0	0	0	0	0	0	0	0	0	0	0	0	0	0	0	0	0	0	0	0.0666666666666667	0	0	0	0	0	0	0	0	0	0	0	0	0	0	0	0	0	0	0	0	0	0	0	0	0	0	0.0291666666666667	0	0	0	0	0	0	0	0	0	0	0	0	0	0	0	0	0	0	0	0	0	0	0	0	0	0	0	0	0	0	0	0	0	0	0	0	0	0	0	0	0	0	0	0	0	0	0	0	0	0	0	0	0	0	0	0	0	0	0	1.6375	0	0	0.895833333333333	0	0	0	0	0	0	0	0	0	0	0	0	0	0	0	0	0	0	0	0	0	0	0	0	0	0	0	0	0	0	0	0	0	0	0	0	0	0	0	0	0	0	0	0	0.00416666666666667	0	0	0	0	0	0	0	0	0	0	0	0	0	0	0	0	0	0	0	0	2.9375
ERR6650781	0	0	0	0	0	0	0	0	0	0	0.12296521840965	0	0	0	0	0	0	0	0	0	0	0	0	0	0	0	0	0	0	0	0	0	0	0.0351329195456142	0	0	0	0	0	0	0	0	0	0	0.0585548659093571	0	0	0	0	0	1.70980208455323	0	0	0	0	0	0	0	0	0	0	0	0	0	0	0	0	0	0	0	0	0	0	0	0	0	0	0.0731935823866963	0	0	0	0	0	0	0	0	0	0	0	0	0	0	0	0	0	0	0	0	0	0	0	0	0	0	0	0	0	0	0	0	0	0	0	0	0	0	0	0	0	0	0	0	0	0	0	0	0	0	0	0	0	0	0	0	0	0.857828785572081	0	0	0	0	0	0.158098137955264	0	0	0	0	0	0	0	0	0	0	0	0	0	0	0	0	0	0	0	0	0	0	0	0	0	0	0	0	0	0	0	0	0.0351329195456142	0	0	0	0	0	0	0	0	0	0	0	0	0	0	0	0	0	0	0.108326501932311	0	0	0	0	0	0	0	0	0	0	0	0	0	0	0	0	0	0	0	0	0	0	0	0	0	0	0	0	0	0	0	0	0	0	0	0	0	0	0	0	0	0	0	0	0	0	0	0	0.079049068977632	0	0	0	0	0	0	0	0	0	0	0	0	0	0	0	0	0	0	0	0	0	0	0	0	0	0	0	0	0	0	0	0	0	0	0	0	0	0	0	0	0	0	0	0	0	0	0	0	0	0	0	0	0	0	0	0	0	0	0	0	0	0	0	0	0	0	0	0	0	0	0	0	0	0	0.131748448296053	0	0	0	0	0	0	0	0	0	0	0	0	0	0	0.0673380957957606	0	0	0	0	0	0	0	0	0	0	0	0	0	0	0	0	0	0	0	0	0	0	0	0	0	0	0	0	0	0	0	0	0	0	0	0	0	0	0	0	0	0	0	0	0	0	0	0	91.5534605925752	0	0	0	0	0	0	0	0	0	0	0	0	0	0	0	0	0.0439161494320178	0	0	0	0.00878322988640356	0	0	0	0	0	0	0	0	0	0	0	0	0	0	0	0	0	0	0	0	0	0	0	0	0	0	0	0	0	0	0.00585548659093571	0	0	0	0	0	0	0	0	0	0	0	0	0	0	0	0	0	0	0	0	0	0	0	0	0	0	0	0	0	0	0	0	0	0	0	0	0	0	0	0	0	0	0	0	0	0	0	0	0	0.708513877503221	0.114181988523246	0	0.27228012647851	0	0	0	0	0	0	0	0	0	0	0	0	0	0	0	0	0	0	0	0	0	0	0	0	0.248858180114768	0	0	0	0	0	0	0	0	0	0	0	0	0	0	0	0	0	0	0	0	0	0	0	0	0	0	0	0	0	0	0	0	0	0	0	0	0	0	0	0	0	0	0	0	0	0	0	0	0	0	0	0	0	0	0	0	0	0	0	0	0	0	0	0	0	0	0	0	0	0	0	0	0	0	0	0	0	0	0	0	0	0	0	0	0.0907600421595035	0	0	0.0526993793184214	0	0	0	0	0	0	0	0	0	0	0.0819768122730999	0	0	0	0	0	0	0	0	0	0	0.986649490572667	0	0	0	0	0	0	0	0	0	0	0	0	0	0	0	0	0	0	0	0	0	0	0	0	0	0.0146387164773393	0	0	0	0	0	0	0	0	0	0	0	0	0	0	0	0.0849045555685677	0	0.00585548659093571	0	0	0	0	0	0.0761213256821642	0	0	0	0	0	0.99543272045907	0	0	0	0	0	0	0	0	0	0	0	0	0	0.00292774329546785	0	0	0	0	0	0.225436233751025	0	0	0	0	0	0	0	0	0	0	0	0	0	0	0	0	0	0	0	0	0	0	0	0	0	0	0	0	0	0	0	0	0	0	0	0	0	0	0	0	0	0	0.00292774329546785	0	0	0	0	0.0351329195456142	0	0.00585548659093571	0	0.0409884061365499	0	0	0	0	0	0	0	0	0	0	0	0	0	0	0	0	0.904672678299567
ERR6650782	0	0	0	0	0	0	0	0	0	0	0	0	0	0	0	0	0	0	0	0.00253704079561599	0	0	0	0	0	0	0.0862593870509438	0	0	0	0	0	0	0	0	0	0	0	0	0	0	0	0	0	0.421148772072255	0	0	0	0	0	0.362796833773087	0	0	0	0	0	0	0	0	0	0	0	0	0	0	0	0	0	0	0	0	0	0	0	0	0	0	0	0	0	0	0	0	0	0	0	0	0	0	0	0	0	0	0.017759285569312	0	0	0	0	0.0482037751167039	0	0	0	0	0	0	0	0	0	0	0	0	0	0.0761112238684798	0	0	0	0	0	0	0	0	0	0	0	0	0	0	0	0	0	0	0	0	0	0	0.0532778567079359	0	0	0	0	0	0	0	0	0	0	0	0	0	0	0	0	0	0	0.0685001014816318	0	0	0	0	0	0	0	0	0	0	0	0	0	0	0	0	0	0	0	0	0	0	0	0	0	0	0	0	0	0	0	0	0	0	0	0.1268520397808	0	0	0.00253704079561599	0.159833570123808	0	0	0	0	0	0	0	0	0	0.015222244773696	0	0	0	0	0.0228333671605439	0	0	0	0	0	0	0	0	0	0	0	0	0	0	0	0	0	0	0.748427034706718	0	0	0	0	0	0	0	0	0	0	0	0	0	0.0862593870509438	0	0	0	0	0	0.0228333671605439	0	0	0	0.106555713415872	0	0	0	0.0405926527298559	0	0	0	0	0	0	0	0	0	0	0	0	0.015222244773696	0	0	0	0	0	0	0	0	0	0	0	0	0	0	0	0	0	0.13953724375888	0	0	0	0.0761112238684798	0	0	0	0	0	0	0	0	0	0	0	0	0	0	0	0	0	0.131926121372032	0	0	0	0	0	0	0	0.124314998985184	0	0.0329815303430079	0	0	0	0	0	0.01268520397808	0	0	0	0	0	0	0	0	0	0	0	0.11416683580272	0	0	0	0	0	0	0	0	0	0	0	0.0608889790947838	0	0	0	0	0	0	0	0	0	0	0	0	0	0	0	0	0	0	0	0	0	0	0	0	0	0	0	0	0	0	0	92.6476557743049	0	0	0	0	0	0	0	0	0	0	0	0	0	0	0	0	0	0	0.0862593870509438	0	0	0	0	0	0	0	0	0	0	0	0.01268520397808	0	0	0.811853054597118	0	0	0	0	0	0	0	0	0	0	0	0	0	0	0	0	0	0.0837223462553278	0	0	0.0964075502334078	0	0	0	0	0	0	0	0	0	0.0304444895473919	0	0	0	0	0	0.162370610919424	0	0	0	0	0	0	0	0	0	0	0	0	0	0	0.15222244773696	0	0	0	0	0	0	0	0	0	0	0	0	0	0	0	0.692612137203166	0	0	0	0	0.015222244773696	0	0	0	0	0	0	0	0	0	0	0.1268520397808	0	0	0.142074284554496	0.134463162167648	0	0	0	0	0	0	0	0	0	0	0	0	0	0	0	0	0	0	0.0329815303430079	0	0	0	0	0	0	0	0	0	0	0	0	0	0	0	0	0	0	0	0	0	0	0	0	0	0	0	0	0	0	0.169981733306272	0	0	0	0	0	0	0	0	0	0	0	0	0	0	0	0	0	0	0	0	0	0.0253704079561599	0	0	0	0	0	0	0	0	0	0	0	0.175055814897504	0	0	0	0	0	0	0	0	0	0	0	0.0862593870509438	0	0	0	0	0	0	0	0	0	0	0.015222244773696	0	0	0	0	0	0	0	0	0.0786482646640958	0	0	0	0	0	0	0	0	0	0	0	0	0	0	0	0	0	0	0	0	0	0	0	0	0	0	0	0	0	0	0	0	0	0	0	0.0685001014816318	0	0	0	0	0	0	0	0	0	0	0	0	0	0	0	0	0	0	0.258778161152831	0	0	0	0	0	0	0	0	0	0	0	0	0	0	0	0	0	0	0	0	0	0	0	0	0	0	0	0	0	0	0	0	0	0	0	0	0	0	0	0	0	0	0	0	0	0.0304444895473919	0	0	0	0	0	0	0	0	0	0	0	0	0	0	0	0	0	0	0	0.00253704079561599	0	0	0	0	0	0	0	0	0	0	0.0811853054597118	0	0	0	0	0	0.0811853054597118	0	0	0	0	0	0	0	0	0.522630403896895
ERR6650785	0	0	0	0	0	0	0	0	0	0	0.0631971434891143	0	0	0	0	0	0	0	0	0	0	0.0821562865358486	0	0	0	0	0	0	0	0	0	0	0	0	0	0	0	0	0	0.0157992858722786	0	0.0853161437103043	0	0	0.02211900022119	0	0	0	0	0	0.436060290074889	0	0.0726767150124814	0	0	0	0	0	0.0284387145701014	0	0	0	0	0	0	0	0	0	0	0	0	0	0	0.00315985717445571	0	0.08847600088476	0	0	0	0	0	0	0	0	0.0189591430467343	0.0726767150124814	0	0	0	0	0	0	0	0	0	0	0	0	0	0.00631971434891143	0	0	0	0	0	0	0	0	0	0	0	0.0126394286978229	0	0	0	0	0	0	0	0	0	0	0	0	0	0	0	0	0	0	0	0	0	0.0126394286978229	0	0.00631971434891143	0	0	0	0	0	0	0	0	0	0	0	0	0	0.0126394286978229	0	0	0	0	0.0568774291402029	0	0	0	0	0	0.0157992858722786	0	0	0	0	0	0	0	0.0252788573956457	0	0	0	0	0	0	0	0	0	0	0	0	0	0	0.00631971434891143	0	0.0315985717445571	0	0	0	0	0	0	0	0.0189591430467343	0.0473978576168357	0	0	0	0	0	0	0	0.0379182860934686	0	0.30966600309666	0	0	0	0	0	0	0	0	0	0.0126394286978229	0	0	0	0	0	0	0	0	0.04423800044238	0	0	0	0	0.271747717003191	0	0	0	0	0	0	0	0	0	0	0	0	0	0.252788573956457	0	0	0.0315985717445571	0	0	0.0473978576168357	0	0	0	0.00947957152336714	0	0	0	0	0	0	0	0	0	0	0	0	0	0	0	0	0	0	0	0	0	0.0315985717445571	0	0	0	0	0	0	0	0	0	0	0	0	0	0	0	0	0	0	0	0	0	0	0	0	0	0.0126394286978229	0	0	0	0	0	0	0	0	0	0.0126394286978229	0	0	0	0	0	0	0	0	0.363383575062407	0	0	0.00315985717445571	0	0	0	0	0	0	0	0	0	0	0	0	0	0	0	0	0	0	0	0	0	0	0	0	0	0	0.0157992858722786	0	0	0	0	0	0	0	0	0	0	0	0	0	0	0	0	0	0	0	0	0	0	0	0	0	0	0	0	0	0	0	94.1353050842102	0	0	0	0	0	0	0	0	0	0	0	0	0	0	0	0	0	0	0	0	0	0	0	0	0	0	0	0	0	0	0.00631971434891143	0	0	0.802603722311752	0	0	0	0	0	0	0	0	0	0	0	0	0.0126394286978229	0.0157992858722786	0	0	0	0.227509716560811	0	0	0	0	0	0.02211900022119	0	0	0	0	0	0	0.0568774291402029	0	0	0	0.0126394286978229	0	0	0	0.0252788573956457	0	0	0	0	0	0	0	0	0	0	0	0	0.00631971434891143	0	0	0	0	0	0	0	0	0	0.02211900022119	0.00631971434891143	0	0	0	0	0.224349859386356	0	0	0.0600372863146586	0	0	0	0	0	0	0	0	0	0	0	0	0.0189591430467343	0	0	0.0505577147912914	0	0	0	0	0	0	0	0	0.0631971434891143	0	0	0	0	0	0	0	0	0	0	0	0	0	0	0	0	0	0	0	0	0	0	0	0	0.0315985717445571	0	0	0	0	0	0.00631971434891143	0	0	0	0	0	0	0	0.0252788573956457	0	0	0.139033715676051	0	0	0	0	0	0	0	0	0	0	0	0	0	0	0	0	0	0	0	0	0	0	0	0	0	0	0	0	0	0	0	0	0	0.00315985717445571	0	0	0	0	0	0	0	0	0	0	0	0.0979555724081271	0	0	0	0	0	0	0	0	0	0	0.0505577147912914	0	0	0.00631971434891143	0	0	0	0	0	0	0	0.00947957152336714	0	0	0	0	0	0	0	0.0315985717445571	0	0	0	0	0	0	0	0	0	0	0	0	0	0	0.00631971434891143	0	0	0.04423800044238	0	0	0	0	0	0	0	0.382342718109141	0	0	0	0.0189591430467343	0	0	0.0126394286978229	0	0	0.0379182860934686	0	0	0	0	0	0	0	0	0	0	0	0	0	0	0	0	0	0.0189591430467343	0	0	0	0	0	0	0	0	0	0	0	0	0	0.00947957152336714	0	0	0	0	0	0	0	0	0.0695168578380257	0	0	0	0	0	0	0	0	0	0	0	0	0	0	0	0	0	0	0	0	0	0	0	0	0	0	0	0	0	0	0	0	0	0.0600372863146586	0	0	0	0	0	0	0	0	0	0	0.0252788573956457	0	0	0.0410781432679243	0	0	0.0252788573956457	0	0	0	0	0	0	0	0	0.379182860934686
ERR6650790	0	0	0	0	0	0	0	0	0	0	0	0	0	0	0	0	0	0	0	0	0	0	0	0	0	0	0	0	0	0	0	0	0	0	0.174947515745276	0	0	0	0	0	0	0	0	0	0.0769769069279216	0	0	0	0	0	0.32890132960112	0	0	0	0	0	0	0	0	0	0	0	0	0	0	0	0	0	0	0	0	0	0	0	0	0	0	0	0	0	0	0	0	0	0	0	0	0	0	0	0	0	0	0	0	0	0	0	0	0	0	0	0	0	0	0	0	0	0	0	0	0	0	0	0	0	0	0	0	0	0	0	0	0	0	0	0	0	0	0	0	0	0	0	0	0	0	0	0	0	0	0	0	0	0	0	0	0	0	0	0	0	0	0	0	0	0	0	0	0	0	0	0	0	0	0	0	0	0.0279916025192442	0	0	0	0	0.167949615115465	0.0839748075577327	0	0	0	0	0	0	0	0	0	0	0	0	0	0	0	0	0	0	1.22463261021693	0	0	0	0	0	0	0	0	0	0	0	0	0	0	0	0	0	0	0	0	0	0	0	0	0	0	0	0	0	0	0	0	0	0	0	0	0	0	0	0	0	0	0	0	0	0	0	0	0.678796361091673	0	0	0	0	0	0	0	0	0	0	0	0	0	0	0	0	0	0	0	0	0	0	0	0	0	0	0	0	0	0	0	0	0	0	0	0	0	0	0	0	0	0	0	0	0.0629811056682995	0	0	0	0	0	0	0	0	0	0	0	0	0	0	0	0	0	0	0	0	0	0	0	0	0.314905528341498	0	0	0	0	0	0	0.0489853044086774	0	0	0.0699790062981106	0	0	0	0	0	0	0	0	0	0	0	0	0	0	0	0	0	0	0	0	0	0	0	0	0	0	0	0	0	0	0	0	0	0	0.0559832050384885	0	0	0	0	0	0	0	0	0	0	0	0	0	0	0	0	0	0	0	0	0	0	0	92.7081875437369	0	0	0.244926522043387	0	0	0	0	0	0	0	0	0	0	0	0	0	0	0	0	0	0	0	0	0	0	0	0	0	0	0	0	0	0	0	0	0	0	0	0	0	0	0	0	0	0	0	0	0	0	0	0	0	0	0	0	0	0	0	0	0	0	0	0	0	0	0	0	0	0	0	0	0	0	0.0209937018894332	0	0	0	0	0	0	0	0	0	0	0	0	0	0	0	0	0	0	0	0	0	0	0	0	0	0	0	0.0699790062981106	0	0	0	0	0	0	0	0	0	0	0	0	0	0	0	0	0	0	0.26592022393282	0	0	0	0	0	0	0	0	0.104968509447166	0	0	0	0	0	0	0	0	0	0	0	0	0	0	0	0	0	0	0	0	0	0	0	0	0	0	0	0	0	0	0	0	0	0	0	0	0	0	0	0	0	0	0	0	0	0	0	0	0	0	0	0	0	0	0	0	0	0	0	0	0	0	0	0	0	0	0	0	0	0	0	0	0	0	0	0.19594121763471	0	0	0	0	0	0	0	0	0	0	0	0.0489853044086774	0	0	0	0	0	0	0	0	0	0	0.111966410076977	0	0	0	0	0	0	0	0	0	0	0.0349895031490553	0	0	0	0	0	0	0	0	0	0	0	0	0	0	0	0	0	0	0	0	0	0	0	0	0	0	0	0	0	0	0	0	0	0.0629811056682995	0	0	0	0	0	0	0	0	0	0	0	0	0	0	0	0	0	0	0.447865640307908	0	0	0	0	0	0	0	0	0	0	0	0	0	0	0	0	0	0	0	0	0	0	0.0629811056682995	0	0	0	0	0	0	0	0	0	0	0	0	0	0	0	0	0.573827851644507	0	0	0	0.0489853044086774	0	0	0	0	0	0	0	0	0	0	0	0	0	0	0	0	0	0	0	0	0	0	0	0	0	0	1.40657802659202	0	0	0	0	0	0	0	0	0.0349895031490553	0	0	0	0	0	0	0	0	0	0	0	0.237928621413576
ERR6650793	0	0	0	0	0	0	0	0	0	0	0	0	0	0	0	0	0	0	0	0.464200309466873	0	0	0	0	0	0	0.0422000281333521	0	0	0	0	0	0	0	0	0	0	0	0	0	0	0	0	0	0.267266844844563	0	0	0	0	0	1.26600084400056	0	0	0	0	0	0	0	0	0	0	0	0	0	0	0	0	0	4.34660289773527	0	0	0	0	0.154733436488958	0	0	0	0	0	0	0	0	0	0	0.379800253200169	0	0	0	0	0.19693346462231	0	0	0	0	0	0	0	0	0	0	0	0	0	0	0	0	0	0	0	0	0	0	0	0	0	0	0	0	0	0	0	0	0	0	0	0	0	0	0	0	0	0	0	0	0	0	0	0.0140666760444507	0	0	0	0	0	0	0	0	0	0	0	0	0	0	0	0	0	0	0	0	0	0	0	0	0	0	0	0	0	0	0	0	0	0	0	0	0	0	0	0	0	0	0	0	0.0984667323111549	0.0844000562667042	0	0	0	0	0	0	0	0	0	2.15220143480096	0	0	0	0	0	0	0	0.309466872977915	0	0	0.295400196933465	0	0	0	0	0	0	0	0	0	0	0	0	0	0	0	0	0	0	0	0	0	0	0	0	0	0	0	0	0	0	0	0	0	0	0	0	0	3.0524687016458	0	0	0	0	0	0	0	0	0	0.0422000281333521	0	0	0	0.182866788577859	0	0	0	0	0	0	0.126600084400056	0	0	0	0	0	0	0	0	0	0	0	0.379800253200169	0	0	0	0	0	0	0	0	0	0	0	0.253200168800113	0	0	0	0.520467013644676	0	0	0	0	0	0	0	0	0	0	0	0	0	0	0	0	0	0	0.0984667323111549	0	6.80827120551414	0	0	0	0	0	0	0.492333661555774	0.168800112533408	0	0	0	0	0	0	0	0	0	0	0	0	0	0.0984667323111549	0	0	0	0	0	0	0	0	0	0	0	0	0	0	0	0	0	0	0	0	0	0	0	0	0.0984667323111549	0	0	0	0	0	0	0	0	0	0	0	0	0	0	0	0	0.0703333802222535	0	0	0	0	56.8153045435364	0	0	0	0	0	0	0	0	0	0	0	0	0.0984667323111549	0	0	0	0	0	0	0	0	0	0	0	0	0	0	0	0	0	0	0	0	0	0.0844000562667042	0	0	0	0	0	0	0	0	0	0	0	0	0.267266844844563	0	0	0	0	0	0	0	0	0	0.492333661555774	0	0	0	0	0	0	0	0	0	0	0.0844000562667042	0	0	0	0	0	0	0	0	0	0	0	0	0	0	0	0	0.0422000281333521	0	0	0	0	0	0	0	0.168800112533408	0	0	0	0	0	0	0	4.95146996764664	0.492333661555774	0	0.154733436488958	0	0	0	0	0	0	0	0	0	0	0	0	0	0	0	0.0703333802222535	0	0	0	0	0	0	0	0	0.168800112533408	0	0	0	0	0	0	0	0.675200450133633	0	0	0	0	0	0	0	0	0	0	0	0	0	0	0	0	0	0	0	0	0	0	0	0	0	0	0	0	0	0	0	0	0	0	0	0	0	0	0	0	0	0	0	0	0	0	0	0	0	0	0	0	0	0	0	0	0	0	0	0	0	0	0	0	0	0	0	0.0562667041778028	0	0	0	0	0	0	0	0	0	0	0.0562667041778028	0.168800112533408	0	0	0	0	0	0	0	0	0	0	0	0	0	0	0	0	0	0	0	0	0	0	0	0	0	0	0	0	0	0	0	0	0	0	0	0	0	0	0	0	0	0	0	0	0	0	0	0	0	0	0	0	0	0	0	0.844000562667042	0	0	0	0	0	0	0	0	0	0	0	0	0	0	0	0.464200309466873	0	0	0.267266844844563	0	0	0	0	0	0	0	0	0	0	0	0	0	0	0	0	0	0	0	0	0	0	0.267266844844563	0	0	0	0	0	0	0	0	0	0	0	0.126600084400056	0	0	0	0	1.49106766071177	0	0	0	0	0	0	0	0	0	0	0	0	0	0.0984667323111549	0	0	0	0	0	0	0	0	0	0	0	0.0703333802222535	0	0	0	0	4.09340272893515	0	0	0	0	0	0	0	0	0	0	0	0	0	0	0	0	0	0	0	0	4.9655366436911
ERR6650797	0	0	0	0	0	0	0	0	0	0	0	0	0	0	0	0	0	0	0	1.62914149734578	0	0	0	0	0	0	0	0	0	0	0	0	0	0	1.13490755994875	0	0	0	0	0	0	0	0	0	0	0	0	0	0	0	0.71389346512905	0	0	0	0	0	0	0	0	0	0	0	0	0	0	0	0	0	0	0	0	0	0	0	0	0	0	0	0	0	0	0	0	0	0.329489291598023	0	0	0	0	0	0	0	0	0	0	0	0	0	0.292879370309354	0	0	0	0	0	0	0	0	0	0	0	0	0	0	0	0	0	0	0	0	0	0	0	0	0	0	0	0	0	0	0	0	0	0	0	0	0	0	0	0	0	0	0	0	0	0	0	0	0	0	0	0	2.47116968698517	0	0	0	0	0	0	0	0	0	0	0	0	0	0	0	0	0	0	0	0	0	0	0	0	0	0	0	0	0	0	0	0	0	0	0	0	0	0	0	0	0	0	0	0	0	0	0	0	0	0.421014094819696	0	0	0	0	0	0	0	0	0	0	0	0	0	0	0	0	0	0	0	0	0	0	0	0	0	0	8.58502654219294	0	0	0	0	0	0	0	0	0	0	0	0	0	2.14168039538715	0	0	0	0	0	0	0	0	0	0	0	0	0	0	0	0	0	0	0	0	0	0	0	0	0	0	0	0	0	0	0	0	0	0	0	0	0	0	0	0	0	0	0	0	0	0	0	0	0	0	0	0	0	0	0	0	0	0	0	0	0	0	0	0	0	0	0	0	0	0	0	0	0	0	0	0	0	0	0	0	0	0	0	0	0	0	0	0	0	0	0	0	0	0	0	0	0	0	0	0	0	0	0	0	0	0	0	0	0	0	0	0	0	0	0	0	0	0	0	0	0	0	0	0	0	0	0	0	0	0	0	0	0	0	0	0	0	0	75.709317224968	0	0	0	0	0	0	0	0	0	0	0	0	0	0	0	0	0	0	0	0	0	0	0	0	0	0	0	0	0	0	0	0	0	0	0	0	0	0	0	0	0	0	0	0	0	0	0	0	0	0	0	0	0	0	0	0	0	0	0	0	0	0	0	0	0	0	0	0	0	0	0	0	0	0	0	0	0	0	0	0	0	0	0	0	0	0	0	0	0	0	0	0	0	0	0	0	0	0	0	0	0	1.26304228445909	0	0	0	0	0	0	0	0	0	0	0	0	0	0	0	0	0	0	1.51931173347977	0	0	0	0	0	0	0	0	0	0	0	0	0	0	0	0	0	0	0	0	0	0	0	0	0	0	0	0	0	0	0	0	0	0	0	0	0	0	0	0	0	0	0	0	0	0	0	0	0	0	0	0	0	0	0	0	0	0	0	0	0	0	0	0	0	0	0	0	0	0	0	0	0	0	0	0	0	0	0	0	0	0	0	0	0	0	0	0	0	0	0	0	0	0	0	0	0	0	0.842028189639392	0	0	0	0	0	0	0	0	0	0	0	0	0	0	0	0	0	0	0	0	0	0	0	0	0	0	0	0.347794252242358	0	0	0	0	0	0	0	0	0	0	0	0	0	0	0	0	0	0	0	0	0	0	0	0	0	0	0	0	0	0	0	0	0	0	0	0	0	0	0	0	0	0	0	0	1.75727622185612	0	0	0	0	0	0	0	0	0	0	0	0	0	0	0	0	0	0	0	0	0	0	0	0	0	0	0	0	0	0	0	0	0	0.677283543840381	0	0	0	0	0	0	0	0	0	0	0	0	0	0	0	0	0	0	0	0	0	0	0	0	0	0	0	0	0	0	0	0	0	0	0	0	0	0	0	0	0	0	0	0	0	0	0	0	0	0	0	0	0	0	0	0	0	0.164744645799012
ERR6650798	0	0	0	0	0	0	0	0	0	0	0	0	0	0	0	0	0.0187652467629949	0	0	0	0	0	0	0	0	0	0	0	0	0	0	0	0	0	0	0	0	0	0	0	0	0	0	0	0	0	0	0	0	0	2.9649089885532	0	0	0	0	0	0	0	0	0	0	0	0	0	0	0	0	0	0	0	0	0	0	0	0	0	0	0	0	0	0	0	0	0	0	0	0	0	0	0	0	0	0	0	0	0	0	0	1.65134171514355	0	0	0	0	0	0	0	0	0	0	0	0	0	0	0	0	0	0	0	0	0	0	0	0	0	0	0	0	0	0	0	0	0	0	0	0	0	0	0	0	0	0	0	0	0	0	0	0	0	0	0	0	0	0	0	0	0	0	0	0	0	0	0	0	0	0	0	0	0	0	0	0	0	0	0	0	0	0	0	0	0	0	0	0	0	0	0	0	0	0	0	0	0	0	1.31356727340965	0	0	0	0	0	0	0	0	0	0	0.11259148057797	0	0	0	0	0	0	0	0	0	0	0	0	0	0	0	0	0	0	0	0	0	0	0	0	0	0	0	0	0	0	0	0	0	0	0	0	0	0.487896415837868	0	0	0	0	0	0	0	0	0	0	0	0	0	0	0	0	0	0	0	0	0	0	0	0	0	0	0	0	0	0	0	0	0	0	0	0	0	0	0	0	0	0	0	0	0	0	0	0	0	0	0	0	0	0	0	0	0	0	0	0	0	0	0	0	0	0	0	0	0	0	0	0	0	0	0	0	0	0	0	0	0	0	0	0	0	0	0	0	0	0	0	0.0562957402889848	0	0	0	0	0	0	0	0	0	0	0	0	0	0	0	0	0	0	0	0	0	0	0	0	0	0	0	0	0	0	0	0	0	0	0	0	0	0	0	0	0	0	0	0	0	0	89.5852880465378	0	0	0	0	0	0	0	0	0	0	0	0	0	0	0	0	0	0	0	0	0	0	0	0	0	0	0	0	0	0	0	0	0	0	0	0	0	0	0	0	0	0	0	0	0	0	0	1.91405516982548	0	0	0	0	0	0	0	0	0	0	0	0	0	0	0	0	0	0	0	0	0	0	0	0	0	0	0	0	0	0	0	0	0	0	0	0	0	0	0	0	0	0	0	0	0	0	0	0	0	0	0	0	0	0	0	0	0	0	0	0	0	0	0	0	0	0	0	0	0	0	0	0	0	0	0	0	0	0	0	0	0	0	0	0	0	0	0	0	0	0	0	0	0	0	0	0	0	0	0	0	0	0	0	0	0	0	0	0	0	0	0	0	0	0	0	0	0	0	0	0	0	0	0	0	0	0	0	0	0	0	0	0	0	0	0	0	0	0	0	0	0	0	0	0	0	0	0	0	0	0	0	0	0	0	0	0	0	0	0	0	0	0	0	0	0	0	0	0	0	1.50121974103959	0	0	0	0	0	0	0	0	0	0	0	0	0	0	0	0	0	0	0	0	0	0	0	0	0	0	0	0	0	0	0	0	0	0	0	0	0	0	0	0	0	0	0	0	0	0	0	0	0	0	0	0	0	0	0	0	0	0	0	0	0	0	0	0	0	0	0	0	0	0	0	0.11259148057797	0	0	0	0	0	0	0	0	0	0	0	0	0	0	0	0	0	0	0	0	0	0	0	0	0	0	0	0	0	0	0	0	0	0	0	0	0	0	0	0	0	0	0	0	0	0	0	0	0	0	0	0	0	0	0	0	0	0	0	0	0	0	0	0	0	0	0	0	0	0	0	0	0	0.281478701444924	0	0	0	0	0	0	0	0	0	0	0	0	0	0	0	0	0	0	0	0	0
ERR6650800	0	0	0	0	0	0	0	0	0	0	0	0	0	0	0	0	0	0	0	0	0	0	0	0	0.212837459392853	0	0	0	0	0	0	0	0	0	1.85952727680072	0	0	0	0	0	0	0	0	0	0.403270975691722	0	0	0	0	0	0.448078861879691	0	0	0	0	0	0	0	0	0	0	0	0	0	0	0	0	0	0	0	0	0	0	0	0	0	0	0.358463089503753	0	0	0	0	0	0	0	0	0	0	0	0	0	0	0	0	0	0	0	0	0.24644337403383	0	0	0	0	0	0	0	0	0	0	0	0	0.369665061050745	0	0	0	0	0	0	0	0	0	0	0	0	0	0	0	0	0	0	0	0	0	0	0	0	0	0.0896157723759382	0	0	0.201635487845861	0	0	0	0	0	0	0	0	0	0	0	0	0	0	0	0	0	0	0	0	0	0	0	0	0	0	0	0	0	0	0	0	0	0	0	0	0.403270975691722	0	0	0	0	0	0.436876890332699	0	0	0	0	0	0	0	0	0	1.1538030693402	0	0	0	0	0	0	0	0.369665061050745	0	0	0.49288674806766	0	0	0	0	0	0	0	0	0	0	0	0	0	0	0	0	0	0	0	0	0	0	0	0	0	0	0	0	0	0	0	0	0	0	0	0	0	0	0	0	0	0	0	0	0	0	0	0	0	0	0	0.0672118292819536	0	0	0	0	0	0	0	0	0	0	0	0	0	0	0	0	0	0	0.448078861879691	0	0	0	0	0	0	0	0	0	0	0	1.24341884171614	0	0	0	0.49288674806766	0	0	0	0	0	0	0	0	0	0	0	0	0	0	0	0	0	0	0.24644337403383	0.0784138008289459	0	0	0	0	0	0	0	0	0	0	0	0	0	0	0	0	0	0	0	0	0	0	0	0	0	0	0	0	0	0	0	0	0	0	0	0	0	0	0	0	0	0	0	0	0	0	0	0.59370449199059	0	0	0	0	0	0	0	0	0	0	0	0	0	0	0	0.1456256301109	0	0	0	0	0	74.5379186736866	0	0	0	0	0	0	0	0	0	0	0	0	0.313655203315784	0	0	0	0.156827601657892	0	0	0	0	0	0	0	0	0	0	0	0	0	0	0.134423658563907	0	0	0.268847317127815	0	0	0.280049288674807	0.179231544751876	0	0	0	0	0	0	0	0	0.280049288674807	0	0	0	0	0	0	0	0	0	0	0	0	0	0.0784138008289459	0	0	0	0	0	0	0	0	0	0.291251260221799	0	0	0	0	0	0	0	0	0	0	0	0	0	0	0	0	0	0	0	0	0	0	0	0	0	0	0	0	0	0.414472947238714	0	0	0	0	0.201635487845861	0	0	0	0	0	0	0	0	0	0	0	0	0	0	0	0	0	0	0	0	0	0	0.168029573204884	0	0	0	0	0	0	0	0	0	0	0	0	0	0	0	0	0	0	0	0	0	0	0	0	0	0	0	0	0	0	0	0	0	0	0	0	0	0	0	0	0	0	0	0	0	0	0	0	0	0	0	0	0	7.25887756245099	0	0	0	0	0	0	0	0	0	0	0	0	0	0	0	0	0.0784138008289459	0	0	0	0	1.22101489862216	0	0	0	0	0	0	0	0	0	0	0	0.806541951383443	0	0	0	0	0	0	0	0	0	0	0.336059146409768	0	0	0	0	0	0	0	0	0	0	0	0	0	0	0	0	0	0	0.134423658563907	0	0	0	0	0	0	0	0	0	0	0	0	0	0	0	0	0	0	0	0	0	0	0	0	0	0.660916321272544	0	0	0	0	0	0	0	0	0	0.694522235913521	0	0	0	0	0	0	0	0	0.156827601657892	0	0	0	0	0	0	0	0	0	0	0	0	0	0	0	0	0	0	0	0	0	0	0	0	0	0	0	0	0	0	0	0	0	0	0	0	0	0	0	0	0	0	0	0	0	0	0	0	0	0	0	0	0	0	0	0	0	0	0	0	0	0	0	0	0	0	0	0	0	0	0.98577349613532	0	0	0	0	0	0	0	0	0	0	0	0	0	0	0	0	0	0	0	0	0
ERR6650804	0	0	0	0	0	0	0	0	0	0	0	0	0	0	0	0	0	0	0	0	0	0	0	0	0	0	0.0796812749003984	0	0	0	0	0	0	0	1.30146082337317	0	0	0	0	0	0	0	0	0	0	0	0	0	0	0	0	0	0	0	0	0	4.9136786188579	0	0	0	0	0	0	0	0	0	0	0	0	0	0	0	0	0.185922974767596	0	0	0	0	0	0	0	0	0	0	0.212483399734396	0.0265604249667995	0	0	0	0	0	0	0	0	0	0	0	0	0.212483399734396	0	0	0	0	0	0	0	0	0	0	0	0	0	0	0	0	0	0	0	0	0	0	0	0	0	0	0	0	0	0	0	0	0	0	0	0	0	0	0.106241699867198	0	0	0.159362549800797	0	0	0	0	0	0	0	0	0	0	0	0	0	0	0	0	0	0	0	0	0	0	0	0	0	0	0	0	0	0	0	0	0	0	0	0	0.557768924302789	0	0	0	0	0	0	0	0	0	0	0	0	0	0	0.371845949535193	1.14209827357238	0	0	0	0	0	0	0	0	0	0	0	0	0	0	0	0	0	0	0	0	0	0	0	0	0	0	0	0	0	0	0	0	0	0	0	0	0	0	0	0	0	0	0	0	0	0	0	0	0	0	0	0	0	0	0	0	0	0	0	0	0	0	0	0	0	0	0	0	0	0	0	0.637450199203187	0	0	0	0	0	0	0	0	0	0	0	0	0	0	0	0	0	0	0	0	0	0.0265604249667995	0	0	0	0	0	0	0	0	0	0	0	0	0	0	0	0	0	0	0	0	0	0	0	0	0	0	0	0	0	0	0	0	0	0	0	0	0	0	0	0	0	0	0	0	0	0	0	0	0	0	0	0	0	0	0	0	0	0	0	0	0	0	0	0	0	0	0	0	0	0.159362549800797	0	0	0	0	0	0	0	0	0	0	0	0	0	0	0	0	0	0	0	0	0	0	0	80.929614873838	0	0	0	0	0	0	0	0	0	0	0	0	0.106241699867198	0	0	0	0	0	0	0	0	0	0	0	0	0	0	0	0	0	0	0	0	0	0	0	0	0	0	0	0	0	0	0	0	0	0	0.610889774236388	0	0	0	0	0	0	0	0	0	0	0	0	0	0	0	0	0	0	0	0	0	0	0	0	0	0	0	0	0	0	0	0	0	0	0	0	0	0.664010624169987	0	0	0	0	0	0	0	0	0	0	0	0	0	0	0	0	0	0	0	0	0	0	0	0	0	0	0	0	0	0	0	0	0	0	0	0	0	0	0	0	0	0	0	0	0	0	0	0	0	0	0	0	0	0	0.292164674634794	0.823373173970784	0	0	0	0	0	0	0	0	0	0.398406374501992	0	0	0	0	0	0	0	0	0	0	0	0	0	0	0	0	0	0	0	0	0	0	0	0	0	0	0	0	0	0	0	0	0	0	0	0	0	0	0	0	0	0	0	0	0	0	0	0	0	0	0	0	0	0	0	0	0	0	0	0	0	0	0	0	0	1.77954847277556	0	0	0	0	0	0	0	0	0	0	0	0	0	0.0796812749003984	0	0	0	0	0	0	0	0	0	0	0	0	0	0	0	0	0	0	0	0	0	0	0	0	0	0	0	0	0	0	0	0	0	0	0	0	0	0	0	0	0	0	0	0	0	0	0	0	0	0	0	1.00929614873838	0	0	0	0	0	0.690571049136786	0	0	0	0	0	0	0	0	0	0	0	0	0	0	0	0	0	0	0	0	0	0	0	0	0	0	0	0	0	0	0	0	0	0	0	0	0	0	0	0	0	0	0	0	0	0	0	0	0	0	0	0	0	0	0	0	0	0	0	0	0	0	0	0	0	0	0	0	0	0	0	0	0	0	0	0	0	0	0	0	0	0	0	0	0	0	0	0	0	0	0	0	0	0	2.52324037184595
ERR6650808	0	0	0	0	0	0	0	0	0	0	0	0	0	0	0	0	0	0	0	0.166373067136426	0	0	0	0	0	0	0	0	0	0	0	0	0	0	0.391466040321002	0	0.176159718144451	0	0	0	0	0	0	0	0	0	0	0	0	0	1.14503816793893	0	0	0	0	0	0	0	0	0	0	0	0	0	0	0	0	0	0	0	0	0	0	0	0	0	0	0	0	0	0	0	0	0	0	0	0	0	0	0	0	0	0	0	0	0	0	0	2.19220982579761	0	0	0	0	0	0	0	0	0	0	0	0	0	0	0	0	0	0	0	0	0	0	0	0	0	0	0	0	0	0	0	0	0	0	0	0	0	0	0	0	0	0	0	0	0	0	0	0	0	0	0	0	0	0	0	0	0	0	0	0	0	0	0	0	0	0	0	0	0	0	0	0	0	0	0	0	0	0	0	0	0	0	0	0	0	0	0	0	0	0	0	0	0	0	6.43961636328049	0	0	0	0	0	0	0	0	0	0	0	0	0	0	0	0	0	0	0	0	0	0	0	0	0	0	0	0	0	0	0	0	0	0	0	0	0	0	0	0	0	0	0	0	0	0	0	0	0	0	0	0	0	0	0.577412409473478	0	0	0	0	0	0	0	0	0	0	0	0	0	0	0	0	0	0	0	0	0	0	0	0	0	0	0	0	0.137013114112351	0	0	0	0	0	0	0	0	0	0	0	0	0	0	0	0	0	0	0	0	0	0	0	0	0	0	0	0	0	0	0	0	0	0	0	0	0	0	0	0	0	0	0	0	0	0	0	0	0	0	0	0	0	0	0	0	0	0	0	0	0	0	0	0	0	0	0	0	0	0	0	0	0	0	0	0	0	0	0	0	0	0	0	0	0	0	0	0	0	0	0	0	0	0	0	0	0	0	0	0	0	0	0	83.0984537091407	0	0	0	0	0	0	0	0	0	0	0	0	0.900371892738305	0	0	0	0.548052456449403	0	0	0	0	0	0	0	0	0	0	0	0	0	0	0	0	0	0	0	0	0	0	0	0	0	0	0	0	0	0	0	0	0	0	0	0	0	0	0	0	0	0	0	0	0	0	0	0	0	0	0	0	0	0	0	0	0	0	0	0	0	0	0	0	0	0	0	0	0	0	0	0	0	0	0	0	0	0	0	0	0	0	0	0	0.557839107457428	0	0	0	0	0	0	0	0	0	0	0	0	0	0	0	0	0	0	0.332746134272852	0	0	0	0	0	0	0	0	0	0	0	0	0	0	0	0	0	0	0	0	0	0	0	0	0	0	0	0	0	0	0	0	0	0	0	0	0	0	0	0	0	0	0	0	0	0	0	0	0	0	0	0	0	0	0	0	0	0	0	0	0	0	0	0	0	0	0	0	0	0	0	0	0	0	0	0	0	0	0	0	0	0	0	0	0	0	0	0	0	0	0	0	0	0	0	0	0.577412409473478	0	0	0	0	0	0	0	0	0	0	0	0	0	0	0	0	0	0	0	0	0	0	0	0	0	0	0	0	0	0.655705617537679	0	0	0	0	0	0	0	0	0	0	0	0	0	0	0	0	0	0	0	0	0	0	0	0	0	0	0	0	0	0	0	0	0	0	0	0	0	0	0	0	0	0	0	0	0	0	0	0	0	0	0	0	0	0	0	0	0	0	0	0	0	0	0	0	0	0	0	0	0	0	0	0	0	0	0	0	0	0	0	0	0	0	0	0	0	0	0	0	0	0	0	0	0	0	0	0	0	2.06498336269329	0	0	0	0	0	0	0	0	0	0	0	0	0	0	0	0	0	0	0	0	0	0	0	0	0	0	0	0	0	0	0	0	0	0	0	0	0	0	0.0391466040321002
ERR6650810	0	0	0	0	0	0	0	0	0	0	0	0	0	0	0	0	0	0	0	0	0	0	0	0	0	0	0	0	0	0	0	0	0	0	0.984009840098401	0	0	0	0	0	0	0	0	0	0	0	0	0	0	0	0	0	0.0461254612546125	0	0	0	0	0	0	0	0	0	0	0	0	0	0	0	0	0	0	0	0	0	0	0	0	0	0	0	0	0	0	0	0	0	0	0	0	0	0	0	0	0	0	0	0	0	0.0768757687576876	0	0	0	0	0	0	0	0	0	0	0	0	0	0	0	0	0	0	0	0	0	0	0	0	0	0	0	0	0	0	0	0	0	0	0	0	0	0	0	0	0	0	0	0	0	0	0	0	0	0	0	0	0	0	0	0	0	0	0	0	0	0	0	0	0	0	0	0	0	0	0	0	0	0	0	0	0	0	0	0	0	0	0	0	0	0	0	0	0	0	0	0.0615006150061501	0	0	0.169126691266913	0	0	0	0	0	0	0	0	0	0	0	0	0	0	0	0	0	0	0	0	0	0	0	0	0	0	0	0	0	0	0	0	0	0	0	0	0	0	0	0	0	0	0	0	0	0	0	0	0	0	0	0	0	0	0	0	0	0	0	0	0	0	0	0	0	0	0	0	0	0	0	0	0	0	0	0	0	0	0	0	0	0	0	0	0	0	0	0	0	0	0	0	0	0.2460024600246	0	0	0	0	0	0	0	0	0	0	0	0	0	0	0	0	0	0	0	0	0	0	0	0	0	0	0	0	0	0	0	0	0	0	0	0	0	0	0	0	0	0	0	0	0	0	0.107626076260763	0	0	0	0	0	0	0	0	0	0	0	0	0	0	0	0	0	0	0	0	0	0	0	0	0	0	0	0	0	0	0	0	0	0	0	0	0	0	0	0	0	0	0	0	0	0	97.5246002460025	0	0	0	0	0	0	0	0	0	0	0	0	0	0	0	0	0	0	0	0	0	0	0	0	0	0	0	0	0	0	0	0	0	0	0	0	0	0.18450184501845	0	0	0	0	0	0	0	0	0	0	0	0	0	0	0	0	0	0	0	0	0	0	0	0	0	0	0	0	0	0	0	0	0	0	0	0	0	0	0	0	0	0	0	0	0	0	0	0	0	0	0	0	0	0	0	0	0	0	0	0	0	0	0	0	0	0	0	0	0	0	0	0	0	0	0	0	0	0	0	0	0	0	0	0	0	0	0	0	0	0	0	0	0	0	0	0	0	0	0	0	0	0	0	0	0	0	0	0	0	0	0	0	0	0	0	0	0	0	0	0	0	0	0	0	0	0	0	0	0	0	0	0	0	0	0	0	0	0	0	0	0	0	0	0	0	0	0	0	0	0	0	0	0	0	0	0	0	0	0	0	0	0	0	0	0	0	0	0	0	0	0	0	0.0768757687576876	0	0	0	0	0	0	0	0	0	0	0	0	0	0	0	0	0	0.0922509225092251	0	0	0	0	0	0	0	0	0	0	0	0	0	0	0	0	0	0	0	0	0	0	0	0	0	0	0	0	0	0	0	0	0	0	0	0	0	0	0	0	0	0	0	0	0	0	0	0	0	0	0	0	0	0	0	0	0	0	0	0	0	0	0	0	0	0	0	0	0	0	0	0	0	0	0	0	0	0	0	0	0	0	0	0	0	0	0.230627306273063	0	0	0	0	0	0	0	0	0	0	0	0	0	0	0	0	0	0	0	0	0	0	0	0	0	0	0	0	0	0	0	0	0	0	0	0	0	0	0	0	0	0	0	0	0	0	0	0.199876998769988	0	0	0	0	0	0	0	0	0	0	0	0	0	0	0	0	0	0	0	0	0
ERR6650812	0	0	0	0	0	0	0	0	0	0	0	0	0	0	0	0	0	0	0	0	0	0	0	0	0	0	0	0	0	0	0	0	0	0	0	0	0	0	0	0	0	0	0	0	0	0	0	0	0	0	0.444312796208531	0	0	0	0	0	0	0	0	0	0	0	0	0	0	0	0	0	0	0	0	0	0	0	0	0	0	0	0	0	0	0	0	0	0	0	0	0	0	0	0	0	0	0	0	0	0	0	1.76244075829384	0	0	0	0	0	0	0	0	0	0	0	0	0	0	0	0	0	0	0	0	0	0	0	0	0	0	0	0	0	0	0	0	0	0	0	0	0	0	0	0	0	0	0	0	0	0	0	0	0	0	0	0	0	0	0	0	0	0	0	0	0	0	0	0	0	0	0	0	0	0	0	0	0	0	0	0	0	0	0	0	0	0	0	0	0	0	0	0	0	0	0	0	0	0	1.94016587677725	0	0	0	0	0	0	0	0	0	0	0.755331753554502	0	0	0	0	0	0	0	0	0	0	0	0	0	0	0	0	0	0	0	0	0	0	0	0	0	0	0	0	0	0	0	0	0	0	0	0	0	0	0	0	0	0	0	0	0	0	0	0	0	0	0	0.81457345971564	0	0	0	0	0	0	0	0	0	0	0	0	0	0	0	0	0	0	0	0	0	0	0	0	0	0	0	0	0	0	0	0	0	0	0	0	0	0	0	0	0	0	0	0	0	0	0	0	0	0	0	0	0	0.222156398104265	0	0	0	0	0	0	0	0	0	0	0	0	0	0	0	0	0	0	0	0	0	0	0	0	0	0	0	0	0	0	0	0	0	0	0	0	0	0	0	0	0	0	0	0	0	0	0	0	0	0	0	0	0	0	0	0	0	0	0	0	0	0	0	0	0	0	0	0	0	0	91.1877962085308	0	0	0	0	0	0	0	0	0	0	0	0	0	0	0	0	0	0	0	0	0	0	0	0	0	0	0	0	0	0	0	0	0	0	0	0	0	0	0	0	0	0	0	0	0	0	0	0	0	0	0	0	0	0	0	0	0	0	0	0	0	0	0	0	0	0	0	0	0	0	0	0	0	0	0	0	0	0	0	0	0	0	0	0	0	0	0	0	0	0	0	0	0	0	0	0	0	0	0	0	0	0	0	0	0	0	0	0	0	0	0	0	0	0	0	0	0	0.414691943127962	0	0	0	0	0	0	0	0	0	0	0	0	0	0	0	0	0	0	0	0	0	0	0	0	0	0	0	0	0	0	0	0	0	0	0	0	0	0	0	0	0	0	0	0	0	0	0	0	0	0	0	0	0	0	0	0	0	0	0	0	0	0	0	0	0	0	0	0	0	0	0	0	0	0	0	0	0	0	0	0	0	0	0	0	0	0	0	0	0	0	0	0	0	0	0	0	0	0	0	0.992298578199052	0	0	0	0	0	0	0	0	0	0	0.414691943127962	0	0	0	0	0	0	0	0	0	0	0	0	0	0	0	0	0	0	0	0	0	0	0	0	0	0	0	0	0	0	0	0	0	0	0	0	0	0	0	0	0	0	0	0	0	0	0	0	0	0	0	0	0	0	0	0	0	0	0	0	0	0	0	0.0148104265402844	0	0	0	0	0	0	0	0	0	0	0	0	0	0	0	0	0	0	0	0	0	0	1.03672985781991	0	0	0	0	0	0	0	0	0	0	0	0	0	0	0	0	0	0	0	0	0	0	0	0	0	0	0	0	0	0	0	0	0	0	0	0	0	0	0	0	0	0	0	0	0	0	0	0	0	0	0	0	0	0	0	0	0	0	0	0	0	0	0	0	0	0	0	0	0
ERR6650819	0	0	0	0	0	0	0	0	0	0	0	0	0	0.0262054507337526	0	0	0	0	0	0.471698113207547	0	0	0	0	0	0	0	0	0	0	0	0	0	0	0.9958071278826	0	0	0	0	0	0	0	0	0	0.366876310272537	0	0	0	0	0.262054507337526	0	0	0	0	0	0	0	0	0	0	0	0	0	0	0	0	0	0	0	0	0	0	0	0	0	0	0	0	0	0	0	0	0	0	0	0	0	0	0	0	0	0	0	0	0	0	0	0	0.458595387840671	0	0	0	0	0	0	0	0	0	0	0	0	0	0	0	0	0	0	0	0	0	0	0	0	0	0	0	0	0	0	0	0	0	0	0	0	0	0	0	0	0	0	0.681341719077568	0	0	0	0	0	0	0	0	0	0	0	0	0	0	0	0	0	0	0	0	0	0	0	0	0	0	0	0	0	0	0	0	0	0	0	0	0	0	0	0	0	0	0	0	0	0	0	0	0	0	0	0	0	0	0	0	0	0	0	0	0	0	0.314465408805031	0	0	0	0	0	0	0	0	0	0	0	0	0	0	0	0	0	0	0.10482180293501	0	0	0	0	0	0	0	0	0	0	0	0	0	0	0	0	0	0	0	0	0	0	0	0	0	0	0	0	0	0	0	0	0	0	0	0	0	0	0	0	0	0	0	0	0	0	0	0	0	0	0	0	0	0	0	0	0	0	0	0	0	0	0	0	0	0	0	0	0	0	0	0	0	0	0	0	0	0	0	0	0	0	0	0	0	0	0	0.720649895178197	0	0	0	0	0	0	0	0	0	0	0	0	0	0	0	0	0	0	0	0	0	0	0.117924528301887	0	0	0	0	0	0	0	0	0	0	0	0	0	0	0	0	0	0	0	0	0	0	0	0	0	0	0	0	0	0	0	0	0	0	0	0	0	0	0	0	0.366876310272537	0	0	0	0	0	92.9638364779874	0	0	0	0	0	0	0	0	0	0	0	0	0	0	0	0	0.209643605870021	0	0	0	0	0	0	0	0	0	0	0	0	0	0	0	0	0	0	0	0	0	0	0	0	0	0	0	0	0	0	0	0	0	0	0.209643605870021	0	0	0	0	0	0	0	0	0	0	0	0	0	0	0	0	0	0	0	0	0	0	0	0	0	0	0	0	0	0	0	0	0	0	0	0	0	0	0	0	0	0	0	0	0	0	0	0	0	0	0	0	0	0	0	0	0	0	0	0	0	0	0	0	0	0	0	0	0	0	0	0	0	0	0	0	0	0.589622641509434	0	0	0	0	0	0	0	0	0	0	0	0	0	0	0	0	0	0	0	0	0	0	0	0	0	0	0	0	0	0	0	0	0	0	0	0	0	0	0	0	0	0	0	0	0	0	0	0	0	0	0	0	0	0	0	0	0	0	0	0	0	0	0	0	0	0	0	0	0	0	0	0	0	0	0	0	0	0	0	0	0	0	0	0	0	0	0	0.262054507337526	0	0	0	0	0	0	0	0	0	0	0	0	0	0	0	0	0	0	0	0	0	0	0	0	0	0	0	0	0	0	0	0	0	0	0	0	0	0	0	0	0	0	0	0	0	0	0	0	0	0	0	0	0	0	0	0.209643605870021	0	0	0	0	0	0	0	0	0	0	0	0	0	0	0	0	0	0	0.196540880503145	0	0	0	0	0	0	0	0	0	0	0	0	0	0	0	0	0	0	0	0	0	0	0	0	0	0	0	0	0	0	0	0	0	0	0	0	0	0	0	0	0	0	0	0	0	0	0	0	0	0	0	0	0	0	0	0	0	0	0	0	0	0	0	0	0	0.0786163522012579	0	0	0	0	0.144129979035639	0	0	0	0	0	0	0	0	0	0	0	0	0	0	0.0524109014675052	0	0	0	0	0	0.196540880503145
ERR6650820	0	0	0	0	0	0	0	0	0	0	0	0	0	0	0	0	0	0	0	0	0	0	0	0	0	0	0	0	0	0	0	0	0	0	0.0537056928034372	0	0	0	0	0	0	0	0	0	0	0	0	0	0	0	0.519155030433226	0	0	0	0	0	0	0	0	0	0	0	0	0	0	0	0	0	0	0	0	0	0	0	0	0	0	0	0	0	0	0	0	0	0	0.214822771213749	0	0	0	0	0	0	0	0	0	0	0	0	3.7593984962406	0	0	0	0	0	0	0	0	0	0	0	0	0	0	0	0	0	0	0	0	0	0	0	0	0	0	0	0	0	0	0	0	0	0	0	0	0	0	0	0	0	0	0.0895094880057286	0	0	0	0	0	0	0	0	0	0	0	0	0	0	0	0	0	0	0	0	0	0	0	0	0	0	0	0	0	0	0	0	0	0	0	0	0	0	0	0	0	0.0537056928034372	0	0	0	0	0	0	0	0	0	3.54457572502685	0	0	0	0	0	0	0	0.358037952022914	0	0	0	0	0	0	0	0	0	0	0	0	0	0	0	0	0	0	0	0	0	0	0	0	0	0	0	0	0	0	0	0	0	0	0	0	0	0	0	0	0	0	0	0	0	0	0	0	0	0	0	0	0	0	0	0	0	0	0	0	0	0	0	0.0358037952022914	0	0	0	0	0	0	0	0	0.429645542427497	0	0	0	0	0	0	0	0	0	0	0	0	0	0	0	0	0	0	0	0	0	0	0	0	0	0	0	0	0	0	0	0	0	0	0	0	0	0	0	0	0	0	0	0	0.304332259219477	0	0	0	0	0	0	0	0	0	0	0	0	0	0	0.232724668814894	0	0	0	0	0	0	0	0	0	0	0	0	0	0	0	0	0	0	0	0	0	0	0	0	0	0	0	0	0	0	0	0	0	0	0	0	0	0	0	0	0	0	0	0	0	0	88.4711779448622	0	0	0	0	0	0	0	0	0	0	0	0	0	0	0	0	0	0	0	0	0	0	0	0	0	0	0	0	0	0	0	0.179018976011457	0	0	0	0	0	0	0	0	0	0	0	0	0	0	0	0	0	0	0	0	0	0	0	0	0	0	0	0	0	0	0	0	0	0	0	0	0	0	0	0	0	0	0	0	0	0	0	0	0	0	0	0	0	0	0	0	0	0	0	0	0	0	0	0	0	0	0	0	0	0	0	0	0	0	0	0	0	0	0	0	0	0	0	0	0	0	0	0	0	0	0	0	0	0	0	0	0	0	0	0	0	0	0	0	0	0	0	0	0	0	0	0	0	0	0	0	0	0	0	0	0	0	0	0	0	0	0	0	0	0	0	0	0	0	0	0	0	0	0	0	0	0	0	0	0	0	0	0	0	0	0	0	0	0	0	0	0	0	0	0	0	0	0	0	0	0	0	0	0	0	0	0	0	0	0	0	0	0	0	0	0	0	0	0	0	0.268528464017186	0	0	0	0	0	0	0	0	0	0	0.322234156820623	0	0	0	0	0	0	0	0	0	0	0	0	0	0	0	0	0	0	0	0	0	0	0	0	0	0	0	0	0	0	0	0	0	0	0	0	0	0	0	0	0	0	0	0	0.465449337629789	0	0	0	0	0	0	0	0	0	0.107411385606874	0	0	0	0	0	0	0	0	0	0	0	0.0716075904045829	0	0	0	0	0	0	0	0	0	0	0	0	0	0	0	0	0	0	0	0.286430361618332	0	0	0	0	0	0	0	0	0	0	0	0	0	0	0	0	0	0	0	0	0	0	0	0	0	0	0	0	0	0	0	0	0	0	0	0	0	0	0	0	0	0	0	0	0	0	0	0	0	0	0	0	0	0	0	0	0	0	0	0.232724668814894	0	0	0	0	0	0	0	0	0
ERR6650837	0	0	0	0	0	0	0	0	0	0	0	0	0	0	0	0	0	0	0	0	0	0	0	0	0	0	0	0	0	0	0	0	0	0	0	0	0	0	0	0	0	0	0	0	0	0	0	0	0	0	0	0	0	0	0	0	0	0	0	0	0	0	0	0	0	0	0	0	0	0	0	0	0	0.105142420187345	0	0	0	0	0	0	0	0	0	0	0	0	0	0	0	0	0	0	0	0	0	0	0	0	0	0	0	0	0	0	0	0	0	0	0	0	0	0	0	0	0	0	0	0	0	0	0	0	0	0	0	0	0	0.0764672146817052	0	0	0	0	0	0	0	0	0	0	0	0	0	0	0	0	0	0	0	0	0	0	0	0	0	0	0	0	0	0	0	0	0	0	0	0	0	0	0	0	0	0	0	0	0	0	0	0	0	0	0	0	0	0	0	0	0	0	0	0	0	0	0	0	0	0.0477920091760658	0	0	0	0	0	0	0	0	0	0	0	0	0	0	0	0	0	0	0	0	0	0	0	0	0	0	0	0	0	0	0	0	0	0	0	0	0	0	0	0	0	0	0	0	0	0	0	0	0.0191168036704263	0	0	0	0	0	0	0	0	0	0	0	0	0	0	0	0	0	0	0	0	0	0	0	0	0	0	0	0	0	0	0	0	0	0	0	0	0	0	0	0	0	0	0	0	0	0	0	0	0	0	0	0	0	0	0	0	0	0	0	0	0	0	0	0	0	0	0	0	0	0	0	0	0	0	0	0	0	0	0	0	0	0	0	0	0	0	0	0	0	0	0	0	0	0	0	0	0	0	0	0	0	0	0	0	0	0	0	0	0	0	0	0	0	0	0	0	0	0	0	0	0	0	0	0	0	0	0	0	0	0	0	0	0	0	0	0	0	0	99.4934047027337	0	0	0	0	0	0	0	0	0	0	0	0	0	0	0	0	0	0	0	0	0	0	0	0	0	0	0	0	0	0	0	0	0	0	0	0	0	0	0	0	0	0	0	0	0	0	0	0	0	0	0	0	0	0	0	0	0	0	0	0	0	0	0	0	0	0	0	0	0	0	0	0	0	0	0	0	0	0	0	0	0	0	0	0	0	0.0573504110112789	0	0	0	0	0	0	0	0	0	0	0	0	0	0	0	0	0	0	0	0	0	0	0	0	0	0	0	0	0	0	0	0	0	0	0	0	0	0	0	0	0	0	0	0	0	0	0	0	0	0	0	0	0	0	0	0	0	0	0	0	0	0	0	0	0	0	0	0	0	0	0	0	0	0	0	0	0	0	0	0	0	0	0	0	0	0	0	0	0	0	0	0	0	0	0	0	0	0	0	0	0	0	0	0	0	0	0	0	0	0	0	0	0	0	0	0	0	0	0	0	0	0	0	0	0	0	0	0	0	0	0	0.0382336073408526	0	0	0	0	0	0	0	0	0	0	0	0	0	0	0	0	0	0	0	0	0	0	0	0	0	0	0	0	0	0	0	0	0	0	0	0	0	0	0	0	0	0	0	0	0	0	0	0	0	0	0	0	0	0	0	0.0955840183521315	0	0	0	0	0	0	0	0	0	0.0669088128464921	0	0	0	0	0	0	0	0	0	0	0	0	0	0	0	0	0	0	0	0	0	0	0	0	0	0	0	0	0	0	0	0	0	0	0	0	0	0	0	0	0	0	0	0	0	0	0	0	0	0	0	0	0	0	0	0	0	0	0	0	0	0	0	0	0	0	0	0	0	0	0	0	0	0	0	0	0	0	0	0	0	0	0	0	0	0	0	0	0	0	0	0	0	0	0	0	0	0	0	0	0
ERR6650839	0	0	0	0	0	0	0	0	0	0	0	0	0	0	0	0	0	0	0	0	0	0	0	0	0	0	0	0	0	0	0	0	0	0	0	0	0	0	0	0	0	0	0	0	0	0	0	0	0	0	0	0	0	0	0	0	0	0	0	0	0	0	0	0	0	0	0	0	0	0	0	0	0	0	0	0	0	0	0	0	0	0	0	0	0	0	0	0	0	0	0	0	0	0	0	0	0	0	0	0	0	0	0	0	0	0	0	0	0	0	0	0	0	0	0	0	0	0	0	0	0	0	0	0	0	0	0	0	0	0	0	0	0	0	0	0	0	0	0	0	0	0	0	0	0	0	0	0	0	0	0	0	0	0	0	0	0	0	0	0	0	0	0	0	0	0	0	0	0	0	0	0	0	0	0	0	0	0	0	0	0	0	0	0	0	0	0	0	0	0	0	0	0	0	0	0	0	0	0	0	0	0	0	0	0.239574090505768	0	0	0	0	0	0	0	0	0	0	0	0	0	0	0	0	0	0	0	0	0	0	0	0	0	0	0	0	0	0	0	0	0	0	0	0	0	0	0	0	0	0	0	0	0	0	0	0	0	0	0	0	0	0	0	0	0	0	0	0	0	0	0	0	0	0	0	0	0	0	0	0	0	0	0	0	0	0	0	0	0	0	0	0	0	0	0	0	0	0	0	0	0	0	0	0	0	0	0	0	0	0	0	0	0	0	0	0	0	0	0	0	0	0	0	0	0	0	0	0	0	0	0	0	0	0	0	0	0	0	0	0	0	0	0	0	0	0	0	0	0	0	0	0	0	0	0	0	0	0	0	0	0	0	0	0	0	0	0	0	0	0	0	0	0	0	0	0	0	0	0	0	0	0	0	0	99.0062111801242	0	0	0	0	0	0	0	0	0	0	0	0	0	0	0	0	0	0	0	0	0	0	0	0	0	0	0	0	0	0	0	0	0	0	0	0	0	0	0	0	0	0	0	0	0	0	0	0	0	0	0	0	0	0	0	0	0	0	0	0	0	0	0	0	0	0	0	0	0	0	0	0	0	0	0	0	0	0	0	0	0	0	0	0	0	0	0	0	0	0	0	0	0	0	0	0	0	0	0	0	0	0.0798580301685892	0	0	0	0	0	0	0	0	0	0	0	0	0	0	0	0	0	0	0	0	0	0	0	0	0	0	0	0	0	0	0	0	0	0	0	0	0	0	0	0	0	0	0	0	0	0	0	0	0	0	0	0	0	0	0	0	0	0	0	0	0	0	0	0	0	0	0	0	0	0	0	0	0	0	0	0	0	0	0	0	0	0	0	0	0	0	0	0	0	0	0	0	0	0	0	0	0	0	0	0	0	0	0	0	0	0	0	0	0	0	0	0	0	0	0	0	0	0	0	0	0	0	0	0	0	0	0	0	0	0	0	0	0	0	0	0	0	0	0	0	0	0	0	0	0	0	0	0	0	0	0	0	0	0	0	0	0	0	0	0	0	0	0	0	0	0	0	0	0	0	0	0	0	0	0	0	0	0	0	0	0	0	0	0	0	0	0	0.67435669920142	0	0	0	0	0	0	0	0	0	0	0	0	0	0	0	0	0	0	0	0	0	0	0	0	0	0	0	0	0	0	0	0	0	0	0	0	0	0	0	0	0	0	0	0	0	0	0	0	0	0	0	0	0	0	0	0	0	0	0	0	0	0	0	0	0	0	0	0	0	0	0	0	0	0	0	0	0	0	0	0	0	0	0	0	0	0	0	0	0	0	0	0	0	0	0
ERR6650840	0	0	0	0	0	0	0	0	0	0	0	0	0	0	0	0	0	0	0	0	0	0	0	0	0	0	0	0	0	0	0	0	0	0	0	0	0	0	0	0	0	0	0	0	0	0	0	0	0	0	1.96327407696816	0	0	0	0	0	0	0	0	0	0	0	0	0	0	0	0	0	0	0	0	0	0	0	0	0	0	0	0	0	0	0	0	0	0.312561047079508	0	0	0	0	0	0	0	0	0	0	0	0	0	0.156280523539754	0	0	0	0	0	0	0	0	0	0	0	0	0	0	0	0	0	0	0	0	0	0	0	0	0	0	0	0	0	0	0	0	0	0	0	0	0	0	0	0	0	0	0	0	0	0	0	0	0	0	0	0	0	0	0	0	0	0	0	0	0	0	0	0	0	0	0	0	0	0	0	0	0	0	0	0	0	0	0	0	0	0	0	0	0	0	0	0	0	0	0	0	0	0	0.117210392654815	0	0	0	0	0	0	0	0	0	0	0	0	0	0	0	0	0	0	0	0	0	0	0	0	0	0	0	0	0	0	0	0	0	0	0	0	0	0	0	0	0	0	0	0	0	0	0	0	0	0	0	0	0	0	0	0	0	0	0	0	0	0	0	0	0	0	0	0	0	0	0	0	0	0	0	0	0	0	0	0	0	0	0	0	0	0	0	0	0	0	0	0	0	0	0	0	0	0.00976753272123462	0	0	0	0	0.136745458097285	0	0	0	0	0	0	0	0	0	0	0	0	0	0	0	0	0	0	0	0	0	0	0.136745458097285	0	0	0	0	0	0	0	0	0	0	0	0	0	0	0	0	0	0	0	0	0	0	0	0	0	0	0	0	0	0	0	0	0	0	0	0	0	0	0	0	0	0	0	0	0	0	0	0	0	0	0	0	0	0	0	0	0	0	0	0	0	95.6241453408869	0	0	0	0	0	0	0	0	0	0	0	0	0	0	0	0	0	0	0	0	0	0	0	0	0	0	0	0	0	0	0.5079117015042	0	0	0	0	0	0	0	0	0	0	0	0	0	0	0	0	0	0	0	0	0	0	0	0	0	0	0	0	0	0	0	0	0	0	0	0	0	0	0	0	0	0	0	0	0	0	0	0	0	0	0	0	0	0	0	0	0	0	0	0	0	0	0	0	0	0	0	0	0	0	0	0	0	0	0	0	0	0	0	0	0	0	0	0	0	0	0	0	0	0	0	0	0	0	0	0	0	0	0	0	0	0	0	0	0	0	0	0	0	0	0	0	0	0	0	0	0	0	0	0	0	0	0	0	0	0	0	0	0	0	0	0	0	0	0	0	0	0	0	0	0	0	0	0	0	0	0	0	0	0	0	0	0	0	0	0	0	0	0	0	0	0	0	0	0	0	0	0	0	0	0	0	0	0	0	0	0	0	0	0	0	0	0	0	0	0	0	0	0	0	0	0	0	0	0	0	0	0.38093377612815	0	0	0	0	0	0	0	0	0	0	0	0	0	0	0	0	0	0	0	0	0	0	0	0	0	0	0	0	0	0	0	0	0	0	0	0	0	0	0	0	0	0	0	0	0	0	0	0	0	0	0	0	0	0	0.195350654424692	0	0	0	0	0	0	0	0	0	0	0	0	0	0	0	0	0	0	0	0	0	0	0	0	0	0	0	0	0	0	0	0.371166243406915	0	0	0	0	0	0	0	0	0	0	0	0	0	0	0	0	0	0	0	0	0	0	0	0	0	0	0	0	0	0	0.0879077944911115	0	0	0	0	0	0	0	0	0	0	0	0	0	0	0	0	0	0	0	0	0	0	0	0	0	0	0	0	0	0	0	0	0	0	0	0	0	0
ERR6650842	0	0	0	0	0	0	0	0	0	0	0	0	0	0	0	0	0	0	0	0	0	0	0	0	0	0	0	0	0	0	0	0	0	0	0	0	0	0	0	0	0	0	0.152089625773836	0	0	0	0	0	0	0	0.107105370263265	0	0	0	0	0	0	0	0	0	0	0	0	0	0	0	0	0	0	0	0	0	0	0.194931773879142	0	0	0	0	0	0	0	0	0	0	0	0	0	0	0	0	0	0	0	0	0	0	0	0	0.796863954758692	0	0	0	0	0	0	0	0	0	0	0	0	0.0664053295632243	0	0	0	0	0	0	0	0	0	0	0	0	0	0	0	0	0	0	0	0	0	0	0	0	0	0.0128526444315918	0	0	0	0	0	0	0	0	0	0	0	0	0	0	0	0	0	0	0	0	0	0	0	0	0	0	0	0	0	0	0	0	0	0	0	0	0	0	0	0	0	0	0	0	0	0	0	0	0	0	0	0	0	0	0	0.143521196152775	0	0	0	0	0	0	0	0	0	0	0.0278473962684489	0	0	0	0	0	0	0	0	0	0	0	0	0	0	0.0257052888631836	0	0	0	0	0	0	0	0	0	0	0	0	0	0	0	0	0	0	0	0	0	0	0.21421074052653	0	0	0	0	0	0	0	0	0	0	0	0	0	0	0	0	0	0	0	0	0	0	0	0	0	0	0	0	0	0	0	0	0	0	0	0	0	0	0	0	0	0	0	0	0	0	0	0	0	0	0	0	0	0	0	0	0	0	0	0	0	0	0	0	0	0	0	0	0	0	0	0	0	0	0	0	0	0	0	0	0	0	0	0	0	0	0	0	0	0	0	0.085684296210612	0	0	0	0	0	0	0	0	0	0	0	0	0	0	0	0	0	0	0	0	0	0	0	0	0	0	0	0	0	0	0	0	0	0	0	0	0	0	0	0	0	0	0	0	0	0	96.8039757513442	0	0	0	0	0	0	0	0	0	0	0	0	0	0	0	0.0599790073474284	0	0	0	0	0	0	0	0	0	0	0	0	0	0	0	0	0	0	0	0	0	0	0	0	0	0	0	0	0	0	0	0.0514105777263672	0	0	0	0	0	0	0	0	0	0	0	0	0	0	0	0	0	0	0	0	0	0	0	0	0	0	0	0	0	0	0	0	0	0	0	0	0	0	0	0	0	0	0	0	0	0	0	0	0	0	0	0	0	0	0	0	0	0	0	0	0	0	0	0	0	0	0	0	0	0	0	0	0.100679048047469	0	0	0	0	0	0	0	0	0	0	0	0	0	0	0	0	0	0	0	0.0257052888631836	0	0	0	0	0	0	0	0	0	0	0	0	0	0	0	0	0	0	0	0	0	0	0	0	0	0	0	0	0	0	0	0	0	0	0	0	0	0	0	0	0	0	0	0	0	0	0	0	0	0	0	0	0.231347599768652	0	0	0	0	0	0	0	0	0	0	0	0	0	0	0	0	0	0	0	0	0	0	0	0	0	0	0	0	0	0	0	0	0	0	0	0	0	0	0	0	0	0	0	0	0	0.252768673821305	0	0	0	0	0	0	0	0	0	0	0	0	0	0	0	0	0	0	0	0	0	0	0	0	0	0	0	0	0	0	0	0	0	0	0	0	0	0	0	0	0	0	0	0.126384336910653	0	0	0	0	0	0	0	0	0.111389585073796	0	0	0.021421074052653	0	0	0	0	0	0.0449842555105713	0	0	0	0	0	0	0	0	0	0	0	0	0	0.184221236852816	0	0	0	0	0	0	0	0	0	0	0	0	0	0.0706895443737549	0	0	0	0	0	0	0	0	0	0	0	0	0	0	0	0	0	0	0	0	0	0	0	0	0	0	0	0	0	0	0	0	0	0	0	0	0	0	0	0	0	0	0	0	0	0	0	0	0	0	0	0	0	0	0.0878264036158773
ERR6650846	0	0	0	0	0	0	0	0	0	0	0	0	0	0	0	0	0	0	0	0	0	0	0	0	0	0	0	0	0	0	0	0	0	0	0	0	0	0	0	0	0	0	0	0	0	0	0	0	0	0	0.0107365256602963	0	0	0	0	0	0	0	0	0	0	0	0	0	0	0	0	0	0.40798797509126	0	0	0	0	0.246940090186816	0	0	0	0	0	0	0	0	0	0	0	0	0	0	0	0	0	0	0	0	0	0	0	0	0.0214730513205927	0	0	0	0	0	0	0	0	0	0	0	0	0	0	0	0	0	0	0	0	0	0	0	0	0	0	0	0	0	0	0	0	0	0	0	0	0	0	0	0	0	0	0	0	0	0	0	0	0	0	0	0	0	0	0	0	0	0	0	0	0	0	0	0	0	0	0	0	0	0	0	0	0	0	0	0	0	0	0	0	0	0	0	0	0	0	0	0	0	0	0	0	0	0	0.032209576980889	0	0	0	0	0	0	0	0	0	0	0	0	0	0	0	0	0	0	0	0	0	0	0	0	0	0	0	0	0	0	0	0	0	0	0	0	0	0	0	0	0	0	0	0	0	0	0	0	0	0	0	0	0	0	0	0	0	0	0	0	0	0	0	0	0	0	0	0	0	0	0	0	0	0	0	0	0	0	0	0	0	0	0	0	0	0	0	0	0	0	0	0	0	0	0	0	0	0	0	0	0	0	0	0	0	0	0	0	0	0	0	0	0	0	0	0	0	0	0	0	0	0	0	0	0.472407129053038	0	0	0	0	0	0	0	0	0	0	0	0	0	0	0	0	0	0	0	0	0	0	0	0	0	0	0	0	0	0	0	0	0	0	0	0	0	0	0	0	0	0	0	0	0	0	0	0	0	0	0	0	0	0	0	0	0	0	0	0	0	0	93.4185097702384	0	0	0	0	0	0	0	0	0	0	0	0	0	0	0	0	0	0	0	0	0	0	0	0	0	0	0	0	0	0	0	0	0	0	0	0	0	0	0	0	0	0	0	0	0	0	0	0	0	0	0	0.450934077732446	0	0	0	0	0	0	0	0	0	0	0	0	0	0	0	0	0	0	0	0	0	0	0	0	0	0	0	0	0	0	0	0	0	0	0	0	0	0	0	0	0	0	0	0	0	0	0	0	0	3.72557440412283	0	0	0	0	0	0	0	0	0	0	0	0	0	0	0	0	0	0	0	0	0	0	0	0	0	0	0	0.998496886407559	0	0	0	0	0	0	0	0	0	0	0	0	0	0	0	0	0	0	0	0	0	0	0	0	0	0	0	0	0	0	0	0	0	0	0	0	0	0	0	0	0	0	0	0	0	0	0	0	0	0	0	0	0	0	0	0	0	0	0	0	0	0	0	0	0	0	0	0	0	0	0	0	0	0	0	0	0	0	0	0	0	0	0	0	0	0	0	0	0	0	0	0	0	0	0	0	0	0	0	0	0	0	0	0	0	0	0	0	0	0	0	0	0	0	0	0	0	0	0	0	0	0	0	0	0	0	0	0	0	0	0	0	0	0	0	0	0	0	0	0	0	0	0	0	0	0	0	0	0	0	0	0	0	0	0	0	0	0	0	0	0	0	0	0	0	0	0	0	0	0	0	0	0	0	0	0	0	0	0	0	0	0	0	0	0	0.214730513205927	0	0	0	0	0	0	0	0	0	0	0	0	0	0	0	0	0	0	0	0	0	0	0	0	0	0	0	0	0	0	0	0	0	0	0	0	0	0	0	0	0	0	0	0	0	0	0	0	0	0	0	0	0	0	0	0	0	0	0	0	0	0	0	0	0	0	0	0	0
ERR6650847	0	0	0	0	0	0	0	0	0	0	0	0	0	0	0	0	0	0	0	0	0	0	0	0	0	0	0	0	0	0	0	0	0	0	0	0	0	0	0	0	0	0	0	0	0	0	0	0	0	0	11.0909090909091	0	0	0	0	0	0	0	0	0	0	0	0	0	0	0	0	0	0.342245989304813	0	0	0	0	0	0	0	0	0	0	0	0	0	0	0	0	0	0	0	0	0	0	0	0	0	0	0	0	0	4.91978609625668	0	0	0	0	0	0	0	0	0	0	0	0	0	0	0	0	0	0	0	0	0	0	0	0	0	0	0	0	0	0	0	0	0	0	0	0	0	0	0	0	0	0	0	0	0	0	0	0	0	0	0	0	0	0	0	0	0	0	0	0	0	0.620320855614973	0	0	0	0	0	0	0	0	0	0	0	0	0	0	0	0	0	0	0	0	0	0	0	0	0	0	0	0	0	0	0	0.128342245989305	5.18716577540107	0	0	0	0	0	0	0	0	0	0	0	0	0	0	0	0	0	0	0	0	0	0	0	0	0	0	0	0	0	0	0	0	0	0	0	0	0	0	0	0	0	0	0	0	0	0	0	0	0	0	0	0	0	0	0	0	0	0	0	0	0	0	0	0	0	0	0	0	0	0	0	0	0	0	0	0	0	0	0	0	0	0	0	0	0	0	0	0	0	0	0	0	0	1.11229946524064	0	0	0	0.27807486631016	0	0	0	0	0	0	0	0	0	0	0	0	0	0	0	0	0	0	0	0	0	0	0	0	0	1.3903743315508	0	0	0	0	0	0	0	0	0	0	0	0	0	0	0	0	0	0	0	0	0	0	0	0	0	0	0	0	0	0	0	0	0	0	0	0	0	0	0	0	0	0	0	0	0	0	0	0	0	0	0	0	0	0	0	0	0	0	0	0	0	0	0	43.5294117647059	0	0	0	0	0	0	0	0	0	0	0	0	0	0	0	0	0.0106951871657754	0	0	0	0	0	0	0	0	0	0	0	0	0	0	0	0	0	0	0	0	0	0	0	0	0	0	0	0	0	0	0	0	0	0	0	0	0	0	0	0	0	0	0	0	0	0	0	0	0	0	0	0	0	0	0	0	0	0	0	0	0	0	0	0	0	0	0	0	0	0	0	0	0	0	0	0	0	0	0	0	0	0	0	0	7.61497326203209	0	0	0	0	0	0	0	0	0	0	0	0	0	0	0	0	0	0	0	0	0	0	0	0	0	0	0	0	0	0	0	0	0	0	0	0	0	0	0	0	0	0	0	0	0	0	0	0	0	0	0	0	0	0	0	0	0	0	0	0	0	0	0	0	0	0	0	0	0	0	0	0	0	0	0	0	0	0	0	0	0	0	0	0	0	0	0	0	0	0	0	0	0	0	0	0	0	0	0	0	0	0	0	3.28342245989305	0	0	0	0	0	0	0	0	0	0	0	3.37967914438503	0	0	0	0	0	0	0	0	0	0	0	0	0	0	0	0	0	0	0	0	0	0	0	0	0	0	0	0	0	0	0	0	0	0	0	0	0	0	0	0	0	0	0	0	0	0	0	0	0	0	0	0	0	0	0	0	0	0	0	0	0	0	0	0	0	2.81283422459893	0	0	0	0	0	0	0	0	0.438502673796791	0	0	0	0	0	0	0	0	0	0	0	0	0	0	0	0	0	0	0	0	0	0	6.40641711229947	0	0	0	0	0	0	0	0	0	0	0	0	0	0	0	0	0	0	0	0	0	0	0	0	0	0	2.27807486631016	0	0	0	0	0	0	0	0	0	0	0	0	0	0	0	0	0	0	0	0	0	0	0	0	0	0	0	0	0	0	0	0	0	0	0	0	0	0	0	0	0	5.17647058823529
ERR6650848	0	0	0	0	0	0	0	0	0	0	0	0	0	0	0	0	0	0	0	0	0	0	0	0	0	0	0	0	0	0	0	0	0	0	0.282611929198275	0	0	0	0	0	0	0	0	0	0	0	0	0	0	0	0.282611929198275	0	0	0	0	0	0	0	0	0	0	0	0	0	0	0	0	0	2.3947642421538	0	0	0	0	0.520600922207348	0	0	0	0	0	0	0	0	0	0	0	0	0	0	0	0	0	0	0	0	0	0	0	0	0.401606425702811	0	0	0	0	0	1.05607615647776	0	0	0	0	0	0	0	0	0	0	0	0	0	0	0	0	0	0	0	0	0	0	0	0	0	0	0	0	0	0	0	0	0	0	0	0	0	0	0	0	0	0	0	0	0	0	0	0	0	0	0	0	0	0	0	0	0	0	0	0	0	0	0	0.0594972482522683	0	0	0	0	0.594972482522683	0	0	0	0	1.66592295106351	0	1.87416331994645	0	0	0	0	0.282611929198275	0	0	0	0	0	0.25286330507214	0	0.922207347910159	0	0	0	0	0	0	0	0	0	0	0	0	0	0	0	0	0	0	0	0	0	0	0	0	0	0	0	0	0	0	0	0	0	0	0	0	0	0	0	0	0	0	0	0	0	0	0	0	0	0	0	0	0	0	0.862710099657891	0	0	0	0	0	0	0	0	0	0.654469730774952	0	0	0	0	0	0	0	0	0	0	0	0	0	0	0	0	0	0	0	0	0	0	0	0	0	0	0	0	0.520600922207348	0	0	0	0	0	0	0	0	0	0	0	0	0	0	0	0	0	0	0	0	0	0	0	0	0	0	0	0	0	0	0	0	0	0	0	0	0	0	0	0	0	0	0	0	0	0	0	0	0	0	0	0	0	0	0	0	0	0	0	0	0	0	0	0	0	0	0	0	0	0.148743120630671	0	0	0	0	0	0	0	0	0	0	0	0	0	0	0	0	0	0	0	0	0	0	0	35.0885021567752	0	0	0	0	0	0	0	0	0	0	0	0	0.490852298081214	0	0	0	11.7060835936338	0	0	0	0	0	0	0	0	0	0	0	0	0	0	0	0	0	0	0	0	0.60984679458575	0	0	0	0	0	0	0	0	0	0	0	0	0	0	0	0	0	0	0	0	0	0	0	0	0	0	0	0	0	0	0	0	0	0	0	0	0	0	0	0	0	0	0	0	0	0	0	0	0	0	0	0	0	0	0	0	0	0	0	0	0	0	0	34.5232782983787	0	0	0	0	0	0	0	0	0	0	0	0	0	0	0	0	0	0	0	0	0	0	0	0	0	0	0.327234865387476	0	0	0	0	0	0	0	0	0	0	0	0	0	0	0	0	0	0	0	0	0	0	0	0	0	0	0	0	0	0	0	0	0	0	0	0	0	0	0	0	0	0	0	0	0	0	0	0	0	0	0	0	0	0	0	0	0	0	0	0	0	0	0	0	0	0	0	0	0	0	0	0	0	0	0	0	0	0	0	0	0	0	0	0	0	0	0	0	0	0	0	0	0	0	0	0	0	0	0	0.193366056819872	0	0	0	0	0	0	0	0	0	0.847835787594824	0	0	0	0	0	0	0	0	0	0	0	0	0	0	0	0	0	0	0	0	0	0	0	0	0	0	0	0	0	0	0	0	0	0	0	0	0	0	0	0	0	0	0.877584411720958	0	0.639595418711885	0	0	0	0	0	0	0	0	0	0	0	0	0	0	0	0	0	0	0	0	0	0	0	0	0	0	0	0	0	0	0	0.788338539342555	0	0	0	0	0	0	0	0	0	0	0	0	0	0	0	0	0	0	0	0	0	0	0	0	0	0	0	0	0	0	0	0	0	0	0	0	0	0	0	0	0	0	0	0	0	0	0	0	0	0	0	0	0	0	0	0	0	0	0	0	0	0	1.01145322028856	0	0	0	0	0	0.118994496504537
ERR6650852	0	0	0	0	0	0	0	0	0	0	0	0	0	0	0	0	0.00438850562606421	0	0	0.00351080450085137	0	0	0	0	0	0	0	0	0	0	0	0	0	0	0	0	0	0	0	0	0	0	0	0	0	0	0	0	0	0	0.117611950778521	0	0	0	0.0149209191286183	0	0	0	0	0	0	0	0	0	0	0	0	0	0.0105324135025541	0	0	0	0	0	0	0	0	0	0	0	0	0	0	0	0.0631944810153247	0	0	0	0	0	0	0	0	0	0	0	0	0	0.782031702564643	0	0	0	0	0	0	0	0	0	0	0	0	0	0	0	0	0	0	0	0	0	0	0	0	0	0	0	0	0	0	0	0	0	0	0	0	0	0	0	0	0	0	0.000877701125212843	0	0	0	0	0	0	0	0	0	0	0	0	0	0	0	0	0	0	0	0	0	0	0	0	0	0	0	0	0	0	0	0	0	0	0	0	0	0	0	0	0.0289641371320238	0.14833149016097	0	0	0	0	0	0	0	0	0.011410114627767	0.0368634472589394	0	0	0	0	0	0	0	0	0	0	0	0	0	0	0	0	0	0	0	0	0	0	0	0	0	0	0	0	0	0	0	0	0	0	0	0	0	0	0	0	0	0	0	0	0	0	0	0	0.665297452911335	0	0	0	0	0	0	0	0	0	0	0	0	0	0.028086436006811	0	0.117611950778521	0	0	0	0	0	0	0	0	0	0	0	0	0	0	0	0	0	0	0	0	0	0	0	0	0	0	0	0	0	0.0184317236294697	0	0	0	0	0	0	0	0	0	0	0	0	0	0	0	0	0	0	0	0	0	0	0	0	0	0	0	0	0	0	0	0	0	0	0	0	0	0	0	0	0	0	0	0	0	0	0	0	0	0	0	0	0	0	0	0	0	0	0	0.0131655168781926	0	0	0	0	0	0	0	0	0	0	0	0	0	0	0.0105324135025541	0	0	0	0	0	0	0	0	0	0	0	0	0.00175540225042569	0	0	0	0	96.9420892797585	0	0	0	0	0	0	0	0	0	0	0	0	0	0	0	0	0	0	0	0	0	0	0	0	0	0	0	0	0	0	0	0	0	0	0	0	0	0	0	0	0	0	0	0	0	0	0	0.00789931012691558	0	0	0	0	0	0	0	0	0	0	0	0	0	0	0	0	0.000877701125212843	0	0	0	0	0	0	0.0193094247546825	0	0	0	0	0	0	0	0	0	0	0	0	0	0	0	0	0	0	0	0	0	0	0	0.0105324135025541	0	0	0	0	0	0.202748959924167	0.0105324135025541	0	0	0	0	0	0	0	0	0	0	0	0	0	0	0	0	0	0	0	0	0	0	0	0	0	0	0.0535397686379834	0	0	0	0	0	0	0	0.00175540225042569	0	0	0	0	0	0	0	0	0	0	0	0	0	0	0	0	0	0	0	0	0.0201871258798954	0	0	0	0	0	0	0	0	0	0	0	0	0	0	0	0	0	0	0	0	0	0	0	0	0	0	0	0	0	0	0	0	0.0131655168781926	0	0	0	0	0	0	0	0	0	0	0	0	0	0	0	0	0	0	0	0	0	0	0.0122878157529798	0	0	0.0403742517597908	0	0	0	0	0	0	0	0	0	0	0	0	0	0	0	0	0	0	0	0	0	0	0	0	0	0	0	0	0	0.0228202292555339	0	0	0	0	0	0	0	0	0	0	0	0	0	0	0	0	0.00526620675127706	0	0	0	0	0	0	0	0	0.0754822967683045	0	0	0	0.000877701125212843	0	0	0	0	0	0	0	0	0	0	0	0.175540225042568	0	0	0	0	0	0	0	0	0	0	0	0	0	0	0	0	0	0	0	0	0	0	0	0	0	0	0	0	0	0	0	0	0	0	0	0	0	0	0	0	0	0	0	0	0	0	0	0	0	0	0	0	0	0	0	0	0	0	0	0	0	0	0	0	0	0	0	0	0.0175540225042569	0	0	0	0	0.0149209191286183	0	0	0	0	0	0	0	0	0	0	0	0	0	0	0	0	0	0	0	0	0.27472045219162
ERR6650855	0	0	0	0	0	0	0	0	0	0	0	0	0	0	0	0	0	0	0	0	0	0	0	0	0	0	0	0	0	0	0	0	0	0	0	0	0	0	0	0	0	0	0	0	0	0	0	0	0	0	0	0	0	0	0	0	0	0	0	0	0	0	0	0	0	0	0	0	3.07950727883539	0	0	0	0	0.335946248600224	0	0	0	0	0	0	0	0	0	0	0	0	0	0	0	0	0	0	0	0	0	0	0	0	22.0044792833147	0	0	0	0	0	0	0	0	0	0	0	0	0	0	0	0	0	0	0	0	0	0	0	0	0	0	0	0	0	0	0	0	0	0	0	0	0	0	0	0	0	0	0	0	0	0	0	0	0	0	0	0	0	0	0	0	0	0	0	0	0	0	0	0	0	0	0	0	0	0.447928331466965	0	0	0	0	0	0	0	0	0	0	0	0	0	0	0	0	0	0	0	0	0	0	0	1.00783874580067	4.47928331466965	0	0	0	0	0	0	0	0	0	0	0.503919372900336	0	0	0	0	0	0	0	0	0	0	0	0	0	0	0	0	0	0	0	0	0	0	0	0	0	0	0	0	0	0	0	0	0	0	0	0	0	0.895856662933931	0	0	0	0	0	1.06382978723404	0	0	0	0	0	0	0	0	0	0	0	0	0	0	0	0	0	0	0	0	0	0	0	0	0	0	0	0	0	0	0	0	0	0	0	0	0	0	0	0	0	0	0	0	0	0	0	0	0	0	0	0	0	0	0	0	0	0	0	0	0	0	0	0	0	0	0	0	0	0	0.223964165733483	0	0	0	0	0	0	0	0	0	0	0	0	0	0	0	0	0	0	0	0	0	0	0	0	0	0	0	0	0	0	0	0	0	0	0	0	0	0	0	0	0	0	0	0	0	0	0	0	0	0	0	0	0	0	0	0	0	0	0	0	0	52.1836506159015	0	0	0	0	0	0	0	0	0	0	0	0	1.67973124300112	0	0	0	0	0	0	0	0	0	0	0	0	0	0	0	0	0	0	0	0	0	0.727883538633819	0	0	0	0	0	0	0	0	0	0	0	0	0	0	0	0	0	0	0	0	0	0	0	0	0	0	0	0	0	0	0	0	0	0	0	0	0	0	0	0	0	0	0	0	0	0	0	0	0	0	0	0	0	0	0	0	0	0	0	0	0	0	0	0	0	0	0	0	0	0	0	0	0	0	0	0	0	0	0	0	0	0	2.91153415453527	0	0	0	0	0	0	1.00783874580067	0	0	0	0	0	0	0	0	0	0	0	0	0	0	0	0	0	0	0	0	0	0	0	0	0	0	0	0	0	0	0	0	0	0	0	0	0	0	0	0	0	0	0	0	0	0	0	0	0	0	0	0	0	0	0	0	0	0	0	0	0	0	0	0	0	0	0	0	0	0	0	0	0	0	0	0	0	0	0	0	0	0	0	0	0	0	0	0	0	0	0	0	0	0	0	0	0	0	0	0	0	0	0	0	0	0	0	0	0	0	0	0	0	0	0	0	0	0	0	0	0	0	0	0	0	0	0	0	0	0	0	0	0	0	0	0	0	0	0	0	0	0	0	0	0	0	0	0	0	0	0	0	0	0	0	0	0	0	0	0	0	0	0	0	3.58342665173572	0	0	0	0	0	0	0	0	0	0	0	0	0	0	0	0	0	0	0	0	0	0	0	0	0	3.52743561030235	0	0	0	0	0	0	0	0	0	0	0	0	0	0	0	0	0	0	0	0	0	0	0	0	0	0	0	0	0	0	0	0	0	0	0	0	0	0	0	0	0	0	0	0	0	0	0	0	0	0	0	0	0	0	0	0	0	0	0	0	0	0	0	0	0	0	0	0	0.335946248600224
ERR6650856	0	0	0	0	0	0	0	0	0	0	0	0	0	0	0	0	0	0	0	0	0	0	0	0	0	0	0	0	0	0	0	0	0	0	0.367197062423501	0	0	0	0	0	0	0	0	0	0	0	0	0	0	0	0.530395756833945	0	0	0	0	0	0	0	0	0	0	0	0	0	0	0	0	0	0	0	0	0	0	1.22399020807834	0	0	0	0	0	0	0	0	0	0	0	0.265197878416973	0	0	0	0	0	0	0	0	0	0	0	0	34.0677274581803	0	0	0	0	0	0	0	0	0	0	0	0	0	0	0	0	0	0	0	0	0	0	0	0	0	0	0	0	0	0	0	0	0	0	0	0	0	0	0	0	0	0	0	0	0	0	0	0	0	0	0	0	0	0	0	0	0	0	0	0	0	0	0	0	0	0	0	0	0	0	0	0	0	0	0	0.713994288045696	0	0	0	0.122399020807834	0	0	0	0	0	0	0.0407996736026112	0	0	0	0	0	0	1.79518563851489	0.0407996736026112	0	0	0	0	0	0	0	0	0	0	0.203998368013056	0	0	0	0	0	0	0	0	0	0	0	0	0	0	0	0	0	0	0	0	0	0	0	0	0	0	0	0	0.0815993472052224	0	0	0	0	0	0	0	0	0.244798041615667	0.387596899224806	0	0	0	0	0.632394940840473	0	0	0	0.101999184006528	0	0	0	0	0	0	0	0	0	0	0	0	0	0	0	0	0	0	0	0	0	0	0	0	0	0	0	0	0	0	0	0	0	0	0.754793961648307	0	0	0	0	0	0	0	0	0	0	0	0	0	0	0	0	0	0	0	0	0	0	0	0.611995104039168	0	0	0.571195430436557	0	0	0.0611995104039168	0	0	0	0	0	0	0	0.18359853121175	0	0	0	0	0	0	0	0	0	0	0	0	0	0	0	0	0	0	0	0	0	0	0	0	0	0	0	0	0	0	0	0	0	0	0	0	0	0	0	0	0	0	0	0	0	0	0	0	0	0	0	0.530395756833945	0	0	0	48.531211750306	0	0	0	0	0	0	0	0	0	0	0	0	0	0	0	0	0.326397388820889	0	0	0	0	0	0	0	0	0	0	0	0	0	0	0	0	0	0	0	0	0.815993472052224	0	0	0	0	0	0	0	0	0	0	0	0	0	0.163198694410445	0	0	0	0	0	0	0	0	0	0	0	0	0	0	0	0	0	0	0	0	0.265197878416973	0	0	0	0	0	0	0	0	0	0	0	0	0	0	0	0	0	0	0	0	0	0	0	0	0	0	0	0	0.142798857609139	0	0	0	0	0	0	0	0	0	0	0	0	0	0	0	0.50999592003264	0	0	0	0	0	0	0	0	0	0	0	0.652794777641779	0	0	0	0	0	0	0	0	0	0	0.0407996736026112	0	0	0	0	0	0	0	0	0	0	0	0	0	0	0	0	0	0	0	0	0	0	0	0	0	0	0	0	0	0	0	0	0	0	0	0	0	0	0	0	0	0	0	0	0	0	0	0	0	0	0	0	0	0	0	0	0	0	0	0	0	0	0	0	0.448796409628723	0	0	0	0	0	0	0	0	0	0	0	0	0	0	0	0	0	0	0	0	0	0	0.101999184006528	0	0	0	0	0	0	0	0	0	0	0	0	0	0	0	0	0	0	0	0	0	0	0	0	0	0	0	0	0	0	0	0	0	0	0	0	0	0	0	0	0	0	0	0	0	0	0	0	0	0	0	0	0	0	0.203998368013056	0	0	0	0	0	0	0	0	0	0	0	0	0	0	0	0	0	0	0	0	0	0	0	0	0	0	0	0	0	0	0	1.16279069767442	0	0	0	0	0	0	0	0	0	0	0	0	0	0	0	0	0	0	0	0	0	0	0	0	0	0	0	0	0	0	0	0	0	0	0	0	0	0	0	0	0	0	0	0	0	0	0	0.326397388820889	0	0	0	0	0	0	0	0	0	0	0	0	0	0	0	0	0	0	0	0	2.77437780497756
ERR6650857	0	0	0	0	0	0	0	0	0	0	0	0	0	0	0	0	0	0	0	0	0	0	0	0	0	0	0	0	0	0	0	0.774492053912694	0	0	0	0	0	0	0	0	0	0	0	0	0.110641721987528	0	0	0	0	0	0	0	0	0	0	0	0	0	0	0	0	0	0	0	0	0	0	0	0	0	0	0	0	0	0	0	0	0.0704083685375176	0	0	0	0	0	0	0.110641721987528	0	0	0	0	0	0	0	0	0	0	0	0	0	0.714142023737679	0	0.0704083685375176	0	0	0	0	0	0	0	0	0	0	0	0.191108428887548	0	0	0	0	0	0	0	0	0	0	0	0	0	0	0	0	0	0	0	0	0	0	0	0	0	0	0	0	0	0	0	0	0	0	0	0	0	0	0	0.0804667069000201	0	0	0	0	0	0	0	0	0	0	0	0	0	0	0	0	0	0	0	0	0	0	0	0	0	0	0	0	0	0	0	0	0	0	0	0	0	0	0	0	1.84067592033796	0	0	0	0	0	0	0	0.0502916918125126	0	0	0.402333534500101	0	0	0	0	0	0	0	0	0	0	0	0	0	0	0	0	0	0	0	0	0	0	0	0	0	0	0	0	0	0	0	0	0	0	0	0	0	0.0603500301750151	0	0	0	0	0	0	0	0	0	0	0	0	0	0	0	0	0	0	0	0	0	0	0	0	0	0	0	0	0	0	0	0	0	0	0	0	0	0	0	0	0	0	0	0	0	0	0	0	0	0	0	0	0	0	0	0	0	0	0	0	0	0	0	0	0	0	0	0	0	0	0	0	0	0	0.0704083685375176	0	0.754375377187689	0	0	0	0	0	0	0	0	0	0	0	0	0	0	0	0	0	0	0	0	0	0	0	0	0	0	0	0	0	0	0	0	0	0	0	0	0	0	0	0	0	0	0	0	0	0	0	0	0	0	0	0	0	0	0	0	0.140816737075035	0	0	0	0	94.095755381211	0	0	0	0	0	0	0	0	0	0	0	0	0	0	0	0	0	0	0	0	0	0	0	0	0	0	0	0	0	0	0	0	0	0	0	0	0	0	0	0	0	0	0	0	0	0	0	0	0	0	0	0	0	0	0	0	0	0	0	0	0	0	0	0	0	0	0	0	0	0	0	0	0	0	0	0	0	0	0	0	0	0	0	0	0	0.020116676725005	0	0	0	0	0	0	0	0	0	0	0	0	0	0	0	0	0	0	0	0	0	0	0	0	0	0	0	0	0	0	0	0	0	0	0.12070006035003	0	0	0	0	0	0	0	0	0	0	0	0	0	0	0	0	0	0	0	0	0	0	0	0	0	0	0	0	0	0	0	0	0	0	0	0	0	0	0	0	0	0	0	0	0	0	0	0	0	0	0	0	0	0	0	0	0	0	0	0	0	0	0	0	0	0	0	0	0	0	0	0	0	0	0	0	0	0	0	0	0	0	0	0.0704083685375176	0	0	0	0	0	0	0	0	0	0	0	0	0	0	0	0	0	0	0	0	0	0	0	0.0301750150875075	0	0	0	0	0	0	0	0	0	0	0	0	0	0	0	0	0	0	0	0	0	0	0	0	0	0	0	0	0	0	0	0	0	0	0	0	0	0	0	0	0	0	0	0	0.0905250452625226	0	0	0	0	0	0	0	0	0	0	0	0	0	0	0	0	0	0	0	0	0	0	0	0	0	0	0	0	0	0	0	0	0	0	0	0	0	0	0	0	0	0	0	0	0	0	0	0	0	0	0	0	0	0	0	0	0	0	0	0	0	0	0	0	0	0	0	0	0	0	0	0	0	0	0	0	0	0	0	0	0	0	0	0	0	0	0	0	0	0.020116676725005	0	0	0	0	0	0	0	0	0	0	0	0	0	0	0	0	0	0	0	0	0.110641721987528
ERR6650864	0	0	0	0	0	0	0	0	0	0	0	0	0	0	0	0	0	0	0	0	0	0	0	0	0	0	0	0	0	0	0	0	0	0	0.200222469410456	0	0	0	0	0	0	0	0	0	0	0	0	0	0	0	0	0	0	0	0	0	0	0	0	0	0	0	0	0	0	0	0	0	0	0	0	0	0	0	0	0	0	0	0	0	0	0	0	0	0	0	0	0	0	0	0	0	0	0	0	0	0	0	0.467185761957731	0	0	0	0	0	0	0	0	0	0	0	0	0	0.489432703003337	0	0	0	0	0	0	0	0	0	0	0	0	0	0	0	0	0	0	0	0	0	0	0	0	0	0	0	0	0	0	0	0	0	0	0	0	0	0	0	0	0	0	0	0	0	0	0	0	0	0	0	0	0	0	0	0.244716351501669	0	0	0	0	0	0	0	0	0	0	0	0	0	0	0	0	0	0	0	0	0	0	0	0.711902113459399	10.4338153503893	0	0.0889877641824249	0	0	0	0	0	0	0	0	0.111234705228031	0	0	0	0	0	0	0	0	0	0	0	0	0	0	0	0	0	0	0	0	0	0	0	0	0	0	0	0	0	0	0	0	0	0	0	0	0	0.244716351501669	0	0	0	0	0	0	0	0	0	0	0	0	0	0	0	0	0	0	0	0	0	0	0	0	0	0	0	0	0	0	0	0	0	0	0	0	0	0	0	0	0	0	0	0	0	0	0	0	0	0	0	0	0	0	0	0	0	0	0	0	0	0	0	0	0	0	0	0	0	0	0	0	0	0	0.222469410456062	0	0	0	0	0	0	0	0.289210233592881	0	0	0	0	0	0	0	0	0	0	0	0	0	0	0	0	0	0	0	0	0	0	0.0667408231368187	0	0	0	0	0	0	0	0	0	0	0.0667408231368187	0	0	0	0	0	0	0	0	0	0	0	0	0	0	0	0	0.333704115684093	0	0	0	0	18.1979977753059	0	0	0	0	0	0	0	0	0	0	0	0	0	0	0	0	0.0222469410456062	0	0	0	0	0	0	0	0	0	0	0	0	0	0	0.378197997775306	0	0	0	0	0	0	0	0	0	0	0	0	0	0	0.155728587319244	0	0	0	0	0	0	0	0.400444938820912	0	0	0	0	0	0	0	0	0	0	0	0	0	0	0	0	0	0	0	0	0	0	0	0	0	0	0	0	0	0	0	0	0	0	0	0	0	0	0	0	0	0	0	0	0	0	1.37931034482759	0.289210233592881	0	0	0	0	0	0	0	0	0	0	0	0	0	0	0	0	0	0	0	0	0	0	0	0	0	0	0	0	0	0	0	0	0	0	0	0	0	0	0	0	0	0	0	0	0.17797552836485	0	0	0	0	0	0	0	0	0	0	0	0	0	0	0	0	0	0	0	0	0	0	0	0	0	0	0	0	0	0	1.60177975528365	0	0	0	0	0	0	0	0	0	0	0	0	0	0	0	0	0	0	0	0	0	0	0	0	0	60.3337041156841	0	0	0	0	0	0	0	0	0	0	0	0	0.266963292547275	0	0	0	0	0	0	0	0	0	0	0	0	0	0	0	0.0889877641824249	0	0	0	0	0	0	0	0	0	0	0	0	0	0	0	0	0	0	0	0	0	0	0	0	0	0	0	0	0	0	0	0	0	0	0	0	0	0	0	0.311457174638487	0	0	0	0	0	0	0	0	0	0	0	0	0	0	0	0.0444938820912125	0	0	0	0	0	0	0	0	0	0	0	0	0	0	0	0	0	0	0	0	0	0	0	0	0	0	0	0	0	0	0	0	0	0	0	0	0	0	0	0	0	0	0.0222469410456062	0	0	0	0	0	0	0	0	0	0	0	0	0	0	0	0	0	0	0	0	0	0	0	0	0	0.0889877641824249	0	0	0	0	0.645161290322581	0	0	0	0	0	0	0	0	0	0	0	0	0	0	0	0	0	0	0	0	1.62402669632925
ERR6650867	0	0	0	0	0	0	0	0	0	0	0	0	0	3.10734463276836	0	0	0.119513255106475	0	0	0	0	0	0	0	0	0	0	0	0	0	0	0	0	0	0	0	0	0	0	0	0	0	0	0	0.749674054758801	0	0	0	0	0	0.673620165145589	0	0	0	0	0	0	0	0	0	0	0	0	0	0	0	0	0	0	0	0	0	0	0	0	0	0	0	0	0	0	0	0	0	0.260756192959583	0	0	0	0	0	0	0	0	0	0	0.0869187309865276	0	0	1.19513255106475	0	0	0	0	0	0	0	0	0	0	0	0	0	0	0	0	0	0	0	0	0	0	0	0	0	0	0	0	0	0	0	0	0	0	0	0	0	0	0.315080399826163	0	0	0	0	0	0	0	0	0	0	0	0	0	0	0	0	0	0	0	0	0	0	0	0	0	0	0	0	0	0	2.28161668839635	0	0	0	0	0	0.249891351586267	0	0	0.0869187309865276	0	0	0	0	0	1.65145588874402	0	0.358539765319426	0	0	0	0	0	0	0	19.9152542372881	0	0	0	0	0	0	0	0.619295958279009	0	0	0.293350717079531	0	0	0	0	0	0	0	0	0	0	0	0	0	0	0	0	0	0	0	0	0	0	0	0	0	0	0	0	0	0	0	0	0	0	0	0	0	0.162972620599739	0	0	0	0	0	0.434593654932638	0	0	0	0	0	0	0	0	0	0.119513255106475	0	0	0	0	0	0	0	0	0	0	0	0	0	0	0	0	0	0	0	0	0	0	0	0	0	0	0	0	0	0	0	0	0	0	0	0	0	0	0	0	0	0	0	0	0	0	0	0	0	0	0	0	0	0	0	0	0	0	0	0	0	0	0	0	0	0	0.0434593654932638	0	0	0	0	0	0	0	0	0.0977835723598436	0	0	0	0	0	0	0	0	0	0	0	0	0	0	0	0	0	0	0	0	0	0	0.162972620599739	0	0	0	0	0	0	0	0	0	0	0	0	0	0	0	0	0	0	0	0	0	0	0	47.8813559322034	0	0	0	0	0	0	0	0	0	0	0	0	0	0	0	0	0.217296827466319	0	0	0	0	0	0	0	0	0	0	0	0	0	0	0	0	0	0	0	0	0	0	0	0	0	0	0	0	0	0	0.34767492394611	0	0	0	0.0760538896132116	0	0	0	0	0	0	0	0	0	0	0	0	0	0	0	0	0	0	0	0.0108648413733159	0	0	0	0	0	0	0	0	0	0	0	0	0	0.358539765319426	0	0	0	0	0	0	0	0	0	0	0	0	0	0	0	14.374185136897	0	0	0	0	0	0	0	0	0	0	0	0	0	0	0	0	0	0	0.271621034332899	0	0	0	0	0	0	0	0	0	0	0	0	0	0	0	0	0	0	0	0	0	0	0	0	0	0	0	0	0	0	0	0	0	0	0	0	0	0	0	0	0	0	0	0	0	0	0	0	0	0	0	0	0	0	0	0	0	0	0	0	0	0	0	0	0	0	0	0	0	0	0	0	0	0	0	0	0	0	0	0	0	0	0	0.108648413733159	0	0	0	0	0	0.162972620599739	0	0	0	0	0	0	0.271621034332899	0	0	0	0	0	0	0	0	0	0	0.478053020425902	0	0	0	0	0	0	0	0	0	0	0	0	0	0	0	0	0	0	0	0	0	0	0	0	0	0	0	0	0	0	0	0	0	0	0	0	0	0	0	0	0	0	0	0	0.271621034332899	0	0	0	0	0	0	0	0	0	0	0	0	0	0	0	0.945241199478488	0	0	0.0760538896132116	0	0	0	0	0	0	0	0	0	0	0	0	0	0	0	0.0325945241199478	0	0	0	0	0	0	0	0	0	0	0	0	0	0	0	0	0	0	0	0	0	0	0	0	0	0	0	0	0	0	0	0	0	0	0	0	0	0	0	0	0	0	0	0	0	0	0	0	0	0.119513255106475	0	0	0	0	0.304215558452847	0	0	0	0	0	0	0	0	0	0	0	0	0	0	0	0	0	0	0	0	0.706214689265537
ERR6650868	0	0	0	0	0	0	0	0	0	0	0	0	0	0.17931858936043	0	0	0	0	0	0	0	0	0	0	0	0	0	0	0	0	0	0	0	0	0	0	0	0	0	0	0	0	0	0	0.298864315600717	0	0	0	0	0	0.259015740187288	0	0	0	0	0	0	0	0	0	0	0	0	0	0	0	0	0	0	0	0	0	0	0	0	0	0	0	0	0	0	0	0	0	0	0	0	0	0	0	0	0	0	0	0	0	0	0	3.28750747160789	0	0	0	0	0	0	0	0	0	0	0	0	0.199242877067145	0	0	0	0	0	0	0	0	0	0	0	0	0	0	0	0	0	0	0	0	0	0	0	0	0	0.278940027894003	0	0	0	0	0	0	0	0	0	0	0	0	0	0	0	0	0	0	0	0	0	0	0	0	0	0	0	0	0	0	0.219167164773859	0	0	0	0	0	3.86531181510261	0	0	0	0	0	0	0	0	0.159394301653716	0	0	0	0	0	0	0	0	0	39.1910739191074	0	0	0	0	0	0	0	0	0	0	0	0	0	0	0	0	0	0	0	0	0	0	0	0	0	0	0	0	0	0	0	0	0	0	0.278940027894003	0	0	0	0	0	0	0	0	0	0	0	0	0	0.936441522215581	0	0	0	0	0	0	0	0	0	0	0	0	0	1.83303446901773	0	0	0	0	0	0	0	0	0	0	0	0	0	0	0	0	0	0	0	0	0	0	0	0	0	0	0	0	0	0	0	0	0	0	0	0	0	0	0	0	0	0	0	0	0	0	0	0	0	0	0	0	0	0	0	0	0	0	0	0	0.298864315600717	0	0.17931858936043	0	0	0	0	0	0	0	0	0	0	0	0	0	0	0	0	0	0	0	0	0	0	0	0	0	0	0	0	0	0	0	0	0	0	0	0	0	0	0	0	0	0	0	0	0	0	0	0	0	0	0	0	0	0	0	0	0	0	0	0	0	42.080095636581	0	0	0.159394301653716	0	0	0	0	0	0	0	0	0	0	0	0	0	0	0	0	0	0	0	0	0	0	0	0	0	0	0	0	0	0	0	0	0	0	0	0	0	0	0	0	0	0	0	0	0.796971508268579	0	0	0	0.657501494321578	0	0	0	0	0	0	0	0	0	0	0	0	0	0	0	0	0	0	0	0	0	0	0	0	0	0	0	0	0	0	0	0	0	0.338712891014146	0	0	0	0	0	0	0	0	0	0	0	0	0	0	0	0.916517234508866	0.338712891014146	0	0	0	0	0	0	0	0	0	0	0	0	0	0	0	0	0	0	0	0	0	0	0	0	0	0	0	0	0	0	0	0	0	0	0	0	0	0	0	0	0	0	0	0	0	0	0	0	0	0	0	0	0	0	0	0	0	0	0	0	0	0	0	0	0	0	0	0	0	0	0	0	0	0	0	0	0	0	0	0	0	0	0	0	0	0	0	0	0	0	0	0	0	0	0	0	0	0	0	0	0	0	0	0.498107192667862	0	0	0	0	0	0	0	0	0	0	0	0	0	0	0	0	0	0	0	0	0	0	0	0	0	0	0	0	0	0	0	0	0	0	0	0	0	0	0	0	0	0	0	0	0	0	0	0	0	0	0	0	0	0	0	0	0	0	0	0	0	0	0	0	0	0	0.0996214385335724	0	0	0	0	0	0	0	0	0	0	0	0	0	0	0	0.199242877067145	0	0	0	0	0	0.498107192667862	0	0	0	0	0	0	0	0	0	0	0	0	0	0	0	0	0	0	0	0.0796971508268579	0	0	0	0	0	0	0	0	0	0	0	0	0	0	0	0	0	0	0	0	0	0	0	0	0	0	0	0	0	0	0	0	0	0	0	0	0	0	0	0	0	0	0	0	0	0	0	0.777047220561865	0	0.0796971508268579	0	0	0	0	0	0	0	0	0	0	0	0	0	0	0	0	0	0	1.01613867304244
ERR6650870	0	0	0	0	0	0	0	0	0	0	0	0	0	0	0	0	0	0	0	0	0	0	0	0	0	0	0	0	0	0	0	0	0	0	0	0	0	0	0	0	0	0	0	0	0	0	0	0	0	0	0.0135281385281385	0	0	0	0	0	0	0	0	0	0	0	0	0	0	0	0	0	0	0	0	0	0	0	0	0	0	0	0	0	0	0	0	0	0	0	0	0	0	0	0	0	0	0	0	0	0	0	0.231331168831169	0	0	0	0	0	0	0	0	0	0	0	0	0	0	0	0	0	0	0	0	0	0	0	0	0	0	0	0	0	0	0	0	0	0	0	0	0	0	0	0	0	0	0	0	0	0.0270562770562771	0	0	0	0	0	0	0	0	0	0	0	0	0	0	0	0	0	0	0	0	0	0	0	0	0	0	0	0	0	0	0	0	0	0	0	0	0	0	0	0	0	0	0	0	0	0	0	0	0.0595238095238095	0	0	0	0	0	0	0	0	0	0	0	0	0	0	0	0	0	0	0	0	0	0	0	0	0	0	0	0	0	0	0	0	0	0	0	0	0	0	0	0	0	0	0	0	0	0	0	0	0	0	0	0	0	0	0.0121753246753247	0	0	0	0	0	0	0	0	0	0	0	0	0	0	0	0	0	0	0	0	0	0	0	0	0	0	0	0	0	0	0	0	0	0	0	0	0	0	0	0	0	0	0	0	0	0	0	0	0	0	0	0	0	0	0	0	0	0	0	0	0	0	0	0	0	0	0	0	0	0	0	0	0	0	0	0	0	0	0	0	0	0	0	0	0	0	0	0	0	0	0	0	0	0	0	0	0	0	0	0	0	0	0	0	0	0	0	0	0	0	0	0	0	0	0	0	0	0	0	0	0	0	0	0	0	0	0	0	0	0	0	0	99.099025974026	0	0	0	0	0	0	0	0	0	0	0	0	0	0	0	0	0	0	0	0	0	0	0	0	0	0	0	0	0	0	0	0	0	0	0	0	0	0	0	0	0	0	0	0	0	0	0	0	0	0	0	0	0	0	0	0	0	0	0	0	0	0	0	0	0	0	0	0	0	0	0	0.00946969696969697	0	0	0	0	0	0	0	0	0	0	0	0	0	0	0	0	0	0	0	0	0	0	0	0	0	0	0	0	0	0.0716991341991342	0	0	0	0	0	0	0	0	0	0	0	0	0	0	0	0	0	0	0	0	0	0	0	0	0	0	0	0	0	0	0	0	0	0	0	0	0	0	0.114989177489178	0	0	0	0	0	0	0	0	0	0	0	0	0	0	0	0	0	0	0	0	0	0	0	0	0	0	0	0	0	0	0	0	0	0	0	0	0	0	0	0	0	0	0	0	0	0	0	0	0	0	0	0	0	0	0	0	0	0	0	0	0	0	0	0	0	0	0	0	0	0	0	0	0	0	0	0	0	0	0	0	0	0	0	0	0	0	0	0	0	0	0	0	0	0	0	0	0	0	0	0	0	0	0	0	0	0	0	0	0	0	0	0	0	0	0	0	0	0	0	0	0	0	0	0	0	0	0	0	0	0	0	0	0	0	0	0	0	0	0	0	0	0	0	0	0	0	0	0	0.0487012987012987	0	0	0	0	0	0	0	0	0	0	0	0	0	0	0	0	0	0	0	0	0	0	0	0	0	0	0	0	0	0	0	0	0	0	0	0	0	0	0	0	0	0	0	0	0	0	0	0	0	0	0	0	0	0	0	0	0	0	0	0	0	0	0	0	0	0	0	0	0	0	0	0	0	0	0	0	0	0	0	0	0	0	0	0	0	0	0	0	0	0	0	0	0	0	0.3125
ERR6650871	0	0	0	0	0	0	0	0	0	0	0	0	0	0	0	0	0	0	0	0	0	0	0	0	0	0	0	0	0	0	0	0	0	0	0	0	0	0	0	0	0	0	0	0	0	0	0	0	0	0	0	0	0	0	0	0	0	0	0	0	0	0	0	0	0	0	0	0	0	0	0	0	0	0	0	0	0	0	0	0	0	0	0	0	0	0	0	0	0	0	0	0	0	0	0	0	0	0	0.0144341801385681	0	0	0	0	0	0	0	0	0	0	0	0	0	0	0	0	0	0	0	0	0	0	0	0	0	0	0	0	0	0	0	0	0	0	0	0	0	0	0	0	0	0	0	0	0	0	0	0	0	0	0	0	0	0	0	0	0	0	0	0	0	0	0	0	0	0	0	0	0	0	0	0	0	0	0	0	0	0	0	0	0	0	0	0	0	0	0	0	0	0	0	0	0	0	0	0	0	0	0	0	0	0	0	0	0	0	0	0	0	0	0	0	0	0	0	0	0	0	0	0	0	0	0	0	0	0	0	0	0	0	0	0	0	0	0	0	0	0	0	0	0	0	0	0	0	0	0	0	0	0	0	0	0	0	0	0	0	0	0	0	0	0	0	0	0	0	0	0	0	0	0	0	0	0	0	0	0	0	0	0	0	0	0	0	0	0	0	0	0	0	0	0	0	0	0	0	0	0	0	0	0	0	0	0	0	0	0	0	0	0	0	0	0	0	0	0	0	0	0	0	0	0	0	0	0	0	0	0	0	0	0	0	0	0	0	0	0	0	0	0	0	0	0	0	0	0	0	0	0	0	0	0	0	0	0	0	0	0	0	0	0	0	0	0	0	0	0	0	0	0	0	0	0	0	0	0	0	0	0	0	0	0	98.0080831408776	0	0	0	0	0	0	0	0	0	0	0	0	0	0	0	0	0	0	0	0	0	0	0	0	0	0	0	0	0	0	0	0	0	0	0	0	0	0	0	0	0	0	0	0	0	0	0	0	0	0	0	0	0	0	0	0	0	0	0	0	0	0	0	0	0	0	0	0	0	0	0	0	0	0	0	0	0	0	0	0	0	0	0	0	0	0	0	0	0	0	0	0	0	0	0	0	0	0	0	0	0	0	0	0	0	0	0	0	0	0	0	0	0	0	0	0	0	0	0	0	0	0	0	0	0	0	0	0	0	0	0	0	0	0	0	0	0	0	0	0	0	0	0	0	0	0	0	0	0	0	0	0	0	0	0	0	0	0	0	0	0	0	0	0	0	0	0	0	0	0	0	0	0	0	0	0	0	0	0	0	0	0	0	0	0	0	0	0	0	0	0	0	0	0	0	0	0	0	0	0	0	0	0	0	0	0	0	0	0	0	0	0	0	0	0	0	0	0	0	0	0	0	0	0	0	0	0	0	0	0	0	0	0	0	0	0	0	0	0	0	0	0	0	0	0	0	0	0	0	0	0	0	0	0	0	0	0	0	0	0	0	0	0	0	0	0	0	0	0	0	0	0	0	0	0	0	0	0	0	0	0	0	0	0	0	0	0	0	0	0	0	0	0	0	0	0	0	0	0	0	0	0	0	0	0	0	0	0	0	0	0	0	0	0	0	1.97748267898383	0	0	0	0	0	0	0	0	0	0	0	0	0	0	0	0	0	0	0	0	0	0	0	0	0	0	0	0	0	0	0	0	0	0	0	0	0	0	0	0	0	0	0	0	0	0	0	0	0	0	0	0	0	0	0	0	0	0	0	0	0	0	0	0	0	0	0	0	0
ERR6650876	0	0	0	0	0	0	0	0	0	0	0	0	0	0	0	0	0	0	0	0	0	0	0	0	0	0	0	0	0	0	0	0	0	0	0.0392195313266006	0	0	0	0	0	0	0	0	0	0	0	0	0	0	0	0	0	0	0	0	0	0	0	0	0	0	0	0	0	0	0	0	0	0	0	0	0	0	0	0	0	0	0	0	0	0	0	0	0	0	0	0	0	0	0	0	0	0	0	0	0	0	0	0	0	0	0	0	0	0	0	0	0	0	0	0	0	0	0	0	0	0	0	0	0	0	0	0	0	0	0	0	0	0	0	0	0	0	0	0	0	0	0	0	0	0	0	0	0	0	0	0	0	0	0	0	0	0	0	0	0	0	0	0	0	0	0	0	0	0	0	0	0	0	0	0	0	0	0	0	0	0	0	0	0	0	0	0	0	0	0	0	0	0	0	0	0	0	0	0	0	0	0	0	0	0	0	0	0	0	0	0	0	0	0	0	0	0	0	0	0	0	0	0	0	0	0	0	0	0	0	0	0	0	0	0	0	0	0	0	0	0	0	0	0	0	0	0	0	0	0	0	0	0	0	0	0	0	0	0	0	0.0196097656633003	0	0	0	0	0	0	0	0	0	0	0	0	0	0	0	0	0	0	0	0	0	0	0	0	0	0	0	0	0	0	0	0	0	0	0	0	0	0	0	0	0	0	0	0	0	0	0	0	0	0	0	0	0	0	0.0294146484949505	0	0	0	0	0	0	0	0	0	0	0	0	0	0	0	0	0	0	0	0	0	0	0	0	0	0	0	0	0	0	0	0	0	0	0	0	0	0	0	0	0	0	0	0	0	0	0	0	0	0	0	0	0	0	0	0	0	0	0	0	0	0	0	0	0	0	0	0	0	95.0975585841749	0	0	0	0	0	0	0	0	0	0	0	0	0	0	0	0	0	0	0	0	0	0	0	0	0	0	0	0	0	0	0	0	0	0	0	0	0	0	0	0	0	0	0	0	0	0	0	0	0	0	0	0	0	0	0	0	0	0	0	0	0	0	0	0	0	0	0	0	0	0	0	0	0	0	0	0	0	0	0	0	0	0	0	0	0	0	0	0	0	0	0	0	0	0	0	0	0	0	0	0	0	0	0	0	0	0	0	0	0	0	0	0	0	0	0	0	0	0	0	0	0	0	0	0	0	0	0	0	0	0	0	0	0	0	0	0	0	0	0	0	0	0	0	0	0	0	0	0	0	0	0	0	0	0	0	0	0	0	0	0	0	0	0	0	0	0	0	0	0	0	0	0	0	0	0	0	0	0	0	0	0	0	0	0	0	0	0	0	0	0	0	0	0	0	0	0	0	0	0	0	0	0	0	0	0	0	0	0	0	0	0	0	0	0	0	0	0	0.0294146484949505	0	0	0	0	0	0	0	0	0	0	0.147073242474752	0	0	0	0	0	0	0	0	0	0	0	0	0	0	0	0	0	0	0	0	0	0	0	0	0	0	0	0	0	0	0	0	0	0	0	0	0	0	0	0	0	0	0	0	0	0	0	0	0	0	0	0	0	0	0	0	0	0	0	0	0	0	0	0	0	0	0	0	0	0	0	0	0	0	0	0	0	0	0	0	0	0	0	0	0	0	0	0	0	0	0	0	0	0	0	0	0	0	0	0	0	4.52985586822237	0	0	0	0	0	0	0	0	0	0	0	0	0	0	0	0	0	0	0	0	0	0	0	0	0	0	0	0	0	0	0	0	0	0	0	0	0	0	0	0	0	0	0	0	0	0	0	0	0	0	0	0	0	0.107853711148152
ERR6650878	0	0	0	0	0	0	0	0	0	0	0	0	0	0	0	0	0	0	0	0	0	0	0	0	0	0	0	0	0	0	0	0	0	0	0	0	0	0	0	0	0	0	0	0	0	0	0	0	0	0	0.074911468264778	0	0	0	0	0	0	0	0	0	0	0	0	0	0	0	0	0	0	0	0	0	0	0	0	0	0	0	0	0	0	0	0	0	0	0	0	0	0	0	0	0	0	0	0	0	0	0	0.115772269136475	0	0	0	0	0	0	0	0	0	0	0	0	0	0	0	0	0	0	0	0.074911468264778	0	0	0	0	0	0	0	0	0	0	0	0	0	0	0	0	0	0	0	0	0	0	0	0	0	0	0	0	0	0	0	0	0	0	0	0	0	0	0	0	0	0	0	0	0	0	0	0	0	0	0	0	0	0	0	0	0	0	0	0	0	0	0	0	0.0204304004358485	0	0	0	0	0	0	0	0	0	0.769545083083628	0	0	0	0	0	0	0	0	0	0	0	0	0	0	0	0	0	0	0	0	0	0	0	0	0	0	0	0	0	0	0	0	0	0	0	0	0	0	0	0	0	0	0	0	0	0	0	0	0	0	0	0	0	0	0	0	0	0	0	0	0	0	0	0	0	0	0	0	0	0	0	0	0	0	0	0	0	0	0	0	0	0	0	0	0	0	0	0	0	0	0	0	0	0	0	0	0	0	0	0	0	0	0	0	0	0	0	0	0	0	0	0	0	0	0	0	0	0	0	0	0	0	0	0	0	0	0	0	0	0	0	0	0	0	0	0	0	0	0	0	0	0	0	0	0	0	0	0	0	0	0	0	0	0	0	0	0	0	0	0	0	0	0	0	0	0	0	0	0	0	0	0	0	0	0	0	0	0	0	0	0	0	0	0	0	0	0	98.3996186325252	0	0	0	0	0	0	0	0	0	0	0	0	0	0	0	0	0	0	0	0	0	0	0	0	0	0	0	0	0	0	0	0	0	0	0	0	0	0	0	0	0	0	0	0	0	0	0	0	0	0	0	0	0	0	0	0	0	0	0	0	0	0	0	0	0	0	0	0	0	0	0	0.0340506673930809	0	0	0	0	0	0	0	0	0	0	0	0	0	0	0	0	0	0	0	0	0	0	0	0	0	0	0	0	0	0	0	0	0	0	0	0	0	0	0	0	0	0	0	0	0	0	0	0	0	0	0	0	0	0	0	0	0	0	0	0	0	0	0	0	0	0	0	0	0	0	0	0	0	0	0	0	0	0	0	0	0	0	0	0	0	0	0	0	0	0	0	0	0	0	0	0	0	0	0	0	0	0	0	0	0	0	0	0	0	0	0	0	0	0	0	0	0	0	0	0	0	0	0	0	0	0	0	0	0	0	0	0	0	0	0	0	0	0	0	0	0	0	0	0	0	0.279215472623263	0	0	0	0	0	0	0	0	0	0	0.170253336965405	0	0	0	0	0	0	0	0	0	0	0	0	0	0	0	0	0	0	0	0	0	0	0	0	0	0	0	0	0	0	0	0	0	0	0	0	0	0	0	0	0	0	0	0	0	0	0	0	0	0	0	0	0	0	0	0	0	0	0	0	0	0	0	0	0	0	0	0	0	0	0	0	0	0	0	0	0	0	0	0	0	0	0	0	0	0	0	0	0	0	0	0	0	0	0	0	0	0	0	0	0	0	0	0	0	0	0	0	0	0	0	0	0	0	0	0	0	0	0	0	0	0	0	0	0	0	0	0	0	0	0	0	0	0	0	0	0	0	0	0	0	0	0	0	0	0	0	0	0	0	0	0	0	0	0	0.0612912013075456
ERR6650879	0	0	0.232621784345922	0	0	0	0	0	0	0	0	0	0	0	0	0	0	0	0	0	0	0	0	0	0	0	0	0	0	0	0	0	0	0	0.123152709359606	0	0	0	0	0	0	0	0	0	0.0273672687465791	0	0	0	0	0	0.0821018062397373	0	0	0	0	0	0	0	0	0	0	0	0	0	0	0	0	0	2.7504105090312	0	0	0	0	0	0	0	0	0.0410509031198686	0	0	0	0	0	0	0	0	0	0	0	0	0	0	0	0	0	0	0	0	0	0	0	0	0	0	0	0	0	0	0	0	0	0	0	0	0	0	0	0	0	0	0	0	0	0	0	0	0	0	0	0	0	0	0	0	0	0	0	0	0	0	0	0	0	0	0	0	0	0	0	0	0	0	0	0	0	0	0	0	0	0	0	0	0	0	0	0	0	0	0	0	0	0	0	0	0	0	0	0	0	0	0	0	0	0	0	0	0	0	0	0	0	0	0	0.0410509031198686	0	0	0	0	0	0	0	0	0	0	0	0	0	0	0	0	0	0	0	0	0	0	0	0	0	0	0	0	0	0	0	0	0	0	0	0	0	0	0	0	0	0	0	0	0	0.0684181718664477	0	0	0.0957854406130268	0	0	0	0	0	0	0	0	0	0	0	0	0	0	0	0	0	0	0	0	0	0	0	0	0	0	0	0	0	0	0	0	0	0	0	0	0	0	0	0	0	0	0	0	0	0	0	0	0	0	0	0	0	0	0	0	0	0	0	0	0	0	0	0	0	0	0	0	0	0.123152709359606	0	0	0	0	0	0	0	0	0	0	0	0	0	0	0	0	0	0	0	0	0	0	0	0	0	0	0	0	0	0	0	0	0	0	0	0	0	0	0	0	0	0	0	0	0	0	0	0	0	0	0	0	0	0	0	0	0	0	0	0	0	0	0	0	0	0	0	0	95.8675424192666	0	0	0	0	0	0	0	0	0	0	0	0	0	0	0	0	0	0	0	0	0	0	0	0	0	0	0	0	0	0	0	0	0	0	0	0	0	0	0	0	0	0	0	0	0	0	0	0.28735632183908	0	0	0	0	0	0	0	0	0	0	0	0	0	0	0	0	0	0	0	0	0	0	0	0	0	0	0	0	0	0	0	0	0	0	0	0	0	0	0	0	0	0	0	0	0	0	0	0	0	0	0	0	0	0	0	0	0	0	0	0	0	0	0	0	0	0	0	0	0	0	0	0	0	0	0	0	0	0	0	0	0	0	0	0	0	0	0	0	0	0	0	0	0	0	0	0	0	0	0	0	0	0	0	0	0	0	0	0	0	0	0	0	0	0	0	0	0	0	0	0	0	0	0	0	0	0	0	0	0	0	0	0	0	0	0	0	0	0	0	0	0	0	0	0	0	0	0	0	0	0	0	0	0	0	0	0	0	0	0	0	0	0	0	0	0	0	0	0	0	0	0	0	0	0	0	0	0	0	0	0	0.0957854406130268	0	0	0	0	0	0	0	0	0	0	0	0	0	0	0	0	0	0	0	0	0	0	0	0	0	0	0	0	0	0	0	0	0	0	0	0	0	0	0	0	0	0	0	0	0	0	0	0	0	0	0	0	0	0	0	0	0	0	0	0	0	0	0	0	0	0	0	0	0	0	0	0	0	0	0	0	0	0	0	0	0	0	0	0	0	0	0.164203612479475	0	0	0	0	0	0	0	0	0	0	0	0	0	0	0	0	0	0	0	0	0	0	0	0	0	0	0	0	0	0	0	0	0	0	0	0	0	0	0	0	0	0	0	0	0	0	0	0	0	0	0	0	0	0	0	0	0	0	0	0	0	0	0	0	0	0	0	0	0
ERR6650882	0	0	0	0	0	0	0	0	0	0	0	0	0	0	0	0	0	0	0	0	0	0	0	0	0	0	0	0	0	0	0	0	0	0	0	0	0	0	0	0	0	0	0	0	0	0	0	0	0	0	0.435594275046671	0	0	0	0	0	0	0	0	0	0	0	0	0	0	0	0	0	0	0	0	0	0	0	0	0	0	0	0	0	0	0	0	0	0	0.74673304293715	0	0	0	0	0	0	0	0	0	0	0	0	0	0	0	0	0	0	0	0	0	0	0	0	0	0	0	0	0	0	0	0	0	0	0	0	0	0	0	0	0	0	0	0	0	0	0	0	0	0	0	0	0	0	0	0	0	0	0	0	0	0	0	0	0	0	0	0	0	0	0	0	0	0	0	0	0	0	0	0	0	0	0.601534951254926	0	0	0	0	0	0.207425845260319	0	0	0	0	0	0	0	0	0.0622277535780958	0	0	0	0	0	0	0	0	0	0	0	0	0	0	0	0	0	0	0	0	0.767475627463182	0	0	0	0	0	0	0	0	0	0	0	0	0	0	0	0	0	0	4.60485376477909	0	0	0	0	0	0	0	0	0	0	0	0	0	0	0	0	0	0	2.42688238954574	0	0	0	0	0	0	0	0	0	0	0	0	0	0	0	0	0	0	0	0	0	0	0	0	0	0	0	0	0	0	0	0	0	0	0	0	0	0	0	0	0	0	0	0	0	0	0	0	0	0	0	0	0	0	0	0	0	0	0	0	0	0	0	0	0	0	0	0	0	0	0	0	0	0	0	0	0	0	0	0	0	0	0	0	0	0	0	0	0	0	0	0	0	0	0	0	0	0	0	0	0	0	0	0	0	0	0	0	0	0	0	0	0	0	0	0	0	0	0	0	0	0	0	0	0	0	0	0	0	0	0	0	0	0	0	0	0	0	81.7257830325659	0	0	0	0	0	0	0	0	0	0	0	0	0	0	0	0	0	0	0	0	0	0	0	0	0	0	0	0	0	0	0	0	0	0	0	0	0	0	0	0	0	0	0	0	0	0	0	0.145198091682224	0	0	0	1.59717900850446	0	0	0	0	0	0	0	0	0	0	0	0	0	0	0	0	0	0	0	0	0	0.124455507156192	0	0	0	0	0	0	0	0	0	0	0	0	0	0	0	0	0	0	0	0	0	0.0207425845260319	0	0	0	0	0	0	0	0	0	0	0	0	0	0	0	0	0	0	0	0	0	0.414851690520639	0	0	0.186683260734287	0	0	0	0	0	0	0	0	0	0	0	0	0	0	0	0	0	0	0	0	0	0	0	0	0	0	0	0	0.124455507156192	0	0	0	0	0	0	0	0	0	0	0	0	0	0	0	0	0	0	0	0	0	0	0	0	0	0	0	0	0	0	0	0	0	0.725990458411118	0	0	0	0	0	0	0	0	0	0	0	0	0	0	0	0	0	0	0	0	0	0.0622277535780958	0	0	0	0	0	0	0	0	0	0	0	0.145198091682224	0	0	0	0	0	0	0	0	0	0	0	0	0	0	0	0	0	0	0	0	0.207425845260319	0	0	0	0	0	0	0	0	0	0	0	0	0	0	0	0	0	0	0	0	0	0	0	0	0	0	0	0	0	0	0	0	0	0	0.829703381041278	0	0	0	0	0	0	0	0	0	0	0	0	0	0	0	0	0	0	0	0	0	0	0	0	0	0	0	0	0	0	0	0	0	0	0	0	0	0	0	0	0	0	0	0	0	0	0	0	0	0	0.0414851690520639	0	0	0	0	0	0	0	0	0	0	0	0	0	0	0	0	0	0	0	0	0	0	0	0	0	0	0	0	0	0	0	0	0	0.0414851690520639	0	0	0	0	0.0829703381041278	0	0	0	0	0	0	0	0	0	0	0	0.0414851690520639	0	0	0	0	0	0.124455507156192	0	0	3.5054967848994
ERR6650885	0	0	0	0	0	0	0	0	0	0	0	0	0	0	0	0	0	0	0	0	0	0	0	0	0	0	0	0	0	0	0	0	0	0	0	0	0	0	0	0	0	0	0	0	0	0	0	0	0	0	3.18827088666511	0	0	0	0	0	0	0	0	0	0	0	0	0	0	0	0	0	0	0	0	0	0	0	0	0.349080754014429	0	0	0	0	0	0	0	0	0	0.954154060972772	0	0	0	0	0	0	0	0	0	0	0	0	1.48941121712823	0	0	0	0	0	0	0	0	0	0	0	0	0	0	0	0	0	0	0	0	0	0	0	0	0	0	0	0	0	0	0	0	0	0	0	0	0	0	0.558529206423086	0	0	0	0	0	0	0	0	0	0	0	0	0	0	0.465441005352572	0	0	0	0	0	0	0	0	0	0	0	0	0	0	0	0	0	0	0	0	0	0	0	0	0	0	0	0	0	0.279264603211543	0	0	0	0	0	0	0	0	0	0	0.0465441005352572	0	0	0	0	0	0	0	0.535257156155457	0.721433558296486	0	0.511985105887829	0	0	0	0	0	0	0	0	0	0	0	0	0	0	0	0	0	0	0.3258087037468	0	0	0	0	0	0	0	0	0	0	0	0	0	0	0	0	0	0	4.25878519897603	0	0	0	0	0	0.255992552943914	0	0	0	0	0	0	0	0.954154060972772	0	0	0	0	0	0	0	0	0	0	0	0	0	0	0	0	0	0	0	0	0	0	0	0	0	0	0	0	0	0	0.0465441005352572	0	0	0	1.27996276471957	0	0	0	0	0	0	0	0	0	0	0	0	0	0	0	0	0	0	0	0	0	0	0	0	0	0	0	0.628345357225972	0	0	0	0	0	0	0	0	0	0	0	0	0	0	0	0	0	0	0	0	0	0.721433558296486	0	0	0	0	0	0	0	0	0	0	0	0	0	0	0	0	0	0	0	0	0	0	0	0	0	0	0	0	0	0	0	0	0	0	0	0	0	0	0	48.7084012101466	0	0	0	0	0	0	0	0	0	0	0	0	0	0	0	0	0	0	0	0	0	0	0	0	0	0	0	0	0	0	0	0	0	0	0	0	0	0	0	0	0	0	0	0	0	0	0	2.09448452408657	0	0	0	5.46893181289272	0	0	0	0	0	0	0	0	0	0	0	0	0	0	0	0	0	0	0	0	0	0	0	0	0	0	0	0	0	0	0	0	0	0.232720502676286	0	0	0	0	0	0	0	0	0	0	0	0	0	0	0	0	0	0	0	0	0	0	0	0	0	0	0	0	0	0	0	0	0	0	0.3258087037468	0	0	0	0	0	0	0	0	0	0	0	0	0	0	0	0	0	0	0	0	0	0	0	0	0	0	0	0	0	0	0	0	0	0	0	0	0	0	0	0	0	0	0	0	0	0	0	0	0	0	0	0	0	0	0	0	0	0	0	0	0	0.3258087037468	1.72213171980451	0	0	0	0	0	0	0	0	0	0.3258087037468	0	0	0	0	0	0	0	0	0	0	0	0	0	0	0	0	0	0	0	0	0	0	0	2.09448452408657	0	0	0	0	0	0	0	0	0	0	0	0	0	0	0	0	0	0	0	0	0	0	0	0	0	0	0	0	0	0.255992552943914	0	0	0	0	0	0	0	0	0	0	0	0	0	0	0	0	0	0	0	0	0	0	0	0	0	0.581801256690714	0	0	0	0	0	0	0	0	0	0	0	0	0	0	0	1.18687456364906	0	0	0	0	0	0	0	0	0	0	0	0.232720502676286	0	0	0	0	0	0	0	0	0	0	0	0	0	0	0	0	0	0	0	0	0	0	0	0	0	0	0	0	0	0	0	0	0	0	0	0	0	0	0	0	0	0	0	0	0	0	0	0	0	0	0	0	0	0	0	0	0	0	0	0	0	0.6516174074936	0	0	0	0	0	0	0	0	0.302536653479172	0	0	0	0	0	0	0	0	0	0	0	17.919478706074
ERR6650889	0	0	0	0	0	0	0	0	0	0	0	0	0	0.130234421959527	0	0	0	0	0	0	0	0	0	0	0	0	0	0	0	0	0	0	0	0	0	0	0	0	0	0	0	0	0	0	0	0	0	0	0	0	0.33059507112803	0	0	0	0	0	0	0	0	0	0	0	0	0	0	0	0	0	0	0	0	0	0	0	0	0.951713083550391	0	0	0	0	0	0	0	0	0.190342616710078	1.22219995992787	0	0	0	0	0	0	0	0	0	0	0	0	0	0	0	0	0	0	0	0	0	0	0	0	0	0	1.00180324584252	0	0	0	0	0	0	0	0	0	0	0	0	0	0	0	0	0	0	0	0	0	0	0	0	0.0701262272089762	0	0	0	0	0	0	0	0	0	0	0	0	0	0	0	0	0	0	0	0	0	0	0	0	0	0	0	0	0	0	0.0901622921258265	0	0	0	0	0	0	0	0	0	0	0	0	0	0	0	0	0.160288519334803	0	0	0	0	0	0	0	0	0	0	0	0	0	0	0	0.661190142256061	0	0	0	0	0	0	0	0	0	0	0	0	0	0	0	0	0	0	0	0	0	0.120216389501102	0	0	0	0	0	0	0	0	0.58104588258866	0	0	0	0	0	0	0	0	0	0.510919655379683	0	0	0	0	0	0	0	0	0	0	0	0	0	0	0	0	0	0	0	0	0	0	0	0	0	0	0	0	0	0	0	0	0	0	0	0	0	0	0	0	0	0	0	0	0	0	0	0	0.340613103586456	0	0	0	0	0	0	0	0	0	1.12201963534362	0	0	0	0	0	0.480865558004408	0	0	0	0	0	0	0	0	0	0	0	0	0	0	0	0	0	0	0	0	0	0	0	0	0	0	0	0	0	0	0	0	0	0	0	0	0	0	0	0	0	0	0	0	0	0.62111801242236	0	0	0	0	0	0	0	0	0	0	0	0	0	0	0	0	0	0	0	0	0	0	0	0	0	0	0	82.9392907233019	0	0	0	0	0	0	0	0	0	0	0	0	0	0	0	0	0	0	0	0	0	0	0	0	0	0	0	0	0	0	0	0	0	0	0	0	0	0	0	0	0	0	0	0	0	0	0	0	0	0	0	0.320577038669605	0	0	0	0	0	0	0	0	0	0	0	0	0	0	0	0	0	0	0	0	0	0	0	0	0	0	0	0	0	0	0	0	0	0.300540973752755	0	0.130234421959527	0	0	0	0	0	0	0	0	0	0	0	0	0	0	0.821478661590863	0	0	0	0	0	0	0	0	0	0	0	0	0	0	0	0	0	0.240432779002204	0	0	0	0	0	0	0	0	0.130234421959527	0	0	0	0	0	0	0	0	0	0	0	0	0	0	0	0	0	0	0	0	0	0	0	0	0	0	0	0	0	0	0	0	0	0	0	0	0	0	0	0	0	0	0	0	0	0	0	0	0	0	0	0	0	2.03366058906031	0	0	0	0	0	0	0	0	0	0	0	0	0	0	0	0	0	0	0	0	0	0.951713083550391	0	0	0	0	0	0	0	0	0	0	0	0.0901622921258265	0	0	0	0	0	0	0	0	0	0	0	0	0	0	0	0	0	0	0	0	0	0	0	0	0	0	0	0	0	0	0	0.210378681626928	0	0	0	0	0	0	0	0	0	0	0	0	0.571027850130234	0	0	0	0	0	0	0	0	0	0	0.470847525545983	0	0	0	0	0	0	0	0	0	0	0	0	0	0	0	0.430775395712282	0	0	0	0	0	0	0	0	0	0	0	0.250450811460629	0	0	0	0	0	0	0	0	0	0	0	0	0	0	0	0	0	0	0	0	0	0	0.0701262272089762	0	0	0	0	0	0	0	0	0	0	0	0	0	0	0	0	0	0	0	0	0	0	0	0	0	0	0	0	0	0	0	0	0	0.0500901622921258	0	0	0	0	0	0	0	0	0	0	0	0	0	0	0	0	0	0	0	0	0	0	0	0	0	1.40252454417952
ERR6650891	0	0	0	0	0	0	0	0	0	0	0	0	0	0	0.437345502947328	0	0.256702795208214	0	0	0	0	0	0	0	0	0	0	0	0	0	0	0	0	0	0	0	0	0	0	0.380300437345503	0	0	0	0	0	0	0	0	0	0	9.04164289788933	0	0	0	0	0	0	0	0	0	0	0	0	0	0	0	0	0	0	0	0	0	0	0	0	0	0	0	0	0	0	0	0	0	1.10287126830196	1.416619129112	0	0	0	0	0	0	0	0	0	0	0	0	0.266210306141852	0	0	0	0	0	0	0	0	0	0	0	0	0	0.285225328009127	0	0	0	0	0	0	0	0	0	0	0	0	0	0	0	0	0	0	0	0	0	0	0	0	0.808138429359194	0	0	0	0	0	0	0	0	0	0	0	0.199657729606389	0	0	0	0	1.32154401977562	0	0	0	0	0	0	0	0	0	0	0	0	0	0.494390568549154	0	0	0	0	0	0	0	0	0	0	0	0	0	0	0	0	0.114090131203651	0	0	0	0	0	0	0	0	0	0	0	0	0	0	0	0	0	0	1.10287126830196	0	0	0	0	0	0	0	0	0	0	0	0	0	0	0	0	0	0	1.62578436965203	0	0	0	0	0	0	0	0	0	0	0	0	0	0	0	0	0	0	7.79615896558281	0	0	0	0	0	0	0	0	0.0760600874691006	0	0	0	0	0.285225328009127	0	2.01559231793117	0	0	0	0	0	0	0	0	0	0	0	0	0	0	0	0	0	0	0	0	0	0	0	0	0	0	0	0	0.484883057615516	0	0	0	0	0	0	0	0	0	0	0	0	0	0	0	0	0	0	0	0	0	0	0	0	0	0	0	0	0	0.332762882677315	0	2.48146035367941	0	0	0	0	0	0	0	0	0	0	0	0	0	0	0	0	0	0	0	0	0	0	0	0	0	0	0	0	0	0	0	0	0	0	0	0	0	0	0	0	0.408822970146416	0	0	0.161627685871839	0	0	0	0	0	0	0	0	0	0	0	0	0	0	0	0	0	44.228940863282	0	0	0	0	0	0	0	0	0	0	0	0	0	0	0	0	0.427837992013691	0	0	0	0.0190150218672751	0	0	0	0	0	0	0	0	0	0	0	0	0	0	0	0	0	0	0	0	0	0	0	0	0	0	0.865183494961019	0	0	0	0.912721049629207	0	0	0	0	0	0	0	0	0	0	0	0	0	0	0	0	0	0	0	0.0380300437345503	0	0	0	0	0	0	0	0	0	0	0	0	0	0.114090131203651	0	0	0	0	0	0	0	0	0	0	0	0	0	0	0	0	0.123597642137288	0	0	0	0	0	0	0	0	0	0	0	0	0	0	0	0.161627685871839	1.05533371363377	0.247195284274577	0	0	0	0	0	0	0	0	0	0	0	0	0	0	0	0	0	0	0	0.0380300437345503	0	0	0	0	0	0	0	0	0	0	0	0	0	0.446853013880966	0	0	0	0	0	0	0	0	0	0	0	0	0	0	0	0	0	0	0	0	0	0	0	0	0	0	0	0	2.56702795208215	0	0	0	0	0	0	0	0	0	0	0	0	0	0	0	0	0	0	0	0	0	0	0	0	0	0	0	0	0	0	0	0	0	0	0	0	0	0	0	0	0	0	0	0	0.532420612283704	0	0	0	0	0	0	0	0	0	0	0	0	0	0	0	0	0	0	0	0	0	0	0	0	0	0	0	0	0	0	0	0	0	0	0	0	0	0	0	0	0	0	0	0	3.70792926411865	0	0	0	0	0	0	0	0	0	0	0	0	0	0	0	0.58946567788553	0	0	0.722570830956456	0	0	0	0	0	0	0	0	0	0	0	0	0	0	0	0	0	0	0	0	0	0	0	0	0	0	0	0	0	0	0	0	0	0	0	0	0	0	0	0	0	0	0	0	0	0	0	0	0	0	0	0	0	1.7969195664575	0	0	0	0	0	0	0	0	0	0	0	0.418330481080053	0	0	0	0	0	0	0	0	0	0	0	0	0	0.950751093363757	0	0	0	0	0	0	0	0	0	0	0	7.14014071116182
ERR6650897	0	0	0	0	0	0	0	0	0	0	0	0	0	0.0294160906015591	0	0	0	0	0	0	0	0	0	0	0	0	0	0	0	0	0	0	0	0	0.117664362406236	0	0	0	0	0	0	0	0	0	0	0	0	0	0	0	7.50110310339756	0	0	0	0	0	0	0	0	0	0	0	0	0	0	0	0	0	0	0	0	0	0	0	0	0	0	0	0	0	0	0	0	0	0	0	0	0	0	0	0	0	0	0	0	0	0	0	0.720694219738197	0	0	0	0	0	0	0	0	0	0	0	0	0	0	0	0	0	0	0	0	0	0	0	0	0	0	0	0	0	0	0	0	0	0	0	0	0	0	0	0	0	0	0	0	0	0	0	0	0	0	0	0	0	0	0	0	0	0	0	0	0	0	0.0882482718046771	0	0	0	0	0	0	0	0	0	0	0	0	0	0	0	0	0	0	0	0	0	0	0	0	0	0	0	0	0	0	0	17.0025003677011	0	0	0	0	0	0	0	0	0	0	0.32357699661715	0	0	0	0	0	0	0	0	0	0	0	0	0	0	0	0	0	0	0	0	0	0	0	0	0	0	0	0	0	0	0	0	0	0	0	0	0	0	0	0	0	0	0	0	0	0	0	0	0	0	0	0	0	0	0	0	0	0	0	0	0	0	0	0	0	0	0	0	0	0	0	0	0	0	0	0	0	0	0	0	0	0	0	0	0	0	0	0	0	0	0	0	0	0	0	0	0	0	0	0	0	0	0	0	0	0	0	0	0	0	0	0	0	0	0.30886895131637	0	0	0	0	0	0	0	0	0	0	0	0	0	0	0.0294160906015591	0	0	0	0	0	0	0	0	0	0	0	0	0	0	0	0	0	0	0	0	0	0	0	0	0	0	0	0	0	0	0	0	0	0	0	0	0	0	0	0	0	0	0	0	0	0	55.4787468745404	0	0	0	0	0	0	0	0	0	0	0	0	0	0	0	0	0.0735402265038976	0	0	0	0	0	0	0	0	0	0	0	0	0	0	9.22194440358876	0	0	0	0	0	0	0	0	0	0	0	0	0	0	0	1.05897926165613	0	0	0	0	0	0	0	0	0	0	0	0	0	0	0	0	0	0	0	0	0	0	0	0	0	0	0	0	0	0	0	0	0	0	0	0	0	0	0	0	0	0	0	0	0	0	0	0	0	0	0	0	0	1.13251948816002	0	0	0	0	0	0	0	0	0	0	0	0	0	0	0	0	0	0	0	0	0	0	0	0	0	0	0	0	0	0	0	0	0	0	0	0	0	0	0.0588321812031181	0	0	0	0	0	0	0	0	0	0	0	0	0	0	0	0	0	0	0	0	0	0	0	0	0	0	0	0	0	0	0	0	0	0	0	0	0	0	0	0	0	0	0	0	0	0	0	0	0	0	0	0	0	0	0	0	0	0	0	0	0	0	0	0	0	0	0	0	0	0	0	0	0	0	0	0.117664362406236	5.98617443741727	0	0	0	0	0	0	0	0	0	0	0.0882482718046771	0	0	0	0	0	0	0	0	0	0	0	0	0	0	0	0	0	0	0	0	0	0	0	0	0	0	0	0	0	0	0	0	0	0	0	0	0	0	0	0	0	0	0	0	0	0	0	0	0	0	0	0	0	0	0	0	0	0	0	0	0	0	0	0.117664362406236	0	0	0	0	0	0	0	0	0	0	0	0	0	0	0	0	0	0	0	0	0	0	0.205912634210913	0	0	0	0	0	0	0	0	0	0	0	0	0	0	0	0	0	0	0	0	0	0	0	0	0	0	0	0	0	0	0	0	0	0	0	0	0	0	0	0	0	0	0.132372407707016	0	0	0	0	0.0882482718046771	0	0	0	0	0	0	0	0	0	0	0	0	0	0	0	0	0	0	0	0	0.117664362406236
ERR6650908	0	0	0	0	0	0	0	0	0	0	0	0	0	0	0	0	0	0	0	0	0	0	0	0	0	0	0	0	0	0	0	0	0	0	0	0	0	0	0	0	0	0	0	0	0	0	0	0	0	0	65.5876068376068	0	0	0	0	0	0	0	0	0	0	0	0	0	0	0	0	0	0	0	0	0	0	0.117521367521368	0	0	0	0	0	0	0	0	0	0	0	0	0	0	0	0	0	0	0	0	0	0	0	0	0.416666666666667	0	0	0	0	0	0	0	0	0	0	0	0	0	0	0	0	0	0	0	0	0	0	0	0	0	0	0	0	0	0	0	0	0	0	0	0	0	0	0	0	0	0	0	0	0	0	0	0	0	0	0	0	0	0	0	0	0	0	0	0	0	0	0	0	0	0	0	0	0	0	0	0	0	0	0	0	0	0	0	0	0	0	0	0	0	0	0	0	0	0	0	0	0	0	1.45299145299145	0	0	0	0	0	0	0	0	0	0	0	0	0	0	0	0	0	0	0	0	0	0	0	0	0	0	0	0	0	0	0	0	0	0	0	0	0	0	0	0	0	0	0	0	0	0	0	0	0	0	0	0	0	0	0	0	0	0	0.288461538461538	0	0	0	0	0	0	0	0	0	0	0	0	0	0	0	0	0	0	0	0	0	0	0	0	0	0	0	0	0	0	0	0	0	0	0	0	0	0	0.0747863247863248	0	0	0	0	0	0	0	0	0	0	0	0	0	0	0	0	0	0	0	0	0	0	0	0	0	0	0	0.181623931623932	0	0	0	0	0	0	0	0	0	0	0	0	0	0	0.0747863247863248	0	0	0	0	0	0	0	0	0	0	0	0	0	0	0	0	0	0	0	0	0	0	0	0	0	0	0	0	0	0	0	0	0	0	0	0	0	0	0	0	0	0	0	0	0	0	19.0811965811966	0	0	0	0	0	0	0	0	0	0	0	0	0	0	0	0	0	0	0	0	0	0	0	0	0	0	0	0	0	0	0	0	0	0	0.202991452991453	0	0	0	0	0	0	0	0	0	0	0	0	0.747863247863248	0	0	0	0.534188034188034	0	0	0	0	0	0	0	0	0	0	0	0	0	0	0	0	0	0	0	0	0	0	0	0	0	0	0	0	0	0	0	0	0	0	0	0	0	0	0	0	0	0	0	0	0	0	0	0	0	0.32051282051282	0	0	0	0	0	0	0	0	0	0	0	0	0	0	0	0	0	0	0	0	0	0	0	0	0	0	0	0	0	0	0	0	0	0	0	0	0	0	0	0	0	0	0	0	0	0	0	0	0	0	0	0	0	0	0	0	0	0	0	0	0	0	0	0	0	0	0	0	0	0	0	0	0	0	0	0	0	0	0	0	0	0	0	0	0	0	0	0	0	0	0	0	0	0	0	0	0	0	0	0	0	0	0	0	0	0	0	0	0	0	0	0	0	0	0	10.7692307692308	0	0	0	0	0	0	0	0	0	0	0	0	0	0	0	0	0	0	0	0	0	0	0	0	0	0	0	0	0	0	0	0	0	0	0	0	0	0	0	0	0	0	0	0	0	0	0	0	0	0	0	0	0	0	0	0	0	0	0	0	0	0	0	0	0	0	0	0	0	0	0	0	0	0	0	0	0	0	0	0	0	0	0	0	0	0	0	0	0	0	0	0	0	0	0	0	0	0	0	0	0	0	0	0	0	0	0	0	0	0	0	0	0	0	0	0	0	0	0	0	0	0	0	0	0	0	0	0	0	0	0	0	0	0	0	0	0	0	0	0	0	0	0	0	0	0	0	0	0	0	0	0	0	0	0	0	0	0	0	0	0	0	0	0	0	0	0.14957264957265
ERR6650911	0	0	0	0	0	0	0	0	0	0	0	0	0	0	0	0	0.0793398920977467	0	0	0	0	0	0	0	0	0	0	0	0	0	0	0	0	0	0	0	0	0	0	0	0	0	0	0	0.111075848936845	0	0	0	0	0	0.126943827356395	0	0	0	0	0	0	0	0	0	0	0	0	0	0	0	0	0	0	0	0	0	0	0	0	0	0	0	0	0	0	0	0	0	0.142811805775944	0.634719136781974	0	0	0	0	0	0	0	0	0	0	0	0	0.349095525230086	0	0	0	0	0	0	0	0	0	0	0	0	0	0	0	0	0	0	0	0	0	0	0	0	0	0	0	0	0	0	0	0	0	0	0.206283719454142	0	0	0	0.206283719454142	0	0	0	0	0	0	0	0	0	0	0	0.333227546810536	0	0	0	0	0	0	0	0	0	0	0	0	0	0	0	0	0	0	0.936210726753412	0	0	0	0	1.126626467788	0	0	0	0	0	0	0	0	0	0	0	1.1900983814662	0	0	0	0	0	0	0	3.6020311012377	0	0	0	0	0	0.317359568390987	0	0.602983179942875	0	0	0.47603935258648	0	0	0	0	0	0	0	0	0	0	0	0	0	0	0	0	0	0	0.317359568390987	0	0	0	0	0	0	0	0	0	0.23801967629324	0	0	0	0	0	0	0	0	7.15645826721676	0	0	0	0	0	0.222151697873691	0	0	0	0	0	0	0	0.111075848936845	0	0.222151697873691	0	0	0	0	0	0	0	0	0	0	0	0	0	0	0	0	0	0	0	0	0	0	0	0	0	0	0	0	0.380831482069184	0	0	0	0.301491589971438	0	0	0	0	0	0	0	0	0	0	0	0	0	0	0	0	0	0	0	0	0	0	0	0	0	0	0	0.0634719136781974	0	0	0	0	0	0	0	0	0	0	0	0	0	0	0.364963503649635	0	0	0	0	0	0	0	0	0	0	0	0	0	0	0	0	0	0	0	0	0	0	0	0	1.20596635988575	0	0	0	0	0	0	0	0	0	0	0	0	0	0	0	0	0	0	0	0	0	57.5214217708664	0	0	0	0	0	0	0	0	0	0	0	0	0.539511266264678	0	0	0	0	0	0	0	0	0	0	0	0	0	0	0	0	0	0	0	0	0	0	0	0	0	0	0	0	0	0	0	0	0	0	0	0	0	0	3.80831482069184	0	0	0	0	0	0	0	0	0	0	0	0	0	0	0	0	0	0	0	0	0.317359568390987	0	0	0	0	0	0	0	0	0	0	0	0	5.06188511583624	0	0	0	0	0	0	0	0.158679784195493	0	0	0	0	0	0	0	0	0.142811805775944	0	0	0	0	0	0	0	0	0	0	0	0	0	0	0	0	0	0.301491589971438	0	0	0	0	0	0	0	0	0	0	0	0	0	0	0	0	0	0	0	0	0	0	0	0	0	0	0	0	0	0	0	0	0	0	0	0	0	0.23801967629324	0	0	0	0	0.206283719454142	0	0	0	0	0	0	0	0	0	0	0	0	0	0	0	0	0	0	0	0	0	0.158679784195493	0	0	0	0	0	0	0	0.222151697873691	0	0	0	0	0	0	0	0	0	0	0	0	0	0	0	0	0	0	0	0	0	0	0.0952078705172961	0	0	0	0	0	0	0	0	0	0	0	0	0	0	0	0.349095525230086	0.47603935258648	0	0	0	0	0	0	0	0	0	0	0	0	0	0.0317359568390987	0	0	0	0	0	0	0	0	0	0	0	0	0	0	0	0	0	0	0	0	0	0	0	0	0	0.0952078705172961	0	0	0	0	0	0	0	0	0	0	0	0	0	0	0	0.0952078705172961	0	0	0.190415741034592	0	0	0	0	0	0	0	0	0	0	0	0	0	0	0	0	0	0	0	0	0	0	0	0	0	0	0	0	0	0	0	1.47572199301809	0	0	0	0	0	0	0	0	0	0	0	0	0	0	0	0	0	0	0	0	0	0	0	0	0	0	0	0	0	0	0	0	0	0.0793398920977467	0	0	0	0	0.047603935258648	0	0	0	0	0	0	0	0	0	0	0	0.634719136781974	0	0	0	0	0	0	0	0	6.72802284988892
ERR6650912	0	0	0	0	0	0	0	0	0	0	0	0	0	0	0	0	0.04649721016739	0	0	0	0	0	0	0	0	0	0	0	0	0	0	0	0	0	0	0	0	0	0	0	0	0	0	0	0.32548047117173	0	0	0	0	0	1.45691258524489	0	0	0	0	0	0	0	0	0	0	0	0	0	0	0	0	0	0	0	0	0	0	0.123992560446373	0	0	0	0.170489770613763	0	0	0	0	0	0	0.0774953502789833	0.0309981401115933	0	0	0	0	0	0	0	0	0	0	0	0	0.790452572845629	0	0	0	0	0	0	0	0	0	0	0	0	0.356478611283323	0.402975821450713	0	0	0	0	0	0	0	0	0	0	0	0	0	0	0	0	0	0	0	0	0	0	0	0	0.449473031618103	0	0	0	0.480471171729696	0	0	0	0	0	0	0	0	0	0	0	0	0.712957222566646	0	0	0	0	0	0	0	0	0	0	0	0	0	0.27898326100434	0	0	0	0	0	0	0	0	0.0929944203347799	0	0	0	0	0	0	0	0.650960942343459	0	0	0	0	0	0	0	4.74271543707378	0	0	0	0	0	0	0	0	0.154990700557967	0	0	0	0	0	0	0	0	0.356478611283323	0	0	0	0	0	0	0	0	0	0	0	0.914445133292002	0	0	0	0	0	0	0	0	0	0	0	0	0	0	0	0	0	0	2.88282703037818	0	0	0	0	0	0	0	0	0.0619962802231866	0.0774953502789833	0	0	0	0.27898326100434	0	0	0	0	0	0	0	0	0	0	0	0	0	0	0	0	0	0	0	0	0	0	0	0	0	0	0	0	0	0	0	0	0	0	0	0	0	0	0	0.263484190948543	0	0	0	0	0	0	0	0	0	0	0	0	0	0	0	0	0	0	0	0	0	0	0	0	0	0	0	0	0	0	0	0	0	0	0	0	0	0.526968381897086	0	0	0	0	0	0	0	0	0	0	0	0	0	0	0	0	0	0	0	0	0	0	0.60446373217607	0	0	0	0	0	0	0	0	0	0	0	0	0	0	0	0	0	0	0	0	0	0	0	67.2194668319901	0	0	0	0	0	0	0	0	0	0	0	0	0	0	0	0	0	0	0	0	0	0	0	0	0	0	0	0	0	0	0	0	0	0	0	0	0	0	0	0	0	0	0	0	0	0	0	0	0	0	0	0.588964662120273	0	0	0	0	0	0	0	0	0	0	0	0	0.774953502789833	0	0	0	0.449473031618103	0	0	0	0	0	0	0	0	0	0	0	0	0	0	0	0	0.495970241785493	0	0	0	0	0	0	0	0.201487910725356	0	0	0	0	0	0	0	0	0.216986980781153	0	0	0	0.263484190948543	0	0	0	0	0	0	0	0	0	0	0	0	0	0	0	0	0	0	0	0	0	0	0	0	0	0	0	0	0	0	0	0.0774953502789833	0	0.0619962802231866	0	0	0	0	0	0	0	0	0	0	0	0	0	0	0	0	0	0	0	0	0	0	0	0	0	0	0	0	0	0	0	0	0	0	0	0	0	0	0	0	0	0	0.929944203347799	0	0	0	0	0	0	0	0	0	0	0	0	0	0	0	0	0	0	0	0	0	0.836949783013019	0	0	0	0	0	0	0	0	0.201487910725356	0	0.13949163050217	0.18598884066956	0	0	0	0	0	0	0	0	0	0	0.0929944203347799	0	0	0.263484190948543	0	0.433973961562306	0	0	0	0	0	0	0	0	0	0	0	0	0	0	0	0	0	0	0	0	0	0	0	0	0	0	0	0	0	0.0619962802231866	0	0	0	0	0	0	0	0	0	0.402975821450713	0	0	0	0.60446373217607	0	0	0	0	0	0.0774953502789833	0	0	0	0	0	0.108493490390577	0	0	0	0	0	0	0	0	0	0	0	0	0	0	0	0	0	0	0	0	0	0	0	0	0	0.263484190948543	0	0	0	0	0	0	0	0	0	0	0.41847489150651	0	0	0	0	0	0	0	0	0	0	0	0	0	0	0	0	0	0	0	0.123992560446373	0	0	0	0	0	0	0	0	0	0	0	0.0774953502789833	0	0	0	0	1.17792932424055	0	0	0	0	0	0	0	0	0	0	0	0	0	0	0	0	0	0	0	0	5.93614383137012
ERR6650913	0	0	0	0	0	0	0	0	0	0	0	0	0	0	0	0	0	0	0	0	0	0	0	0	0	0	0	0	0	0	0	0	0	0	0	0	0	0	0	0	0	0	0	0	0	0	0	0	0	0	0.101300016883336	0	0	0	0	0	0	0	0	0	0	0	0	0	0	0	0	0	0	0	0	0	0	0	0	0	0	0	0	0	0	0	0	0	0.151950025325004	0	0	0	0	0	0	0	0	0	0	0	0	0	0.219483369913895	0	0	0	0	0	0	0	0	0	0	0	0	0	0	0	0	0	0	0	0	0	0	0	0	0	0	0	0	0	0	0	0	0	0	0	0	0	0	0	0	0	0	0	0	0	0	0	0	0	0	0	0	0	0	0	0.303900050650008	0	0	0	0	0	0	0	0	0	0	0	0	0	0	0	0	0	0	0.18571669761945	0	0	0	0	0	0	0	0	0	0	0	0	0	0	0	0	0	0	0	2.04288367381395	0	0	0	0	0	0	0	0	0	0	0.202600033766672	0	0	0	0	0	0	0	0	0	0	0	0	0	0	0	0	0	0	0	0	0	0	0	0	0	0	0	0	0	0	0	0	0	0	0	0	0	0.202600033766672	0	0	0	0	0	0	0	0	0	0	0	0	0	0	0	0	0	0	0	0	0	0	0	0	0	0	0	0	0	0	0	0	0	0	0.18571669761945	0	0	0	0	0	0	0	0	0	0.0337666722944454	0	0	0	0.219483369913895	0	0	0	0	0	0	0	0	0	0	0	0	0	0	0	0	0	0	0	0	0	0	0	0	0	0	0	0	0	0	0	0	0	0	0	0	0	0	0	0	0	0	0.0506500084416681	0	0	0	0	0	0	0	0	0	0	0	0	0	0	0	0	0	0	0	0	0	0	0	0	0	0	0	0	0	0	0	0	0	0	0	0	0	0	0	0	0	0	0	0	0	0	93.9895323315887	0	0	0	0	0	0	0	0	0	0	0	0	0	0.0506500084416681	0	0	0	0	0	0	0	0	0	0	0	0	0	0	0	0	0	0	0	0	0	0	0	0	0	0	0	0	0	0	0	0	0	0	0	0	0	0	0	0	0	0	0	0	0	0	0	0	0	0	0	0	0	0	0	0	0	0	0	0	0	0	0	0	0	0	0	0	0	0	0	0	0	0	0	0	0	0	0	0.151950025325004	0	0	0	0	0	0	0	0	0	0	0	0	0	0	0	0	0	0	0	0	0	0	0	0	0	0	0	0	0	0	0	0	0	0	0	0	0	0	0	0	0	0	0	0	0	0	0	0	0	0	0	0	0	0	0	0	0	0	0	0	0	0	0	0	0	0	0	0	0	0	0	0	0	0	0	0	0	0	0	0	0	0	0	0	0	0	0	0	0	0	0	0	0	0	0	0	0	0	0	0	0	0	0	0	0	0	0.118183353030559	0	0	0	0	0	0	0	0	0	0	0	0	0	0	0	0.590916765152794	0	0	0	0	0	0	0	0	0	0	0	0	0	0	0	0	0.18571669761945	0	0	0	0	0	0	0	0	0	0	0	0	0	0	0	0	0	0	0	0	0	0	0	0	0	0	0	0	0	0	0.0675333445888908	0	0	0	0	0	0	0	0	0	0	0	0	0	0	0	0	0	0	0	0	0	0	0	0	0	0	0	0	0	0	0	0	0	0	0	0	0.101300016883336	0	0	0	0	0	0	0	0	0	0	0	0	0	0	0	0	0	0	0	0	0	0	0	0	0	0	0	0	0	0	0	0	0	0	0	0	0	0	0	0	0	0	0	0	0	0	0	0	0	0	0	0	0	0	0	0	0.0506500084416681	0	0	0	0	0.303900050650008	0	0	0	0	0	0	0	0	0	0	0	0	0	0	0	0	0	0	0	0	0.489616748269458
ERR6650915	0	0	0	0	0	0	0	0	0	0	0	0	0	0	0	0	0	0	0	0	0	0	0	0	0	0	0	0	0	0	0	0	0	0	0	0	0	0	0	0	0	0	0	0	0	0	0	0	0	0	0	0	0	0	0	0	0	0	0	0	0	0	0	0	0	0	0	0	0	0	0	0	0	0	0	0	0	0	0	0	0	0	0	0	0.02957267484844	0	0	0	0	0	0	0	0	0	0	0	0	0	0.25136773621174	0	0	0	0	0	0	0	0	0	0	0	0	0	0	0	0	0	0	0	0	0	0	0	0	0	0	0	0	0	0	0	0	0	0	0	0	0	0	0	0	0	0	0	0	0	0	0	0	0	0	0	0	0	0	0	0	0	0	0	0	0	0	0	0	0	0	0	0	0	0.19222238651486	0	0	0	0	0	0	0	0	0	0	0	0	0	0	0	0	0	0	0	0	0	0	0	0	0.399231110453941	0	0	0	0	0	0	0	0	0	0	0.0887180245453201	0	0	0	0	0	0	0	0	0	0	0	0	0	0	0	0	0	0	0	0	0	0	0	0	0	0	0	0	0	0	0	0	0	0	0	0	0	0.20700872393908	0	0	0	0	0	0	0	0	0	0	0	0	0	0	0	0	0	0	0	0	0	0	0	0	0	0	0	0	0	0	0	0	0	0	0	0	0	0	0	0	0	0	0	0	0	0	0	0	0	0	0	0	0	0	0	0	0	0	0	0	0	0	0	0	0	0	0	0	0	0	0	0	0	0	0	0	0	0	0	0	0	0	0	0	0	0	0	0	0	0	0	0	0	0	0	0	0	0	0	0	0	0	0	0	0	0	0	0	0	0	0	0	0	0	0	0	0	0	0	0	0	0	0	0	0	0	0	0	0	0	0	0	0	0	0	0	0	0	96.8505101286411	0	0	0	0	0	0	0	0	0	0	0	0	0	0	0	0	0	0	0	0	0	0	0	0	0	0	0	0	0	0	0	0	0	0	0	0	0	0	0	0	0	0	0	0	0	0	0	0.10350436196954	0	0	0	0	0	0	0	0	0	0	0	0	0	0	0	0	0	0	0	0	0	0	0	0	0	0	0	0	0	0	0	0	0	0	0	0	0	0.13307703681798	0	0	0	0	0	0	0	0	0	0	0	0	0	0	0	0	0	0	0	0	0	0	0	0	0	0	0	0	0	0	0	0	0	0	0	0	0	0	0	0	0	0	0	0	0	0	0	0	0	0	0	0	0	0	0	0	0	0	0	0	0	0	0	0	0	0	0	0	0	0	0	0	0	0	0	0	0	0	0	0	0	0	0	0	0	0	0.13307703681798	0	0	0	0	0	0	0	0	0	0	0	0	0	0	0	0	0	0	0	0	0	0	0	0	0	0	0	0	0	0	0	0	0	0	0	0	0	0	0	0	0	0.13307703681798	0	0	0	0	0	0	0	0	0	0	0	0	0	0	0	0	0	0	0	0	0	0	0	0	0	0	0	0	0	0	0	0	0	0	0	0	0	0	0	0	0	0	0	0	0	0	0	0	0	0	0	0	0	0	0	0	0	0	0.2957267484844	0	0	0	0	0	0	0	0	0	0.0887180245453201	0	0	0	0	0	0.13307703681798	0	0	0	0	0	0	0	0	0	0	0	0	0	0	0	0	0	0	0	0	0	0	0	0	0	0	0	0	0	0	0	0	0	0	0	0	0	0	0	0	0	0	0	0	0	0	0	0	0	0	0	0	0	0	0	0	0	0	0	0	0	0	0	0	0	0	0	0	0	0	0	0	0	0.872393908028981	0	0	0	0	0	0	0	0	0	0	0	0	0	0	0	0	0	0	0	0	0.0887180245453201
ERR6650595	0	0	0	0	0	0	0	0	0	0	0	0	0	0	0	0	0	0	0	0	0	0	0	0	0	0	0	0	0	0	0	0	0	0	0	0	0	0	0	0	0	0	0	0	0.287751782809959	0	0	0	0	0	0	0	0	0	0	0	0	0	0	0	0	0	0	0	0	0	0	0	0	0	0	0	0	0	0	0	0	0	0	0	0	0	0	0	0	0	0	0	0	0	0	0	0	0	0	0	0	0	0.287751782809959	0	0	0	0	0	0	0	0	0	0	0	0	0	0	0	0	0	0	0	0	0	0	0	0	0	0	0	0	0	0	0	0	0	0	0	0	0	0	0	0	0	0	0	0	0	0	0	0	0	0	0	0	0	0	0	0	0	0	0	0	0	0	0	0	0	0	0	0	0	0.356561991742775	0	0	0	0	0	0	0	0	0	0	0	0	0	0	0	0	0	0	0	0	0	0	0	0	39.8786438133367	0	0	0	0	0	0	0	0	0	0	0	0	0	0	0	0	0	0	0	0	0	0	0	0	0	0	0	0	0	0	0	0	0	0	0	0	0	0	0	0	0	0	0	0	0	0	0	0	0	0	0	0	0	0	0	0	0	0.0250218941573877	0	0	0	0	0	0	0	0	0	0	0	0	0	0	0	0	0	0	0	0	0	0	0	0	0	0	0	0	0	0	0	0	0	0	0	0	0	0	0	0	0	0	0	0	0	0	0	0	0	0	0	0	0	0	0	0	0	0	0	0	0	0	0	0	0	0	0	0.137620417865632	0	0	0	0	0	0	0	0	0	0	0	0	0	0	0.275240835731265	0	0	0	0	0	0	0	0	0	0	0	0	0	0	0	0	0	0	0	0	0	0	0	0	0	0	0	0	0	0	0	0	0	0	0	0	0	0	0	0	0	0	0	0	0	0	30.2702364568998	0	0	0	0	0	0	0	0	0	0	0	0	0	0	0	0	0.275240835731265	0	0	0	0	0	0	0	0	0	0	0	0	0	0	8.95158263480545	0	0	0	0	0	0	0	0	0	0	0	0	0	0	0	0	0	0	0	0	0	0	0	0	0	0	0	0	0	0	0	0	0	0	0	0	0	0	0	0	0	0	0	0	0	0	0	0	0	0	0	0	0	0	0	0	0	0	0	0	0	0	0	0	0	0	0	0	0	5.78005755035656	0	0	0	0	0	0	0	0	0	0	0	0	0	0	0	0	0	0	0	0	0	0	0	0	0.55048167146253	0	0	0.112598523708245	0	0	0	0	0	0	0	0	0	0	0	0	0	0	0	0	0	0	0	0	0	0	0	0	0	0	0	0	0	0	0	0	0	0	0	0	0	0	0	0	0	0	0	0	0	0	0	0	0	0	0	0	0	0	0	0	0	0	0	0	0	0	0	0	0	0	0	0	0	0	0	0	0	0	0	0	0	0	0	0	0	0	0	0	0	0	0	8.46991117227574	0	0	0	0	0	0	0	0	0	0	0.38783935943951	0	0	0	0	0	0	0	0	0	0	0	0	0	0	0	0	0	0	0	0	0	0	0.788189665957713	0	0	0	0	0	0	0	0	0	0	0	0	0	0	0	0	0	0	0	0	0	0	0	0	0	0	0	0	0	0	0	0	0	0	0	0	0	0	0	0	0	0	0	0	0	0	0	0	0	0	0	0	0	0	0	0	0	0	0	0	0	0	0	0	0	0	0	0	0	0	0	0	0	0	0	0	0	0	0	0	0	0	0	0	0	0	0	0	0.143875891404979	0	0	0	0	0	0	0	0	0	0	0	0	0	0	0	0	0	0	0	0	0	0	0.831977980733141	0	0.606780933316652	0	0	0	0	0	0	0	0	0	0	0	0	0	0	0	0	0	0	1.58263480545477
ERR6650598	0	0	0	0	0	0	0	0	0	0	0	0	0	0	0	0	0	0	0	0	0	0	0	0	0	0	0	0	0	0	0	0	0	0	0.0513347022587269	0	0	0	0	0	0	0	0	0	0.53388090349076	0	0	0	0	0	0.862422997946612	0	0	0	0	0	0	0	0	0	0	0	0	0	0	0.482546201232033	0	0	0	0	0	0	0	0.236139630390144	0	0	0	0	0	0	0	0	0	0	1.26283367556468	0	0	0	0	0	0	0	0	0.40041067761807	0	0	0	0.318275154004107	15.6160164271047	0	0	0	0	0	0.112936344969199	0	0	0.852156057494867	0	0	0	0	0	0	0	0	0	0	0	0	0	0	0	0	0	0	0	0	0	0	0	0	0	0	0	0	0	0	0	0	0	0	0	0	0	0	0	0	0	0	0	0	0	0	0	0	0	0	0	0	0	0	0	0	0	0	0	0	0	0	0	0.256673511293634	0	0	0	0	0	0	0	0	0	0	0.944558521560575	0	0	0	0	0	0	0.123203285420945	0	0	0.790554414784394	0.913757700205339	0	0	0	0	0	0	0	0	0	0	0	0	0	0	0	0	0	0	0	0	0	0	0	0	0	0	0	0	0	0	0	0	0	0	0	0	0	0	0	0	0	0	0.841889117043121	0	0	0	0	0	2.04312114989733	0	0.154004106776181	0	0.308008213552361	0	0.308008213552361	0	0	0	0	0	0	0	0	0	0	0	0	0	0	0	0	0	0	0	0	0	0	0	0	0	0	0	0	0	0	0	0	0	0	0	0	0	0	1.30390143737166	0	0	0	0	0	0	0	0	0	0	0	0	0	0	0	0	0	0	0	0	0	0	0.503080082135524	0	0	0	0	0	0	0	0	0	0	0	0	0	0	0	0	0	0	0	1.08829568788501	0	0	0.154004106776181	0	0	0	0	0	0	0	0	0	0	0	0	0	0	0	0	0	0	0	0	0	0	0	0	0.082135523613963	0	0	0	0	0	0	0	0	0	0	0.390143737166324	0	0	0	0	0	0	0	0	0	0	0	50.8316221765914	0	0	0	0	0	0	0	0	0	0	0	0	0	0	0	0	0	0	0	0	0	0	0	0	0	0	0	0	0	0	0.112936344969199	0	0	0	0	0	0	0	0	0	0	0	0	0	0	0	0	0	0	0	0	0	0	0	0	0	0	0	0	0	0	0	0	0	0.595482546201232	0	0	0	0	0	0	0.174537987679671	0	0	0	0	0	0	0	0	0	0	0	0	0	0	0	0	0	0	0	0	0	0	0	0	0	0	0	0	0.359342915811088	4.72279260780287	0	0	0.0308008213552361	0	0	0	0	0	0	0	0	0	0	0	0	0	0	0	0	0	0	0	0	0	0	0	0	0	0	0	0	0	0	0	0	0	0	0	0.924024640657084	0	0	0	0	0	0	0	0	0	0	0	0	0	0	0	0	0	0	0	0	0	0	0	0	0	0	0	0	0	0	0	0	0	0	0	0	0	0	0	0	0	0	0	0	0	0	0	0	0	0	0	0	0	0.164271047227926	0	0	0	0	0	0	0	0	0.287474332648871	0	0.636550308008214	0	0	0	0	0	0	0	0	0	0	0	0.68788501026694	0	0	0	0	0	0	0	0	0	0	0	0	0	0	0	0	0	0	0	0	0	0	0	0	0	0	0	0	0	0	0	0	0	0	0	0	0	0	0	0	0	0	0	0	0.40041067761807	0	0	0	0	0	0	0	0	0	0	0.256673511293634	0	0	0	0	0	0	0	0	0	0.0205338809034908	0	0	0	0	0	0	0	0	0.80082135523614	0	0	0	0	0	0	0	0	0	0	0	0	0	0	0	0	0	0	0	0	0	0	3.93223819301848	0	0	0	0	0	0	0	0	0	0	0	0	0	0	0	0	0	0	0	0	0	0	0	0	0	0	0	0	0	0	0	0	0	0	0	0	0	0	0.0924024640657084	0	0	0	0.13347022587269	0	0	0	0	2.3305954825462	0	0	0	0	0	0	0	0	0	0	0	0	0	0	0	0	0	0	0	0	1.57084188911704
ERR6650603	0	0	0	0	0	0	0	0	0	0	0	0	0	0	0	0	0	0	0	0	0	0	0	0	0	0	0	0	0	0	0	0	0	0	0	0	0	0	0	0	0	0	0	0	0	0	0	0	0	0	0	0	0	0	0	0	0	0	0	0	0	0	0	0	0	0	0	0	0	0	0	0	0	0	0	0	0	0	0	0	0	0	0	0	0	0.213606058644572	0	0	0	0	0	0	0	0	0	0	0	0	0.00647291086801735	0	0	0	0	0	0	0	0	0	0	0	0	0	0	0	0	0	0	0	0	0	0	0	0	0	0	0	0	0	0	0	0	0	0	0	0	0	0	0.0453103760761214	0	0	0	0	0	0	0	0	0	0	0	0	0	0	0	0	0	0	0	0	0	0	0	0	0	0	0	0	0	0	0	0	0	0	0	0	0	0	0	0	0	0	0	0	0	0	0	0	0	0	0	0	0	0	0	0	0	0	0	0	0	0	0	0	0	0	0	0	0	0	0	0	0	0	0	0	0	0	0	0	0	0	0	0	0	0.22007896951259	0	0	0	0	0	0	0	0	0	0	0	0	0	0	0	0	0	0	0.343064276004919	0	0	0	0	0	0	0	0	0	0	0	0	0	0	0	0	0	0	0	0	0	0	0	0	0	0	0	0	0	0	0	0	0	0	0	0	0	0	0	0	0	0	0	0	0	0	0	0	0	0	0	0	0	0	0	0	0	0	0	0	0	0	0	0	0	0	0	0	0	0	0	0	0	0	0	0	0	0	0	0	0	0	0	0	0	0	0	0	0	0	0	0	0	0	0	0	0	0	0	0	0	0	0	0	0	0	0	0	0	0	0	0	0	0	0	0	0	0	0	0	0	0	0	0	0	0	0	0	0	0	0	0	0	0.187714415172503	0	0	0	0	95.3006667098194	0	0	0	0	0	0	0	0	0	0	0	0	0	0	0	0	0	0	0	0	0	0	0	0	0	0	0	0	0	0	0	0	0	0	0	0	0	0	0	0	0	0	0	0	0	0	0	0	0	0	0	0.0582561978121561	0	0	0.213606058644572	0	0	0	0	0	0	0	0	0	0	0	0	0	0	0	0	0	0	0	0	0	0	0	0	0	0	0	0	0	0	0.135931128228364	0	0	0	0	0	0	0	0	0	0	0	0	0	0	0	0.168295682568451	0	0	0	0	0	0	0	0	0	0	0	0	0	0	0	0	0	0	0	0	0	0	0	0	0	0	0	0	0	0	0	0	0	0	0	0	0	0	0	0	0	0	0	0	0	0	0	0	0	0	0	0	0	0	0	0	0	0	0	0	0	0	0	0	0	0	0	0	0	0	0	0	0	0	0	0	0	0	0	0	0	0	0	0	0	0	0	0	0.103566573888278	0	0	0.0258916434720694	0	0	0	0	0	0	0	0	0	0	0	0.0517832869441388	0	0	0	0	0	0	0	0	0	0	0	0.135931128228364	0	0	0	0	0	0	0	0	0	0	0	0	0	0	0	0	0	0	0	0	0	0	0	0	0	0	0	0	0	0	0	0	0	0	0	0	0	0	0	0	0	0	0	0	0	0	0	0	0	0	0	0	0	0	0	0.252443523852677	0	0	0	0	0	0	0	0	0	0	0	0	0	0	0	0	0	0	0	0	0	0	0	0	0	0	0	0	0	0	0	0	0	0	0	0	0	0	0	0	0	0	0	0	0	0	0	0	0	0	0	0	0	0	0	0	0	0	0	0	0	0	0	0	0	0	0	0	0	0	0	0	0	0	0	0	0	0	0	0	0	0	0	0	0	0	0	0	0	0	0	0	0	0	0	0	0	0	0	0	0	0	0	0	0	0	0	0	0	0	2.5373810602628
ERR6650607	0	0	0	0	0	0	0	0	0	0	0.630011454753723	0	0	0	0	0	0	0	0	0	0	0	0	0	0	0	0	0	0	0	0	0	0	0	0	0	0	0	0	0	0	0	0	0	0	0	0	0	0	0	0	0	0	0	0	0	0	0	0	0	0	0	0	0	0	0	0	0	0	0	0	0	0	0.0409098347242677	0	0	0	0	0	0	0	0	0	0	0	0	0	0	0	0	0	0	0	0	0	0	0	0	0	0	0	0	0	0	0	0	0	0	0	0	0	0	0	0	0	0	0	0	0	0	0	0	0	0	0	0	0	0	0	0	0	0	0	0	0	0	0	0	0	0	0	0	0	0	0	0	0	0	0	0	0	0	0	0	0	0	0	0	0	0	0	0	0	0	0	0	0	0	0	0	0	0	0	0	0	0	0	0	0	0	0	0	0	0	0	0.00272732231495118	0	0	0	0	0	0	0	0.0136366115747559	0	0	0	0	0	0	0	0	0	0	0	0	0	0	0	0	0	0	0	0	0	0	0	0	0	0	0	0	0	0	0	0	0	0	0	0	0	0	0	0	0	0	0	0	0	0	0	0	0	0	0	0	0	0	0	0	0	0	0	0	0	0	0	0	0	0	0	0	0	0	0	0	0	0	0	0	0	0	0	0	0	0	0	0	0	0	0	0	0	0	0	0	0	0	0	0	0	0	0	0	0	0	0	0	0	0	0	0	0	0	0	0	0	0	0	0	0	0	0	0	0	0	0	0	0	0	0	0	0	0	0	0	0	0	0	0	0	0	0	0	0	0	0	0	0	0	0	0	0	0	0	0	0	0	0	0	0	0	0	0	0	0	0	0	0	0	0	0	0	0	0	0	0	0	0	0	0	0	0	0	0	0	0	0	0	0	0	99.1408934707904	0	0	0	0	0	0	0	0	0	0	0	0	0	0	0	0	0	0	0	0	0	0	0	0	0	0	0	0	0	0	0	0	0	0	0	0	0	0	0	0	0	0	0	0	0	0	0	0	0	0	0	0	0	0	0	0	0	0	0	0	0	0	0	0	0	0	0	0	0	0	0	0	0	0	0	0	0	0	0	0	0	0	0	0	0	0	0	0	0	0	0	0	0	0	0	0	0	0	0	0	0	0.0627284132438772	0	0	0	0	0	0	0	0	0	0	0	0	0	0	0	0	0	0	0	0	0	0	0	0	0	0	0	0	0	0	0	0	0	0	0	0	0	0	0	0	0	0	0	0	0	0	0	0	0	0	0	0	0	0	0	0	0	0	0	0	0	0	0	0	0	0	0	0	0	0	0	0	0	0	0	0	0	0	0	0	0	0	0	0	0	0	0	0	0	0	0	0	0	0	0	0	0	0	0	0	0	0	0.0436371570392189	0	0	0	0	0	0	0	0	0	0	0	0	0	0	0	0	0	0	0	0	0	0	0	0	0	0	0	0	0	0	0	0	0	0	0	0	0	0	0	0	0	0	0	0	0	0	0	0	0	0	0	0	0	0	0	0	0	0	0	0	0	0	0	0	0	0	0	0	0	0	0	0	0	0	0	0	0	0	0	0	0	0	0	0	0	0	0	0	0	0	0	0	0	0	0	0	0	0	0	0	0	0	0	0	0	0	0	0	0	0	0	0	0	0	0	0	0	0	0	0	0	0	0	0	0	0	0	0	0	0	0	0	0	0	0	0	0	0	0	0	0	0	0	0	0	0	0	0	0	0	0	0	0	0	0	0	0	0	0	0	0	0	0	0	0	0	0	0	0	0	0	0	0	0	0	0	0	0	0	0.0654557355588283
ERR6650611	0	0	0	0	0	0	0	0	0	0	0	0	0	0	0	0	0	0	0	0	0	0	0	0	0	0	0	0	0	0	0	0	0	0	0	0	0	0	0	0	0	0	0	0	0.0372418673072268	0	0	0	0	0	0	0	0	0	0	0	0	0	0	0	0	0	0	0	0	0	0	0	0	0	0	0	0	0.0148967469228907	0	0	0	0	0	0	0	0	0	0	0	0	0	0	0	0	0	0	0	0	0	0	0	0	0.0372418673072268	0	0	0	0	0	0	0	0	0	0	0	0	0.0558628009608402	0	0	0	0	0	0	0	0	0	0	0	0	0	0	0	0	0	0	0	0	0	0	0	0	0	0.0204830270189747	0	0	0	0	0	0	0	0	0	0	0	0	0	0	0	0	0.0446902407686721	0	0	0	0	0	0	0	0	0	0	0	0	0	0	0.0540007075954788	0	0	0	0	0	0	0	0.38917751336052	0	0	0	0	0	0	0	0	0	0	0	0	0	0	0	0.0651732677876469	0	0	0	0	0	0	0	0.0577248943262015	0	0	0.199243990093663	0	0	0	0	0	0	0	0	0	0	0	0	0	0	0	0	0	0	0	0	0	0	0	0	0	0	0	0	0	0	0	0	0	0	0	0	0	0.00558628009608402	0	0	0	0	0	0	0	0	0	0	0	0	0	0	0	0	0	0	0	0	0	0	0	0	0	0	0	0	0	0	0	0	0.0409660540379495	0	0	0	0	0	0	0	0	0	0	0	0.0837942014412603	0	0	0	0	0	0	0	0	0	0	0	0	0	0	0	0	0	0	0	0	0	0	0.0372418673072268	0	0	0	0	0	0	0	0	0.0651732677876469	0	0	0	0	0	0	0	0	0	0	0	0	0	0	0	0	0	0	0	0	0	0	0	0	0	0	0	0	0	0	0	0	0	0	0	0	0	0.0484144274993948	0	0	0	0	0	0	0	0	0	0	0	0	0.0465523341340335	0	0	0	0	0	0.0595869876915628	0	0	0	0	95.7115989795728	0	0	0	0	0	0	0	0	0	0	0	0	0	0	0	0	0	0	0	0	0	0	0	0	0	0	0	0	0	0	0	0	0	0	0	0	0	0.0372418673072268	0	0	0	0	0	0	0	0	0	0	0	0	0	0.0521386142301175	0	0	0	0	0	0.0446902407686721	0	0	0	0	0	0	0	0	0	0	0	0	0	0.0391039606725881	0	0	0	0	0	0	0	0	0	0	0	0	0	0	0	0	0	0	0.0428281474033108	0	0	0	0	0	0	0	0	0	0	0.262555164515949	0	0	0.0316555872111428	0	0	0	0	0	0	0	0	0	0	0	0	0	0	0	0.0335176805765041	0	0.484144274993948	0	0	0	0	0	0	0.0186209336536134	0	0	0	0	0	0	0	0	0	0	0	0	0	0	0	0	0	0	0	0	0	0	0	0	0	0	0	0	0	0	0	0	0	0	0	0	0	0	0	0	0	0	0	0	0	0	0	0	0	0	0	0	0.115449788652403	0	0	0	0	0	0	0	0	0	0	0	0	0	0	0	0	0	0	0	0	0	0	0.0186209336536134	0	0	0	0	0	0	0	0	0	0	0	0.169450496247882	0	0	0	0	0	0	0	0	0.0316555872111428	0	0.232761670670167	0	0	0	0	0	0	0	0	0	0	0.0223451203843361	0	0	0	0	0	0	0	0	0	0	0	0	0	0	0	0	0	0	0	0	0	0	0	0	0	0	0	0	0	0	0	0	0	0.0819321080758989	0	0	0	0	0	0	0	0	0	0.262555164515949	0	0	0	0	0	0.0726216412490922	0	0	0.102415135094874	0	0	0	0	0	0	0	0	0	0	0	0	0	0	0	0	0	0	0	0	0	0	0.0837942014412603	0	0	0	0	0	0	0	0	0.011172560192168	0	0	0	0	0	0	0	0	0	0	0	0	0.0279314004804201	0	0	0	0	0	0	0	0	0	0	0	0	0	0	0	0	0	0	0	0	0.0577248943262015	0	0	0	0	0	0	0.0186209336536134	0	0	0	0	0	0	0.0372418673072268	0	0	0.098690948364151	0	0	0	0.0353797739418654	0	0	0	0	0.398487980187327
ERR6650613	0	0	0	0	0	0	0	0	0	0	0	0	0	0	0	0	0	0	0	0	0	0	0	0	0	0	0	0	0.00364990145266078	0	0	0	0	0	0	0	0	0	0	0	0	0	0	0	0	0	0	0	0	0	0	0	0	0	0	0	0	0	0	0	0	0	0	0	0	0	0	0	0	0	0	0	0	0	0	0	0	0	0	0	0	0.065698226147894	0	0	1.17891816920943	0	0	0	0	0	0	0	0	0	0	0	0	0	0	0	0	0	0	0	0	0	0	0	0	0	0	0	0	0	0	0	0	0	0	0	0	0	0	0	0	0	0	0	0	0	0	0	0	0	0	0	0	0.0437988174319293	0	0	0	0	0	0	0	0	0	0	0	0	0	0	0	0	0	0	0	0	0	0	0	0	0	0	0	0	0	0	0	0	0	0	0	0	0	0	0	0	0	0	0	0	0	0	0	0.00729980290532156	0	0	0	0	0.00364990145266078	0	0	0.229943791517629	0	0	0	0	0	0	0	0	0	0	0	0	0	0	0	0	0	0	0	0	0	0	0	0	0	0	0	0	0	0	0	0	0	0	0.240893495875611	0	0	0	0	0	0	0	0	0	0	0	0	0	2.84692313307541	0	0	0	0	0	0	0	0	0	0	0	0	0	0	0	0	0	0	0	0	0	0	0	0	0	0	0	0	0	0	0	0	0	0	0	0	0	0	0	0	0	0	0	0	0	0	0	0	0	0	0	0	0	0	0	0	0	0	0	0	0	0	0	0	0	0	0	0	0	1.14606905613548	0	0	0	0	0	0	0	0	0	0	0	0	0	0	0	0	0	0	0	0	0	0	0	0	0	0	0	0	0	0	0	0	0	0	0	0	0	0	0	0	0	0	0	0	0	0	0	0	0	0	0	0	0	0	0	0	0	0	0	0	0	0	0	0	0	0	0	0	85.0500036499015	0	0	0	0	0	0	0	0	0	0	0	0	0	0	0	0	0	0	0	0	0	0	0	0	0	0	0	0	0	0	0	0	0	0	0	0	0	0	0	0	0	0	0	0	0	0	0	0	0	0	0	0	0	0	0	0	0	0	0	0	0	0	0	0	0	0	0	0	0	0	0	0	0	0	0	0	0	0	0	0	0	0	0	0	0	0	0	0	0	0	0	0	0	0	0	0	0	0	0	0	0	0	0	0	0	0	0	0	0	0	0	0	0	0	0	0	0	0	0	0	0	0	0	0	0.992773195123732	0	0	0	0	0	0	0	0	0	0	0	0	0	0	0	0.613183444047011	0	0	0	0	0	0.682531571647566	0	0	0	0	0	0	0	0	0	0	0	0	0	0	0	0	0	0	0	0	0	0	0	0	0	0	0	0	0	0	0	0	0	0.262792904591576	0	0	0	0	0	0	0	0	0	0	0	0	0	0	0	0	0	0	0	0	0	0	0	0	0	0	0	0	0	0	0	0	0	0	0	0	0.00364990145266078	0	0	0	0	0	0	0	0	0.310241623476166	0	0.0291992116212862	0	0	0	0	0	0	0	0	0	0	0	0	0	0	0	0	0	0	0	0	0	0	0	0	0	0	0	0	0	0	0	0	0	0.302941820570845	0	0	0	0	0	0	0	0	0	0	0	0	0	0	0	0	0	0	0	0	0.313891524928827	0	0	0	0	0	0	0	0	0.197094678443682	0	0	0	0	0	0	0	0	0	0	0	0	0	0	0	0	0	0	0	0	0	0	0	0	0	0	0	0	0	0	0	0	0	0	0	0	0	0	0	0.434338272866633	0	0	0	0	0	0	0	0	0	0	0	0	0	0	0	0	0	0	0	0	0	0	0	0	0	0	0	0	0	0	0.0547485217899117	0	0	0	0	0	0.1861449740857	0	0	0	0	0	0	0	0	0	0	0	0	0	0	4.79962041024892
ERR6650615	0	0	0	0	0	0	0	0	0	0	0	0	0	0	0	0	0	0	0	0.013308136594714	0	0	0	0	0	0	0	0	0	0	0	0	0	0	0.0372627824651992	0	0	0	0	0	0	0	0	0	0	0	0	0	0	0	0	0	0	0	0	0	0	0	0	0	0	0	0	0	0	0	0	0	0	0	0	0	0	0	0	0	0	0	0	0	0	0	0	0	0	0	0	0	0	0	0	0	0	0	0	0	0	0	0.0292779005083708	0	0	0	0	0	0	0	0	0	0	0	0	0	0	0	0	0	0	0	0	0	0	0	0	0	0	0	0	0	0	0	0	0	0	0	0	0	0	0	0	0	0	0.0053232546378856	0	0	0	0	0	0	0	0	0	0	0	0	0	0	0	0	0	0	0	0	0	0	0	0	0	0	0	0	0	0	0	0	0	0	0	0	0	0	0	0	0	0	0	0.0106465092757712	0	0	0	0	0	0	0	0	0	0	0	0	0	0	0	0	0	0	0	0	0	0	0	0	0	0	0	0	0	0	0	0	0	0	0	0	0	0	0	0	0	0	0	0	0	0	0	0	0	0	0	0	0	0	0	0	0	0	0	0	0	0	0	0	0	0	0	0	0	0	0	0	0	0	0	0	0	0	0	0	0	0	0	0	0	0	0	0	0	0	0	0	0	0	0	0	0	0	0	0	0	0.039924409784142	0	0	0	0	0	0	0	0	0	0	0	0	0	0	0	0	0	0	0	0	0	0	0	0	0	0	0	0	0	0	0	0	0	0	0	0	0	0	0	0	0	0	0	0	0	0	0	0	0	0	0	0	0	0	0	0	0	0	0	0	0	0	0	0	0	0	0	0	0	0	0	0	0	0	0	0	0	0	0	0	0	0	0	0	0	0	0	0	0	0	0	0	0	99.7790849325278	0	0	0	0	0	0	0	0	0	0	0	0	0.0053232546378856	0	0	0	0	0	0	0	0	0	0	0	0	0	0	0	0	0	0	0	0	0	0	0	0	0	0	0	0	0	0	0	0	0	0	0	0	0	0	0	0	0	0	0	0	0	0	0	0	0	0	0	0	0	0	0	0	0	0	0	0	0	0	0	0	0	0	0	0	0	0	0	0	0	0	0	0	0	0	0	0	0	0	0	0	0	0	0	0	0	0	0	0	0	0	0	0	0	0	0	0	0	0	0	0	0	0	0	0	0	0	0	0	0	0	0	0	0	0	0	0	0	0	0	0	0	0	0	0	0	0	0	0	0	0	0	0	0	0	0	0	0	0	0	0	0	0	0	0	0	0	0	0	0	0	0	0	0	0	0	0	0	0	0	0	0	0	0	0	0	0	0	0	0	0	0	0	0	0	0	0	0	0	0	0	0	0	0	0	0	0	0	0	0	0	0	0	0	0	0	0	0	0	0	0	0	0	0	0	0	0	0	0	0	0	0	0	0	0	0	0	0	0	0	0	0	0	0	0	0	0	0	0	0	0	0	0	0	0	0	0	0	0	0	0	0	0	0	0	0	0	0	0	0	0	0	0	0	0	0	0	0	0	0	0	0	0	0	0	0	0	0	0	0	0	0	0	0	0	0	0	0	0	0	0	0	0	0	0	0	0	0	0	0	0	0	0	0	0	0	0	0	0	0	0	0	0	0	0	0	0	0	0	0	0	0	0	0	0	0	0	0	0	0	0	0	0	0	0	0	0	0	0	0	0	0	0	0	0	0	0	0	0	0	0	0	0	0	0	0	0	0.0319395278273136	0	0	0	0	0	0	0	0	0	0	0	0	0	0	0	0	0	0	0	0	0.0479092917409704
ERR6650617	0	0	0	0	0	0	0	0	0	0	0	0	0	0.022075055187638	0	0	0	0	0	0	0	0	0	0	0	0	0	0	0.0526405162166752	0	0	0.0118865681779589	0	0	0	0	0	0	0	0	0	0	0	0	0.129054168789268	0	0	0	0	0	0	0	0	0	0	0	0	0	0	0	0	0	0	0	0	0	0.120563762947869	0.589234165393106	0	0	0	0	0	0	0	0.198675496688742	0	0.0781117337408728	0	0	0	0	0	0	0.0475462727118356	0	0	0	0	0	0	0	0	0	0	0	0	0	0.0645270843946341	0	0	0	0	0	0	0	0	0	0	0	0	0	0.076413652572593	0	0	0	0	0	0	0	0	0	0	0	0	0	0	0	0	0	0	0	0	0	0	0	0	0.0967906265919511	0	0	0	0	0	0	0	0	0	0	0	0.0271692986924775	0	0	0	0	0.0169808116827984	0	0	0	0	0	0	0	0	0	0	0	0	0	0.0849040584139922	0	0	0	0	0	0	0	0	0.0526405162166752	0.154525386313466	0	0	0	0.0747155714043131	0.0509424350483953	0	0.225844795381219	0	0	0	0	0	0	0	0.249617931737137	0	0	0	0	0	0	0	0	0	0	0	0	0	0	0	0	0	0	0	0	0	0	0	0	0	0	0	0	0	0	0	0	0	0	0	0	0.032263542197317	0	0	0	0	0	0	0	0	0	0	0	0.733571064696892	0	0	0	0	0	0	0	0	0	0	0	0	0	0	0	0	0	0	0	0	0	0	0	0	0	0	0	0	0	0	0	0	0.0441501103752759	0	0	0	0	0	0	0	0	0	0	0	0.0186788928510783	0	0	0	0	0	0	0	0	0	0	0	0	0	0	0	0	0	0	0	0	0	0	0	0	0.0916963830871116	0	0	0	0	0	0	0.202071659025301	0	0	0.0254712175241977	0	0	0	0	0.0101884870096791	0	0	0	0	0	0	0	0	0	0	0	0	0	0	0	0	0	0	0	0	0	0	0	0	0	0	0	0	0	0	0	0.0916963830871116	0	0	0	0	0	0	0.11207335710647	0	0	0	0	0	0	0	0	0	0	0	0	0	0	88.762098828324	0	0	0	0	0	0.0271692986924775	0	0	0	0	0	0	0	0	0	0	0	0	0	0	0	0	0	0	0	0	0	0	0	0	0	0	0	0	0	0	0	0	0	0	0	0	0	0	0	0	0	0	0	0	0	0.777721175072168	0	0	0	0	0	0	0	0	0	0	0	0	0.198675496688742	0	0	0	0	0	0	0	0.0203769740193581	0	0	0	0	0	0	0	0	0	0	0	0	0	0	0	0	0	0	0	0	0	0	0.0611309220580744	0	0	0	0	0	0.125658006452708	0.147733061640346	0	0	0	0.0135846493462388	0	0	0	0	0	0.0186788928510783	0	0	0	0	0	0	0	0.054338597384955	0	0.0730174902360333	0	0	0	0	0	0	0	0	0	0	0	0	0	0	0	0	0	0	0	0	0	0	0	0	0	0	0	0	0	0	0	0	0	0	0	0	0	0	0	0	0	0	0	0	0	0	0.0950925454236713	0	0	0	0	0	0	0	0	0	0	0	0	0	0	0	0	0	0	0	0	0	0	0	0	0	0	0	0	0	0	0	0	0	0	0	0	0	0	0	0	0	0	0	0	0	0	0	2.31108847002887	0	0	0	0	0	0	0	0	0	0	1.3397860417728	0	0	0	0	0.0118865681779589	0	0	0	0	0	0	0	0	0	0	0	0	0	0	0	0	0	0	0	0	0	0	0	0	0	0	0	0	0.0254712175241977	0	0	0	0	0	0	0	0	0	0	0.166411954491425	0	0	0	0	0	0	0	0	0	0.0577347597215147	0	0	0	0	0	0.032263542197317	0	0	0.203769740193581	0	0	0	0	0	0	0	0	0	0	0	0	0	0	0	0	0.0237731363559178	0	0	0	0	0	0.358295126507047	0	0	0	0	0	0	0	0	0.0526405162166752	0.0118865681779589	0	0	0	0	0	0	0	0	0	0	0	0	0	0	0	0	0	0	0	0	0	0	0	0	0	0	0	0	0	0	0	0	0.0441501103752759	0	0	0	0	0.139242655798947	0	0	0	0	0	0	0	0	0	0	0	0	0	0	0	0	0	0	0	0	1.05960264900662
ERR6650625	0	0	0.0467625899280576	0	0	0	0	0	0	0	0	0	0	0.0863309352517986	0	0	0	0	0	0.0827338129496403	0	0	0	0	0	0	0	0	0	0	0	0	0	0	1.17985611510791	0	0	0	0	0	0	0	0	0	0.0251798561151079	0	0	0	0	0	0.294964028776978	0	0	0	0	0	0	0	0.910071942446043	0	0	0	0	0	0	0	0	0	0	0	0	0	0	0	0	0	0	0	0	0	0	0.0143884892086331	0	0	0.848920863309353	0.0431654676258993	0	0	0	0	0	0	0	0	0	0	0	0	0.97841726618705	0	0	0	0	0	0	0	0	0	0	0	0	0	0.532374100719424	0	0	0	0	0	0	0	0	0	0	0	0	0	0	0	0	0	0	0	0	0	0	0	0	0.0215827338129496	0	0	0	0.607913669064748	0	0	0	0	0	0	0	0	0	0	0	0	0	0	0	0	0	0	0	0	0	0	0	0	0	0	0	0	0	0	0.0719424460431655	0	0	0	0	0	0	0	0	0	0	0	0	0.154676258992806	0	0	0	0	0	0	0	0.251798561151079	0	0	0	0	0	0	0	0	0	0	0	0.039568345323741	0	0	0	0	0	0	0	0	0	0	0	0	0	0	0	0	0	0	0	0	0	0	0	0	0.0251798561151079	0	0	0	0	0.248201438848921	0	0	0	0	0	0	0.00359712230215827	0	0	0	0	0	0	0	0	0	0	0	0	0	0.597122302158273	0	0	0	0	0	0	0	0	0	0	0	0	0	0	0	0	0	0	0.18705035971223	0	0	0	0	0.0575539568345324	0	0	0	0	0	0	0.0503597122302158	0	0	0	0.197841726618705	0	0	0	0	0	0	0	0	0	0	0	0	0	0	0	0	0	0	2.13309352517986	0.226618705035971	0	0	1.13309352517986	0	0	0	0	1.72302158273381	0	0	0	0	0	0	0	0	0	0	0	0	0	0	0	0	0	0	0	0	0	0	0	0	0	0	0	0	0	0	0	0	0	0	0	0	0	0	0	0	0	0	0	0	0	0	0.640287769784173	0.165467625899281	0	0	0	0	0	0	0	0	0	0	0	0	0	75.3920863309352	0	0	0	0	0	0	0	0	0	0	0	0	0.60431654676259	0	0	0	0	0	0	0	0	0	0	0.0935251798561151	0	0	0	0	0	0	0	0	0	0	1.06474820143885	0	0	0	0	0	0	0	0	0	0	0	0	0.615107913669065	0	0	0	0	0	0	0	0	0	0.0719424460431655	0	0	0	0	0	0	0	0	0	0	0	0	0	0	0	0	0	0	0	0	0	0	0	0	0	0	0	0	0	0	0.0179856115107914	0	0	0	0	0.0683453237410072	0	0	0	0	0	0	0	0.0503597122302158	0.834532374100719	0	0	0	0	0.579136690647482	0	0	0	0	0	0	0	0	0	0	0	0	0	0	0	0	0	0	0	0.0503597122302158	0	0.0683453237410072	0	0	0	0	0	0	0	0	0.0575539568345324	0	0	0	0	0	0	0	0	0	0	0	0	0	0	0	0	0	0	0	0	0	0	0	0	0	0.0431654676258993	0	0	0	0	0	0	0	0	0	0	0	0	0	0	0	0	0	0	0	0	0	0	0	0	0	0	0	0	0.690647482014389	0	0	0	0	0	0	0	0	0	0	0	0.0287769784172662	0	0	0	0	0	0	0	0	0.0107913669064748	0	0.316546762589928	1.02517985611511	0	0	0	0	0	0	0	0	0	0	0.302158273381295	0	0	0	0	0	0	0	0	0	0	0	0	0	0	0	0	0	0	0	0	0	0	0	0	0	0	0	0	0	0	0	0	0	0	0	0	0	0.0899280575539568	0	0	0	0	0	0	0	0	0	0	0.133093525179856	0	0	0	0	0	0	0.0143884892086331	0	0	0	0	0.852517985611511	0	0	0.079136690647482	0	0	0	0	0	0	0	0	0	0	0	0	0	0	0	0	0.0287769784172662	0	0	0	0	0	0.79136690647482	0	0	0.201438848920863	0	0	0	0	0	0	0	0.0935251798561151	0	0	0	0	0	0	0	0	0	0	0	0	0	0	0	0	0	0	0	0.0107913669064748	0	0	0	0	0	0	0	0	0	0	0	0	0	0.0863309352517986	0	0	0.719424460431655	0	0.223021582733813	0	0	0	0.776978417266187	0	0	0	0	0	0.0287769784172662	0	0	0	0	0	0	0	0	0.305755395683453
ERR6650626	0	0	0	0	0	0	0	0	0	0	0	0	0	0	0	0	0.0277873126399582	0	0	0	0	0	0	0	0	0	0	0	0	0	0	0	0	0	0	0	0	0	0	0	0	0	0	0	0.617859069288481	0	0	0	0	0	0	0	0	0	0	0.0081727390117524	0	0	0	0	0	0	0	0	0	0.0572091730822668	0	0	0	0	0	0	0	0	0	0.686510076987201	0	0	0	0	0	0.081727390117524	0	0	0.0163454780235048	0	0	0	0	0	0	0.0490364340705144	0	0	0	0	0	0	0	0	0	0	0	0	0	0	0	0	0	0	0	0	0.0948037725363278	0	0	0	0	0	0	0	0	0	0	0	0	0	0	0	0	0	0	0	0	0	0	0	0	0.132398371990389	0	0	0	0	0	0	0	0	0	0	0	0	0	0	0.294218604423086	0	0.0081727390117524	0	0	0	0	0	0	0	0	0	0	0	0	0	0	0	0	0	0	0	0	0	0	0.668530051161346	0	0	0	0	0.037594599454061	0.0212491214305562	0	0	0	0	0	0	0	0	0	0.0555746252799163	0	0	0.0539400774775658	0	0	0	0.0196145736282058	0.138936563199791	0.0670164598963697	0	0.670164598963697	0	0	0	0	0	0	0	0	0	0	0	0	0	0	0	0	0.00490364340705144	0	0	0	0	0	0	0.179800258258553	0	0.0866310335245754	0	0	0	0.0179800258258553	0	0	0	0	0	0	0	0.95294136877033	0	0	0	0	0	0.0572091730822668	0	0	0	0	0	0	0	0	0	0	0	0	0	0	0	0	0	0	0	0	0	0	0	0	0	0	0	0	0	0.0849964857222249	0	0.858137596234002	0	0	0	0	0	0	0.0294218604423086	0	0	0	0	0	0	0	0	0	0	0	0	0	0	0	0	0	0	0	0	0	0	0	0	0.109514702757482	0	0	0.0719201033034211	0	0	0	1.29456185946158	0	0	0	0	0	0	0	0	0	0	0	0	0	0	0	0	0	0	0	0	0	0	0	0	0	0	0	0	0	0	0	0	0	0	0	0	0	0	0	0.0130763824188038	0	0	0	0	0	0	0	0	0.0343255038493601	0	0	0	0	0	0	0	0	0	0	0	0	83.0415665506138	0	0	0	0	0	0	0	0	0	0	0	0	0	0	0	0	0	0	0	0	0	0	0	0	0	0	0	0.138936563199791	0	0	0	0	0	0	0.0539400774775658	0	0	0	0	0	0	0	0	0	0	0	0	0.122591085176286	0	0	0	0.0751891989081221	0	0	0.3399859428889	0	0	0	0	0	0	0	0	0	0.264796743980778	0	0	0	0.125860180780987	0	0.078458294512823	0.134032919792739	0	0	0	0	0	0	0	0	0	0	0	0	0	0.212491214305562	0	0	0	0	0	0	0	0	0	0	0.0506709818728649	0.34162049069125	0	0	0	0	0	0	0	0	0	0	0	0	0	0	0.0539400774775658	0	0	0	0	0	0	0	0.943134081956227	0	0	0	0	0	0	0	0	0	0	0	0	1.34032919792739	0	0	0	0	0	0	0	0	0	0	0	0	0	0	0	0	0	0	0	0	0.431520619820527	0	0	0	0	0	0	0	0	0	0	0	0	0	0	0.0931692247339773	0	0	0	0	0.0294218604423086	0	0	0	0	0	0.0114418346164534	0	0	0.00163454780235048	0	0	0	0	0	0	0	0	0	0	0	0	0	0	0	0	0	0	0	0.0277873126399582	0.0114418346164534	0	0	0	0	0	0	0	0.0114418346164534	0	0	0	0	0.0849964857222249	0	0	0	0	0	0	0	0	0	0	0	0	0	0	0	0	0	0	0	0	0.104611059350431	0	0	0	0	0	0	0	0	0	0	0	0	0	0	0	0	0	0	0	0	0	0	0	0	0	0	0	0	0	0	0	0	0	0	0.23700943134082	0	0	0	0	0	0	0	0	0	0.0670164598963697	0	0	0	0	0	0.320371369260694	0	0	0.037594599454061	0	0	0	0	0	0	0	0	0	0	0	0	0	0.0081727390117524	0	0	0	0	0	0	0	0	0	0	0	0.104611059350431	0	0	0	0	0	0.0359600516517106	0	0	0	0	0	0	0	0	0	0	0	0	0.0294218604423086	0	0	0	0.0081727390117524	0	0	0	0	0	0	0	0.0163454780235048	0	0	0	0	0	0	0	0	0.037594599454061	0	0	0.0849964857222249	0	0.951306820967979	0	0	0.129129276385688	0	0	0	0	0	0	0	0	0	0	0	0	0	0	0	0	0	2.2050049853708
ERR6650627	0	0	0	0	0	0	0	0	0	0	0	0	0	0	0	0	0	0	0	0	0	0	0	0	0	0	0	0	0	0	0	0	0	0	0	0	0	0	0	0	0	0	0	0	0	0	0	0	0	0	0	0	0	0	0	0	0	0	0	0	0	0	0	0	0	0	0	0	0	0	0	0	0	0	0	0	0	0	0	0	0	0	0	0	0	0	0	0	0	0	0	0	0	0	0	0	0	0	0	0	0	0	0	0	0	0	0	0	0	0	0	0	0	0	0	0	0	0	0	0	0	0	0	0	0	0	0	0	0	0	0	0	0	0	0	0	0	0	0	0	0	0	0	0	0	0	0	0	0	0	0	0	0	0	0	0	0	0	0	0	0	0	0	0	0	0	0	0	0	0	0	0	0	0	0	0	0	0	0	0	0	0	0	0	0	0	0	0	0	0	0	0	0.0333942632170979	0.926251406074241	0	0	0	0	0	0	0	0	0	0	0	0	0	0	0	0	0	0	0	0	0	0	0	0	0	0	0	0	0	0	0	0	0	0	0	0	0	0	0	0	0	0	0	0	0	0	0	0	0	0	0	0	0	0	0	0	0	0	0	0	0	0	0	0	0	0	0	0	0	0	0	0	0	0	0	0	0	0	0	0	0	0	0	0	0	0	0	0	0	0	0	0	0	0	0	0	0	0	0	0	0	0	0	0	0	0	0	0	0	0	0	0	0	0	0	0	0	0	0	0	0	0	0	0	0	0	0	0	0	0	0	0	0	0	0	0	0	0	0	0	0	0	0	0	0	0	0	0	0	0	0	0	0	0	0	0	0	0	0	0	0	0	0	0	0	0	0	0	0	0	0	0	0	0	0	0	0	0	0	0	0	0	0	0	0	0	0	96.6254218222722	0	0	0	0	0	0	0	0	0	0	0	0	0	0	0	0	0	0	0	0	0	0	0	0	0	0	0	0	0	0	0	0	0	0	0	0	0	0	0	0	0	0	0	0	0	0	0	0.534308211473566	0	0	0	0.00175759280089989	0	0	0	0	0	0	0	0	0	0	0	0	0	0	0	0	0	0	0	0	0	0	0	0	0	0	0	0	0	0	0	0	0	0	0	0	0	0	0	0	0	0	0	0	0	0	0	0	0	0	0	0	0	0	0.186304836895388	0	0	0	0	0	0	0	0	0	0	0	0	0	0	0	0	0	0	0	0	0	0	0	0	0	0	0	0	0	0	0	0	0	0	0	0	0	0	0	0	0	0	0	0	0	0	0	0	0	0	0	0	0	0	0	0	0	0	0	0	0	0	0	0	0	0	0	0	0	0	0	0	0	0	0	0	0	0.762795275590551	0	0	0	0	0	0	0	0	0	0	0	0	0	0	0	0	0	0	0	0	0	0	0	0	0	0	0	0	0	0	0	0	0.16345613048369	0	0	0	0	0	0	0	0	0	0	0	0	0	0	0	0	0	0	0	0	0	0	0	0	0	0	0	0	0	0	0	0	0	0	0	0	0	0	0	0	0	0	0	0	0	0	0	0	0	0	0	0	0	0	0	0.766310461192351	0	0	0	0	0	0	0	0	0	0	0	0	0	0	0	0	0	0	0	0	0	0	0	0	0	0	0	0	0	0	0	0	0	0	0	0	0	0	0	0	0	0	0	0	0	0	0	0	0	0	0	0	0	0	0	0	0	0	0	0	0	0	0	0	0	0	0	0	0	0	0	0	0	0	0	0	0	0	0	0	0	0	0	0	0	0	0	0	0	0	0	0	0	0	0	0	0	0	0	0	0	0	0	0	0	0	0	0	0	0	0
ERR6650630	0	0	0	0	0	0	0	0	0	0	0	0	0	0	0	0	0	0	0	0	0	0	0	0	0	0	0	0	0	0	0	0	0	0	0	0	0	0	0	0	0	0	0	0	0	0	0	0	0	0	0	0	0	0	0	0	0	0	0	0	0	0	0	0	0	0	0	0	0	0	0	0	0	0	0	0	0	0	0	0	0	0	0	0	0.0238622066033234	0	0	0	0	0	0	0	0	0	0	0	0	0	0	0	0	0	0	0	0	0	0	0	0	0	0	0	0	0	0	0	0	0	0	0	0	0	0	0	0	0	0	0	0	0	0	0	0	0	0	0	0	0	0	0	0	0	0	0	0	0	0	0	0	0	0	0	0	0	0	0	0	0	0	0	0	0	0	0	0	0	0	0	0	0	0	0	0	0	0	0	0	0.00216929150939303	0	0	0	0	0	0	0	0	0	0	0	0	0.00216929150939303	0	0	6.04147685365959	0	0	0	0	0	0	0	1.20612607922253	0	0	0	0	0	0	0	0	0	0	0	0	0	0	0	0	0	0	0	0	0	0	0	0	0	0	0	0	0	0	0	0	0	0	0	0	0	0	0	0	0	0	0	0	0	0	0	0	0	0	0	0	0	0	0	0	0	0	0	0	0	0	0	0	0	0	0	0	0	0	0	0	0	0	0	0	0	0	0	0	0	0	0	0	0	0	0	0	0	0	0	0	0	0	0	0	0	0	0	0	0	0	0	0	0	0	0	0	0	0	0	0	0	0	0	0	0	0	0.520629962254328	0	0	0	0	0	0	0	0	0	0	0	0	0	0	0	0	0	0	0	0	0	0	0	0	0	0	0	0	0	0	0	0	0	0	0	0	0	0	0	0	0	0	0	0	0	0	0	0	0	0	0	0	0	0	0	0	0	0	0	0	86.1707666276194	0	0	0	0	0.657295327346089	0	0	0	0	0	0	0	0	0	0	0	0	0	0	0	0	0	0	0	0	0	0	0	0	0	0	0	0	0	0	0	0	0	0	0	0	0	0	0	0	0	0	0	0	0	0	0	0	0	0	0	0	0	0	0	0	0	0	0	0	0	0	0	0	0	0	0	0	0	0	0	0	0	0	0	0	0	0	0	0	0	0	0	0	0	0	0	0	0	0	0	0	0	0	0	0	3.05870102824418	0	0	0	0	0	0	0	0	0	0	0	0	0	0	0	0	0	0	0	0	0	0	0	0	0	0	0	0	0	1.43824027072758	0	0	0	0	0	0	0	0	0	0	0	0	0	0	0	0	0	0	0	0	0	0	0	0	0	0	0	0	0	0	0	0	0	0	0	0	0	0	0	0	0	0	0	0	0	0	0	0	0	0	0	0	0	0	0	0	0	0	0	0	0	0	0	0	0	0	0	0	0	0	0	0	0	0	0	0	0	0	0	0	0	0	0	0	0	0	0	0	0	0	0	0	0	0	0	0	0.0433858301878606	0	0	0	0	0	0	0	0	0	0	0	0	0	0	0	0	0	0	0	0	0	0	0	0	0	0	0	0	0	0	0	0	0	0.117141741507224	0	0	0	0	0	0	0	0	0	0	0	0	0	0	0	0	0	0	0	0	0	0	0	0	0	0	0.221267733958089	0	0	0	0	0	0	0	0	0	0	0	0	0	0	0	0	0	0	0	0	0	0	0	0	0	0.00216929150939303	0	0	0	0	0	0	0	0	0.0542322877348258	0	0	0	0	0	0	0	0	0	0	0	0	0	0	0	0	0	0	0	0	0	0	0	0	0	0	0	0	0	0	0	0	0	0	0	0	0	0	0	0	0	0	0	0	0	0	0	0	0	0	0	0	0	0	0	0	0	0	0	0.440366176406786
ERR6650632	0	0	0	0	0	0	0	0	0	0	0	0	0	0	0	0	0	0	0	0	0	0	0	0	0	0	0	0	0	0	0	0	0	0	1.48694426956861	0	0	0	0	0	0	0	0	0	0	0	0	0	0	0	0.587582816200498	0	0	0	0	0	0	0	0	0	0	0	0	0	0	0	0	0	0	0	0	0	0	0	0	0	0	0	0	0	0	0.0389723296459514	0	0	0	0	0	0	0	0	0	0	0	0	0	0	0	0	0.00599574302245406	0	0	0	0	0	0	0	0	0	0	0	0	0.326767994723746	0	0	0	0	0	0	0	0	0	0	0	0	0	0	0	0	0	0	0	0	0	0	0	0	0	0	0	0	0	0	0	0	0	0	0	0	0	0	0	0	0	0	0	0	0	0	0	0	0	0	0	0	0	0	0	0	0.629553017357676	0	0	0	0	0	0	0	0	0	0	0	0	0	0	0	0	0	0	0	0	0	0	0	0	1.05225290044069	0	0	0	0	0	0	0	0	0	0	0.00299787151122703	0	0	0	0	0	0	0	0	0	0	0	0	0	0	0	0	0	0	0	0	0	0	0	0	0	0	0	0	0	0	0	0	0	0	0	0	0	0	0	0	0	0	0	0	0	0	0	0	0	0	0	0	0	0	0	0	0	0	0	0	0	0	0	0	0	0	0	0	0	0	0	0	0	0	0	0	0	0	0	0	0	0	0	0	0	0	0	0	0	0	0	0	0	0	0	0	0	0	0	0	0	0	0	0	0	0.356746709836016	0.278802050544114	0	0	0	0	0	0	0	0	0	0	0	0	0	0	0	0	0	0	0	0	0	0	0.560601972599454	0	0	0	0	0	0	0	0	0	0	0	0	0	0	0	1.07323800101928	0	0	0	0	0	0	0	0	0	0	0	0	0	0	0	0	0	0	0	0	0	0	0	0	0	0	0	0	0	0	76.4517192793117	0	0	0	0	0	0	0	0	0	0	0	0	0	0	0	0	0	0	0	0	0	0	0	0	0	0	0	0	0	0	0	0	0	0	0	0	0	0	0	0	0	0	0	0	0	0	0	0.00299787151122703	0	0	0	0	0	0	0	0	0	0	0	0	0	0	0	0	0	0	0	0	0	0	0	0.371736067392152	0	0	0	0	0	0	0	0	0	0	0	0	0	0	0	0	0	0	0	0	0	7.59960428096052	0	0	0	0	0	0	0	0.791438078963936	0	0	0	0	0	0	0	0	0	0	0	0	0	0	0	0	0	0	0	0	0	0	0	0	0	0	0	0	0	0	0	0	0	0	0	0	0	0	0	0	0	0	0	0	0	0	0	0	0	0	0	0	0	0	0	0	0	0	0	0	0	0	0	0	0	0	0	0	0	0	0	0	0	0	0	0	0	0	0	0	0	0.374733938903379	0	0	0	0	0	0	0	0	0	0	0	0	0	0	0	0	0	0	0	0	0	0	0	0	0	0	0	0	0	0	0	0	0	0.4436849836616	0	0	0	0	0	0	0	0	0	0	0	0	0	0	0	0	0	0	0	0	0	0	0	0	0	0	0	0	0.00299787151122703	0	0	0	0	0	0	0	0	0	0	0	0	0	0	0	0	0	0	0	0	0	0	0	0	0	0	0	0	0	0	0	0	0	0	0	0	0.00899361453368109	0	0	0	0	0	0	0	0	0	0	0	0	0	0	0	0	0	0	0	0	0	0	0	0	0	0	0	0	0	0	0	0	0	0	0	0	0	0	0	0	0	0	0	0	0	0	0	0	0	0	0	0	0	0	0	0	0	0	0	0	0	0	0	0	0	0	0	0	0	0	0	0	0	0	0	0	0	0	0	0	0	0	0	0	0	0	0	0	0	0	0	0	0	0	0	0	0	0	0	0	7.55163833678089
ERR6650634	0	0	0	0	0	0	0	0	0	0	0	0	0	0	0	0	0	0	0	0	0	0	0	0	0	0	0	0	0	0	0	0	0	0	0	0	0	0	0	0	0	0	0	0	0	0	0	0	0	0	0	0	0	0	0	0	0	0	0	0	0	0	0	0	0	0	0	0	0	0	0	0	0	0	0	0	0	0	0	0	0	0.0255018397755838	0	0	0	0	0	0	0	0	0	0	0	0	0	0	0	0	0	0	0	0	0	0	0	0	0	0	0	0	0	0	0	0	0	0	0	0	0	0	0	0	0	0	0	0	0	0	0	0	0	0	0	0	0	0	0	0.163940398557325	0	0	0	0	0	0	0	0	0	0	0	0	0	0	0	0	0	0	0	0	0	0	0	0	0	0	0	0	0	0	0.910779991985136	0	0	0	0	0	0	0	0	0	0	0	0	0	0	0	0	0	0	0	0	0	0	0	0	1.01278735108747	0	0	0	0	0	0	0	0.189442238332908	0	0	0	0	0	0	0	0	0	0	0	0	0	0	0	0	0	0	0	0	0	0	0	0	0	0	0	0	0	0	0	0	0	0	0	0	0	0	0	0	0.0983642391343947	0	0	0	0	0	0	0	0	0.0692192793908703	0	0	0	0	0	0	0	0	0	0	0	0	0	0	0	0	0	0	0	0	0	0	0	0	0	0	0	0	0	0	0	0	0	0	0	0.0437174396152865	0	0	0	0	0	0	0	0	0	0	0	0	0	0	0	0	0	0	0	0	0	0	0	0.0692192793908703	0	0	0	0	0	0	0	0	0	0	0	0	0	0	0	0	0	0	0	0	0	0	0	0	0	0	0	0	0	0	0	0	0	0	0	0	0	0	0	0	0	0.040074319647346	0	0	0	0	0	0	0	0	0	0	0	0	0	0	0	0	0	0	0	0	0	0	0	0	0	0	0	95.2639440416773	0	0	0	0	0	0	0	0	0	0	0	0	0	0	0	0	0	0	0	0	0	0	0	0	0	0	0	0	0	0	0	0	0	0	0	0	0	0	0	0	0	0	0	0	0	0	0	0.20037159823673	0	0	0	0	0	0	0	0	0	0	0	0	0	0	0	0	0	0	0	0	0	0	0	0	0	0	0	0	0	0	0	0	0	0	0	0	0	0	0	0	0	0	0	0	0	0	0	0	0	0	0	0	0	0.185799118364968	0	0	0	0	0	0	0	0	0	0	0	0	0	0	0	0	0	0	0	0	0	0	0	0	0	0	0	0	0	0	0	0	0	0	0	0	0	0	0	0	0	0	0	0	0	0	0	0	0	0	0	0	0	0	0	0	0	0	0	0	0	0	0	0	0	0	0	0	0	0	0	0	0	0	0	0	0	0	0	0	0	0	0	0	0	0	0	0	0	0	0	0	0	0	0	0	0	0	0	0	0	0	0	0	0	0	0	0	0	0	0.306022077307006	0	0	0	0	0	0	0	0	0	0	0	0	0	0	0	0	0	0	0	0	0	0	0	0	0	0	0	0	0	0	0	0	0	0	0	0	0	0	0	0	0	0	0	0	0	0	0	0	0	0.360668876826114	0	0	0.0837917592626325	0	0	0	0	0	0	0	0.426245036249044	0	0	0	0	0	0	0	0	0	0	0	0	0	0	0	0	0	0	0	0	0	0	0	0	0	0	0	0.0145724798717622	0	0	0	0	0	0	0	0	0	0	0	0	0	0	0	0	0	0	0	0	0	0	0	0	0	0	0	0	0	0	0	0	0	0	0	0	0	0	0	0	0	0	0	0	0	0	0	0	0	0	0	0	0	0	0	0	0	0	0	0	0	0	0	0	0	0	0	0	0	0	0	0	0	0	0	0	0	0	0	0	0	0	0.53553863528726
ERR6650640	0	0	0	0	0	0	0	0	0	0	0	0	0	0	0	0	0	0	0	0	0	0	0	0	0	0	0	0	0	0	0	0	0	0	0.00710563713879678	0	0	0	0	0	0	0	0	0	0.210800568450971	0	0	0	0	0	0	0	0	0	0	0	0	0	0	0	0	0	0	0	0	0	0	0	0	0	0	0	0	0.0497394599715775	0	0	0	0	0	0	0	0	0	0	0.0236854571293226	0	0	0	0	0	0	0	0	0	0	0	0	0	0	0	0	0	0	0	0	0	0	0	0	0	0	0	0	0	0	0	0	0	0	0	0	0	0	0	0	0	0	0	0	0	0	0	0	0	0	0	0	0	0	0	0	0	0	0	0	0	0	0	0	0	0	0	0	0	0	0	0	0	0	0	0	0	0	0	0	0	0	0	0	0	0	0	0	0.054476551397442	0.00710563713879678	0	0	0	0	0	0	0	0	0	0	0.0757934628138323	0	0	0	0	0	0	0	0	0.0450023685457129	0	0	0	0	0	0	0	0	0	0	0	0	0	0	0	0	0	0	0	0	0	0	0.00473709142586452	0	0	0	0	0	0.300805305542397	0	0	0	0	0	0	0	0	0	0	0	0	0.0710563713879678	0	0	0	0	0	0.054476551397442	0.0473709142586452	0	0	0	0	0	0	0	0	0	0	0	0	0.0284225485551871	0	0	0	0	0	0	0	0	0	0	0	0	0	0	0	0	0	0	0	0	0	0	0	0	0	0	0	0	0	0	0.0402652771198484	0	0	0	0	0	0	0	0	0	0	0	0	0	0	0	0	0	0	0	0	0	0	0.0236854571293226	0	0	0	0	0	0	0	0	0.0710563713879678	0	0	0	0	0	0	0	0	0	0	0	0	0	0.0852676456655613	0.0189483657034581	0	0	0	0	0	0	0	0	0	0	0	0	0	0	0	0	0	0	0	0	0	0	0.0450023685457129	0	0.0805305542396968	0	0	0	0	0	0	0	0	0	0	0	0	0	0	0	0	0	0	0	0	0	95.2865940312648	0	0	0	0	0	0	0	0	0	0	0	0	0	0	0	0	0	0	0	0	0	0	0	0	0	0	0	0	0	0	0.0426338228327807	0.0805305542396968	0	0	0.0426338228327807	0	0	0	0.054476551397442	0	0	0	0	0	0	0	0	0.319753671245855	0	0	0.101847465656087	0.144481288488868	0	0	0	0	0	0	0	0	0	0	0	0	0	0	0	0	0	0	0	0	0	0	0	0	0	0	0	0	0	0	0	0	0	0	0	0	0	0	0	0	0	0	0	0	0	0	0	0	0	0.281856939838939	0	0	0	0	0	0	0	0	0	0	0	0	0	0	0	0	0	0	0	0	0	0	0	0	0	0	0	0	0.0876361913784936	0	0	0	0	0	0	0	0	0.0142112742775936	0	0	0	0	0	0	0.0378967314069162	0	0	0	0	0	0	0	0	0	0	0	0	0	0	0	0	0	0	0	0	0	0	0	0	0	0	0	0	0	0	0	0	0	0	0	0	0	0	0	0	0	0	0	0	0	0	0	0	0	0	0	0	0	0	0	0	0	0.0615821885362387	0.0307910942681194	0	0	0	0	0	0	0	0	0	0	0.00947418285172904	0.139744197063003	0	0	0	0	0	0	0	0	0	0	0	0	0	0	0	0	0	0	0	0	0	0	0	0	0	0	0	0	0	0	0	0	0	0	0	0	0	0	0	0	0	0	0	0	0.0805305542396968	0	0	0	0	0	0	0	0	0	0	0	0	0	0	0	0	0	0	0	0	0.445286594031265	0	0	0	0	0	0.184746565608716	0	0	0	0	0	0	0	0	0	0	0	0	0	0	0	0	0	0	0	0	0	0	0	0	0	0.0497394599715775	0	0	0	0	0	0	0	0	0.0331596399810516	0	0	0	0	0	0	0.0426338228327807	0	0	0	0	0	0	0	0	0	0	0	0	0	0	0	0	0	0	0	0	0	0	0	0	0	0	0.00236854571293226	0	0	0	0	0.203694931312174	0	0	0	0	0	0	0	0	0	0	0	0	0	0.0142112742775936	0	0	0	0	0	0	0.862150639507342
ERR6650641	0	0	0	0	0.0346773430850225	0	0	0	0	0	0	0	0	0	0	0	0	0	0	0	0	0	0	0	0	0	0	0	0	0	0	0	0	0	0	0	0	0	0	0	0	0	0	0	1.57624286750102	0	0	0	0	0	0	0	0	0	0	0	0	0	0	0	0	0	0	0	0	0	0	0	0	0	0	0	0	0	0	0	0	0	0	0	0	0	0	0	0	0	0	0	0	0	0	0	0	0	0	0	0	0	0	0	0	0	0	0	0	0	0	0	0	0	0	0	0	0	0	0	0	0	0	0	0	0	0	0	0	0	0	0	0	0	0	0	0	0	0	0	0	0	0	0	0	0	0	0	0	0	0	0	0	0	0	0	0	0	0	0	0	0	0	0	0	0	0	0	0	0	0	0	0	0	0	0	0	0.375145802465244	0	0	0	0.693546861700451	0	0	0	0	0	0	0	0.334163487910217	0	0	0.406670659815264	0	0	0	0	0	0	0	0	0	0	0	0	0	0	0	0.00315248573500205	0	0	0	0	0	0	0	0	0	0	0	0	0	0	0	0	0	0	0	0	0	0	0	0	0	0	0	0	0	0	0.0126099429400082	0	0	0	0	0	0	0	0	0	0	0	0	0	0	0	0	0	0	0	0	0.1544718010151	0	0	0	0	0	0	0	0	0	0	0	0	0	0	0	0	0	0	0	0	0	0	0	0	0	0	0	0	0	0	0.116641972195076	0	0	0	0	0	0	0	0	0	0	0	0	0	0	0	0	0	0	0	0	0	0	0	0	0	0	0	0	0	0	0	0	0	0	0	0	0	0	0	0	0	0	0	0	0	0.315248573500205	0	0	0	0	0	0	0	0	0	0	0	0	0	0	0	0	0	0	0	0	0	0	0	0	0	0	0	0	0	0	0	0	0	0	0	0	0	0	0	0	0	0	0	0	0	0	0	87.5035465464519	0	0	0	0	0	0	0	0	0	0	0	0	0	0	0	0	0	0	0	0	0	0	0	0	0	0	0	0	0	0	0	0	0	0	0	0	0	0	0	0	0	0	0	0	0	0	0	1.01825289240566	0	0	0.564294946565367	0	0	0	0	0	0	1.16326723621576	0	0	0	0	0	0	0	0	0	0	0	0	0	0	0	0	0	0	0	0	0	0	0	0	0	0.0567447432300369	0	0	0	0	0	0	0	0	0	0	0	0	0	0	0	0	0	1.06238769269569	0	0	0	0	0	0	0	0	0	0	0	0	0	0	0	0	0	0	0	0	0	0	0	0	0	0	0	0	0	0	0	0	0	0	0	0	0	0	0	0	0	0	0	0	0	0	0	0	0	0	0	0	0	0	0	0	0	0	0	0	0	0	0	0	0	0	0	0	0	0	0	0	0	0	0	0	0	0	0	0	0	0	0	0	0	0	0	0	0	0	0	0	0	0	0	0	0	0	0	0	0	0	0	0.397213202610258	0	0	0	0	0	0	0	0	0	0	0	0	0	0.526465117745342	0	0	0	0	0	0	0	0	0	0	0	0	0	0	0	0	0	0	0	0	0	0	0	0	0	0	0	0	0	0	0	0	0	0	0	0	0	0	0	0	0	0	0.0063049714700041	0	0	0	0	0	0	0	0	0	0	0	0	0	0	0	0	0	0	0	0	1.10652249298572	0	0	0	0	0	0.0756596576400492	0	0	0	0	0	0	0	0	0	0	0	0	0	0	0	0	0	0	0	0	0	0	0	0	0	0.145014343810094	0	0	0	0	0	0	0	0	0	0	0	0	0	0	0	0	0	0	0	0	0	0	0	0	0	0	0	0	0	0	0	0	0	0	0	0	0	0	0	0	0	0	0	0	0	0	0	0.321553544970209	0	0	0	0	0	0	0	0	0	0	0	0	0	0	0	0	0	0	0	0	2.03020081334132
ERR6650643	0	0	0	0	0	0	0	0	0	0	0	0	0	0.00826651235843598	0	0	0	0	0	0	0	0	0	0	0	0	0	0	0	0	0	0.0633765947480091	0	0	0	0	0	0	0	0	0	0	0	0	1.09669063955251	0	0	0	0	0	0	0	0	0	0	0	0	0	0	0	0.0716431071064451	0.0468435700311372	0	0	0	0	0	0	0	0	0	0	0	0.253506378992037	0.0192885288363506	0	0	0	0	0	0	0.0661320988674878	0	0	0.344438014934832	0.0385770576727012	0	0	0	0	0	0	0	0	0	0	0	0	0.129508693615497	0	0	0	0	0	0	0	0	0	0	0	0	0	0	0	0	0	0	0	0	0	0	0	0	0	0	0	0	0	0	0	0	0	0	0	0	0	0	0.0110220164779146	0	0	0	0	0	0	0	0.0247995370753079	0	0	0	0.0275550411947866	0	0	0	0	0	0	0	0	0	0	0	0	0	0	0	0	0	0	0	0	0	0	0	0	0	0	0	0	0.507012757984073	0	0	0	0.0881761318233171	0.132264197734976	0	0.10195365242071	0	0	0	0	0.00826651235843598	0	0	0	0.0854206277038384	0	0	0	0	0	0	0	0	0	0	0	0	0	0	0	0	0	0	0	0	0	0	0	0	0	0	0	0	0	0	0	0	0	0	0	0	0	0.0330660494337439	0	0	0	0	0	0	0	0	0	0.551100823895732	0	0	0	0	0	0	0	0	0	0	0	0	0	0	0	0	0	0	0	0	0	0	0	0	0	0	0	0	0	0	0	0	0	0	0	0	0	0	0	0	0	0	0	0	0	0	0	0	0	0	0	0	0	0	0	0	0	0	0	0	0	0	0	0	0	0	0	0.0440880659116585	0	0	0	0	0	0	0	0	0.140530710093412	0	0	0	0	0	0	0	0	0	0	0	0	0	0.0826651235843598	0	0	0	0	0	0	0	0	0	0	0	0	0	0	0	0	0	0	0	0	0	0	0	0	0	0.115731173018104	0	0	0	0	0	0	0	0	0	0	0	0	0	0	0	0.0247995370753079	0	0	0	0	0	89.7715687084952	0	0	0	0	0	0	0	0	0	0	0	0	0	0	0	0	0	0	0	0	0	0	0	0	0	0	0	0	0	0	0	0.157063734810284	0	0	0.0137775205973933	0	0	0	0	0	0	0	0	0	0	0	0	0.416081122041277	0	0	0	0	0	0	0	0	0	0	0	0	0	0	0	0	0	0	0	0	0	0	0	0.0799096194648811	0	0	0	0	0	0	0	0	0	0	0	0	0	0.0385770576727012	0	0	0	0	0	0	0	0	0	0.0303105453142652	0	0	0	0	0	0.67785401339175	0	0	0	0	0	0	0	0	0	0	0	0	0	0	0	0	0	0	0.0771541153454024	0	0	0	0	0	0	0	0	0	0	0	0	0.0220440329558293	0	0	0	0	0	0	0	0	0	0	0	0	0	0	0	0	0	0	0	0	0	0	0	0	0	0	0	0	0	0	0	0	0	0	0	0	0	0	0	0	0	0.0495990741506159	0	0	0.10195365242071	0	0	0	0	0	0	0	0	0	0	0	0	0	0	0	0	0	0	0	0	0	0	0	0	0	0	0	0	0	0	0	0.0468435700311372	0	0	0	0.0936871400622744	0	0.151552726571326	0.0743986112259238	0	0	0	0	0	0	0	0	0	0	0.00551100823895732	0	0	0	0	0	0	0	0	0	0.0468435700311372	0.0137775205973933	0	0	0	0	0	0	0	0	0	0	0	0	0	0	0	0	0	0	0	0	0	0	0.0606210906285305	0	0	0	0	0	0	0	0	0	0	0.0192885288363506	0	0	0	0	0	0	0	0.0275550411947866	0	1.47970571216004	0	0	0	0	0	0.0826651235843598	0	0	0.0551100823895732	0	0	0.259017387230994	0	0	0	0	0	0	0	0	0	0	0	0	0	0	0	0	0	0	0	0.319638477859524	0	0	0	0	0	0	0	0	0	0	0	0	0	0	0	0	0	0	0	0	0	0	0	0	0	0	0	0	0	0	0	0	0	0	0	0	0	0	0	0	0	0	0.112975668898625	0	0.0688876029869665	0	0	1.16282273841999	0	0	0	0	0	0	0	0	0	0	0	0	0	0	0	0	0	0	0	0	0.366482047890662
ERR6650652	0	0	0	0	0	0	0	0	0	0	0	0	0	0	0	0	0	0	0	0	0	0	0	0	0	0	0	0	0	0	0	0	0	0	0	0	0	0	0	0	0	0	0	0	0.180884869225128	0	0	0	0	0	0	0	0	0	0	0	0	0	0	0	0	0	0	0	0	0	0	0	0.00488878024932779	0	0	0	0	0.0782204839892447	0	0	0	0	0	0	0	0	0	0	0	0.102664385235884	0	0	0	0	0	0	0	0	0	0	0	0	0.0439990222439501	0	0	0	0	0	0	0	0	0	0	0	0	0	0	0	0	0	0	0	0	0	0	0	0	0	0	0	0	0	0	0	0	0	0	0	0	0	0	0.0293326814959668	0	0	0	0	0	0	0	0	0	0	0	0	0	0	0	0	0	0	0	0	0	0	0	0	0	0	0	0	0	0	0.0195551209973112	0	0	0	0	0.0195551209973112	0.0342214617452945	0	0	0	0	0	0	0	0	0	0	0	0	0	0	0	0	0	0	0.0146663407479834	0	0	0	0	0	0	0	0	0	0	0.107553165485211	0	0	0	0	0	0	0	0	0	0	0	0	0	0	0	0	0	0	0	0	0	0	0	0	0	0	0	0	0	0	0	0	0	0	0	0	0	0.0391102419946223	0	0	0	0	0	0.00488878024932779	0	0	0	0	0	0	0	0	0	0	0	0	0	0	0	0	0	0	0	0	0	0	0	0	0	0	0	0	0	0	0	0	0	0	0	0	0	0	0.00977756049865558	0	0	0	0	0	0	0	0	0	0	0	0	0	0	0	0	0	0	0	0	0	0	0	0	0	0	0	0	0	0	0	0.0537765827426057	0	0	0	0	0	0	0	0	0	0	0	0	0	0	0	0	0	0	0	0	0.0782204839892447	0	0	0	0	0	0	0	0	0	0	0	0	0	0	0	0	0	0	0	0	0	0	0	0	0	0	0	0	0	0	0	0	0	0	0	0	0	0	0	0	98.1862625274994	0	0	0	0	0	0	0	0	0	0	0	0	0	0	0	0	0	0	0	0	0	0	0	0	0	0	0	0	0	0	0	0	0	0	0	0	0	0	0	0	0	0	0	0	0	0	0	0.151552187729162	0	0	0	0.0391102419946223	0	0	0	0	0	0	0	0	0	0	0	0	0	0	0	0	0	0	0	0	0	0	0	0	0	0	0	0	0	0	0	0	0	0	0	0	0	0	0	0	0	0	0	0	0	0	0	0	0	0	0	0	0	0	0	0	0	0	0	0	0	0	0	0	0	0	0	0	0	0	0	0	0	0	0	0	0	0	0	0	0	0	0	0	0	0	0	0	0	0	0	0	0	0	0	0	0	0	0	0	0	0	0	0	0	0	0	0	0	0	0	0	0	0	0	0	0	0	0	0	0	0	0	0	0	0	0	0	0	0	0	0	0	0	0	0	0	0	0	0	0	0	0	0	0	0	0	0	0	0	0	0	0	0	0	0	0	0	0	0	0	0	0	0	0	0.102664385235884	0	0	0	0	0	0	0	0	0	0	0.00488878024932779	0	0	0	0	0	0	0	0	0	0.127108286482523	0	0	0	0	0	0	0	0	0	0	0	0	0	0	0	0	0	0	0	0	0	0	0	0.0293326814959668	0	0	0	0	0	0	0	0	0	0	0.161329748227817	0	0	0	0	0	0	0	0	0	0	0	0	0	0	0	0.0439990222439501	0	0	0	0	0	0	0	0	0	0	0	0	0	0	0	0	0	0	0	0	0	0	0	0	0	0.0733317037399169	0	0	0	0	0	0	0	0	0	0	0	0	0	0	0	0	0	0	0	0	0	0	0	0	0	0	0	0	0	0	0	0	0	0	0	0	0	0	0	0	0	0	0	0	0	0	0	0.166218528477145	0	0	0	0	0	0	0	0	0	0	0	0	0	0	0	0	0	0	0	0	0.0928868247372281
ERR6650656	0	0	0	0	0	0	0	0	0	0	0	0	0	0	0	0	0	0	0	0	0	0	0	0	0	0	0	0	0	0	0	0	0	0	0	0	0	0	0.323925832154293	0	0	0	0	0	1.33293618288778	0	0	0	0	0	0	0	0	0	0	0	0	0	0	0	0	0	0	0	0	0	0	0	0	0	0	0	0	0	0	0	0	0	0	0	0	0	0	0	0	0	0	0	0	0	0	0	0	0	0	0	0	0	0.0335095688435475	0	0	0	0	0	0	0	0	0	0	0	0	0	0	0	0	0	0.0446794251247301	0	0	0	0	0	0	0	0	0	0	0	0	0	0	0	0	0	0	0	0	0	0	0	0	0	0	0	0	0	0	0	0	0	0	0	0	0	0	0	0	0	0	0	0	0	0	0	0	0	0	0	0	0	0	0	0	0	0	0	0	0	0	0	0	0	0	0	0	0	0	0	0	0	0	0	0	0.0595725668329734	0	0	0	0	0	0	0	0	0	0	0	0	0	0	0	0	0	0	0	0	0	0	0	0	0	0	0	0	0	0.498920247226152	0	0	0	0	0	0	0	0	0	0	0	0	0	0	0	0	0	0	0.0595725668329734	0	0	0	0	0	0	0	0	0	0	0	0	0	0	0	0	0	0	0	0	0	0	0	0	0	0	0	0	0	0	0	0	0	0	0	0	0	0	0	0	0	0	0	0	0.137761560801251	0	0	0	0	0	0	0	0	0	0	0	0	0	0	0	0	0	0	0	0	0	0	0.0893588502494601	0	0	0	0	0	0	0	0	0	0	0	0	0	0	0	0	0	0	0	0	0	0	0	0	0	0	0	0	0	0	0	0	0	0	0	0	0	0	0	0	0	0	0	0	0	0	0	0	0	0	0	0	0	0	0	0	0	0	0	0	0	0	0	0	0	0	0	0	0	0	94.798570258396	0	0	0	0	0	0	0	0	0	0	0	0	0	0	0	0	0	0	0	0	0	0	0	0	0	0	0	0	0	0	0	0	0	0	0	0	0	0	0	0	0	0	0	0	0	0	0	0	0	0	0	0	0	0	0	0	0	0	0	0	0	0	0	0	0	0	0	0	0	0	0	0	0	0	0	0	0	0	0	0	0	0	0	0	0	0	0	0	0	0	0	0	0	0	0	0	0	0	0	0	0	0	0	0	0	0	0	0	0	0	0	0	0	0	0	0	0	0	0	0	0	0	0	0	0	0	0	0	0	0	0	0	0	0	0	0	0	0	0	0	0	0	0	0	0	0	0	0	0	0	0	0	0	0	0	0	0	0	0	0	0	0	0	0	0	0	0	0	0	0	0	0	0	0	0	0.0744657085412168	0	0	0	0	0	0	0	0.0297862834164867	0	0	0	0	0	0	0	0	0	0	0	0	0	0	0	0	0	0	0	0	0	0	0	0	0	0	0	0	0	0	0	0	0	0.13403827537419	0	0	0	0	0	0	0	0	0	0	0.0186164271353042	0	0	0	0	0	0	0	0	0	0	0	0	0	0	0	0	0	0	0	0	0	0	0	0	0	0	0	0	0	0	0	0	0	0	0	0	0	0	0	0	0	0	0	0	0.0968054211035818	0	0	0	0	0	0	0	0	0	0.856355648223993	0	0	0	0	0	0	0	0	0	0	0	0.0186164271353042	0	0	0	0	0	0	0	0	0	0	0	0	0	0	0	0	0	0	0	0.141484846228312	0	0	0	0	0	0	0	0	0	0	0	0	0	0	0	0	0	0	0	0	0	0	0	0	0	0	0	0	0	0	0	0	0	0	0	0	0	0	0	0	0	0	0	0	0	0	0	0	0	0	0	0	0	0	0	0	0	0	0	0	0	0	0	0	0	0.0260629979894259	0	0	1.22496090550302
ERR6650658	0	0	0	0	0	0	0	0	0	0	0	0	0	0	0	0	0	0	0	0	0	0	0	0	0	0	0	0	0	0	0	0	0	0	0.132802124833997	0	0	0	0	0	0	0	0	0	0	0	0	0	0	0	0	0	0	0	0	0	0	0	0	0	0	0	0	0	0	0	0	0	0	0	0	0	0	0.435863384070555	0	0.00340518268805121	0	0.129396942145946	0	0	0	0	0	0	0	0.296250893860456	0	0	0	0	0	0	0	0	0	0	0	0	0.0578881056968706	0	0.11237102870569	0	0	0	0	0	0	0	0	0	0	0.333707903429019	0	0	0	0	0	0	0	0	0	0	0	0	0	0	0	0	0	0	0	0	0	0	0	0	0	0.0170259134402561	0	0	0	0	0	0	0	0	0	0	0	0	0	0	0	0	0	0	0	0	0	0	0	0	0	0	0	0	0	0	1.62427214220043	0	0	0	0	0	0	0	0	0.132802124833997	0	0	0	0	0	0.163448769026458	0	0	0	0	0	0	0	0	0	0.047672557632717	0	0	0	0	0	0	0	0	0	0	0	0	0	0	0	0	0	0	0	0	0	0	0	0	0	0	0	0	0	0	0	0	0	0	0	0	0	0	0	0	0	0	0	0	0	0	0	0	0.241767970851636	0	0	0	0	0	0	0	0	0	0	0	0	0	0	0	0	0.119181394081792	0	0	0	0	0	0.486941124391324	0	0	0	0	0	0	0	0	0	0.354138999557326	0	0	0	0	0	0	0	0	0	0	0	0	0	0	0	0	0	0	0	0	0	0.0749140191371267	0	0	0	0	0	0	0	0	0	0.160043586338407	0	0	0	0	0	0	0	0.0170259134402561	0	0	0	0.360949364933429	0	0	0	0	0	0	0	0	0	0	0	0	0	0	0.0102155480641536	0	0	0	0	0	0	0	0	0	0	0	0	0	0	0	0	0	0	0	0	0	0	0	0	0	0	0	0	0	0	0	0	0	0	0	0	0	0	0	0	0	0	0	0	0	0	67.6337385500732	0	0	0	0	0	0	0	0	0	0.0612932883849218	0	0	0	0	0	0	0.0238362788163585	0	0	0	0	0	0	0	0	0	0	0	0	0	0	0	0	0	0.524398133959887	0	0	0	0	0	0	0	0	0	0	0	0	0.0578881056968706	0	0	0	0.129396942145946	0	0	0.0715088364490755	0	0	0	0	0	0	0	0	0	0	0	0	0	0	0	0	0	0	0	0	0	0	0	0	0	0	0	0	0	0	0	0	0	0	0	0	0	0	0.119181394081792	0	0	0	0	0	0	0	0.0646984710729731	0	0	0.19750059590697	0	0	0	0	0	0	0	0	0	0	0	0	0	0	0	0.0783192018251779	0	0	0	0	0	0	0	0	0	0	0	0	0	0	0	0	0	0	0	0	0	0	0	0	0	0	0	0	0	0	0	0	0	0	0.0442673749446658	0	0	0	0	0	0	0	0	0	0	0	0	0	0	0	0	0	0	0	0	0	0	0	0	0	0	0	0	0	0	0	0	0	0	0	0	0	0	0	0	0	0	0	0	0.0306466441924609	0	0	0	0	0	0	0	0	0	0	0	0	0	0.269009432356046	0	0	0.0612932883849218	0	0	0	0	0	0	0	0	0	0	0.0238362788163585	0	0	0	0	0	0	0	0	0	0	0	0	0	0	0	0	0	0	0	0	0	0	0	0	0	0	0	0	0	0	0	0	0	0	0	0	0	0	0	0	0	0	0	0	0	0	0	0	0	0	0	0	0	0	0	0	0	0	0	0	0.0749140191371267	0	0	0	0	0	0	0	0	0	0	0	0	0	0	0	0	0	0	0	0.0136207307522049	0	0	0	0	0	0	0	0	0	0	0	0	0	0	0	0	0	0	0	0	0	0	0	0	0	0	0	0	0	0	0	0	0	0	0	0	0	0	0	0	0	0	0	0	0	0	0	0	0.108965846017639	0	0	0	0	0.292845711172404	0	0	0	0	0	0	0	0	0	0	0	0	0	0	0	0	0	0	0	0	24.8067558824531
ERR6650660	0	0	0	0	0	0	0	0	0	0	0	0	0	0	0	0	0	0	0	0	0	0	0	0	0	0	0	0	0	0	0	0	0	0	0	0	0	0	0	0	0	0	0	0	0	0	0	0	0	0	0	0	0	0	0	0	0	0	0	0	0	0	0	0	0	0	0	0	0	0	0	0	0	0	0	0	0	0	0	0	0	0	0	0	0	0	0	0	0	0	0	0	0	0	0	0	0	0	0	0	0	0	0	0	0	0	0	0	0	0	0	0	0	0	0	0	0	0	0	0	0	0	0	0	0	0	0	0	0	0	0	0	0	0	0	0	0	0	0	0	0	0	0	0	0	0	0	0	0	0	0	0	0	0	0	0	0	0	0	0	0	0	0	0	0	0	0	0	0	0	0	0	0	0	0	0	0	0	0	0	0	0	0	0	0	0	0	0	0	0	0	0	0	0	0	0	0	0	0	0	0	0	0	0	0	0	0	0	0	0	0	0	0	0	0	0	0	0	0	0	0	0	0	0.117794301700655	0	0	0	0	0	0	0	0	0	0	0	0	0	0	0	0	0	0	0	0	0	0	0	0	0	0	0	0	0	0	0	0	0	0	0	0	0	0	0	0	0	0	0	0	0	0	0	0	0	0	0	0	0	0	0	0	0	0	0	0	0	0	0	0	0	0	0	0	0	0	0	0	0	0	0	0	0	0	0	0	0	0	0	0	0	0	0	0	0	0	0	0	0	0	0	0	0	0	0	0	0	0	0	0	0	0	0	0	0	0	0	0	0	0	0	0	0	0	0	0	0	0	0	0	0	0	0	0	0	0	0	0	0	0	0	0	0	0	0	0	0	0	0	0	0	0	0	0	0	0	0	0	0	0	0	0	0	99.8822056982993	0	0	0	0	0	0	0	0	0	0	0	0	0	0	0	0	0	0	0	0	0	0	0	0	0	0	0	0	0	0	0	0	0	0	0	0	0	0	0	0	0	0	0	0	0	0	0	0	0	0	0	0	0	0	0	0	0	0	0	0	0	0	0	0	0	0	0	0	0	0	0	0	0	0	0	0	0	0	0	0	0	0	0	0	0	0	0	0	0	0	0	0	0	0	0	0	0	0	0	0	0	0	0	0	0	0	0	0	0	0	0	0	0	0	0	0	0	0	0	0	0	0	0	0	0	0	0	0	0	0	0	0	0	0	0	0	0	0	0	0	0	0	0	0	0	0	0	0	0	0	0	0	0	0	0	0	0	0	0	0	0	0	0	0	0	0	0	0	0	0	0	0	0	0	0	0	0	0	0	0	0	0	0	0	0	0	0	0	0	0	0	0	0	0	0	0	0	0	0	0	0	0	0	0	0	0	0	0	0	0	0	0	0	0	0	0	0	0	0	0	0	0	0	0	0	0	0	0	0	0	0	0	0	0	0	0	0	0	0	0	0	0	0	0	0	0	0	0	0	0	0	0	0	0	0	0	0	0	0	0	0	0	0	0	0	0	0	0	0	0	0	0	0	0	0	0	0	0	0	0	0	0	0	0	0	0	0	0	0	0	0	0	0	0	0	0	0	0	0	0	0	0	0	0	0	0	0	0	0	0	0	0	0	0	0	0	0	0	0	0	0	0	0	0	0	0	0	0	0	0	0	0	0	0	0	0	0	0	0	0	0	0	0	0	0	0	0	0	0	0	0	0	0	0	0	0	0	0	0	0	0	0	0	0	0	0	0	0	0	0	0	0	0	0	0	0	0	0	0	0	0	0	0	0	0
ERR6650662	0	0	0	0	0	0	0	0	0	0	0	0	0	0	0	0	0	0	0	0	0	0	0	0	0	0	0	0	0	0	0	0	0	0	0.00989217528934613	0	0	0	0	0	0	0	0	0	0	0	0	0	0	0	0	0	0	0	0	0	0	0	0	0	0	0	0	0	0	0	0	0	0	0	0	0	0	0	0	0	0	0	0	0	0	0	0	0	0	0	0	0	0	0	0	0	0	0	0	0	0	0	0	0	0	0	0	0	0	0	0	0	0	0	0	0	0	0	0	0	0	0	0	0	0	0	0	0	0	0	0	0	0	0	0	0	0	0	0	0	0	0	0	0	0	0	0	0	0	0	0	0	0	0	0	0	0	0	0	0	0	0	0	0	0	0	0	0	0	0	0	0	0	0	0	0	0	0	0	0	0	0	0	0	0	0	0	0	0	0	0	0	0	0	0	0	0	0	0	0	0	0	0	0	0	0	0	0	0.0692452270254229	0	0	0	0	0	0	0	0	0	0	0	0	0	0	0	0	0	0	0	0	0	0	0	0	0	0	0	0	0	0	0	0	0	0	0	0	0	0	0	0	0	0	0	0	0	0	0	0	0	0	0	0	0	0	0	0	0	0	0	0	0	0	0	0	0	0	0	0	0	0	0	0	0	0	0	0	0	0	0	0	0	0	0	0	0	0	0	0	0	0	0	0	0	0	0	0	0	0	0	0	0	0	0	0	0	0	0	0	0	0	0	0	0	0	0	0	0	0	0	0	0	0	0	0	0	0	0	0	0	0	0	0	0	0	0	0	0	0	0	0	0	0	0	0	0	0	0	0	0	0	0	0	0	0	0	0	0	0	0	0	0	0	0	0	0	0	0	0	0	0	0	0	0	0	0	0	99.7526956177663	0	0	0	0	0	0	0	0	0	0	0	0	0	0	0	0	0	0	0	0	0	0	0	0	0	0	0	0	0	0	0	0	0	0	0	0	0	0	0	0	0	0	0	0	0	0	0	0	0	0	0	0.0296765258680384	0	0	0	0	0	0	0	0	0	0	0	0	0	0	0	0	0	0	0	0	0	0	0	0	0	0	0	0	0	0	0	0	0	0	0	0	0	0	0	0	0	0	0	0	0	0	0	0	0	0	0	0	0	0	0	0	0	0	0	0	0	0	0	0	0	0	0	0	0	0	0	0	0	0	0	0	0	0	0	0	0	0	0	0	0	0	0	0	0	0	0	0	0	0	0	0	0	0	0	0	0	0	0	0	0	0	0	0	0	0	0	0	0	0	0	0	0	0	0	0	0	0	0	0	0	0	0	0	0	0	0	0	0	0	0	0	0	0	0	0	0	0	0	0	0	0	0	0	0	0	0	0	0	0	0	0	0	0	0	0	0	0	0	0	0	0	0	0	0	0	0	0	0	0	0	0	0	0	0	0	0	0	0	0	0	0	0	0	0	0	0	0	0	0	0	0	0	0	0	0	0	0	0	0	0	0	0	0	0	0	0	0	0	0	0	0	0	0	0	0	0	0	0	0	0	0	0	0	0	0	0	0	0	0	0	0	0	0	0	0	0	0	0	0	0	0	0	0	0	0	0	0	0	0	0	0	0	0	0	0	0	0	0	0	0	0	0	0	0	0	0	0	0	0	0	0	0	0	0	0	0	0	0	0	0	0	0	0	0	0	0	0	0	0	0	0	0	0	0	0	0	0	0	0	0	0	0.0494608764467306	0	0	0	0	0.0197843505786923	0	0	0	0	0	0	0	0	0	0	0	0	0	0	0	0	0	0	0	0	0.0692452270254229
ERR6650663	0	0	0	0	0	0	0	0	0	0	0	0	0	0	0	0	0.0440550198247589	0	0	0	0	0	0	0	0	0	0	0	0	0	0	0	0	0	1.84541583043712	0	0	0	0	0	0	0	0	0	1.63982573792158	0	0	0	0	0	0	0	0	0	0	0	0	0	0	0	0	0	0	0	0	0	0	0	0	0	0	0	0	1.4685006608253	0	0	0	0	0	0.117480052866024	0	0	0	0	0	0	0	0	0	0	0	0	0	0	0	0	0	0.425865191639336	0.469920211464095	0	0	0	0	0	0	0	0	0	0	0	0	0.127270057271526	0	0.166430074893534	0	0	0	0	0	0	0	0	0	0	0	0	0	0	0	0	0	0	0	0	0	0	0.14685006608253	0.024475011013755	0	0	0	0	0	0	0	0	0	0	0	0	0	0	0	0	0	0	0	0	0	0	0	0	1.4685006608253	0	0	0	0	0	0.64124528856038	0	0	0	0	0	0	0	0	0	0	0	0	0	0	0	0	0	0	0	0	0	0	0	0	0	0	0	0	0	0	0	0	0	0	0	0.660825297371384	0	0	0	0	0	0	0	0	0	0	0	0	0	0	0	0	0	0	0	0	0	0	0	0	0	0	0	0	0	0	0	0	0	0	0	0	0	0.00489500220275099	0	0	0	0	0	0	0	0	0	0	0	0	0	0	0	0	0	0	0	0	0	0	0	0	0	0	0	0	0	0	0	0	1.16990552645749	0	0	0	0	0	0	0	0	0	0	0	0	0	0	0	0	0	0	0	0	0	0	0	0	0	0	0	0	0	0	0	0	0	0	0	0	0	0	0	0	0	0	0	0	0	0	0	0	0	0	0	0	0	0	0	0	0	0	0	0	0	0	0	0	0	0	0	0	0	0	0	0	0.812570365656665	0	0	0	0	0	0	0	0	0	0	0	0	0	0	0	0	0	0	0	0	0	0	0	0	0	0	0	0	0	0	0	0	75.1040187968085	0	0	0	0	0	0	0	0	0	0	0	0	0	1.02795046257771	0	0	0	0	0	0	0	0	0	0	0	0	0	0	0	0	0	0	0	0	0	0	0	0	0	0	0	0	0	0	0	0	0	0.00489500220275099	0	0	0	0	0	0	0.29859513436781	0	0	0	0	0	0	0	0	0	0	0	0	0	0	0	0	0	1.16011552205198	0	0	0	0	0	0	0	0	0	0	0	0	0	0	0	0	0	0	0	0	0	0	0	0	0	0	0	0	0	0	0	0	0	0	0	0	0	0	0	0	0	0	0	0	0	0	0	0	0	0	0	0	0	0	0	0	0	0	0	0	0	0	0	0	0	0	0	0	0	0	0	0	0	0	0	0	0	0	0	0	0	0	0	0	0	0	0	0	0	0	0	0	0	0	0	0	0	0	0	0	0	0	0	0	0	0	0	0	0	0	0	0	0	0	0	0	0	0	0	0	0	0	0	0	0	0	0	0	0	0	0	0	0	0	0	0	0	0	0	0	0	0	0	0	0	0	0	0	0	0	0	0	0	0	0	6.35860786137354	0	0	0	0	0	0	0	0	0	0	0	0	0	0	0	0	0	0	0.327965147584316	0	0	0	0	0	0	0	0	0	0	0	0	0	0	0.881100396495178	0	0	0	0	0	0	0	0	0	0	2.11464095158843	0	0	0	0	0	0	0	0	0	0.259435116745803	0	0	0	0	0	0	0	0	0	0	0	0	0	0	0	0	0	0	0	0	0	0	0	0	0	0	0	0	0	0	0	0	0	0	0	0	0	0	0	0	0	0	0	0	0	0	0	0	0	0	0	0	0	0	0	0	0	0	0	0	0	0	0	0	0	0	0	0	0	0	0	0	0	0	0	0	0	0	0	0	0	0	0	0	0	0	0	0	0	0	0	0	0	0	0	0	0	0	0	0	1.2286455528905
ERR6650665	0	0	0	0	0	0	0	0	0	0	0	0	0	0	0	0	0	0	0	0	0	0	0	0	0	0	0	0	0	0	0	0	0	0	0	0	0	0	0	0	0	0	0	0	0	0	0	0	0	0	0	0	0	0	0	0	0	0	0	0	0	0	0	0	0	0	0	0	0	0	0	0	0	0.00492683647829729	0	0	0	0.0246341823914864	0	0	0	0	0	0	0	0	0	0	0	0	0	0	0	0	0	0	0	0	0	0	0	0	0	0	0	0	0	0	0	0	0	0	0	0	0	0	0	0	0	0	0	0	0	0	0	0	0	0	0	0	0	0	0	0	0	0	0	0.00985367295659457	0	0	0	0	0	0	0	0	0	0	0	0	0	0	0	0	0	0	0	0	0	0	0	0	0	0	0	0	0	0	0	0	0	0	0	0	0	0	0	0	0	0	0	0	0	0	0	0	0	0	0	0	0	0	0	0.0147805094348919	0	0	0	0	0	0	0	0	0	0	0.034487855348081	0	0	0	0	0	0	0	0	0	0	0	0	0	0	0	0	0	0	0	0	0	0	0	0	0	0	0	0	0	0	0	0	0	0	0	0	0	0	0	0	0	0	0	0	0	0	0	0	0	0	0	0	0	0	0	0	0	0	0	0	0	0	0	0	0	0	0	0	0	0	0	0	0	0	0	0	0	0	0	0	0	0	0	0	0	0	0	0	0	0	0	0	0	0	0	0	0	0	0	0	0	0	0	0	0	0	0	0	0	0	0	0	0	0	0	0	0	0	0	0	0	0	0	0	0	0	0	0	0	0	0	0	0	0	0	0	0	0	0	0	0	0	0	0	0	0	0	0	0	0	0	0	0	0	0	0	0	0	0	0	0	0	0	0	0	0	0	0	0	0	0	0	0	0	0	0	98.6648273143814	0	0	0	0	0	0	0	0	0	0	0	0	0	0	0	0	0	0	0	0	0	0	0	0	0	0	0	0	0	0	0	0	0	0	0	0	0	0	0	0	0	0	0	0	0	0	0	0	0	0	0	0.0640488742178647	0	0	0	0	0	0	0	0	0	0	0	0	0	0	0	0	0	0	0	0	0	0	0	0	0	0	0	0	0	0	0	0	0	0	0	0	0	0	0	0	0	0	0	0	0	0	0	0	0	0	0.295610188697837	0	0	0	0	0	0	0	0	0	0	0	0	0	0	0	0	0	0	0	0	0	0	0	0	0	0	0	0	0	0	0	0	0	0	0	0	0	0.177366113218702	0	0	0	0	0	0	0	0	0	0	0	0	0	0	0	0	0	0	0	0	0	0	0	0	0	0	0	0	0	0	0	0	0	0	0	0	0	0	0	0	0	0	0	0	0	0	0	0	0	0	0	0	0	0	0	0	0	0	0	0	0	0	0	0	0	0	0	0	0	0	0	0	0	0	0	0	0	0	0	0	0	0	0	0	0	0.0147805094348919	0	0	0	0	0	0	0	0	0	0	0	0	0	0	0	0	0	0	0	0	0	0	0	0	0	0	0	0	0	0	0	0	0	0	0	0	0	0	0	0	0	0	0	0	0	0	0.0147805094348919	0	0	0	0	0	0	0	0	0	0.0197073459131891	0	0	0	0	0	0	0	0	0	0	0	0	0	0	0	0	0	0	0	0	0	0	0	0	0	0	0	0	0	0	0	0.0394146918263783	0	0	0	0	0	0	0	0	0	0	0	0	0	0	0	0	0	0	0	0	0	0	0	0	0	0	0	0	0	0	0	0	0	0	0	0	0	0	0	0	0	0	0.0394146918263783	0	0	0	0	0.0443415283046756	0	0	0	0	0	0	0	0	0	0	0	0	0	0	0	0	0	0	0	0	0.537025176134404
ERR6650667	0	0	0	0	0	0	0	0	0	0	0	0	0	0.0328860826098395	0	0	0	0	0	0	0	0	0	0	0	0	0	0	0	0	0	0	0	0	0	0	0	0	0	0	0	0	0	0	0	0	0	0.173200035078488	0	0	0.337630448127686	0	0	0	0	0	0	0	0	0	0	0	0	0	0	0	0	0	0	0	0	0	0	0.0635797597123564	0	0	0	0	0	0	0	0.00219240550732263	0	0	0	0.0504253266684206	0	0	0	0	0	0	0	0	0	0	0	0	0.60729632552837	0	0	0	0	0	0	0	0	0	0	0	0	0	0.0811190037709375	0	0	0	0	0	0	0	0	0	0	0	0	0	0	0	0	0	0	0	0	0	0	0	0	0	0	0	0	0	0.0109620275366132	0	0	0	0	0	0	0	0	0	0	0	0	0	0	0	0	0	0	0	0	0	0	0	0	0	0	0	0	0	0	0	0	0	0	0	0	0	0	0	0	0.0591949486977111	0	0	0	0	0	0	0	0	0	1.26501797772516	0	0	0	0	0	0	0	0	0	0	0	0	0	0	0	0	0	0	0	0	0	0	0	0	0	0	0	0	0	0	0	0	0	0	0	0	0	0	0	0	0	0	0	0	0	0	0	0	0	0.0964658423221959	0	0	0	0	0	0	0	0	0	0	0	0	0	0	0	0	0	0	0	0	0	0	0	0	0	0	0	0	0	0	0	0.0065772165219679	0	0	0	0	0	0	0	0	0	0	0	0	0	0	0	0	0	0	0	0	0	0	0	0	0	0	0	0	0	0	0	0	0	0	0	0	2.59361571516268	0	0	0	0	0	0	0.195124090151714	0	0	0	0	0	0	0	0	0.0394632991318074	0	0	0	0	0	0	0	0	0	0	0	0	0	0	0	0	0	0	0	0	0	0	0	0	0	0	0	0	0	0	0	0	0	0	0	0	0	0	0	0	0	0	0	0	0	0	0	0	0	0	0	0	92.4690870823467	0	0	0	0	0	0	0	0	0	0	0	0.0570025431903885	0	0	0	0	0	0	0	0	0	0	0	0	0	0	0	0	0	0	0	0	0	0	0.0285012715951942	0	0	0.0394632991318074	0	0	0	0	0	0	0	0	0	0	0	0	0	0	0	0	0	0	0	0	0	0	0	0	0	0	0	0	0	0	0	0	0	0	0	0	0	0	0	0	0	0	0	0	0	0	0	0	0	0	0	0	0	0	0	0	0	0	0	0	0	0	0.0153468385512584	0.175392440585811	0	0	0	0	0	0	0	0	0	0	0	0	0	0	0	0	0	0	0	0	0	0	0	0	0	0	0	0	0	0	0	0	0	0	0	0	0	0	0	0	0	0	0	0	0	0	0	0	0	0.0350784881171621	0	0	0	0	0	0	0	0	0	0	0	0	0	0	0	0	0	0	0	0	0	0	0	0	0	0	0	0	0	0	0	0	0	0	0	0	0	0	0	0	0	0	0	0	0	0	0	0	0	0	0	0	0	0.0263088660878716	0	0	0	0	0	0	0	0	0	0	0	0.466982373059721	0	0	0	0	0	0	0	0	0	0	0.0197316495659037	0	0	0	0	0	0	0	0	0	0	0.0811190037709375	0	0	0	0	0	0	0	0	0	0	0	0	0	0	0.0833114092782601	0	0	0	0	0	0	0	0.168815224063843	0	0	0	0	0	0	0	0	0	0	0.153468385512584	0	0	0	0	0	0	0	0	0	0.0131544330439358	0.0065772165219679	0	0	0	0	0.0131544330439358	0	0	0	0	0	0	0	0	0	0	0	0.153468385512584	0	0	0	0	0	0	0	0	0	0	0	0	0	0	0	0	0	0	0	0	0	0	0	0	0	0	0	0	0	0	0	0	0	0	0	0	0	0	0	0	0	0	0	0	0	0	0	0	0	0	0	0	0	0	0	0	0.127159519424713	0	0	0	0	0.155660791019907	0	0	0	0	0	0	0	0	0	0	0	0	0	0	0	0	0	0	0	0	0.0964658423221959
ERR6650673	0	0	0	0	0	0	0	0	0	0	0	0	0	0	0	0	0	0	0	0	0	0	0	0	0	0	0	0	0	0	0	0	0	0	0	0	0	0	0	0	0	0	0	0	0	0	0	0	0	0	0	0	0	0	0	0	0	0	0	0	0	0	0	0	0	0	0	0	0	0	0	0	0	0	0	0	0	0	0	0	0	0	0	0	0	0	0	0	0	0	0	0	0	0	0	0	0	0	0	0	0	0	0	0	0	0	0	0	0	0	0	0	0	0	0	0	0	0	0	0	0	0	0	0	0	0	0	0	0	0	0	0	0	0	0	0	0	0	0	0	0	0.0601720921836452	0	0	0	0	0	0	0	0	0	0	0	0	0	0	0	0	0	0	0	0	0	0	0	0	0	0	0.0541548829652807	0	0	0	0	0	0	0	0	0	0	0	0	0	0	0	0	0	0	0	0	0	0	0	0	0.0481376737469162	0	0	0	0	0	0	0	0	0	0	0	0	0	0	0	0	0	0	0	0	0	0	0	0	0	0	0	0	0	0	0	0	0	0	0	0	0	0	0	0	0	0	0	0	0	0	0	0	0	0	0	0	0	0	0	0	0	0	0	0	0	0	0	0	0	0	0	0	0	0	0	0	0	0	0	0	0	0	0	0	0	0	0	0	0	0	0	0	0	0	0	0	0	0	0	0	0	0	0	0	0	0	0	0	0	0	0	0	0	0	0	0	0	0	0	0	0	0	0	0	0	0	0	0	0	0	0	0	0	0	0	0	0	0	0	0	0	0	0	0	0	0	0	0	0	0	0	0	0	0	0	0	0	0	0	0	0	0	0	0	0	0	0	0	0	0	0	0	0	0	0	0	0	0	0	0	0	0	0	0	0	0	0	0	0	0	0	99.5246404717492	0	0	0	0	0	0	0	0	0	0	0	0	0	0	0	0	0	0	0	0	0	0	0	0	0	0	0	0	0	0	0	0	0	0	0	0	0	0	0	0	0	0	0	0	0	0	0	0	0	0	0	0	0	0	0	0	0	0	0	0	0	0	0	0	0	0	0	0	0	0	0	0	0	0	0	0	0	0	0	0	0	0	0	0	0	0	0	0	0	0	0	0	0	0	0	0	0	0	0	0	0	0	0	0	0	0	0	0	0	0	0	0	0	0	0	0	0	0	0	0	0	0	0	0	0	0	0	0	0	0	0	0	0	0	0	0	0	0	0	0	0	0	0	0	0	0	0	0	0	0	0	0	0	0	0	0	0	0	0	0	0	0	0	0	0	0	0	0	0	0	0	0	0	0	0	0	0	0	0	0	0	0	0	0	0	0	0	0	0	0	0	0	0	0	0	0	0	0	0	0	0	0	0	0	0	0	0	0	0	0	0	0	0	0	0	0	0	0.180516276550936	0	0	0	0	0	0	0	0	0	0	0	0	0	0	0	0	0	0	0	0	0	0	0	0	0	0	0	0	0	0	0	0	0	0	0	0	0	0	0	0	0	0	0	0	0	0	0	0	0	0	0	0	0	0	0	0	0	0	0	0	0	0	0	0	0	0.0180516276550936	0	0	0	0	0	0.0902581382754678	0	0	0	0	0	0	0	0	0	0	0	0	0	0	0	0	0	0	0	0	0	0	0	0	0	0.0240688368734581	0	0	0	0	0	0	0	0	0	0	0	0	0	0	0	0	0	0	0	0	0	0	0	0	0	0	0	0	0	0	0	0	0	0	0	0	0	0	0	0	0	0	0	0	0	0	0	0	0	0	0	0	0	0	0	0	0	0	0	0	0	0	0	0	0	0	0	0	0
ERR6650674	0	0	0	0	0	0	0	0	0	0	0	0	0	0	0	0	0	0	0	0	0	0	0	0	0	0	0	0	0	0	0	0	0	0	0	0	0	0	0	0	0	0	0	0	0.209380234505863	0	0	0	0	0	0.188442211055276	0	0	0	0	0	0	0	0	0	0	0	0	0	0	0	0	0	0	0	0	0	0	1.03992183137912	0	0	0	0.0523450586264657	0	0	0	0	0	0	0	0	0	0	0	0	0	0	0	0	0	0	0	0	0.711892797319933	0	0	0	0	0	0.129117811278615	0	0	0	0	0	0	0	0	0	0	0	0	0	0	0	0	0	0	0	0	0	0	0	0	0	0	0	0	0	0	0	0.19891122278057	0	0	0	0	0	0	0	0	0	0	0	0	0	0	0	0	0	0	0	0	0	0	0	0	0	0	0	0	0	0	0	0	0	0	0	0	0	0	0	0	0	0	0	0	0	0	0	0	0	0	0	0	0	0	0	0	0.0348967057509771	0	0	0	0	0	0	0	0	0	0	0.708403126744835	0	0	0	0	0	0	0	0	0	0	0	0	0	0	0	0	0	0	0	0	0	0	0	0	0	0	0	0	0	0	0	0	0	0	0	0	0	0	0	0	0	0	0	0	0	0	0	0	0	0	0	0	0	0	0	0	0	0	0	0	0	0	0	0	0	0	0	0	0	0	0	0	0	0	0	0	0	0	0	0	0	0	0	0	0	0	0	0	0	0	0	0	0	0	0	0	0	0	0	0	0	0	0	0	0	0	0	0	0	0	0	0	0	0	0	0	0	0	0	0	0	0	0	0	0	0	0	0	0	0.170993858179788	0	0	0	0	0	0	0	0	0	0	0	0	0	0	0	0	0	0	0	0	0	0	0	0	0	0	0	0	0	0	0	0	0	0	0	0	0	0	0	0	0	0	0	0	0	0	86.4007537688442	0	0	0	0	0	0	0	0	0	0	0	0	0	0	0	0	0	0	0	0	0	0	0	0	0	0	0	0	0	0	0	0	0	0	0	0	0	0	0	0	0	0	0	0	0	0	0	0	0	0	0	0	0	0	0	0	0	0	0	0	0	0	0	0	0	0	0	0	0	0	0	0.617671691792295	0	0	0	0	0	0	0	0	0	0	0	0	0	0	0	0	0	0	0	0	0	0	0	0	0	0	0	0	0	0.446677833612507	0	0	0	0	0	0	0	0	0	0	0	0	0	0	0	0	0	0	1.50404801786711	0	0	0	0	0	0	0	0	0	0	0	0	0	0	0	0	0	0	0	0	0	0	0	0	0	0	0	0	0	0	0	0	0	0	0	0	0	0	0	0	0	0	0	0	0	0	0	0	0	0	0	0	0	0	0	0	0	0	0	0	0	0	0	0	0	0	0	0	0	0	0	0	0	0	0	0	0	0	0	0	0	0	0	0	0.164014517029592	0	0	0	0	0	0	0	0	0	0	0.108179787828029	0.893355667225014	0	0	0	0	0	0	0	0	0	0	0.397822445561139	0	0	0	0	0	0	0	0	0	0	0	0	0	0	0	0	0	0	0	0	0	0	0	0	0	0	0	0	0	0	0	0	0	1.42378559463987	0	0	0	0	0	0	0	0	0	0	0	0	0	0	0	0	0	0	0	0	2.19151312116136	0	0	0	0	0	0	0.101200446677834	0	0	0	0	0	0	0	0	0	0	0	0	0	0	0	0	0	0	0	0	0	0	0	0	0.460636515912898	0	0.0139586823003908	0	0	0	0	0	0	0	0	0	0	0	0	0	0	0	0	0	0	0	0	0	0	0	0	0	0	0	0	0	0	0	0	0	0	0	0	0	0	0	0	0	0	0	0	0	0	0	0.321049692908989	0	0	0	0	0	0	0	0	0	0	0	0	0	0	0	0	0	0	1.51102735901731
ERR6650677	0	0	0	0	0	0	0	0	0	0	0	0	0	0	0	0	0	0	0	0	0	0	0	0	0	0	0	0	0	0	0	0	0	0	0	0	0	0	0	0	0	0	0	0	0	0	0	0	0	0	0	0	0	0	0	0	0	0	0	0	0	0	0	0	0	0	0	0	0	0	0	0	0	0.00442477876106195	0	0	0	0	0	0	0	0	0	0	0	0	0	0	0	0	0	0	0	0	0	0	0	0	0	0	0	0	0	0	0	0	0	0	0	0	0	0	0	0	0	0	0	0	0	0	0	0	0	0	0	0	0	0	0	0	0	0	0	0	0	0	0	0	0	0	0	0	0	0	0	0	0	0	0	0	0	0	0	0	0	0	0	0	0	0	0	0	0	0	0	0	0	0	0.668141592920354	0	0	0	0	0	0	0	0	0	0	0	0	0	0	0	0	0	0	0	0	0	0	0	0	0.327433628318584	0	0	0	0	0	0	0	0	0	0	0.00442477876106195	0	0	0	0	0	0	0	0	0	0	0	0	0	0	0	0	0	0	0	0	0	0	0	0	0	0	0	0	0	0	0	0.0176991150442478	0	0	0	0	0	0.00442477876106195	0	0	0	0	0	0	0	0	0	0	0	0	0	0	0	0	0	0	0	0	0	0	0	0	0	0	0	0	0	0	0	0	0	0	0	0	0	0	0	0	0	0	0	0	0	0	0	0	0	0	0	0	0	0	0	0	0	0	0	0	0	0	0	0	0	0	0	0	0	0	0	0	0	0	0	0	0	0	0	0	0	0	0	0	0	0	0	0	0	0	0	0	0	0	0	0	0	0	0	0	0	0	0	0.0442477876106195	0	0	0	0	0	0	0	0	0	0	0	0	0	0	0	0	0	0	0	0	0	0	0	0	0	0	0	0	0	0	0	0	0	0	90.0176991150443	0	0	0	0	0	0	0	0	0	0	0	0	0	0	0	0	0	0	0	0	0	0	0	0	0	0	0	0	0	0	0	0	0	0	0	0	0	0	0	0	0	0	0	0	0	0	0	0	0	0	0	0.380530973451327	0	0	0	0	0	0	0	0	0	0	0	0	0	0	0	0	0	0	0	0	0	0	0	0	0	0	0	0	0	0	0	0	0	0	0	0	0	0	0	0	0	0	0	0	0	0	0	0	0	0.70353982300885	0	0	0	0	0	0	0	0	0	0	0	0	0	0	0	0	0	0	0	0	0	0	0	0	0	0	0	0	0	0	0	0	0	0	0	0	0	0	0	0	0	0	0	0	0	0	0	0	0	0	0	0	0	0	0	0	0	0	0	0	0	0	0	0	0	0	0	0	0	0	0	0	0	0	0	0	0	0	0	0	0	0	0	0	0	0	0	0	0	0	0	0	0	0	0	0	0	0	0	0	0	0	0	0	0	0	0	0	0	0	0	0	0	0	0	0	0	0	0	0	0	0	0	0	0	0	0.0486725663716814	0	0	0	0	0	0	0	0	0	0	0	0	0	0	0	0	0	0	0	0	0	0	0	0	0	0	0	0	0	0	0	0	0	0	0	0	0	0	0	0	0	0	0	0	0	0	0	0	0	0	0	0	0	0	0.234513274336283	0	0	0	0	0	0	0	0.946902654867257	0	0	0	0	0	0	0	0	0	0	0	0	0	0	0	0	0	0	0	0	0	0	0	0	0	0	0	0	0	0	0	0	0	0	0	0	0	0	0	0	3.02654867256637	0	0	0	0	0	0	0	0	0	0	0	0	0	0	0	0	0	0	0	0	0	0	0	0	0	0	0	0	0	0	3.56194690265487	0	0	0	0	0	0	0	0	0	0	0	0	0	0	0	0	0	0	0	0	0.00884955752212389
ERR6650681	0	0	0	0	0	0	0	0	0	0	0	0	0	0	0	0	0	0	0	0	0	0	0	0	0	0	0	0	0	0	0	0	0	0	0	0	0	0	0	0	0	0	0	0	2.04890542106226	0	0	0	0	0	0	0	0	0	0	0	0	0	0.219525580828099	0	0	0	0	0	0	0	0	0	0	0	0	0	0	0	0	0.219525580828099	0	0	0	0	0	0	0	0	0	0	0	0	0	0	0	0	0	0	0	0	0	0	0.45429599365815	0	0	0	0	0	0	0	0	0	0	0	0	0	0	0	0	0	0	0	0	0	0	0	0	0	0	0	0	0	0	0	0	0	0	0	0	0	0	0	0	0	0	0	0	0	0	0	0	0	0	0	0	0	0	0	0	0	0	0	0	0	0	0	0.173791084822245	0	0	0	0	0	0	0	0	0	0	0	0	0	0	0	0	0	0	0	0	0	0	0	0	0	0	0	0	0	0	1.28666382096469	0	0	0	0	0	0	0	0.445149094456979	0	0	0	0	0	0	0	0	0	0	0	0	0	0	0	0	0	0	0	0	0	0	0	0	0	0	0	0	0	0	0	0	0	0	0	0	0	0	0	0	0.637233977681566	0	0	0	0	0	0	0	0	0	0	0	0	0	0	0.234770412830051	0	0	0	0	0	0	0	0	0	0	0	0	0	0	0	0	0	0	0	0	0	0	0	0	0	0	0	0	0	0	0	0	0	0	0	0	0	0	0	0	0	0	0	0	0	0	0	0	0	0	0	0	0	0	0	0	0	0	0	0	0	0.00609793280078054	0	0	0	0	0	0	0	0	0	0	0	0	0	0	0	0	0	0	0	0	0	0	0	0	0	0	0	0	0	0	0	0	0	0	0	0	0	0	0	0.0823220928105372	0	0	0	0	0	0	0	0	0	0	0	0	0	0	0	0	0	0	0	0	0	80.7061406183304	0	0	0	0	0	0	0	0	0	0	0	0	0	0	0	0	0	0	0	0	0	0	0	0	0	0	0	0	0	0	0	0	0	0	0	0	0	0	0	0	0	0	0	0	0	0	0	0.140252454417952	0	0	0	0	0	0	0	0	0	0	0	0	0	0	0	0	0	0	0	0	0	0	0	0	0	0	0	0	0	0	0	0	0	0	0	0	0	0	0	0	0	0	0	0	0	0	0	0	0	0	0	0	0	0	0	0	0	0	0	0	0	0	0	0	0	0	0	0	0	0	0	0	0	0	0	0	0	0	0	0	0	0.045734496005854	0	0	0	0	0	0	0	0	0	0	0	0	0	0	0	0	0	0	0	0	0	0	0	0	0	0	0	0	0	0	0	0	0	0	0	0	0	0	0	0	0	0	0	0	0	0	0	0	0	0	0	0	0	0	0	0	0	0	0	0	0	0	0	0	0	0	0	0	0	0	0	0	0	0	0	0	0	0	0	0	0	0	0	0	0	0	0	2.48795658271846	0	0	0	0	0	0	0	0	0	0	0.121958656015611	0	0	0	0	0	0	0	0	0	0	0	0	0	0	0	0	0	0	0	0	0	0	0	0	0	0	0	0	0	0	0	0	0	0.521373254466736	0	0	0	0	0	0	0	0	0	0	1.17385206415025	0	0	0	0	0	0	0	0	0	0.387218732849564	0	0	0	0	0	2.61296420513446	0	0	0.484785657662053	0	0	0	0	0	0	0	0	0	0	0	0	0	0	0	0	0	0	0	0	0	0	0	0	0	0	0	0	0	0	0	0	0	0	0	0	0	0	0	0.11281175681444	0	0	0	0	0	0	0	0	0	0	0	0	0	0	0.292700774437466	0	0	0	0	0	0	0	0	0	0	0	0	0	0	0	2.02146472345875	0	0	0	0	0	0	0	0	0	0	0	0	0	0	0	0	0	0	0	0	3.08250503079456
ERR6650684	0	0	0	0	0	0	0	0	0	0	0.168465145927241	0	0.191230706187679	0	0	0	0	0	0	0	0	0	0	0.0409780084687884	0	0	0	0	0	0	0	0	0	0	0	0	0	0	0	0	0	0	0	0	1.42967718435551	0	0	0	0	0	0.159358921823066	0	0	0	0	0	0	0	0	0	0	0	0	0	0	0	0	0	0	0	0	0	0	0.528160998042162	0	0	0	0.24586805081273	0	0	0	0	0.0136593361562628	0	0	0.719391704229841	0	0.223102490552292	0	0	0	0	0	0	0	0	0	0	0.364248964167008	0	0	0	0	0	0.0273186723125256	0	0	0	0	0	0	0	2.3129809224605	0	0	0.286846059281519	0	0	0.0865091289896644	0	0	0	0	0	0	0	0	0	0	0	0	0	0	0	0	0	0	0.0774029048854892	0	0	0	0	0	0	0	0	0	0	0	0	0	0	0	0	0.673860583708965	0	0	0	0	0	0	0	0.232208714656468	0	0	0	0	0	0	0	0	0	0	0	0	0	0	0	0	0	0	0	0	0	0	0	0	0	0	0	0	0	0	1.92596639803306	0	0	0	0	0	0	0	0.68296680781314	0	0	1.69831079542868	0	0	0	0	0	0	0.441651869052497	0	0	0.0409780084687884	0	0	0	0	0	0	0	0	0	0	0.186677594135592	0	0	0	0	0	0	0.387014524427446	0	0	0	0	0	0	0	0	0	0.405226972635797	0	0	0	0	0	0	0	0	0	0.0637435687292264	0	0	0	0.0865091289896644	0	0	0	0	0	0.068296680781314	0	0	0.022765560260438	0	0	0	0	0	0	0	0	0	0	0	0	0	0	0	0	0.0500842325729636	0	0	0	0	0.842325729636206	0	0	0	0	0	0	0	0	0	0	0	0	0	0	0	0	0	0	0	0	0	0	0.0045531120520876	0	0.0364248964167008	0	0	0	0	0.0182124482083504	0	0.13204024951054	0	0	0	0	0	0	0	0	0	0	0	0	0.068296680781314	0	0.805900833219506	0	0	0	0	0	0	0	0	0	0	0	0	0	0	0	0	0	0	0	0	0	0	0.154805809770978	0	0	0	0	0	0	0	0	0	0	0	0	0	0	0	0	0	0	0	0	0	0	0	55.3612894413331	0	0	0	0	0	0	0	0	0	0	0	0	0.045531120520876	0	0	0	0	0	0	0	0	0	0	0	0	0	0	0	0	0	0	0	0	0	0	0	0	0.0546373446250512	0	0	0	0	0	0	0	0	0	0	0	0	0	0.141146473614716	0	0	0.0591904566771388	0	0	0	0	0	0	0	0	0	0	0	0	0	0	0	0	0	0	0	0	0	0	0	0	0	0	0	0	0	0	0	0	0	0	0	0	0	0	0	0	3.60606474525338	0.0182124482083504	0	0	0	0	11.2735054409689	0.560032782406775	0	0	0	0	0	0	0	0	0	0	0	0	0	0	0	0	0	0.978919091198834	0.300505395437782	0	0	0	0	0	0	0	0.223102490552292	0	0	0	0	0	0	0	0	1.30674315894914	0	0	0.0045531120520876	0	0	0	0	0	0	0	0	0	0.0273186723125256	0	0.0318717843646132	0.045531120520876	0	0	0	0	0	0	0	0	0	0	0	0	0	0	0	0	0	0	0	0	0	0	0	0	0	0	0	0	0	0	0	0	0	0	0	0	0	0	0	0	0	0	0	0	0	0	0	0	0	0	0	0	0	0	0	0	0	0	0	0	0	0.0091062241041752	0.300505395437782	0	0	0	0	0	0	0	0	0	0	0.191230706187679	0	0	0	0.118380913354278	0	0	0	0	0	0	0	0	0	0	0	0	0	0.0273186723125256	0.336930291854483	0	0	0	0	0.150252697718891	0	0	0	0	0	0	0	0.291399171333606	0	0	0	0.0637435687292264	0	0	0	0	0	0	0	0	0.828666393479944	0	0	0	0	0	0	0	1.19291535764695	0	0	0	0	0	0	0	0.623776351136001	0	0	0	0	0	0.0637435687292264	0	0	0	0	0	0	0	0	0.277739835177344	0	0	0	0	0	0	0	0	0	0.0273186723125256	1.20202158175113	0	0	0	0	0	0	0	0	0	0	0	0	0	0	0	0	0	0	0	0	0	0	0	0	0	0	0	0	0	0	0	0	0	0.091062241041752	0	0	0	0	0	0	0	0	0.045531120520876	0	0	0	0	0.0273186723125256	0	0	0	0	0	0	0	0.232208714656468	0	0	0	0.218549378500205	0	0	0	0	0	0	0	0	3.73810499476392
ERR6650686	0	0	0	0	0	0	0	0	0	0	0.0590293882025551	0.0463802335877219	0	0	0	0	0	0	0	0	0	0	0	0	0	0	0	0	0	0	0	0	0	0	0	0	0	0	0	0	0	0	0	0	0.0927604671754438	0	0	0	0	0	0.569211957667496	0	0	0	0	0	0	0	0	0.109626006661888	0	0	0	0	0	0	0	0	0	0	0	0	0	0	0	0	0	0	0	0	0	0	0.0969768520470549	0	0.371041868701775	0	0	0	0	0	0	0	0	0	0	0	0	0	0.00421638487161108	0	0	0	0	0	0	0	0	0	0	0	0	0	0	0	0	0	0	0	0	0	0	0	0.00421638487161108	0	0	0	0	0	0	0	0	0	0	0	0	0	0	0.0337310789728886	0	0	0	2.91773833115487	0	0	0	0	0	0	0	0	0	0	0	0	0.054813003330944	0	0	0	0	0	0	0	0.375258253573386	0	0	0	0	0	0	0	0	0	0	0.177088164607665	0	0	0	0	0	0	0	0	0	0.392123793059831	0	6.00834844204579	0	0	0	0	0	0	0	0.147573470506388	0	0	0	0	0	0	0	0	0	0	0	0	0	0	0	0	0	0.278281401526331	0	0	0	0	0	0	0	0	0	0	0	0	0	0	0	0	0	0	0	0	0	0	0	0	0	0	0	0	0	0	0	0	0	0	0	0	0	0	0	0	0	0	0	0	0	0	0	0	0	0	0	0	0.00421638487161108	0	0	0	0	0	0	0	0	0	0	0	0	0	0	0	0	0	0	0	0	0	0	0	0	0	0	0	0	0	0	0	0	0	0	0	0	0	0	0	0	0	0	0	0	0	0.0969768520470549	0	0	0	0	0	0	0	0	0.0295146941012776	0	0	0	0	0	0	0	0	0	0	0	0	0	0	0	0	0	0	0	0	0	0	0	0	0	0	0	0	0	0	0	0	0	0.168655394864443	0	0	0	0	0	0.147573470506388	0	0	0	0	0	0	0	0	0	0	0	0	0	0	0	0	0.78003120124805	0.830627819707383	0	0	0	76.9279419825442	0	0	0	0	0	0	0	0	0	0	0	0	0	0	0	0	0	0	0	0	0	0	0	0	0	0	0	0	0	0	0	0	0	0	0.0463802335877219	0	0	0	0	0	0	0	0.417422102289497	0	0	0	0	1.3323776194291	0	0	0	0	0	0	0	0	0	0	0	0	0	0	0	0	0	0	0	0.050596618459333	0	0	0	0	0	0	0	0	0	0	0	0	0	0	0	0	0	0	0	0	0	0	0	0	0.181304549479276	0	0	0	0	0	0	0	0	0.31201248049922	0	0	0	0	0	0	0	0	0	0	0	0	0	0	0	0	0	0	0	0	0	0	0	0	0	0	0	0.160222625121221	0	0	0	0	0	0	0	0	0	0	0	0	0	0	0	0	0	0	0	0	0	0	0	0	0	0	0	0	0	0	0	0	0	0	0	0	0	0	0	0	0	0	0.0210819243580554	0	0	0	0	0	0	0	0	0	0	0	0	0	0	0	0	0	0	0	0	0	0	0	0	0	0	0	0	0	0	0	0	0	0	0	0	0	0	0	0	0	0.164439009992832	0	0	0.699919888687439	0.0295146941012776	0	0	0	0	0	0	0	0	0	2.55934561706793	0	0	0	0	0	0	0	0	0	0	0	0	0	0	0	0	0	0	0	0	0	0	0	0	0	0	0	0	0	0	0	0	0	0	0	0	0	0	0	0	0	0	0	0	0.0632457730741662	0	0	0	0	0	0	0	0.0379474638444997	0	0	0	0	0	0	0	0.489100645106885	0	0	0.333094404857275	0	0	0	0	0	0	0	0	0	0	0	0	0	0	0	0	0	0	0	0	0	0	0.0463802335877219	0	0.0168655394864443	0.531264493822996	0	0	0	0	0	0	0	0.168655394864443	0	0	0	0	0	0	0	0	0	0	0	0	0	0	0	0	0	0	0	0	0	0	0	0	0	0	0	0	0	0	0	0.0168655394864443	0	1.07517814226083	0	0	0	0	0	0	0	0	0	0	0	0	0	0	0	0	0	0	0	0	0	0	0	0.522831724079774
ERR6650687	0	0	0	0	0	0	0	0	0	0	0	0	0	0	0	0	0	0	0	0	0	0	0	0	0	0	0	0	0	0	0	0	0	0	0	0	0	0	0	0	0	0	0	0	0.0119024003173973	0	0	0	0	0	0	0	0	0	0	0	0	0	0	0	0	0	0	0	0	0	0	0	0	0	0	0	0	0	0	0	0	0.0158698670898631	0	0	0	0	0	0	0.00396746677246578	0	0	0	0	0	0	0	0	0	0	0	0	0	0	0	0	0	0	0	0	0	0	0	0	0	0	0	0	0	0	0	0	0	0	0	0	0	0	0	0	0	0	0	0	0	0	0	0	0	0	0	0	0	0	0	0	0.0714144019043841	0	0	0	0	0	0	0	0	0	0	0	0	0.0753818686768498	0	0	0	0	0	0	0	0	0	0	0	0	0	0	0	0	0	0	0	0	0	0	0	0	0	0	0	0	0	0	1.24975203332672	0	0	0	0	0	0	0	0.130926403491371	0	0	0	0	0	0	0	0	0	0	0	0	0	0	0	0	0	0	0	0	0	0	0	0	0	0	0	0	0	0	0	0	0	0	0	0	0	0	0	0	0	0	0	0	0	0	0	0	1.28149176750645	0	0	0	0	0	0	0	0	0	0	0	0	0	0	0	0	0	0	0	0	0	0	0.130926403491371	0	0	0	0	0	0	0	0	0.0714144019043841	0	0	0	0	0	0	0	0	0	0	0	0	0	0	0	0	0	0	0	0	0	0	0	0	0	0	0	0	0	0	0	0	0	0	0	0	0	0	0	0	0	0	0	0	0.0198373338623289	0	0	0	0	0	0	0	0	0	0	0	0	0	0	0	0	0	0	0	0	0	0	0	0	0	0	0	0	0	0	0	0	0	0	0	0	0	0	0	0.122991469946439	0	0.238048006347947	0	0	0	0	0	0	0	0	0	0	0	0	0	0	0	0	0	0	0	92.3467565959135	0	0	0	0	0	0	0	0	0	0	0	0	0	0	0	0	0.00396746677246578	0	0	0	0	0	0	0	0	0	0	0	0	0	0	0	0	0	0.202340805395755	0	0	0	0	0	0	0	0	0	0	0	0	0.412616544336441	0	0	0	0	0	0	0	0	0	0	0	0	0	0	0	0	0	0	0	0.0277722674072605	0	0	0	0	0	0	0	0	0	0	0	0	0	0.0317397341797262	0	0	0	0	0	0	0	0	0	0	0	0	0	0	0	0	0	0	0	1.19817496528467	0	0	0	0	0	0	0	0	0	0	0	0	0	0	0	0	0	0	0	0	0	0	0	0	0	0	0	0	0	0	0	0	0	0	0	0	0	0	0	0	0	0	0	0	0	0	0	0	0	0	0	0	0.0198373338623289	0	0	0	0	0	0	0	0	0	0	0	0	0	0	0	0	0	0	0	0	0	0	0	0	0	0	0	0	0	0	0	0	0	0	0	0	0	0	0	0	0	0	0	0	0	0	0	0	0	0	0.487998413013291	0	0	0	0	0	0	0	0	0	0	0.0277722674072605	0	0	0	0	0	0	0	0	0.0555445348145209	0	0	0.904582424122198	0	0	0	0	0	0	0	0	0	0	0	0	0	0	0	0	0	0	0	0	0	0	0	0	0	0	0	0	0	0	0	0	0	0	0	0	0	0.0753818686768498	0	0	0	0	0	0	0.00396746677246578	0	0	0	0	0	0	0	0	0	0	0	0	0	0	0	0.238048006347947	0	0	0	0	0	0	0	0	0	0	0	0	0	0	0	0	0	0	0	0	0	0	0	0	0	0	0	0	0	0	0	0	0	0	0	0	0	0	0	0	0	0	0	0	0	0	0	0	0	0	0	0	0	0	0	0	0	0	0	0	0	0	0	0	0	0	0	0	0.0674469351319183	0	0	0	0	0	0	0	0	0	0	0	0	0	0	0	0	0	0	0	0	0	0	0	0	0	0.472128545923428
ERR6650689	0	0	0	0	0	0	0	0	0	0	0.0308465165469528	0	0	0	0	0	0	0	0	0	0	0	0	0	0	0.229145551491649	0	0.224738906270656	0	0	0	0	0	0	0	0	0	0	0	0	0	0	0	0	0.515577490856211	0	0	0	0	0	2.84669281276164	0	0	0	0	0	0	0	0	0	0	0	0	0	0	0	0	0	0	0.0749129687568854	0	0	0	0.20270568016569	0	0.431851231657339	0	0	0	0	0	0	0	0	0	0.559643943066144	0	0	0	0	0	0	0	0	0	0	0	0	1.03115498171242	0	0	0	0	0	0	0	0	0	0	0	0	0	0.21592561582867	0	0	0	0	0	0	0	0	0	0	0	0	0	0	0	0	0	0	0	0	0	0	0	0	0.0572863878729123	0	0	0	0	0	0	0	0	0	0	0.158639227955757	0	0	0	0	0	0.40541136033138	0	0	0	0	0	0	0	0	0	0	0	0	0	0.158639227955757	0	0	0	0	0	0.167452518397744	0	0	0.705063235358921	0	0	0	0	0	0.0881329044198652	0	0.691843299695941	0	0	0	0	0	0	0	0.546424007403164	0	0	0	0	0	0	0	2.59551403516503	0.0220332261049663	0	1.93011060679505	0	0	0	0	0	0	0.414224650773366	0	0	0	0	0	0	0	0	0	0	0	0.101352840082845	0	0	0	0	2.4853479046402	0	0	0	0	0	0	0	0	0	0	0	0	0	1.15454104790023	0	0	0	0	0	0.0528797426519191	0	0	0.0132199356629798	0.211518970607676	0	0	0	0.0660996783148989	0	0.58167716917111	0	0	0	0	0	0	0	0	0	0.0749129687568854	0.00440664522099326	0	0	0	0	0	0.330498391574494	0	0	0	0	0	0	0	0	0	0	0	0	0	0	0	0.0440664522099326	0	0	0	0	0	0	0	0	0	0	0	0	0	0	0	0	0	0	0.493544264751245	0.652183492707002	0.145419292292778	0	0	0	0.0749129687568854	0.17626580883973	0	1.54232582734764	0	0.0616930330939056	0	0	0	0	0	0	0	0	0	0	0	0	0	0	0	0.0528797426519191	0	0	0	0	0	0	0	0	0	0	0	0	0	0	0	0	0	0	0	0.401004715110386	0	0	0	0	0	0	0	0	0	0.0308465165469528	0	0	0	0	0	0	0	0	0.401004715110386	0	0	0	0	49.6144185431631	0	0	0	0	0	0	0	0	0	0	0	0	0	0	0	0	0	0	0.0572863878729123	0	0	0.229145551491649	0	0	0	0	0	0	0	0	0	0.0705063235358921	0	0.0264398713259595	0	0	0	0	0	0	0	0	0	0	0	0	0	0	0	0	0	8.39465914599216	0	0	0	0	0	1.06640814348037	0	0	0	0	0	0	0.0352531617679461	0	0.0132199356629798	0	0	0	0	0	0	0	0	0	0	0	0	0	0	0	0	0	0	0	0	0	0	0	0	0	0	0	0	0.489137619530252	0.136606001850791	0	0	0	0	2.44128145243026	0	0	0	0	0	0	0	0	0	0	0	0	0	0	0	0	0	0	0.546424007403164	0	0	0	0	0	0	0	0	0.00440664522099326	0	0	0	0	0	0	0	0	0	0	0	0	0	0	0	0	0	0	0	0	0	0	0	0	3.21685101132508	0	0	0	0	0	0	0	0	0	0	0	0	0	0	0	0	0.647776847486009	0	0	0	0	0	0	0	0	0	0	0.401004715110386	0.193892389723703	0	0	0.136606001850791	0	0	0	0	0	0	0	0	0	0	0	0	0	0	0	0	0	0	0	0	0	0	0	0.0528797426519191	0	0	0	0	0	0.141012647071784	0	0	0	0	0	0	0	0	0	0	0	0.167452518397744	0	0	0	0	0	0	0	0	0	0	0	0	0	0	0	0	0	0	0	0	0	0	0.237958841933636	0	0	0	0	0	0	0	0	0	0	0.528797426519191	0	0	0	0	0	0	0	0	0	0	1.90807738069008	0	0	0	0	0	0	0	0.180672454060724	0	0.586083814392103	0	0	0	0	0	0.564050588287137	0	0	0.273212003701582	0	0	0.330498391574494	0	0	0	0	0	0	0	0	0	0	0	0	0	0	0	0	0	0	0	0.0749129687568854	0	0	0.0220332261049663	0	0	0	0	0	0.163045873176751	0	0	0	0	0	0	0	0	0	0	0	0	0	0	0	0	0	0	0	0	0	0.171859163618737	0	0	0	0	0	0	0	0	0	0	0	0.0528797426519191	0	0	0	0	0.436257876878333	0	0	0	0	0	0.145419292292778	0	0	0.273212003701582	0	0	0.00881329044198652	0	0	0	0	0	0	0	0	2.50297448552417
ERR6650691	0	0	0	0	0	0	0	0	0	0	0.88649459579256	0	0	0	0	0	0	0	0	0	0.756930001022878	0	0	0	0	0	0	0	0	0	0	0	0	0	0	0	0	0	0	0	0	0	0	0	0.313682703126598	0	0	0	0	0	0.371645811313035	0	0	0	0	0	0	0	0	0.279586757134577	0	0	0	0	0	0	0	0	0	0	0	0	0	0.0818302703808517	0	0	0	0	0	0	0	0.0102287837976065	0	0	0	0.112516621773671	0	0	0	0	0	0	0.0954686487776603	0	0	0	0	0	0.00340959459920216	0	0	0	0.0238671621944151	0	0	0	0	0	0	0	0	0.422789730301067	0	0	0	0	0	0	0	0	0	0	0	0	0	0	0	0	0	0	0	0	0	0	0	0	0	0.0545535135872345	0	0	0	2.06621432711651	0.044324729789628	0	0	0	0	0	0	0.238671621944151	0	0	0	0	0	0	0	0	0	0	0	0	0	0	0	0	0	0	0	0	0	0.0204575675952129	0	0	0	0	0	0.0477343243888302	0	0	0	0	0	0.119335810972075	0	5.63605987248116	0	0	0	0	0	0	0	0.0954686487776603	0	0	0	0	0	0	0	0	0.0545535135872345	0	0	0	0	0	0	0	0	0	0	0	0	0	0	0	0	0	0	0	0	0	0	0	0	0	0	0	0	0.044324729789628	0	0	0.0306863513928194	0	0	0	0	0	0	0	0.66487094684442	0	0	0	0	0	0	0	0	0	0.139793378567288	0	0	0	0	0	0	0	0	0	0	0	0	0	0	0	0	0	0	0	0	0	0.0511439189880323	0.0272767567936172	0	0	0	0	0	0	0	0	0	0.0409151351904259	0	0.238671621944151	0	0	0	0.088649459579256	0	0	0	0	0	0.112516621773671	0	0	0	0	0	0	0	0	0	0.211394865150534	0	0	0.150022162364895	0.00681918919840431	0.180708513757714	0	0	0	0	0	0	0.289815540932183	0	0.0238671621944151	0	0	0	0	0	0	0	0	0	0	0	0	0.0409151351904259	0	0	0	0	0	0	0	0	0	0	0	0	0	0	0	0	0	0	0.0102287837976065	0	0	0	0	0	0.0750110811824474	0	0	0	0	0	0	0	0	0	0	0	0	0	0	0.3170922977258	0	0.494391216884312	0	0.398922568106652	0	0	73.9438780728971	0	0	0	0	0	0	0	0	0	0	0	0.0477343243888302	0	0	0	0	0	0	0	0	0	0	0	0	0	0	0	0	0	0	0	0	0	0	1.30928432609363	0	0	0	0	0	0	0	0.0204575675952129	0	0	0	0.105697432575267	0.327321081523407	0	0	0	0	0	0	0	0	0	0	0	0	0	0	0	0	0	0	0	0.272767567936172	0	0	0	0	0	0	0	0	0	0	0	0	0	0	0	0	0	0	0	0	0.197756486753725	0	0	0	0	0	0	0	0	0	0	0	0	0.364826622114631	0.12615500017048	0	0	0	0	0	0	0	0	0	0	0	0	0	0	0.0477343243888302	0	0	0.0238671621944151	0	0	0	0	0	0	0	0	0	0	0	0.0613727027856388	0	0	0	0	0	0.0306863513928194	0	0	0.00340959459920216	0.153431756964097	0	0	0	0.74329162262607	0	0	0	0	0	0.330730676122609	0.289815540932183	0	0	0	0	0	0	0	0	0	0	0	0	0	0	0	0	0	0	0	0	0	0	0	0	0	0	0	0	0	0	0	0	0	0	0	0	0	0	0	0	0	0	0	0	0	0	0	0	0	0	0	0.586450271062771	0	0	0	0	0	0	0	0	0.0647822973848409	0	0	0.279586757134577	0	0	0	0	0	0	0.0272767567936172	0	0	0	1.69456851580347	0	0	0	0	0	0	0	0	0	0	0	0	0	0	0	0	0	0	0	0	0	0	0	0	0	0	0	0	0	0	0	0	0	0	0	0	0	0	0	0	0	0	0	0	0	0	0	0	0	0	0	0	0.0170479729960108	0	0	0	0	0	0	0	0.623955811653994	0	0	0.0988782433768625	0	0	0	0	0	0	0	0	0	0	0	0.426199324900269	0	0	0	0	0	0	0	0	0	0	0	0	0	0	0	0	0	0	0	0	0	0.102287837976065	0	0	0	0	0	0	0	0	0	0	0.115926216372873	0	0	0	0	0	0	0	0	0	0	0	0	0	0	0	0	0	0	0	0	0.211394865150534	0	0	0	0	0.450066487094684	0	0	0	0	0	0.623955811653994	0	0	0	0	0	0.340959459920215	0	0	0	0	0	0	0	0	0.562583108868356
ERR6650692	0	0	0	0	0	0	0	0	0	0	0.145339652448657	0	0	0	0	0	0	0	0	0	0	0	0	0	0	0	0	0	0	0	0	0	0	0	0	0	0	0	0	0	0	0	0	0	0	0	0	0	0	0.120063191153239	0.183254344391785	0	0	0	0	0	0	0	0	0	0	0	0	0	0	0	0	0	0	0	0	0	0	0.992101105845182	0	0	0	0	0	0	0	0.0442338072669826	0	0	0	0	0	0	0	0	0	0	0	0	0	0	0	0	0.878357030015798	0	0.0505529225908373	0	0	0	0	0	0	0	0	0	0	0	0.492890995260664	0	0	0	0	0	0	0	0	0	0	0	0	0	0	0	0	0	0	0	0	0	0	0	0	0	0	0	0	1.33333333333333	0	0	0	0	0	0	0	0	0	0	0	0	0	0	0	0	0	0	0	0	0	0	0	0	0	0	0	0	0	0	0	0	0	0	0	0	0	0	0	0	0	0.00631911532385466	0	0	0	0	0	0	2.7172195892575	0	0	13.3270142180095	0	0	0	0	0	0	0	0	0	0	0.796208530805687	0	0	0	0	0	0	0.0505529225908373	0.0505529225908373	0	0	0	0	0	0	0	0	0	0	0.979462875197472	0	0	0	0	0	0	0.0505529225908373	0	0	0	0	0	0	0	0	0	0	0	2.80568720379147	0	0	0	0	0	0	0	0	0	0	0	0	0	0.113744075829384	0	0	0	0	0	0	0	0	5.41548183254344	0	0	0	0	0	0	0	0	0	0.145339652448657	0	0	0	0	0	0	0	0	0	0	0	0	0	0	0	0	0	0	0	0	0	0	0	0	0	0	0	0	0	0	0	0	0	0	0.0252764612954186	0	0	0	0	0	0	0	0	2.7172195892575	0	0	0	0	0	0	0	0	0	0	0.334913112164297	0	0	0	0	0	0	0	0	0	0	0	0	0	0	0	0	0	0	0	0	0	0	0	0	0	0	0	0	0	0	0	0	0	0	0	0	0	0	0	0	0	0	0	0	0.0884676145339652	0	0	0	0	0	24.4676145339652	0	0	0	0	0	0	0	0	0	0	0	0	0	0	0	0	0	0	0	0	0	0	0	0	0	0	0	0	0	0	0	0	0	0	0	0	0	0	0	0	0	0	0.492890995260664	0	0	0	0	0	0	0	0	0	0	0	0	0.587677725118483	0	0	0	0	0	0	0	0	0	0	0	0.322274881516588	0	0	0	0	0	0	0	0	0	0	0	0	0	0	0	0	0	0	0	0	0	0	0	0	0	0	0	0.00631911532385466	0	0	0	0	0	1.53554502369668	0.259083728278041	0	0	0	0	0	0	0	0	0	0	0	0	0	0	0	0.18957345971564	0	0	0	0	0	0	0	0	0	0	2.6477093206951	0	0	0	0	0	0	0	0	0	0	0	0	0	0	0	0	0	0	0	0	0	0	0	0	0.404423380726698	0	0	0	0	0	0	0	0	0	0	0	0	0	0	0	0	0	0	0	0	0	0	0	0	0	0	0	0	0	0	0	0	0	0	0	2.11690363349131	0	0	0	0	0	0	0	0	0	0	0	0	0	0.0126382306477093	0.00631911532385466	0	0	0	0	0	0	0	0	0.0126382306477093	0	0	0	0	0	0	0	0	0	0	0	0	0	4.75829383886256	0	0	0	0	0	0	0	0	0	0	0.309636650868878	0	0	0	0	0	0	0	0.353870458135861	0	0	0	0	0	0	0.436018957345972	0	0	0	0	0	0	0	0	0	0	0	0	0	0	0	0	0	0	16.5181674565561	0	0	0	0	0	0	0	0	0	0	0	0	0	0	0	0	0	0	0	0	0	0	0	0	0	0	0	0	0	0	0	0	0	0	0	0	0	0	0	0	0	4.34123222748815	0	0	0	0	0	0	0	0	0	0	0.227488151658768	0	0	0	0	0	0	0	0	0	0	0	0	0	0	0	0	0	0	0	0	0	0	0	0	0	0	0	0	0	0	0	0	0	0	0	0	0.113744075829384	0	0	0	0	0	0	0	0	0	0	0	0	0	0	0	0	0	0	0	0	6.01579778830964
ERR6650695	0	0	0	0	0	0	0	0	0	0	0	0	0	0	0	0	0	0	0	0	0	0	0	0	0	0	0	0	0	0	0	0	0	0	0	0	0	0	0	0	0	0	0	0	0	0	0	0	0	0	0	0	0	0	0	0	0	0	0	0	0	0	0	0	0	0	0	0	0	0	0	0	0	0.0120772946859903	0	0	0	0	0	0	0	0	0	0	0	0	0	0	0	0	0	0	0	0	0	0	0	0	0.0211352657004831	0	0	0	0	0	0	0	0	0	0	0	0	0	0	0	0	0	0	0	0	0	0	0	0	0	0	0	0	0	0	0	0	0	0	0	0	0	0	0	0	0	0	0	0	0	0	0	0	0	0	0	0	0	0	0	0	0	0	0	0	0	0	0	0	0	0	0	0	0	0	0	0	0	0	0	0	0	0	0.00603864734299517	0	0	0	0	0	0	0	0	0	0	0	0	0	0	0	0.00301932367149758	0	0	0	0	0	0	0	0	0	0	0	0	0	0	0	0	0	0	0	0	0	0	0	0	0	0	0	0	0	0.00301932367149758	0	0	0	0	0	0	0	0	0	0	0	0	0	0	0	0	0	0	0	0	0	0	0	0	0	0	0	0	0	0	0	0	0	0	0	0	0	0	0	0	0	0	0	0	0	0	0	0	0	0	0	0	0	0.00603864734299517	0	0	0	0	0	0	0	0	0	0	0	0	0	0	0	0	0	0	0	0	0	0	0	0	0	0	0	0	0	0	0	0	0	0	0	0	0	0	0	0	0	0	0	0	0	0	0	0	0	0	0	0	0	0	0	0	0	0	0	0	0	0	0	0	0	0	0	0	0	0	0	0	0	0	0	0	0	0	0	0	0	0	0	0	0	0	0	0	0	0	0	0	0	0	0	0	0	0	0	0	0	0	0	99.7252415458937	0	0	0	0	0	0	0	0	0	0	0	0	0	0	0	0	0	0	0	0	0	0	0	0	0	0	0	0	0	0	0	0	0	0	0	0	0	0	0	0	0	0	0	0	0	0	0	0	0	0	0	0	0	0	0	0	0	0	0	0	0	0	0	0	0.00301932367149758	0	0	0	0	0	0	0	0	0	0	0	0	0	0	0	0	0	0	0	0	0	0	0	0	0	0	0	0	0	0	0	0	0	0	0	0	0	0	0	0	0	0	0	0	0	0	0	0	0	0	0	0	0	0	0	0	0	0	0	0	0	0	0	0	0	0	0	0	0	0	0	0	0	0	0	0	0	0	0	0	0	0	0	0	0	0	0	0	0	0	0	0	0	0	0	0	0	0	0	0	0	0	0	0	0	0	0	0	0	0	0	0	0	0	0	0	0	0	0.00301932367149758	0	0	0	0	0	0	0	0	0	0	0	0	0	0	0	0	0	0	0	0	0	0	0	0	0	0	0	0	0	0	0	0	0	0	0	0	0	0	0	0	0	0	0	0	0.217391304347826	0	0	0	0	0	0	0	0	0	0	0	0	0	0	0	0	0	0	0	0	0	0	0	0	0	0	0	0	0	0	0	0	0	0	0	0	0	0	0	0	0	0	0	0	0	0	0	0	0	0	0	0	0	0	0	0	0	0	0	0	0	0	0	0	0	0	0	0	0	0	0	0	0	0	0	0	0	0	0	0	0	0	0	0	0	0	0	0	0	0	0	0	0	0	0	0	0	0	0	0	0	0	0	0	0	0	0	0	0	0	0	0	0	0	0	0	0	0	0	0	0	0	0	0	0	0	0	0	0	0	0	0	0	0	0	0	0	0	0	0	0	0	0	0	0	0	0	0	0	0	0	0	0	0	0	0
ERR6650697	0	0	0	0	0	0	0	0	0	0	0.889520107639408	0	0	0	0	0	0	0	0	0	0.732545970997159	0	0	0	0	0	0.123336821647481	0	0	0	0	0	0	0	2.5190611451637	0	0	0	0	0	0	0	0	0	0.40364777993721	0	0	0	0	0	0.426072656600389	0	0	0	0	0	0	0	0.418597697712663	0	0	0	0	0	0	0	0	0	0	0	0	0	0	0	0	0	0	0	0	0	0	0.18313649274929	0	0	0.298998355509045	0	0	0	0	0	0	0	0	0	0	0	0	0	0	0	0	0	0	0	0	0	0	0	0	0	0	0	0	0	0	0	0	0	0	0	0	0	0	0	0	0	0	0	0	0	0	0	0	0	0	0.13454925997907	0	0	0	0	0	3.22170728060996	0	0	0	0	0	0	0	0	0	0	0	0	0	0	0	0	0	0	0	0	0	0	0	0	0	0	0	0	0	0	0	0	0	0	0	0	0	0	0	0	0	0.612946628793542	0	0.201823889968605	0	0	0	0	0	0	0	0.470922409926745	0	0	0	0	0	0	0	0	0	0	0	0	0	0	0	0	0	0.13454925997907	0	0	0	0	0	0	0	0	0	0	0	0	0	0	0	0	0	0	0	0	0	0	0	0	0	0	0	0	0	0	0.00373747944386306	0	0	0	0	0	0	0	0	0	0	0	0	0	0	0	0	0	0	0	0	0	0	0	0	0	0	0	0	0	0	0	0	0	0	0	0	0	0	0	0	0	0	0	0	0	0	0	0	0	0	0	0	0	0	0	0	0	0	0	0	0	0	0	0	0	0	0	7.31424727164001	0	0	0	0	0	0	0	0	0.0373747944386306	0	0	0	0	0	0	0	0	0	0	0	0	0	0	0	0	0	0	0	0	0	0	0	0	0	0	0	0.0597996711018089	0	0	0	0	0	0.370010464942443	0	0	0	0	0	0	0	0	0	0	0	0	0	0	0	0	0	0	0	0	0	0	0	0	0	0	0	70.4925997907011	0	0	0	0	0	0	0	0	0	0	0.198086410524742	0	0	0	0	0	0	0	0	0	0	0	0	0	0	0	0	0	0	0	0	0	0	0	0	0	0	0	0	0	0	0	0	0	0	0	0	0	0	0	0	0	0	0	0	0	0	0	0	0	0.0261623561070414	0	0	0	0	0	0	0.0224248766631784	0	0	0	0.0710121094333981	0	0	0	0	0	0	0	0	0	0.0411122738824936	0	0	0	0	0	0	0	0	0	0	0	0	0	3.52818059500673	0	0	0	0	0	0.313948273284497	0.340110629391538	0	0	0	0	0	0	0	0	0	0	0	0	0	0	0.564359396023322	0	0	0	0	0	0	0	0	0	0	0	0.407385259381073	0	0	0	0	0	0	0	0	0	0	0	0	0	0	0	0	0	0	0	0	0	0.130811780535207	0	0	0	0	0	0	0	0	0	0	0	0	0	0	0	0	0	0	0	0	0	0	0	0	0	0	0	0	0	0	0	0.142024218866796	0	0	0	0	0	0	0	0	0	0	0	0	0	0	0	0	0	0	0	0	0	0	0	0	0	0	0.343848108835401	0	0	0	1.446404544775	0	0	0	0	0	0	0	0	0	0	0	0	0	1.42024218866796	0	0	0	0	0	0	0	0	0	0	0	0	0	0	0	0	0	0	0	0	0	0	0	0	0	0	0	0	0	0	0	0	0	0.246673643294962	0	0	0.0261623561070414	0	0	0	0	0	0	0	0	0	0	0	0	0	0	0	0	0	0	0	0	0	0	0	0	0	0	0.463447451039019	0	0	0	0	0	0	0	0	0	0	0	0	0	0	0	0	0	0	0	0	0	0	0	0	0	0.411122738824936	0	0	0	0	0	0	0	0.609209149349679	0	0	0	0	0	0	0	0	0	0	0	0	0	0	0	0	0	0	0	0	0	0	0	0	0	0	0	0	0	0	0	0.138286739422933	0	0	0	0	0	0	0	0	0	0	0	0	0	0	0	0	0	0	0	0	0	0	0	0	0	0.0597996711018089
ERR6650699	0	0	0	0	0	0	0	0	0	0	0.384217526230235	0	0	0	0	0	0	0	0	0	0	0	0	0	0	0	0	0	0	0	0	0	0	0	0.187182897394217	0	0	0	0	0	0	0	0	0	0.0197034628836018	0	0	0	0	0	0	0	0	0	0	0	0	0	0	0	0	0	0	0	0	0	0	0	0	0	0	0	0	0	0	0	0	0	0	0	0	0	0	0	0	0	0	0	0	0	0	0	0	0	0	0	0	0	0	0	0	0	0	0	0	0	0	0	0	0	0	0	0	0	0	0	0	0	0	0	0	0	0	0	0	0	0	0	0	0	0	0	0	0	0	0	0	0	0	0	0	0.128072508743412	0	0	0	0	0	0	0	0	0	0	0	0	0	0	0	0	0	0	0	0	0	0	0	0	0	0	0	0	0	0	0	0	0	0	0	0	0	0	0	0	0	0	0	0	0	0	0	0	0	0	0	0	0	0	0	0	0	0	0	0	0	0	0.0492586572090045	0	0	0	0	0	0	0	0	0	0	0	0	0	0	0	0	0	0	0	0	0	0	0	0	0	0	0	0	0	0	0	0	0	0	0	0	0	0	0	0	0	0	0	0	0	0	0	0	0	0	0	0	0	0	0	0	0	0	0	0	0	0	0	0	0	0	0	0	0	0	0	0	0	0	0	0	0	0	0	0	0	0	0	0	0	0	0	0	0	0	0	0	0	0	0	0	0	0	0	0	0	0	0	0	0	0.0886655829762081	0	0	0	0	0	0	0	0	0	0	0	0	0	0	0	0	0	0	0	0	0	0	0	0	0	0	0	0	0	0	0	0	0	0	0	0	0	0	0	0	0	0	0	0	0	0	0	0	0	0	0	0	0	0	0	0	0	0	0	0	0	0	0	0	0	0	0	0	0	0	98.2513176690803	0	0	0	0	0	0	0	0	0	0	0	0	0	0	0	0	0	0	0	0	0	0	0	0	0	0	0	0	0	0	0	0	0	0	0.177331165952416	0	0	0	0	0	0	0	0.0098517314418009	0	0	0	0	0	0	0	0	0	0	0	0	0	0	0	0	0	0	0	0	0	0	0	0	0.310329540416728	0	0	0	0	0	0	0	0	0	0	0	0	0	0	0	0	0	0	0	0	0	0	0	0	0	0	0	0	0	0	0	0	0	0	0	0	0	0	0	0	0	0	0	0	0	0	0	0	0	0	0	0	0.0640362543717058	0	0	0	0	0	0	0	0	0	0	0	0	0	0	0	0	0	0	0	0	0	0	0	0	0	0	0	0	0	0	0	0	0	0	0	0	0	0	0	0	0	0	0	0	0	0	0	0	0	0	0	0	0	0	0	0	0	0	0	0	0	0	0	0	0	0	0	0	0	0	0	0	0	0	0	0	0	0	0	0	0	0	0	0	0	0	0.00492586572090045	0	0	0	0	0	0	0.0098517314418009	0	0	0	0	0	0	0	0	0	0	0	0	0	0.197034628836018	0	0	0	0	0	0	0	0	0	0	0	0	0	0	0	0	0	0	0	0	0	0	0	0	0	0	0	0	0	0	0	0	0	0.0394069257672036	0	0	0	0	0	0	0	0	0	0	0	0	0	0	0	0	0	0	0	0	0	0	0	0	0	0	0	0	0	0	0	0	0	0	0	0	0	0	0	0	0	0	0	0	0	0	0	0	0	0	0	0	0	0	0	0	0	0	0	0	0	0	0	0	0	0	0	0	0	0	0	0	0	0	0	0	0	0	0	0	0	0	0	0	0	0	0	0	0	0	0	0	0	0	0	0	0	0	0	0	0	0	0	0	0	0	0	0	0	0	0	0	0	0	0	0	0	0	0	0	0	0.0788138515344072
ERR6650703	0	0	0	0	0	0	0	0	0	0	0	0	0	0	0	0	0	0	0	0	0	0	0	0	0	0	0	0	0	0	0	0	0	0.039984006397441	0	0	0	0	0	0	0	0	0	0	0.0499800079968013	0	0.039984006397441	0	0	0	0.249900039984006	0	0	0	0	0	0	0	0	0	0	0	0	0	0	0	0	0	0	0	0	0	0	0	0	0	0	0.0599760095961615	0	0	0	0	0	0	0	0	0	0	0	0	0	0	0	0	0	0	0	0	0.0499800079968013	0	0	0	0	0	0	0	0	0	0	0	0	0	0	0	0	0	0	0	0	0	0	0	0	0	0	0	0	0	0	0	0	0	0	0	0	0	0	0	0	0	0	0	0	0	0	0	0	0	0	0	0	0	0	0	0	0	0	0	0	0	0	0	0	0	0	0	0	0	0	0	0	0	0	0	0	0	0	0	0	0	0	0	0	0	0	0	0	0	0	0	0	0	0	0.00999600159936026	0	0	0	0	0	0	0	0.0799680127948821	0	0	0.119952019192323	0	0	0	0	0	0	0	0	0	0	0	0	0	0	0	0	0	0	0	0	0	0	0	0	0	0	0	0	0	0	0	0	0	0	0	0	0	0.0299880047980808	0	0	0	0	0	0	0	0	0	0	0	0	0	0	0	0	0	0	0	0	0	0	0	0	0	0	0	0	0	0	0	0	0	0	0	0	0	0	0	0	0	0	0	0	0.0799680127948821	0	0	0	0	0	0	0	0	0	0	0	0	0	0	0	0	0	0	0	0	0	0	0	0.249900039984006	0	0	0	0	0	0	0	0.039984006397441	0	0	0	0	0	0	0	0	0	0	0	0	0	0	0	0	0	0	0	0	0	0	0	0	0	0	0	0	0	0	0	0	0	0	0	0	0	0.0899640143942423	0	0	0	0	0	0	0	0	0	0	0	0	0	0	0	0	0	0	0	0	0	0	0	97.8508596561375	0	0	0	0	0	0	0	0	0	0	0	0	0	0	0	0	0	0	0	0	0	0	0	0	0	0	0	0	0	0	0	0	0	0.039984006397441	0	0	0	0	0	0	0	0	0	0	0	0	0	0	0	0	0	0	0	0	0	0	0	0	0	0	0	0	0	0	0.119952019192323	0	0	0	0	0	0	0	0	0	0	0	0	0	0	0	0	0	0	0	0	0	0	0	0	0	0	0	0	0	0	0	0	0	0	0	0	0.0999600159936026	0	0	0	0	0	0	0	0	0	0	0	0	0	0	0	0	0	0	0.0299880047980808	0	0.00999600159936026	0	0	0	0	0	0	0.0799680127948821	0	0	0	0	0	0	0	0	0.0199920031987205	0	0	0	0	0	0	0	0	0	0	0	0	0	0	0	0	0	0	0	0	0	0	0	0	0	0	0	0	0	0	0	0	0	0	0	0	0	0	0	0	0	0	0	0	0	0	0	0	0	0	0	0	0	0	0	0	0	0	0	0	0	0	0	0	0	0	0	0	0	0	0	0	0	0	0	0	0	0	0	0	0	0	0	0	0	0	0	0	0	0	0	0	0	0	0	0	0	0	0	0	0	0	0	0	0	0	0	0	0	0	0	0	0	0	0	0	0	0	0	0	0	0	0	0	0	0	0	0	0	0	0	0	0	0	0	0	0	0	0	0	0	0	0	0	0	0	0	0	0	0	0	0	0	0	0	0	0	0	0	0	0	0	0	0	0	0	0	0	0	0	0	0	0	0	0	0	0.0299880047980808	0	0	0	0	0	0	0	0	0	0	0.0599760095961615	0	0	0	0	0	0	0	0.0999600159936026	0	0	0	0	0	0	0	0	0	0	0	0	0	0	0	0	0	0	0	0	0	0	0	0	0	0	0	0	0	0	0	0	0	0	0	0	0	0	0	0	0	0	0	0	0	0	0	0	0	0.369852059176329
ERR6650709	0	0	0	0	0	0	0	0	0	0	0.0123403467637441	0	0	0.0185105201456161	0	0	0	0	0	0.0863824273462084	0.0308508669093602	0	0	0	0	0	0	0	0	0	0	0.0185105201456161	0	0	0	0	0	0	0	0	0	0	0	0	0	0	0	0	0	0	0	0	0	0	0	0	0	0	0	0	0	0	0	0	0	0	0	0	0	0	0	0	0	0.0308508669093602	0	0	0	0.00617017338187203	0	0	0	0	0	0	0.172764854692417	0	0	0	0	0	0	0	0	0	0	0	0	0	0	0	0	0	0	0	0	0	0	0	0	0	0	0	0	0	0	0	0	0	0	0	0	0	0	0	0	0	0	0	0	0	0	0	0	0	0	0	0	0.0370210402912322	0	0	0.0185105201456161	0	0	0	0	0	0	0	0	0	0	0	0	0	0.00617017338187203	0	0	0	0	0	0	0	0	0	0	0	0	0	0.0678719072005923	0	0	0	0	0	0	0	0	0	0	0	0	0	0	0	0	0.0740420805824644	0	0	0	0	0	0	0	0.0185105201456161	0	0	0	0	0	0	0	0	0	0	0.0370210402912322	0	0	0	0	0	0	0	0	0	0	0	0	0	0	0	0	0	0	0	0	0	0	0	0.172764854692417	0	0	0	0	0	0	0	0	0	0	0	0	0	0.0678719072005923	0	0	0	0	0	0.0308508669093602	0	0	0	0	0	0	0	0	0	0	0	0	0	0	0	0.0678719072005923	0.0123403467637441	0	0	0	0	0	0	0	0	0	0.0308508669093602	0	0	0	0	0	0	0	0	0	0	0	0.0555315604368483	0	0	0	0	0	0	0	0	0	0	0	0	0	0	0	0	0.0123403467637441	0	0	0	0	0	0.0123403467637441	0.0123403467637441	0	0	0	0	0	0.0123403467637441	0	0	0	0	0	0	0	0	0	0	0	0	0	0	0	0	0	0	0	0	0	0	0	0	0	0	0	0	0	0	0	0	0	0	0	0	0	0	0	0.00617017338187203	0	0	0	0	0	0	0	0	0	0	0	0	0	0	0	0	0	0	0.0740420805824644	0	0	0	0	96.4398099586598	0	0	0	0	0	0	0	0	0	0	0	0	0.0370210402912322	0	0	0	0.0802122539643364	0	0	0	0	0	0	0	0	0	0	0	0	0	0	0	0	0	0.00617017338187203	0.0246806935274881	0	0.0987227741099525	0	0	0	0	0	0	0	0	0	0	0	0	0	0	0.228296415129265	0	0	0	0	0	0	0	0	0	0	0	0	0	0	0	0	0	0	0	0	0	0	0	0	0	0	0	0	0	0	0	0	0.117233294255569	0	0	0	0	0	0	0	0	0	0	0	0	0	0	0	0.0123403467637441	0.0370210402912322	0	0.0185105201456161	0	0	0	0	0	0	0	0	0	0	0	0	0	0	0	0	0	0	0	0	0	0	0	0	0.0123403467637441	0	0	0	0	0	0	0	0	0.117233294255569	0	0	0	0	0	0	0	0	0	0	0	0	0	0	0	0.0308508669093602	0	0	0	0	0	0	0	0	0	0	0	0	0	0	0	0	0	0	0	0	0	0	0	0	0	0	0	0	0.271487628802369	0	0	0	0	0	0	0.0308508669093602	0	0	0	0.104892947491825	0	0	0	0	0	0	0	0	0	0	0.0678719072005923	0	0	0	0	0	0	0	0	0	0	0	0	0	0	0	0	0	0	0	0	0	0	0.0555315604368483	0	0	0	0	0	0	0	0	0	0	0.0678719072005923	0	0	0	0	0	0	0	0	0	0	0	0	0	0	0	0	0	0	0	0	0	0	0	0	0	0	0	0	0	0	0	0	0	0.0555315604368483	0	0	0	0	0	0	0	0	0	0	0	0	0	0	0	0	0	0	0.36404022953045	0	0	0	0	0	0	0	0	0	0	0	0	0	0	0	0	0	0	0	0	0	0	0.0678719072005923	0	0	0	0	0	0	0	0	0	0	0	0	0	0	0	0	0	0	0	0	0	0	0	0	0	0	0	0	0	0	0	0	0	0	0	0	0	0	0	0	0	0	0	0	0	0	0	0	0	0	0	0	0	0.0185105201456161	0	0	0	0	0	0	0	0	0	0	0	0	0	0	0.431912136731042
ERR6650720	0	0	0	0	0	0	0	0	0	0	0	0	0	0	0	0	0	0	0	0	0	0	0	0	0	0	0.0793860809738026	0	0	0	0	0	0	0	0	0	0	0	0	0	0	0	0	0	1.03201905265943	0	0	0	0	0	0.396930404869013	0	0	0	0	0	0	0	0	0	0	0	0	0	0	0	0	0	0	0	0	0	0	0.0793860809738026	0	0	0	0	0	0	0	0	0	0	0	0	0	0	0	0	0	0	0	0	0	0	0	0	1.87880391637999	0	0	0	0	0	0	0	0	0	0	0	0	0	0	0	0	0	0	0	0.330775337390844	0	0	0	0	0	0	0	0	0	0	0	0	0	0	0.0529240539825351	0	0	0	0	0	0	0	0	0	0	0	0	0	0	0	0	0	0	0	0	0	0	0	0	0	0	0	0	0	0	0	0	0	0	0	0	0	0	0	0	0	0	0	0	0	0.132310134956338	0	0	0	0	0	0.0661550674781688	0	0	0	0	0.185234188938873	0	0	0.0926170944694364	0	0	0	0	0	0	0	0	0	0	0	0	0	0	0	0	0	0	0	0	0	0	0	0	0	0	0	0	0	0	0	0	0	0	0	0	0	0	0	0	0	0	0	0	0	0	0	0	2.20957925377084	0	0	0	0	0	0	0	0	0	0	0	0	0	0	0	0	0	0	0	0	0	0	0	0	0	0	0	0	0	0	0	0	0	0	0	0	0	0.0264620269912675	0	0	0	0	0	0	0.344006350886478	0	0	0	0	0	0	0	0	0	0	0	0	0	0	0	0	0	0	0	0	0	0	0	0	0.145541148451971	0	0	0	0	0	0	0	0	0	0	0	0	0	0	0	0	0	0	0	0	0	0	0	0	0	0	0	0.158772161947605	0	0	0	0	0	0	0	0	0	0	0	0	0	0	0	0	0	0	0	0	0	0	0	0	0	0	0	0	0	0	0	0	0	0	0	0	0	0	0	0	81.0399576607568	0	0	0	0	0	0	0	0	0	0	0	0	0	0	0	0	0	0	0	0	0	0	0	0	0	0	0	0	0	0	0	0	0	0	0	0	0	0	0	0	0	0	0	0	0	0	0	0.0926170944694364	0	0.10584810796507	0	0	0	0	0	0	0	0	0	0	0	0	0	0	0	0	0	0	0	0	0	0	0	0	0	0	0	0	0	0	0	0	0	0	0	0	0	0	0	0	0	0	0	0	0	0	0	0	0	0	0	0.357237364382112	0.10584810796507	0	0	0	0	0	0	0	0	0	0	0	0	0	0	0.132310134956338	0	0	0	0	0	0	0	0	0	0	0	0	0	0	0	0	0.0926170944694364	0	0	0	0	0	0	0	0	0	1.07171209314633	0	0	0	0	0	0	0	0	0	1.08494310664197	0	0	0	0	0	0	0	0	0	0	0	0	0	0	0	0	2.0772691188145	0	0	0	0	0	0	0	0	0	0	0	0	0	0	0	0	0	0	0	0	0	0	0.0529240539825351	0	0	0.10584810796507	0	0	0	0	0	0	0	0	0	0	0	0	0.70124371526859	0	0	0	0	0	0	0	0	0	0	0	0	0	0	0	0	0	0.0132310134956338	0	0	0	0	0	0	0	0	0	0.172003175443239	0	0	0	0	0	0	0	0	0	0	0	0	0	0	0	0	0	0	0	0	0	0	0	0	0	0.172003175443239	0	0	0	0	0	0	0	0	0	0	0	0	0	0	0	0	0	0	0	0	0	0	0	0	0.383699391373379	0	0	0.119079121460704	0	0	0.119079121460704	0	0	0	0	0	0	0	0	0	0	0	0	0	0	0	0	0	0	0	0.264620269912675	0	0.0793860809738026	0	0	0	0	0	0	0	0	0	0	0	0	0	0	0	0	0	0	0	0	0	0	0	0	0	0	0	0	0	0	0	0	0	0	0	0	0	0	0	0	0	0	0	0	0	1.17756020111141	0	0.0529240539825351	0	0	0	0	0	0	0	0	0	0	0	0	0	0	0	0	0	0	3.21513627943901
ERR6650723	0	0	0	0	0	0	0	0	0	0	0	0	0	0	0	0	0	0	0	0	0	0	0	0	0	0	0	0	0	0	0	0	0	0	0	0	0	0	0.384368994234465	0	0	0	0.384368994234465	0	0.640614990390775	0	0	0	0	0	0	0	0	0	0	0	0	0	0	0	0	0	0	0	0	0	0	0	0	0	0	0	0	0	0	0	0	0	0	0	0	0	0	0	0	0	0	0	0	0	0	0	0	0	0	0	0	0	0.341661328208413	0	0	0	0	0	0	0	0	0	0	0	0	0	0	0	0	0	0	0	0	0	0	0	0	0	0	0	0	0	0	0	0	0	0	0	0	0.138799914584668	0	0.0854153320521033	0	0	0	0.352338244714926	0	0	0	0	0	0	0	0	0	0	0	0	0	0	0	0	0	0	0	0	0	0	0	0	0	0	0	0	0	0	0	0	0.0106769165065129	0	0	0	0	0	0	0	0	0	0	0	0	0	0	0	0.170830664104207	0	0	0.298953662182362	0	0	0.0640614990390775	0	0.341661328208413	0	0	0.427076660260517	0	0	0.128122998078155	0	0	0	0	0	0	0.160153747597694	0	0	0	0	0	0	0	0	0	0	0	0	0	0	0	0	0	0	0	0	0.0213538330130258	0	0	0	0.213538330130258	0	0	0	0	0	1.03566090113175	0	0	0	0	0	0	0	0	0	0	0	0	0	0	0	0	0	0	0	0	0	0	0	0	0	0	0	0	0	0	0	0	0	0	0.234892163143284	0	0	0.202861413623745	0	0	0	0	0	0	0	0	0	0	0	0	0	0	0	0	0	0	0	0	0	0	0	0	0	0	0	0	0.160153747597694	0	0.18150758061072	0	0	0	0	0	0	0	0.629938073884262	0	0	0	0	0	0	0	0	0.138799914584668	0	0	0	0	0	0.149476831091181	0	0	0	0	0	0	0	0	0	0	0	0	0	0	0	0	0	0	0.106769165065129	0	0	0	0	0	0.341661328208413	0	0	0	0	0	0	0	0	0	0	0	0	0	0	0	0	0	0	0	0	0	84.8708093102712	0	0	0	0	0	0	0	0	0	0	0	0	0	0	0	0	0	0	0	0	0	0	0	0	0	0	0	0	0	0	0.0854153320521033	0.0854153320521033	0	0	0	0	0	0	0	0	0	0.0960922485586163	0	0	0	0	0	0.25624599615631	0	0	0	0	0	0	0	0	0	0	0	0	0	0	0	0	0	0	0	0	0	0	0	0	0	0	0	0	0	0	0	0	0	0	0	0	0	0.224215246636771	0	0	0	0	0	0	0	0	0	0	0	0	0	0	0	1.04633781763827	0	0	0	0	0	0	0	0	0	0	0	0	0	0	0	0	0	0	0.0106769165065129	0	0	0	0	0	0	0	0	0	0	0	0	0	0	0	0	0	0	0	0	0	0	0	0	0	0	0	0	0	0	0	0	0	0	0	0	0	0	0	0	0	0	0	0	0	0	0	0	0	0	0.330984411701901	0	0	0	0	0	0	0	0	0	0	0	0	0	0	0	0	0	0	0	0	0	0	0.224215246636771	0	0	0	0	0	0	0	0	0	0	0.0854153320521033	0	0	0	0	0.0640614990390775	0	0	0	0.341661328208413	0	0	0	0	0	0	0	0	0	0	0	0	0	0.427076660260517	0	0	0	0	0	0	0	0	0	0	0.0533845825325646	0	0	0	0	0	0	0	0	0	0	0	0	0	0	0	0	0	0	0	0	0	0	0.266922912662823	0	0	0.0106769165065129	0	0	0	0	0	0	0	0	0	0	0	0	0	0	0	0	0	0.224215246636771	0	0	0	0	0	0	0	0.384368994234465	0	0	0	0.224215246636771	0	0	0	0	0	0	0	0	0	0	0	0	0	0	0	0	0	0	0	0	0	0	0	0	0	0	0	0	0	0	0	0	0	0	0	0	0	0	0	0	0	0.138799914584668	0	0	0	0	0	0	0	0	0.43775357676703	0	0	0	0	0	0	0	0	0	0	0	0	0	0	0	0	0.43775357676703	0	0	0	0	0	0	0	0	0	0	0	0.138799914584668	0	0	0	0	0	0	0	0	2.18876788383515
ERR6650725	0	0	0	0	0	0	0	0	0	0.0709112090361141	0.212733627108342	0	0	0	0	0	0	0	0	0	0	0	0	0	0	0	0	0	0	0	0	0	0	0	0	0	0	0	0	0	0	0	0	0	2.34513498455149	0	0	0	0	0	0	0	0	0	0	0	0	0	0	0	0	0	0	0	0	0	0	0	0	0	0	0	0	0	0	0	0	0	0	0	0	0	0	0	0	0.557159499569468	0	0	0	0	0	0	0	0	0	0	0	0	1.11938408549866	0	0	0	0	0	0.151952590791673	0	0	0	0	0	0	0	1.59043711695284	0	0	0	0	0	0	0	0	0	0	0	0	0	0	0	0	0	0	0	0	0	0	0.0455857772375019	0	0	0	0	0	0	0	0	0	0	0	0	0	0	0	0	0	0	0	0	0	0	0	0	0	0	0	0	0	0	0	0	0	0	0	0	0	0	0	0	0	0	0	0	0	0	0	0	0	0	0	0	0	0	0	0	1.42835435344173	0	0	0	0	0	0	0	0	0	0	0	0	0	0	0	0	0	0	0	0	0	0	0	0	0	0	0	0	0	0	0	0	0	0	0	0	0	0	0	0	0	0.0253254317986122	0	0	0	0	0	0	0	0	0	0	0	0	0	0	0	0	0	0	0	0	0	0	0	0	0	0	0	0	0	0	0	0	0	0	0	0	0	0	0	0	0	0.22792888618751	0	0	0	0	0	0	0	0	0	0	0	0	0	0	0	0	0	0	0	0	0	0	0	0	0	0	0	0	0	0	0	0	0	0	0	0	0	0	0	0	0	0	0.886390112951426	0	0	0	0	0	0	0	0	0	0	0	0	0	0	0	0	0	0	0	0	0	0	0	0	0	0	0	0	0	1.82343108950008	0	0	0	0	0	0	0	1.09405865370005	0	0	0	0	0	0.263384490705567	0	0	0	0	0	0	0	0	0	0	0	0	0	0	0	0	0	68.7534822468723	0	0	0	0	0	0	0	0	0	0	0	0	0	0	0	0	0.101301727194449	0	0	0	0	0	0	0	0	0	0	0	0	0	0	0	0	0.0607810363166692	0	0	0	0	0	0	0	0	0	0	0	0	0.0911715544750038	0	0	0	0	0	0	0	0	0	0	0	0	0	0	0	0	0	0	0	0	0	0	0	0	0.0962366408347262	0	0	0	0	0	0	0	0	0	0	0	0	0	0	0	0	0	0	0	0	0	0	0	0.455857772375019	0	0	0	0	0	0.172212936230563	0	0	0	0	0	0	0	0.0455857772375019	0	0	0	0	0	0	0	0	0	0	0	0	0	0	0	0	0	0	0	0	0	0	0	0	0	0	0	0	0	0	0	0	0	0	0	0	0.00506508635972243	0	0	0	0	0	0	0	0	0	0	0	0	0	0	0	0	0	0	0	0	0	0	0	0	0	0	0	0	0	0	0	0.440662513295852	0	0	0	0	0	0	0	0	0	0	0	0	0	0	0	0	0	0	0	0	0	0	0	0	0	0	0	0	0	0	0	0	0	0	0	0.37481639061946	0	0	10.510054196424	0	0	0	0	0	0	0	0	0	0	0	0	0	0	0	0	0	0	0	0.774958213037532	0	0	0	0	0	0	0	0	0	0	0	0	0	0	0	0	0	0	0	0	0	0	0	0	0	0	0	0	0	0	0	0	0	0	0	0.440662513295852	0	0	0	0	0	0	0	0	0	0	0	0	0	0	0	0	0	0	0	0	0	0	0	0	0	0	0	0	0	0	0	0	0	0	0	0	0	0	0	0	0	0.739502608519475	0	0	0	0	0	0	0	0	0	0	0	0	0	0	0	0	0	0	0	0.177278022590285	0	0	0	0	0	0	0	0	0	0	0	0	0	0	0	0	0	0	0	0	0	0	0	0	0.390011649698627	0	0	0	0	0	0	0	0	0	0	0.0101301727194449	0	0	0	0	0	0	0	0	0	0	0	0	4.51805703287241
ERR6650727	0	0	0	0	0	0	0	0	0	0	0.0654450261780105	0	0	0	0	0	0	0	0	0	0	0	0	0	0	0	0	0	0	0	0	0	0	0	0	0	0	0	0	0	0	0	0	0	0.253599476439791	0	0	0	0	0	0	0	0	0	0	0	0	0	0	0	0	0	0	0	0	0	0	0	0	0	0.0409031413612565	0	0	0.0899869109947644	0	0.00818062827225131	0	0	0	0	0	0	0	0	0.0899869109947644	0	0	0	0	0	0	0	0	0	0	0	0	0	0.75261780104712	0	0	0	0	0	0	0	0	0	0	0	0	0	0.196335078534031	0	0	0	0	0	0	0	0	0	0	0	0	0	0	0	0	0	0	0	0	0	0	0	0	0	0	0	0	0	0	0	0	0	0	0	0	0	0	0	0	0	0.368128272251309	0	0	0	0	0	0	0	0	0	0	0	0	0	0.12270942408377	0	0	0	0	0	0	0	0	0	0	0	0	0	0	0	0	0.515379581151832	0	0	0	0	0	0	0.0654450261780105	0	0	0	0	0	0	0	0	0	0	0	0.229057591623037	0	0	0	0	0	0	0	0	0	0	0	0	0	0	0	0	0	0	0	0	0	0	0	0	0	0	0	0	0	0	0	0	0	0	0	0	0	0.179973821989529	0	0	0	0	0	0	0	0	0	0	0	0	0	0	0	0	0	0	0.384489528795812	0	0	0	0	0	0	0	0	0	0	0	0	0	0	0	0	0	0	0	0	0	0	0	0	0	0	0	0	0	0	0	0	0	0	0	0	0	0	0	0	0	0	0	0	0	0	0	0	0	0	0	0	0	0	0	0.0981675392670157	0	0	0	0	0	0	0	0	0	0	0	0	0	0	0	0	0.163612565445026	0	0	0	0	0	0	0	0	0	0	0	0	0	0	0	0	0	0	0	0	0	0	0	0	0	0	0	0	0	0	0	0	0	0	0	0	0	0	0	0	0	0	0	0	0	0	94.7725785340314	0	0	0	0	0	0	0	0	0	0	0	0	0	0	0	0	0	0	0	0	0	0	0	0	0	0	0	0	0	0	0	0	0	0	0	0	0	0	0	0	0	0	0	0	0	0	0	0	0	0	0	0	0	0	0	0	0	0	0	0	0	0	0	0	0.0490837696335078	0	0	0	0	0	0	0	0	0	0	0	0	0	0	0	0	0	0	0	0	0	0	0	0	0	0	0	0	0	0	0	0	0	0	0	0	0.621727748691099	0	0	0	0	0	0	0	0	0	0	0	0	0	0	0	0	0	0	0.319044502617801	0	0	0	0.0490837696335078	0	0	0	0	0	0	0	0	0	0	0	0	0	0	0	0.0736256544502618	0	0	0	0	0	0	0	0	0	0	0	0	0	0	0	0	0	0	0	0	0	0	0	0	0	0	0	0	0	0	0	0	0	0	0	0	0	0	0	0	0	0	0	0	0	0	0	0	0	0	0	0	0	0	0	0	0	0	0	0	0	0	0	0	0.00818062827225131	0	0	0	0	0	0	0	0	0	0	0	0.0327225130890052	0	0	0	0	0	0	0	0	0	0	0	0	0	0	0	0	0	0	0	0	0	0	0	0	0	0	0	0	0	0	0	0	0	0	0	0	0	0	0	0	0	0	0	0	0	0	0	0	0	0	0	0	0	0	0	0	0	0	0	0	0	0	0	0.351767015706806	0	0	0	0	0	0	0	0	0	0	0	0	0	0	0	0	0.0981675392670157	0	0	0	0	0	0	0	0	0	0	0	0	0	0	0	0	0	0	0	0	0	0	0	0	0	0	0	0	0	0	0	0	0	0	0	0	0	0	0	0	0	0	0	0	0	0	0	0	0	0	0	0	0	0	0	0	0	0	0	0	0	0	0	0	0	0	0	0	0	0	0	0	0	0	0	0	0	0	0	0	0	0	0	0	0	0
ERR6650728	0	0	0	0	0	0	0	0	0	0	0	0	0	0	0	0	0	0.154731204126165	0	0	0	0	0	0	0	0	0	0	0	0	0	0	0	0	1.05137869470343	0	0	0	0	0	0	0	0	0	0.349137075976989	0	0	0	0	0	0	0	0	0	0	0	0	0	0	0	0	0	0	0	0	0	0	0	0	0	0	0	0	0.107121602856576	0	0	0	0	0	0	0	0	0	0	0	0.372941876611783	0	0	0	0	0	0	0	0	0	0.126958936718905	0	0	0.317397341797262	0	0	0	0	0	0	0.00793493354493156	0	0	0	0	0	0	0.0396746677246578	0	0	0	0	0	0	0.257885340210276	0	0	0	0	0	0	0	0	0	0	0	0	0	0	0	0	0	0.0198373338623289	0	0	0	0.908549890894664	0	0	0	0	0	0	0	0	0	0	0	0	0	0	0	0	0	0	0	0	0	0	0	0	0	0	0	0	0	0	0	0	0	0	0	0	0	0	0	0	0	0	0	0	0	0	0	0	0	0	0.0753818686768498	7.61356873636183	0	0	0	0	0	0	0	0	0	0	0	0	0	0	0	0	0	0	0	0	0	0	0	0	0	0	0	0	0	0	0	0	0	0	0	0	0	0	0	0	0	0	0	0	0	0	0	0	0.368974409839318	0.345169609204523	0	0	0	0	0	0	0	0	0	0	0	0	0	0	0	0	0	0	0	0	0	0	0	0	0	0	0.0238048006347947	0	0	0	0.412616544336441	1.03947629438603	0	0	0	0	0	0	0	0	0	0	0	0	0	0	0	0	0	0	0	0	0	0	0	0	0	0	0	0	0	0	0	3.03114461416386	0	0	0	0.242015473120413	0	0	0	0	0	0	0	0	0	0	0	0	0	0	0	0	0	0	0	0	0	0	0	0	0	0	0	0	0	0	0	0	0	0	0	0	0.0476096012695894	0	0	0	0	0.091251735766713	0	0	0	0.00396746677246578	0	0	0	0	0	0	0	0	0	0	0	0	0	0	0	0	0	0	0	0.265820273755207	0	0	0	68.4705415592144	0	0	0	0.0436421344971236	0	0	0	0	0	0	0	0	0	0	0	0	0	0	0	0	0	0	0	0	0	0	0.0872842689942472	0	0	0	0	0	0	0	0	0	0	0	0	0	0	0	0	0	0	0	0	0	0	0	0	0.575282682007538	0	0	0	0	0	0	0	0	0	0	0	0	0	0	0	0	0	0	0	0	0	0	0	0	0	0	0	0	0	0	0	0	0	0	0	0	0	0	0	0	0	0	0	0	0	0	0	0	0	0.551477881372743	0	0	0	0	0.122991469946439	0	0	0	0	0	0	0	0	0	0.122991469946439	0	0	0	0.0238048006347947	0	0	0	0	0	0	0	0	0	0	0	0	0	0	0	0	0	0.0634794683594525	0	0	0.035707200952192	0	0	0	0	0	0	0	0	0	0	0	0	0	0	0	0	0	0	0	0	0	0	0	0	0	0	0	0	0	0	0	0	0	0	0	0	0	0	0	0	0	0	0	0	0	0	0	0	0	0	0	0	0	0	0	0	0	0	0	0	0.0674469351319183	0	0	0	0	0	0	0	0	0	0	0	0.0238048006347947	0	0	0	0	0	0	0	0	0	0	0	0	0	2.45586193215632	0	0	0	0	0	0	0	0	0	0	0.0119024003173973	0	0	0	0	0	0	0	0	0	0	0	0	0	0	0	0	0	0	0	0	0	0	0.591152549097401	0	0	0.0833168022217814	0	0	0	0	0	0	0	1.3449712358659	0	0	0	1.68617337829796	0	0	0	0	0	0	0	0	0	0	0	0	0	0	0	0	0	0	0	0	0	0	0	0	0	0	0	0	0	0	0	0	0	0.0793493354493156	0	0	0	0.849037889307677	0	0	0	0	0	0.0396746677246578	0	0	0.00396746677246578	0	0.43245387819877	0	0	0	0	0	0	0	0	0	0	0	0	0	0	0	0	0	0	0	0	0	0	0	0	0	0	0	0	0.142828803808768	0	0	0	0	0	0	0	0	0	0	0	0	0	0	0	0	0	0	0	0	0	0	0	0	0.293592541162468	0	0	0	4.52291212061099
ERR6650734	0	0	0	0	0	0	0	0	0	0	0	0	0	0	0	0	0	0	0	0	0	0	0	0	0	0	0	0	0	0	0	0	0	0	0	0	0	0	0	0	0	0	0	0	0	0	0	0	0	0	0	0	0	0	0	0	0	0	0	0	0	0	0	0	0	0	0	0	0.0554908162699073	0	0	0	0	0	0	0	0	0	0	0	0	0	0	0	0	0	0	0	0	0	0	0	0	0	0	0	0	0	0	0	0	0	0	0	0	0	0	0	0	0	0	0	0	0	0	0	0	0	0	0	0	0	0	0	0	0	0	0	0	0	0	0	0	0	0	0	0	0	0	0	0	0.344043060873425	0	0	0	0	0	0	0	0	0	0	0	0	0	0	0	0	0	0	0	0	0	0	0	0	0	0	0	0	0	0	0	0	0	0	0	0	0	0	0	0	0	0	0	0	0	0	0	0	0	0	0	5.52688530048277	0	0	0	0	0	0	0	0	0	0	0	0	0	0	0	0	0	0	0	0	0	0	0	0	0	0	0	0	0	0	0	0	0	0	0	0	0	0	0	0	0	0	0	0	0	0	0	0	0	0	0	0	0	0	0	0	0	0	0	0	0	0	0	0	0	0	0	0	0	0	0	0	0	0	0	0	0	0	0	0	0	0	0	0	0	0	0	0	0	0	0	0	0	0.14982520392875	0	0	0	0	0	0	0	0	0	0	0	0	0	0	0	0	0	0	0	0	0	0	0	0	0	0	0	0	0	0	0	0	0	0	0	0	0	0	0	0	0	0	0	0	0	0	0	0	0	0	0	0	0	0	0	0	0	0	0	0	0	0	0	0	0	0	0	0	0	0	0	0	0	0	0	0	0	0	0	0	0	0	0	0	0	0	0	0	0	0	0	0	0	91.0548804172909	0	0	0	0	0	0	0	0	0	0	0	0	0	0	0	0	0	0	0	0	0	0	0	0	0	0	0	0	0	0	0	0	0	0	0	0	0	0	0	0	0	0	0	0	0	0	0	0	0	0	0	0	0	0	0	0	0	0	0	0	0	0	0	0	0	0	0	0	0	0	0	0	0	0	0	0	0	0	0	0	0	0	0	0	0	0	0	0	0	0	0	0	0	0	0	0	0	0	0	0	0	0.699184285000832	0	0	0	0	0	0	0	0	0	0	0	0	0	0	0	0	0	0	0	0	0	0	0	0	0	0	0	0	0	0	0	0	0	0	0	0	0	0	0	0	0	0	0	0	0	0	0	0	0	0	0	0	0	0	0	0	0	0	0	0	0	0	0	0	0	0	0	0	0	0	0	0	0	0	0	0	0	0	0	0	0	0	0	0	0	0	0	0	0	0	0	0	0	0	0	0	0	0	0	0	0	0	0	0	0	0	0	0	0	0	0	0	0	0	0	0	0	0	0	0	0	0	0	0	0	0	1.64807724321625	0	0	0	0	0	0	0	0	0	0	0	0	0	0	0	0	0	0	0	0	0	0	0	0	0	0	0	0	0	0	0	0	0	0	0	0	0	0	0	0	0	0	0	0	0	0	0	0	0	0	0	0	0	0	0	0	0	0	0	0	0	0	0	0	0	0	0	0	0	0	0	0	0	0	0	0	0	0	0	0	0	0	0	0	0	0	0	0	0	0	0	0	0	0	0	0	0	0	0	0	0	0	0	0	0	0	0	0	0	0	0	0	0	0	0	0	0	0	0	0	0	0	0	0.521613672937129	0	0	0	0	0	0	0	0	0	0	0	0	0	0	0	0	0	0	0	0	0	0	0	0	0	0	0	0	0	0	0	0
ERR6650736	0	0	0	0	0	0	0	0	0	0	0	0	0	0	0	0	0	0	0	0	0	0	0	0	0	0	0	0	0	0	0	0	0	0	0	0	0	0	0	0	0	0	0	0	0.00753522718709969	0	0	0	0	0	0.0527465903096978	0	0	0	0	0	0	0	0	0	0	0	0	0	0	0	0	0	0	0	0	0	0	0.165774998116193	0	0	0	0	0	0	0	0.0527465903096978	0	0	0	0	0	0	0	0	0	0	0	0	0	0	0	0	0.689473287619622	0	0	0	0	0	0	0	0	0	0	0	0	0	0	0	0	0	0	0	0	0	0	0	0	0	0	0	0	0	0	0	0	0	0	0	0.0452113631225981	0	0	0	0	0	0	0.097957953432296	0	0	0	0	0	0	0	0	0	0	0	0	0	0	0	0	0	0	0	0	0	0	0	0	0	0	0	0	0	0	0	0	0	0	0	0	0	0	0	0	0	0	0	0	0	0	0	0	0	0	0	1.02102328385201	0	0	0	0	0	0	0	0	0	0	0.0678170446838972	0	0	0	0	0	0	0	0	0	0	0	0	0	0	0	0	0	0	0	0	0	0	0	0	0	0	0	0	0	0	0	0	0	0	0	0	0	0.0150704543741994	0	0	0	0	0	0	0	0	0	0	0	0	0	0	0	0	0	0	0	0	0	0	0	0	0	0	0	0	0	0	0	0	0	0	0	0	0	0	0	0	0	0	0	0	0	0	0	0	0	0	0	0	0	0	0	0	0	0	0	0	0	0	0	0	0	0	0	0	0	0	0	0	0	0	0	0	0	0	0	0	0	0	0	0	0	0	0	0	0	0	0	0	0	0	0	0	0	0	0	0	0	0	0	0	0	0	0	0	0	0	0	0	0	0	0	0	0	0	0	0	0	0	0	0	0	0	0	0	0	0.0904227262451963	0	0	0	0	0	0	0	0	96.5337954939341	0	0	0	0	0	0	0	0	0	0	0	0	0	0	0	0	0.0263732951548489	0	0	0	0	0	0	0	0	0	0	0	0	0	0	0	0	0	0	0	0	0	0	0	0	0	0	0	0	0	0	0	0	0	0	0	0	0	0	0	0	0	0	0	0	0	0	0	0	0	0	0	0	0	0	0	0	0	0	0	0	0	0	0	0	0	0	0	0	0	0	0	0	0	0	0	0	0	0	0	0	0	0	0	0	0.210986361238791	0	0	0	0	0	0	0	0	0	0	0	0	0	0	0	0	0	0	0	0	0	0	0	0	0	0	0	0	0	0	0	0	0	0	0	0	0	0	0	0	0	0	0	0	0	0	0	0	0.113028407806495	0	0	0	0	0	0	0	0	0	0	0	0	0	0	0	0	0	0.113028407806495	0	0	0	0	0	0	0	0	0	0	0	0	0	0	0	0	0	0	0	0	0	0	0	0	0	0	0	0	0	0	0	0	0	0	0	0	0	0	0	0	0	0	0	0	0	0	0	0	0.0904227262451963	0	0.00753522718709969	0	0	0	0	0	0	0	0	0.188380679677492	0	0	0	0	0	0	0	0	0	0	0	0	0	0	0	0	0	0	0	0	0	0	0	0	0	0	0	0	0	0	0	0	0	0	0	0	0.00753522718709969	0	0	0	0	0	0	0	0.271268178735589	0	0	0	0	0	0	0	0	0	0	0	0	0	0	0	0	0	0	0.0941903398387461	0	0	0	0	0	0	0	0	0	0	0	0	0	0	0	0	0	0	0	0	0	0	0	0	0	0	0	0	0	0	0	0	0	0	0	0	0	0	0	0	0	0	0	0	0	0	0	0	0	0	0	0	0	0	0	0	0	0	0	0	0	0	0	0	0	0	0	0	0	0	0	0	0	0	0	0	0	0	0	0	0	0	0	0	0	0	0	0	0	0	0	0.0376761359354985
ERR6650737	0	0	0	0	0	0	0	0	0	0	0	0	0	0	0	0	0	0	0	0	0	0	0	0	0	0	0	0	0	0	0	0	0	0	0	0	0	0	0	0	0	0	0	0	0	0	0	0	0	0	0	0	0	0	0	0	0	0	0	0	0	0	0	0	0	0	0	0	0	0	0	0	0	0	0	0	0	0	0	0	0	0	0	0	0.0113051834266011	0	0	0	0	0	0	0	0	0	0	0	0	0	0.163925159685716	0	0	0	0	0	0	0	0	0	0	0	0	0	0	0	0	0	0	0	0	0	0	0	0	0	0	0	0	0	0	0	0	0	0	0	0	0.124357017692612	0	0	0	0	0	0	0	0	0	0	0	0	0	0	0	0	0	0	0	0	0	0	0	0	0	0	0	0	0	0	0	0	0.474817703917246	0	0	0	0	0	0	0	0	0	0	0	0	0	0	0	0	0.169577751399016	0	0	0	0	0	0	0	6.67005822169465	0	0	0	0	0	0	0	0	0	0	0	0	0	0	0	0	0	0	0	0	0	0	0	0	0	0	0	0	0	0	0	0	0	0	0	0	0	0	0	0	0	0	0	0	0	0	0	0	0	0	0	0	0	0	0	0	0	0	0	0	0	0	0	0	0	0	0	0	0	0	0	0	0	0	0	0	0	0	0	0	0	0	0	0	0	0	0	0	0	0	0	0	0	0	0	0	0	0	0	0	0	0	0	0	0	0	0	0	0	0	0	0	0	0	0	0	0	0	0	0	0	0	0	0	0.503080662483749	0	0	0	0	0	0	0	0	0	0	0	0	0	0	0	0	0	0	0	0	0	0	0	0	0	0	0	0	0	0	0	0	0	0	0	0	0	0	0.469165112203945	0	0	0	0	0	0	0	0	0	0	0	0	0	0	0	0	0	0	0	0	0	0	0	86.6994516986038	0	0	0	0	0	0	0	0	0	0	0	0	0	0	0	0	0	0	0	0	0	0	0	0	0	0	0	0	0	0	0	0	0	0	0	0	0	0	0.0565259171330055	0	0	0	0	0	0	0	0	0	0	0	0	0	0	0	0	0	0	0	0	0	0	0	0	0	0	0	0	0	0	0	0	0	0	0	0	0	0	0	0	0	0	0	0	0	0	0	0	0	0	0	0	0	0	0	0	0	0	0	0	0	0	1.09095020066701	0	0	0	0	0	0	0	0	0	0	0	0	0	0	0	0	0	0	0	0	0	0	0	0	0	0	0	0.231756260245322	0	0	0	0	0	0	0	0	0	0	0	0	0	0	0	0	0	0	0	0	0	0	0	0	0	0	0	0	0.175230343112317	0	0	0	0	0	0	0	0	0	0	0	0	0	0	0	0	0	0	0	0	0	0	0	0	0	0.836583573568481	0	0	0	0	0	0	0	0	0	0	0	0	0	0	0	0	0	0	0	0	0	0	0	0	0	0	0	0	0	0.418291786784241	0	0	0	0	0	0	0	0	0	0	0	0	0	0.972245774687694	0	0	0	0	0	0	0	0	0	0	0	0	0	0	0	0	0	0	0	0	0	0	0	0	0	0	0	0	0	0	0	0	0	0	0	0	0	0	0	0	0	0	0	0	0	0	0	0	0	0	0	0	0	0	0	0	0	0	0	0	0	0	0	0	0	0	0	0	0	0.248714035385224	0	0	0	0	0	0	0	0	0	0	0	0	0	0	0	0	0	0	0	0	0	0	0	0	0	0	0	0	0	0	0	0	0	0	0	0	0	0	0	0	0	0	0	0	0	0	0	0	0	0	0	0.282629585665027	0	0	0	0	0	0	0	0	0	0	0	0	0	0	0	0	0	0	0	0	0	0	0	0	0	0	0	0	0	0	0	0	0	0.401334011644339
ERR6650739	0	0	0	0	0	0	0	0	0	0	0	0	0	0	0	0	0	0	0	0	0	0	0	0	0	0	0	0	0	0	0	0.277404921700224	0	0	0	0	0	0	0	0	0	0	0	0	0	0	0	0	0	0	0.586129753914989	0	0	0	0	0	0	0	0	0	0	0	0.0223713646532438	0	0	0	0	0	0	0	0	0	0	0	0	0	0	0	0	0	0.0626398210290828	0.0268456375838926	0	0	0.25503355704698	0	0	0	0	0	0	0	0	0	0	0	0	0	0.32662192393736	0	0	0	0	0	0	0	0	0	0	0	0	0	0.00894854586129754	0	0	0	0	0	0	0	0	0	0	0	0	0	0	0	0	0	0	0	0	0	0	0.0402684563758389	0	0.00894854586129754	0	0	0	0.398210290827741	0	0	0	0	0	0	0	0	0	0	0	0	0	0	0	0	0	0	0	0	0	0	0	0	0	0	0	0	0	0	0	0	0	0	0	0.0760626398210291	0	0	0	0	0.398210290827741	0	0	0	0	0	0	0	0	0	0.058165548098434	0.778523489932886	0	0	0	0	0	0	0	0.366890380313199	0	0	0.51006711409396	0	0	0	0	0	0.0984340044742729	0.00447427293064877	0	0	0	0	0	0	0	0	0	0	0	0	0	0	0	0	0	0	0	0	0	0	0	0	0	0	0	0	0	0	0.00447427293064877	0	0	0	0	0	0	0	0	0	0	0	0	0	0	0	0	0	0	0	0	0	0	0	0	0	0	0	0	0	0	0	0.0178970917225951	0.129753914988814	0	0	0	0	0	0	0	0	0.0536912751677852	0	0	0.0313199105145414	0	0	0	0	0	0	0	0	0	0	0	0	0	0	0.0134228187919463	0	0	0	0	0	0	0	0	0	0	0	0	0	0	0	0	0.00447427293064877	0	0	0	0	0	0	0	0	0	0	0	0	0	0	0	0	0	0	0	0	0	0	0	0	0	0	0	0	0.00894854586129754	0	0	0	0	0.241610738255034	0	0	0	0	0	0	0	0	0	0	0	0	0	0	0	0	0	0	0	0	0	0	0	0	0	0	0	92.3579418344519	0	0	0	0	0	0	0	0	0	0	0	0	0	0	0	0	0.116331096196868	0	0	0	0	0	0	0	0	0	0	0	0	0	0	0	0	0	0	0	0	0	0	0	0	0	0	0	0	0	0	0	0	0	0	0	0	0	0	0	0	0	0	0	0	0	0	0	0	0	0	0	0	0	0	0	0	0	0	0	0	0	0	0	0	0	0	0	0	0	0	0	0	0	0	0	0	0	0	0	0	0	0	0	0	0.246085011185682	0	0	0	0	0	0	0	0	0	0	0	0	0	0	0	0	0	0	0	0	0	0	0	0	0	0	0	0	0	0	0	0	0	0	0	0	0	0	0	0	0	0	0	0	0	0	0	0	0	0	0	0	0.0402684563758389	0	0	0	0	0	0	0	0	0	0	0	0	0	0	0	0	0	0	0	0	0	0.156599552572707	0	0	0	0	0	0	0	0	0	0	0	0	0	0	0	0	0	0	0	0	0	0	0	0	0	0	0	0	0	0	0	0	0	0	0	0	0	0.0268456375838926	0	0	0	0	0	0	0	0	0	0	0	0	0	0.832214765100671	0	0	0	0.0223713646532438	0	0	0	0	0	0	0	0	0	0	0	0	0	0	0	0	0	0	0	0	0	0	0	0	0	0	0	0	0	0.0536912751677852	0	0	0.00447427293064877	0	0	0	0	0	0	0	0.0671140939597315	0	0	0	0	0	0	0	0.0805369127516778	0	0	0	0	0	0	0	0.0313199105145414	0	0	0.1834451901566	0	0	0	0	0	0	0	0	0	0	0	0	0	0	0	0	0	0	0	0	0	0	0.0536912751677852	0	0	0	0	0	0	0	0	0	0	0	0	0	0	0	0	0	0	0	0	0	0	0	0	0	0	0	0	0	0	0	0	0	0	0	0	0	0	0	0	0	0	0	0	0	0	0	0	0	0	0.29082774049217	0	0	0	0	0	0.116331096196868	0	0	0	0	0	0	0	0	0	0	0	0.51006711409396
ERR6650740	0	0	0	0	0	0	0	0	0	0	0	0	0	0	0	0	0	0	0	0	0.758970674091705	0	0	0	0.0718552117483271	0	0	0	0	0	0	0	0	0	0.431131270489963	0	0	0	0	0	0	0	0	0	0.184128980105088	0	0	0	0	0	0.0538914088112453	0	0	0.080837113216868	0	0	0	0	0	0	0	0	0	0	0	0	0	0	0	0	0	0	0	0.345803206538824	0	0	0	0	0	0	0	0	0	0	0.0628733102797862	0	0	0	0	0	0	0	0	0.143710423496654	0	0	0	0	0.215565635244981	0	0	0	0	0	0	0	0	0	0	0	0	0	0	0	0	0	0	0	0	0	0.134728522028113	0	0	0	0	0	0	0	0	0.354785108007365	0	0	0	0	0	0	0	0.00898190146854089	0	0	0	0.20209278304217	0	0	0	0	0	0	0	0	0	0	0	0	0	0	0	0	0	0	0	0	0	0	0	0	0	0	0	0	0	0	0	0	0	0	0	0.0718552117483271	0.844298738042844	0	0	0	0	0	0	0.633224053532133	0	0	0	0	0	0	0.00898190146854089	4.62118830556429	0	0	0	0	0	0	0	0.170656127902277	0	0	0.134728522028113	0	0	0.440113171958504	0	0	0	0	0	0	0	0	0	0	0	0	0	0	0	0	0	0	0	0	0	0	0	0	0	0	0	0	0	0	0	0	0	0	0.116764719091032	0	0	0	0	0	0	0	0	0.0538914088112453	0	0	0	0	0	0	0	0	0	0	0	0	0	0	0	0	0	0	0	0	0	0	0	0.170656127902277	0	0	0	0	0	0	0.0853280639511385	0	0	0	0	0.134728522028113	0	0	0	0	0	0	0	0	0	0	0	0	0	0	0	0	0	0	0	0	0	0	0.139219472762384	0.327839403601742	0	0	0	0	0	0	0	0.130237571293843	0	0	0	0	0	0	0	0	0	0	0	0	0	0	0	0	0	0	0	0	0	0	0	0	0	0	0	0	0	0	0	0	0	0	0	0	0	0	0	0	0	0	0	0	0	0	0	0	0	0	0	0	0	0	0	0	0.224547536713522	0	0	0	0	69.1336956033592	0	0	0	0	0	0	0	0	0	0	0	0	0	0	0	0	0.112273768356761	0	0	0	0	0	0	0	0	0	0	0	0	0	0	0	0	2.24098441640095	0.0269457044056227	0	0	0	0	0	0	0	0	0	0	0	0	0	0	0	0	0	0	0	0	0	0	0	0	0	0	0	0	0	0	0	0	0	0	0	0	0	0	0	0	0	0	0	0	0	0	0	0	0	0	0.080837113216868	0	0	0.417658418287151	0	0	0	0	0	0	0	0	0	0	0	0	3.35923114923429	0.273947994790497	0	0	0	0	0	0	0	0	0	0	0	0	0	0	0	0	0	0	0	0	0	0.080837113216868	0	0	0	0	0	0	0	0	0	0	0	0	0	0	0	0.143710423496654	0.134728522028113	0	0	0	0	0	0	0	0	0	0	0	0	0	0	0	0	0	0	0	0	0	0	0	0	0	0	0	0	0	0.0763461624825976	0	0	0	0	0	0	0	0	0	0	0	0	0	0	0	0	0	0	0	0	0	0	0	0	0	0	0	0	0.857771590245655	0	0	0	0.0359276058741636	0	0	0	0	0	0	0	0	0	0	0	0	0	0	0	0	0	0	0	0	0	0	0	8.06125656801545	0	0	0	0	0	0	0	0	0	0.368257960210176	0	0	0	0	0	0	0	0	0	0	0	0	0	0	0	0	0	0	0	0	0	0	0	0.341312255804554	0	0	0	0	0	0	0	0	0	0	0.60627834912651	0	0	0	0	0	0	0	0	0	0	0	0	0	0	0	0	0	0.0898190146854089	0	0	0	0	0.116764719091032	0	0	0	0	0	0	0	0	0	0	0	0	0	0	0	0	0	0	0	0	0	0	0	0	0	0	0	0.327839403601742	0	0	0	0	0	0	0	0	0	0	0	0	0	0	0	0	0	0	0	0	0.0314366551398931	0	0	0	0	0	0	0	0	0	0	0	0	0	0.0314366551398931	0	0	0	1.22153859972156	0	0	0	0	0	0	0	0	0	0	0	0	0	0	0	0	0	0	0	0	0.471549827098397
ERR6650747	0	0	0	0	0	0	0	0	0	0	0	0	0	0	0	0	0	0	0	0	0	0	0	0	0	0	0	0	0	0	0	0	0	0	0	0	0	0	0	0	0	0	0	0	0.0091000091000091	0	0	0	0	0	0.4004004004004	0	0	0	0	0	0	0	0	0	0	0	0	0	0	0	0	0	0	0	0	0	0	0	0	0	0	0	0	0	0	0	0	0	0.354900354900355	0	0	0	0	0	0	0	0	0	0	0	0	0	0.382200382200382	0	0	0	0	0	0	0	0	0	0	0	0	0	0	0	0	0	0	0	0	0	0	0	0	0	0	0	0	0	0	0	0	0	0	0	0	0	0	0	0	0	0	0	0	0	0	0	0	0	0	0	0	0	0	0	0.436800436800437	0	0	0	0	0	0	0	0.427700427700428	0	0	0	0	0	0	0	0	0	0	0	0	0	0	0	0	0	0	0	0	0	0	0.600600600600601	0	0	0	0	0	0	0	0.336700336700337	0	0	0	0	0	0	0	0	0	0	0	0	0	0	0	0	0	0	0	0	0	0	0	0	0	0.40950040950041	0	0	0	0	0	0	0	0	0	0	0.345800345800346	0	0	0	0	0.191100191100191	0	0	0	0	0	0	0.154700154700155	0	0	0	0	0	0	0	0	0	0	0	0	0	0.282100282100282	0	0	0	0	0	0	0	0	0	0	0	0	0	0	0	0	0	0	0	0	0	0	0	0	0	0	0	0	0	0	0	0	0	0	0	0	0	0	0	0	0	0	0	0	0	0	0	0	0	0	0	0	0	0	0	0.618800618800619	0	0	0	0	0	0	0.327600327600328	0	0	0	0	0	0	0	0	0	0	0	0	0	0	0	0	0	0	0	0	0	0	0.118300118300118	0	0	0	0	0	0	0	0	0	0	0	0	0	0	0	0	0	0	0	0	0	0	0	0	0	0	0	0	0	0	0	0	0	0	0	0	0	0	87.6876876876877	0	0	0	0	0	0	0	0	0	0	0	0	0	0	0	0	0	0	0	0	0	0	0	0	0	0	0	0	0	0	0	0	0	0.318500318500319	0	0	0	0	0	0	0	0	0	0.345800345800346	0	0	0	0	0	0	0	0.445900445900446	0	0	0.50960050960051	0	0	0	0	0	0	0	0	0	0	0	0	0	0	0	0	0	0	0	0	0	0	0	0	0	0.364000364000364	0	0	0	0	0.0091000091000091	0	0	0	0	0	0	0	0	0	0	0	0	0	0	0	1.06470106470106	0	0	0	0	0	0	0	0	0	0	0	0	0	0	0	0	0	0	0	0	0	0	0	0	0	0	0	0	0	0	0	0	0	0	0	0	0.291200291200291	0	0	0	0	0	0	0	0	0	0	0	0	0	0	0	0	0	0	0	0	0	0	0	0	0	0	0	0	0	0	0	0	0	0	0	0	0	0	0	0	0	0.263900263900264	0	0	0	0	0	0	0	0	0	0	0	0	0	0.500500500500501	0	0	0	0	0	0	0	0	0	0	0.0091000091000091	0	0	0	0	0	0	0	0	0.4004004004004	0	0	0	0	0	0	0	0	0	0	0	0	0	0.80990080990081	0	0	0	0	0	0	0	0	0	0	0	0	0	0	0	0	0	0	0	0	0	0	0	0	0	0	0	0	0	0	0	0	0	0	0	0	0	0	0	0	0	0	0	0	0	0	0	0	0	0	0	0	0	0	0.0273000273000273	0	0	0	0	0	0.373100373100373	0	0	0	0	0	0	0	0	0	0	0.655200655200655	0	0	0	0	0	0	0	0	0	0	0	0	0	0	0.291200291200291	0	0	0	0	0	0	0	0	0	0	0	0	0	0	0	0	0	0	0	0	0	0	0	0	0	0	0	0	0	0	0.0546000546000546	0	0	0	0	0	0	0	0	0	0	0	0	0	0	0	0	0.182000182000182	0	0	0	0	0	0	0	0	0	0	0	0	0	0	0	0	0	0	0	0	0
ERR6650750	0	0	0	0	0	0	0	0	0	0	0	0	0	0	0	0	0	0	0	0	0	0	0	0	0	0	0	0	0	0	0	0	0	0	0	0	0	0	0	0	0	0	0	0	0	0	0	0	0	0	0	0	0	0	0	0	0	0	0	0	0	0	0	0	0	0	0	0	0	0	0	0	0	0	0	0	0	0	0	0	0	0	0	0	0	0	0	0	0	0	0	0	0	0	0	0	0	0	33.5057699960207	0	0	0	0	0	0	0	0	0	0	0	0	0	0	0	0	0	0	0	0	0	0	0	0	0	0	0	0	0	0	0	0	0	0	0	0	0	0	0	0	0	0	0	0	0	0	0	0	0	0	0	0	0	0	0	0	0	0	0	0	0	0	0	0	0	0	0	0	0	0	0	0	0	0	0	0	0	0	0	0	0	0	0	0	0	0	0	0	0	0	0	0	0	0	1.36520860754844	0	0	0	0	0	0	0	0	0	0	0	0	0	0	0	0	0	0	0	0	0	0	0	0	0	0	0	0	0	0	0	0	0	0	0	0	0	0	0	0	0	0.0520370993908598	0	0	0	0	0	0	0	0	0	0	0	0	0	0	0	0	0	0	0	0	0	0	0	0	0	0	0	0	0	0	0	0	0	0	0	0	0	0	0	0	0	0	0	0	0	0	0	0	0	0	0	0	0	0	0	0	0	0	0	0	0	0	0	0	0	0	0	0	0	0	0	0	0	0	0	0	0	0	0	0	0	0	0	0	0	0	0	0	0	0	0	0	0	0	0	0	0	0	0	0	0	0	0	0	0	0	0	0	0	0	0	0	0	0	0	0	0	0	0	0	0	0	0	0	0	0	0	0	0	0	0	0	0	0	0	0	0	0	0	0	0	0	0	0	0	46.9405246564021	0	0	0	0	0	0	0	0	0	0	0	0	0	0	0	0	0	0	0	0	0	0	0	0	0	0	0	0	0	0	0	0	0	2.82224739049252	0	0	0	0	0	0	0	0	0	0	0	0	0	0	0	0	0	1.23358535614803	0	0	0	0	0	0	0	0	0	0	0	0	0	0	0	0	0	0	0	0	0	0	0	0	0	0	0	0	0	0.336710643117328	0	0	0	0	0	0	0	0	0	0	0	0	0	0	0	0	0	0	0	7.04031344699868	0	0	0	0	0	0	0	0	0	0	0	0	0	0	0	0	0	0	0	0	0	0	0	0	0	0	0	0	0	0	0	0.247941473568214	0	0	0	0	0	0	0	0	0	0	0	0	0	0	0	0	0	0	0	0	0	0	0	0	0	0	0	0	0	0	0	0	0	0	0	0	0	0	0	0	0	0	0	0	0	0	0	0	0	0	0	0	0	0	0	0	0	0	0	0	0	0	0	0	0	0	0	0	0	0	0	0	0	0	0	0	0	0	0	0	0	0	0.474455906210781	0	0	0	0	0	0	0	0	0	0	0	0.0153050292326058	0	0	0	0	0	0	0	0	0	0	0	0	0	0	0	0	0	0	0	0	0	0	0	0	0	0	0	0	0	0	0	0	0	0.168355321558664	0	0	0.0244880467721693	0	0	0	0	0	0	0	0	0	0	0	0	0	0	0	0	0	0	0	0	0	0	0	0	0	0	0	0	0	0.153050292326058	0	0	0	0	0	0	0	0	0	0	0	0	0	0	0	0	0	0	0	0	0	0	0	0	0	0	0	0	0	0	0	0	0	0	0	0	0	0	0	0	0	0	0	0	0	0	0	0	0	0	0	0	0	0	0	0	0	0	0	0	0	0	0	0	0	0	0	0	0	3.75585417368147	0	0	0	0	0	0	0	0	0	0	0	0	0	0	0	0	0	0	1.86415256053139
ERR6650751	0	0	0	0	0	0	0	0	0	0	0	0	0	4.19087867582321	0	0	0	0	0	0	0	0	0	0	0	0	0	0	0	0	0	0	0	0	0	0	0	0	0	0	0	0	0	0	0	0	0	0	0	0	0	0	0	0	0	0	0	0	0	0	0	0	0	0	0	0	0	0	0	0	0	0	0	0	0	0	0	0	0	0	0	0	0	0	0	0	0	0	0	0	0	0	0	0	0	0	0	0	6.04566531666373	0	0	0	0	0	0	0	0	0	0	0	0	0	0	0	0	0	0	0	0	0	0	0	0	0	0	0	0	0	0	0	0	0	0	0	0	0	0	0	0	0	0	0.20543522920702	0	0	0	0	0	0	0	0	0	0	0	0	0	0	0	0	0	0	0	0	0	0	0	0	0	0	0	0	0	0	0	0	0	0	0	0	0	0	0	0	0	1.22674179726478	0	0	0	0	0	0	0	0	0	17.1978634736162	0	0	0	0	0	0	0	0	0	0	0	0	0	0	0	0	0	0	0	0	0	0	0	0	0	0	0	0	0	0	0	0	0	0	0	0	0	0	0	0	0	0	0	0	0	0	0	0	0	0	0	0	0	0	0	0	0	0	0	0	0	0	0	0	0	0	0	0	0	0	0	0	0	0	0	0	0	0	0	0	0	0	0	0	0	0	0	0	0	0	0	0	0	0	0	0	0	0	0	0	0	0	0	0	0	0	0	0	0	0	0	0	0	0	0	0	0	0.399131302459353	0	0	0	0	0	0	0	0	0	0	0	0	0	0	0	0	0	0	0	0	0	0	4.66631449198803	0	0	0	0	0	0	0	0	0	0	0	0	0	0	0	0	0	0	0	0	0	0	0	0	0	0	0	0	0	0	0	0	0	0	0	0	0	0	0	0	0	0	3.95022597875213	0	0	0	48.3007571755591	0	0	0	0	0	0	0	0	0	0	0	0	0	0	0	0	0	0	0	0	0	0	0	0	0	0	0	0	0	0	0	0	0	0	0	0	0	0	0	0	0	0	0	0	0	0	0	0	0	0	0	0	0	0	0	0	0	0	0	0	0	0	0	0	0	0	0	0	0	0	0	0	0	0	0	0	0	0	0	0	0	0	0	0	0	0	0	0	0	0	0	0	0	0	0	0	0	0	0	0	0	4.37283559312085	0	0	0	0	0	0	0	0	0	0	0	0	0	0	0	0	0	0	0	0	0	0	0	0	0	0	0	0.381522568527323	0	0	0	0	0	0	0	0	0	0	0	0	0	0	0.551740329870282	0	0	0	0	0	0	0	0	0	0	0	0	0	0	0	0	0	0	0	0	0	0	0	0	0	0	0	0	0	0	0	0	0	0	0	0	0	0	0	0	0	0	0	0	0	0	0	0	0	0	0	0	0	0	0	0	0	0	0	0	0	0	0	0	0	0	0	0	0	0	0	0	0	0	0	0	0	0	0	0	0	0	0	0	0	0	0	0	0	0	0	0	0	0	0	0	0	0	0	0	0	0	0	0	0	0	0	0	0	0	2.37717908082409	0	0	0	0	0	0	0	0	0	0	0	0	0	0	0	0	0	0	0	0	0	0	0	0	0	0	0	0	0	0	0	0	0	0	0	0	0	0	0	0	0	0	0	0	0	0	0	0	0	0	0	0	0	0	0	0	0	0	0	0	0	0	0	0	0	0	0	0	0	0	0	0	0	0	0	0	0	0	0	0	0	0.158478605388273	0	0	0	0	0	0	0	0	0	0	0	0	0	0	0	0	0	0	0	0	0.0469566238187474	0	0	0	0	0	0	4.89522803310442	0	0	0	0	0	0	0	0	0	0	0	0	0	0	0	0	0	0	1.03304572401244
ERR6650756	0	0	0	0	0	0	0	0	0	0	0	0	0	0	0	0	0	0	0	0	0	0	0	0	0	0	0	0	0	0	0	0	0	0	0	0	0	0	0	0	0	0	0	0	0.185344087866827	0	0	0	0	0	0.00343229792345976	0	0	0	0	0	0	0	0	0	0	0	0	0	0	0	0	0	0	0	0	0	0	0	0	0	0	0	0	0	0	0	0	0	0	0	0	0	0	0	0	0	0	0	0	0	0	0	1.76076883473485	0	0	0	0	0	0	0	0	0	0	0	0	0	0	0	0	0	0	0	0	0	0	0	0	0	0	0	0	0	0	0	0	0	0	0	0	0.720782563926549	0	0.0171614896172988	0	0	0	0	0	0	0	0	0	0	0	0	0	0	0	0	0	0	0	0	0	0	0	0	0	0	0	0	0	0	0	0	0	0	0	0	0	0	0	0	0	0	0	0	0	0	0	0	0	0	0	0	0	0	0	0.466792517590527	0	0	0	0	0	0	0	0	0	0	0	0	0	0	0	0	0	0	0	0	0	0	0	0	0	0	0	0	0	0	0	0	0	0	0	0	0	0	0	0	0	0	0	0	0	0	0	0	0	0	0	0	0	0	0	0	0	0	0	0	0	0	0	0	0	0	0	0	0	0	0	0	0	0	0	0	0	0	0	0	0	0	0	0	0	0	0	0	0	0	0	0	0	0	0	0	0	0	0	0	0	0	0	0	0	0	0	0	0	0	0	0	0	0	0	0	0	0	0	0	0	0	0	0	0	0	0	0	0	0	0	0	0	0	0	0	0	0	0	0	0	0	0	0	0	0	0	0	0	0	0	0	0	0	0	0	0	0	0	0	0	0	0	0	0	0	0	0	0	0	0	0	0	0	0	0	0	0	0	0	0	0	0	0	0	0	0	87.8736914364167	0	0	0	0	0	0	0	0	0	0	0	0	0	0	0	0	0	0	0	0	0	0	0	0	0	0	0	0	0	0	0	0	0	0	0	0	0	0	0	0	0	0	0	0	0	0	0	0.154453406555689	0	0	0	0	0	0	0	0	0	0	0	0	0	0	0	0	0	0	0	0	0	0	0	0	0	0	0	0	0	0	0	0	0	0	0	0	0	0	0	0	0	0	0	0	0	0	0	0	0	0	0	0	0	1.78822721812253	0	0	0	0	0	0	0	0	0	0	0	0	0	0	0	0	0	0	0	0	0	0	0	0	0	0	0	0	0	0	0	0	0	0	0	0	0	0	0	0	0	0	0	0	0	0	0	0	0.98163720610949	0	0	0	0	0	0	0	0	0	0	0	0	0	0	0	0	0	0	0	0	0	0	0	0	0	0	0	0	0	0	0	0	0	0	0	0	0	0	0	0	0	0	0	0	0	0	0	0	0	0	0	0	0	0	0	0	0	0	0	0	0	0	0	0	0	0	0.315771408958298	0	0	0	0	0	0	0	0	0	0	0	0	0	0	0	0	0	0	0	0	0	0	0	0	0	0	0	0	0	0	0	0	0	0	0	0	0	0	0	0	0	0	0	0	0	0	0	0	0	0	0	0	0	0	0	0	0	0	0	0	0	0	0	0	0	0	0	0	0	0	0	0	0	0	0	0	0	0	0	0	0	0	0	0	0	0	0	0	0	0	0	0	0	0	0	0	0	0.205937875407585	0	0	0	0	0	0	0	0	0	0	0	0	0	0	0	0	0	0	0	0	0	0	0	0	0	0	0	0	0	0	0	0	0	0	0	0	0	0	0	0	0	0	0	0	0	0	0	0.429037240432469	0	0	0	0	0	0	0	0	0	0	0	0	0	0	0	0	0	0	0	0	5.09696241633774
ERR6650759	0	0	0	0	0	0	0	0	0	0	0	0	0	0	0	0	0.0505212878335553	0	0	0	0	0	0	0	0	0	0	0	0	0	0	0	0	0	0.335277637440867	0	0	0	0	0	0	0	0	0	4.15652413539705	0	0	0	0	0	0	0	0	0	0	0	0	0	0	0	0	0	0	0	0	0	0	0	0	0	0	0	0	0.0275570660910302	0	0	0	0	0	0	0	0	0	0	0	0	0	0	0	0	0	0	0	0	0	0	0	0	0	0	0	0	0	0	0	0	0	0	0	0	0	0	0	0	0	0	0	0	0	0	0	0	0	0	0	0	0	0	0	0	0	0	0	0	0	0.0688926652275754	0	0.00459284434850503	0	0	0	0.119413953061131	0.257199283516282	0	0	0	0	0	0	0	0	0.174528085243191	0	0	0.75781931750333	0	0	0	0	0	0	0	0	0	0	0	0	0	0	0	0	0	0	0	0	0	0	0	0	0	0	0	0	0	0	0.84049051577642	0	0	0	0	0	0	0	0.270977816561797	0	0	0	0	0	0	0	0	0	0	0.0367427547880402	0	0	0	0	0	0	0	0	0	0	0	0	0	0	0	0	0	0	0	0	0	0	0	0	0	0.179120929591696	0	0	0	0	0	0	0	0	0	0	0	0	0	0	0	0	0	0	0	0	0	0	0	0	0	0.238827906122262	0	0	0	0	0	0	0	0	0	0	0	0.243420750470767	0	0	0	0	0	0	0.00459284434850503	0	0	0	0	0	0	0	0	0	0	0	0	0	0	0	0	0	0	0	0	0	0	0	0	0	0	0	0	0	0	0	0	0	0	0.261792127864787	0	0	0	0	0	0	0	0	0	0	0	0	0	0	0	0	0	0	0	0	0	0	0	0	0	0	0	0	0	0	0	0	0	0	0	0	0	0	0	0	0	0	0	0	0	0	0	0	0	0	0	0	0	0	0	0	0	0	0	0	0	0	0	0	0	0	0.0321499104395352	0	0	0	75.7360033068479	0	0	0	0	0	0	0	0	0	0	0	0	0	0	0	0	0.0275570660910302	0	0	0	0	0	0	0	0	0	0	0	0	0	0	0	0	0	0	0	0	0	0	0	0	0	0.238827906122262	0	0	0	0	0	0	0	0	0.00918568869701006	0	0	0	0	0	0	0	0	0	0	0	0	0	0	0	0	0	0	0	0	0	0	0	0	0	0	0	0	0	0	0	0	0	0	0	0	0	0	0	0	0	0	0	0	0	0	0	0	0	0.238827906122262	0.215863684379736	0	0	0	0	0	0	0	0	0	0	0	0	0	0	0	0	0	0	0	0	0	0	0	0	0	0	0	0	0	0	0	0	0	0	0	0	0	0	0	0	0	0	0	0	0	0	0	0	0	0	0	0	0	0	0	0	0	0	0	0	0	0	0	0	0	0	0	0	0	0	0	0	0	0	0	0	0	0	0	0	0	0	0	0	0	0	0	0	0	0	0	0	0	0	0	0	0	0	0	0	0	0	0	0	0	0	0	0	0	0	0	0.468470123547513	0	0	0	0	0	0	0	0	0	0	0.156156707849171	0	0	7.37610802369908	0	0	0	0	0	0	0	0	0	0	0	0	0	0	0	0	0	0	0.105635420015616	0	0	0	0	0	0	0	0	0	0	0.110228264364121	0	0	0	0	0	0	0	0	0	0	0	0	0	0	0.0275570660910302	0	0	0	0.574105543563129	0	0	0	0	0	0	0	0	0.0688926652275754	0	0	5.19909980250769	0	0	0	0	0	0	0	0	0	0	0	0	0	0	0	0	0	0	0	0	0	0	0	0	0	0.326091948743857	0	0	0.146971019152161	0	0	0	0	0	0	0	0	0	0	0	0	0	0	0	0	0	0	0.0321499104395352	0	0	0	0	0	0	0	0	0	0	0	0	0	0	0	0	0	0	0	0	0	0	0	0	0	0.390391769622927	0	0	0	0	0	0	0	0	0	0	0	0.00918568869701006	0	0	0	0	0	0	0	0	0.482248656593028
ERR6650762	0	0	0	0	0	0	0	0	0	0	0	0	0	0	0	0	0	0	0	0	0	0	0	0	0	0	0	0	0	0	0	0	0	0	0	0.152776478658061	0	0	0	0	0	0	0	0	0.168365915255823	0	0	0	0	0	0.0187073239173136	0	0	0	0	0	0	0	0	0	0	0	0	0	0	0	0	0	0	0	0	0	0	0	0	0	0	0	0	0	0	0	0	0	0	0	0	0	0	0	0	0	0	0	0	0	0	0	0	0	0	0	0	0	0	0	0	0	0	0	0	0	0	0	0	0	0	0	0	0	0	0	0	0	0	0	0	0	0	0	0	0	0	0	0	0.0561219717519409	0	0	0	0	0	0	0	0	0	0	0	0	0	0	0	0	0	0	0	0	0	0	0	0	0	0	0	0	0	0	0	0	0	0	0	0	0	0	0	0	0	0.112243943503882	0	0	0	0	0	0	0	0	0	0	0	0	0	0	0	0.729585632775231	0	0	0	0	0	0	0	0	0	0	0	0	0	0	0	0	0	0	0	0	0	0	0	0	0	0	0	0	0	0	0	0	0	0	0	0	0	0	0	0	0	0	0	0	0	0	0	0	0.109126056184329	0	0	0	0	0	0	0	0	0	0	0	0	0	0	0	0	0	0	0	0	0	0	0	0	0	0	0	0	0	0	0	0	0	0	0	0	0	0	0	0	0	0	0	0	0.0280609858759704	0	0	0	0	0	0	0	0.0249430985564182	0	0	0	0	0	0	0	0	0	0	0	0	0	0	0	0	0	0	0	0	0	0	0	0	0	0	0	0	0	0	0	0	0	0	0	0	0	0	0.0717114083497022	0	0	0	0	0	0	0	0	0	0	0	0	0	0	0	0	0	0	0.0748292956692545	0	0	0	0	0	0	0	0	0	0	0	0	0	0	0	0	0	0	0	0	0	0	0	0	0	0	0	96.9226452156019	0	0	0	0	0	0	0	0.324260281233436	0	0	0	0	0	0	0	0	0	0	0	0	0	0	0	0	0	0	0	0	0	0	0	0	0	0	0	0	0	0	0	0	0	0	0	0	0	0	0	0.0592398590714932	0	0	0	0	0	0	0	0	0	0	0	0	0	0	0	0	0	0	0	0	0	0	0	0	0	0	0	0	0	0	0	0	0	0	0	0.392853802263586	0	0	0	0	0	0	0	0	0	0	0	0	0	0	0	0	0	0.321142393913884	0	0	0	0	0	0	0	0	0	0	0	0	0	0	0	0	0	0	0	0.0249430985564182	0	0	0	0	0	0	0	0	0	0	0	0	0	0	0	0	0	0	0	0	0	0	0	0	0	0	0	0	0	0	0	0	0	0	0	0	0	0	0	0	0	0	0	0	0	0	0	0	0	0	0	0	0	0	0	0	0	0	0	0	0	0	0	0	0	0	0	0	0	0	0	0	0	0	0	0	0	0	0	0	0	0	0	0	0	0	0	0	0	0	0	0	0	0	0	0	0	0	0	0	0	0	0	0	0	0	0.196426901131793	0	0	0	0	0	0	0	0	0	0	0	0	0	0	0	0	0	0	0	0	0	0	0	0	0	0	0	0	0	0	0	0	0	0	0	0	0	0	0	0	0	0	0	0	0.152776478658061	0	0	0	0	0	0	0	0	0	0	0	0	0	0	0	0	0	0	0	0	0	0	0	0	0	0	0	0	0	0	0	0	0	0	0	0	0	0	0	0	0	0	0	0	0	0	0	0	0	0	0	0	0	0	0	0	0	0	0	0	0	0	0	0	0	0	0	0	0	0	0	0	0	0	0	0	0	0	0	0	0	0	0	0	0	0	0	0	0	0.00311788731955227	0	0.0561219717519409	0	0	0	0	0	0	0	0	0	0	0	0	0	0	0	0	0	0	0
ERR6650770	0	0	0	0	0	0	0	0	0	0	0	0	0	0	0	0	0	0	0	0	0	0	0	0	0	0	0	0	0	0	0	0	0	0	0	0	0	0	0	0	0	0	0	0	0	0	0	0	0	0	0	0	0	0	0	0	0	0	0	0	0	0	0	0	0	0	0	0	0	0	0	0	0	0	0	0	0	0	0	0	0	0	0	0	0	0	0	0	0	0	0	0.0957461359595131	0	0	0	0	0	0	0	0	0	0	0	0	0	0	0	0	0	0	0	0	0	0	0	0	0	0	0	0	0	0	0	0	0	0	0	0	0	0	0	0	0	0	0	0	0	0.0034195048556969	0	0	0	0	0	0	0	0	0	0	0	0	0	0	0	0	0	0	0	0	0	0	0	0	0	0	0	0	0	0	0	0	0	0	0	0	0	0	0	0	0	0	0	0	0	0	0	0	0	0	0	0	0	0	0	0.147038708794966	0	0	0	0	0	0	0	0	0	0	0	0	0	0	0	0	0	0	0	0	0	0	0	0	0	0	0	0	0	0	0	0	0	0	0	0	0	0	0	0	0	0	0	0	0	0	0	0	0	0	0	0	0	0	0	0	0	0	0	0	0	0	0	0	0	0	0	0	0	0	0	0	0	0	0	0	0	0	0	0	0	0	0	0	0	0	0	0	0	0	0	0	0	0	0	0	0	0	0	0	0	0	0	0	0	0	0	0	0	0	0	0	0	0	0	0	0	0	0	0	0	0	0	0.0034195048556969	0.123102174805088	0	0	0	0	0	0	0	0	0	0	0	0	0	0	0	0	0	0	0	0	0	0	0	0	0	0	0	0	0	0	0	0	0	0	0	0	0	0	0	0	0	0	0	0	0	0	0	0	0	0	0	0	0	0	0	0	0	0	0	0	0	0	98.2218574750376	0	0	0	0	0	0	0	0	0	0	0	0	0	0	0	0	0	0	0	0	0	0	0	0	0	0	0	0	0	0	0	0	0	0	0	0	0	0	0	0	0	0	0	0	0	0	0	0.0034195048556969	0	0	0.222267815620298	0	0	0	0	0	0	0	0	0	0	0	0	0	0	0	0	0	0	0	0	0	0	0	0	0	0	0	0	0	0	0	0	0	0	0	0	0	0	0	0	0	0	0	0	0	0	0	0	0	0	0.817261660511558	0.0786486116810286	0	0	0	0	0	0	0	0	0	0	0	0	0	0	0	0	0	0	0	0	0	0	0	0	0	0	0	0	0	0	0	0	0	0	0	0	0	0	0	0	0	0	0	0	0	0	0	0	0	0	0	0	0	0	0	0	0	0	0	0	0	0	0	0	0	0	0	0	0	0	0	0	0	0	0	0	0	0	0	0.263301873888661	0	0	0	0	0	0	0	0	0	0	0	0	0	0	0	0	0	0	0	0	0	0	0	0	0	0	0	0	0	0	0	0	0	0	0	0	0	0	0	0	0	0	0	0	0	0	0	0	0	0	0	0	0	0	0	0	0	0	0	0	0	0	0	0	0	0	0	0	0	0	0	0	0	0	0	0	0	0	0	0	0	0	0	0	0	0	0	0	0	0	0	0	0	0	0	0	0	0	0	0	0.0034195048556969	0	0	0	0	0	0	0	0	0	0	0	0	0	0	0	0	0	0	0	0	0	0	0	0	0	0	0	0	0	0	0	0	0	0	0	0	0	0	0	0	0	0	0	0	0	0	0	0	0	0	0	0	0	0	0	0	0	0	0	0	0	0	0	0	0	0	0	0	0	0	0	0	0	0	0	0	0	0	0	0.00683900971139379	0	0	0	0	0	0	0	0	0	0	0	0	0	0	0	0	0	0	0	0	0.0102585145670907
ERR6650772	0	0	0	0	0	0	0	0	0	0	0	0	0	0	0	0	0	0	0	0	0	0	0	0	0	0	0	0	0	0	0	0	0	0	0	0	0	0	0	0	0	0	0	0	0.160590019627669	0	0	0	0	0	0.336049485517159	0	0	0	0	0	0	0	0	0	0	0	0	0	0	0	0	0	0	0	0	0	0	0	0	0	0	0	0	0	0	0	0	0	0	0	0	0	0	0	0	0	0	0	0	0	0	0	0	0	0	0	0	0	0	0	0	0	0	0	0	0	0	0	0	0	0	0	0	0	0	0	0	0	0	0	0	0	0	0	0	0	0	0	0	0.0565038957949206	0	0	0	0	0	0	0	0	0	0	0	0	0	0	0	0	0	0	0	0	0	0	0	0	0	0	0	0	0	0	0	0	0	0	0	0	0	0	0	0	0	0.00297388925236424	0	0	0	0	0	0	0	0	0	0	0	0	0	0	0	0	0	0	0	0	0	0	0	0	0	0	0.193302801403676	0	0	0	0	0	0	0	0	0	0	0	0	0	0	0	0	0	0	0.133825016356391	0	0	0	0	0	0	0	0	0	0	0	0	0	0	0	0	0	0	0	0	0	0	0	0	0	0	0	0	0	0	0	0	0	0	0	0	0	0	0	0	0	0	0	0	0	0	0	0	0	0	0	0.00297388925236424	0	0	0	0	0	0	0	0	0	0	0	0	0	0	0	0	0	0	0	0	0	0	0	0	0	0	0	0	0	0	0	0	0	0	0	0	0	0	0	0	0	0.00297388925236424	0	0	0	0	0	0	0	0	0	0	0	0	0	0	0	0	0	0	0	0	0	0	0	0	0	0	0	0	0	0	0	0	0	0	0	0	0	0	0	0	0	0	0	0	0	0	0	0	0	0	0	0	0	0	0	0	0	0	0	0	0	0	0	98.6885148397074	0	0	0	0	0	0	0	0	0	0	0	0	0	0	0	0	0	0	0	0	0	0	0	0	0	0	0	0	0	0	0	0	0	0	0	0	0	0	0	0	0	0	0	0	0	0	0	0	0	0	0	0	0	0	0	0	0	0	0	0	0	0	0	0	0	0	0	0	0	0	0	0	0	0	0	0	0	0	0	0	0	0	0	0.181407244394219	0	0	0	0	0	0	0	0	0	0	0	0	0	0	0	0	0	0	0.00297388925236424	0	0	0	0	0	0	0	0	0	0	0	0	0	0	0	0	0	0	0	0	0	0	0	0	0	0	0	0	0	0	0	0	0	0	0	0	0	0	0	0	0	0	0	0	0	0	0	0	0	0	0	0	0	0	0	0	0	0	0	0	0	0	0	0	0	0	0	0	0	0	0	0	0	0	0	0	0	0	0	0.237911140189139	0	0	0	0	0	0	0	0	0	0	0	0	0	0	0	0	0	0	0	0	0	0	0	0	0	0	0	0	0	0	0	0	0	0	0	0	0	0	0	0	0	0	0	0	0	0	0	0	0	0	0	0	0	0	0	0	0	0	0	0	0	0	0	0	0	0	0	0	0	0	0	0	0	0	0	0	0	0	0	0	0	0	0	0	0	0	0	0	0	0	0	0	0	0	0	0	0	0	0	0	0	0	0	0	0	0	0	0	0	0	0	0	0	0	0	0	0	0	0	0	0	0	0	0	0	0	0	0	0	0	0	0	0	0	0	0	0	0	0	0	0	0	0	0	0	0	0	0	0	0	0	0	0	0	0	0	0	0	0	0	0	0	0	0	0	0	0	0	0	0	0	0	0	0	0	0	0	0	0	0	0	0	0	0	0	0	0	0	0	0	0	0	0	0	0	0	0	0	0	0	0	0
ERR6650778	0	0	0	0	0	0	0	0	0	0	0	0	0	0	0	0	0	0	0	0	0	0	0	0	0	0	0	0	0	0	0	0	0	0	0	0	0	0	0	0	0	0	0	0	0.230804238996164	0	0	0	0	0	0.178792016123789	0	0	0	0	0	0	0	0	0	0	0	0	0	0	0	0	0	0	0	0	0	0	0	0	0	0	0	0	0	0	0	0	0	0	0	0	0	0	0	0	0	0	0.0650152785904688	0	0	0	0	0.149535140758078	0	0	0	0	0	0	0	0	0	0	0	0	0	0	0	0	0	0	0	0	0	0	0	0	0	0	0	0	0	0	0	0	0	0	0	0	2.42181912749496	0	0.00650152785904688	0	0	0	0	0	0	0	0	0	0	0	0	0	0	0	0.0260061114361875	0	0	0	0	0	0	0.0130030557180938	0	0	0	0	0	0	0	0	0	0	0	0	0	0	0	0	0	0	0	0	0	0	0	0	0	0	0	0	0	0	0	0	0	0	0	0	0	0	0	0	0	0	0	0	0	0	0	0	0	0	0	0	0	0	0	0	0	0	0	0	0	0	0	0	0	0	0	0	0	0	0	0	0	0	0	0	0	0	0	0	0	0	0	0	0	0	0	0	0	0	0	0	0	0	0	0	0	0	0	0	0	0	0	0	0	0	0	0	0	0	0	0	0	0	0	0	0	0	0	0	0	0	0	0	0	0	0.120278265392367	0	0	0	0	0	0	0	0	0	0	0	0	0	0	0	0	0	0	0	0	0	0	0	0	0	0	0	0	0	0	0	0	0	0	0	0	0	0	0	0	0	0	0	0	0	0	0	0	0	0	0	0	0	0	0	0	0	0	0	0	0	0	0	0	0	0	0	0	0	0	0	0	0	0	0	0	0	0	0	0	0	0	0	0	0	0	0	0	0	0	0	0	0	94.8085300045511	0	0	0	0	0	0	0	0	0	0	0	0	0	0	0	0	0	0	0	0	0	0	0	0	0	0	0	0	0	0	0	0.21780118327807	0	0.724920356283727	0	0	0	0	0	0	0	0	0	0	0	0	0	0	0	0	0	0	0	0	0.11377673753332	0	0	0	0	0	0	0	0	0	0	0	0	0	0	0	0	0.120278265392367	0	0	0	0	0	0	0	0	0	0	0	0	0	0	0	0	0	0	0	0	0	0	0	0	0	0	0	0	0	0.367336324036148	0	0	0	0	0	0	0	0	0	0	0	0	0	0	0	0	0	0	0	0	0	0	0	0	0	0	0	0	0	0	0	0	0	0	0	0	0	0	0	0	0	0	0	0	0	0	0	0	0	0	0	0	0	0	0	0	0	0	0	0	0	0	0	0	0	0	0	0	0	0.214550419348547	0	0	0	0	0	0	0	0	0	0	0	0	0	0	0	0	0	0	0	0	0	0	0	0	0	0	0	0	0	0	0	0	0	0	0	0	0	0	0	0	0	0	0	0	0	0	0	0	0	0	0	0	0	0	0	0	0.175541252194266	0	0	0	0	0	0	0	0	0	0	0	0	0	0	0	0	0	0	0	0	0	0	0	0	0	0	0	0	0	0	0	0	0	0	0	0	0	0	0	0	0	0	0	0	0	0	0	0	0	0	0	0	0	0	0	0	0	0	0	0	0	0	0	0	0	0	0	0	0	0	0	0	0	0	0	0	0	0	0	0	0	0	0	0	0	0	0	0	0	0	0	0	0	0	0	0	0	0	0	0	0	0	0	0	0	0	0	0	0	0	0	0	0	0	0	0	0	0	0	0	0	0	0	0	0	0	0	0	0	0	0	0	0	0	0	0	0	0	0	0	0	0	0	0	0	0	0	0	0	0	0	0	0	0	0	0.0455106950133281
ERR6650787	0	0	0	0	0	0	0	0	0	0	0	0	0	0	0	0	0.0201459461879393	0	0	0	0	0	0	0	0	0	0	0	0	0	0	0	0	0	0	0	0	0	0	0	0	0	0	0	0.270851054304517	0	0	0	0	0	0	0	0	0	0	0	0	0	0	0	0	0	0	0	0	0	0	0	0	0	0	0	0	0.0268612615839191	0	0.00671531539597976	0	0.0201459461879393	0	0	0	0.038053453910552	0	0	0.0693915924251242	0.100729730939696	0	0	0	0	0	0	0	0	0	0	0	0	0.10520660787035	0	0	0	0	0	0	0	0	0	0	0	0	0	0.0358150154452254	0	0	0	0.526033039351748	0	0	0	0	0	0	0	0	0	0	0	0	0	0	0	0	0	0	0.00895375386130635	0	0.0246228231185925	0	0	0	0	0	0	0	0	0	0	0	0	0	0	0	0	0.205936338810046	0	0	0	0	0	0	0	0	0	0	0	0	0	0.0671531539597977	0	0	0	0	0	0.00223843846532659	0	0	0	0	0	0	0	0.0223843846532659	0.125352554058289	0	0.107445046335676	0	0	0	0	0	0	0	0.152213815642208	0	0	0	0	0	0.00671531539597976	0	0.210413215740699	0	0	0.277566369700497	0	0	0	0	0	0	0	0	0	0	0	0	0	0	0	0	0	0	0	0	0	0	0	0.00671531539597976	0	0	0	0	0	0	0	0	0	0	0.0156690692572861	0.0290997000492456	0	0.456641446926624	0	0	0	0	0	0.0895375386130635	0	0	0	0.00895375386130635	0	0	0	0.315619823611049	0.0559609616331647	0	0	0	0	0	0	0	0	0	0	0	0	0	0	0	0	0	0	0	0	0	0	0	0	0	0.0223843846532659	0	0	0	0.0514840847025115	0	0	0	0	0	0	0	0	0	0	0	0	0	0	0	0	0	0	0	0	0	0	0.0581994000984913	0	0	0	0	0	0.0962528540090433	0.0223843846532659	0	0.270851054304517	0	0	0	0	0	0	0	0	0	0	0.0156690692572861	0	0	0	0	0	0	0	0	0	0	0	0	0	0	0	0	0	0	0	0	0	0	0	0	0	0	0	0	0	0	0	0	0	0	0	0	0	0	0	0	0	0	0	0	0	0	0	0	0	0	88.3645968572324	0	0	0	0	0	0	0	0	0	0	0	0	0	0	0	0	0.00447687693065318	0	0	0	0	0	0	0	0	0	0	0	0	0	0	0.917759770783901	0	0	0	0	0	0.0179075077226127	0	0	0	0	0	0	0	0	0.0134306307919595	0.0828222232170838	0	0	0	0.922236647714554	0	0	0	0	0	0.00895375386130635	0	0	0	0	0	0	0.152213815642208	0	0	0	0	0	0	0.0581994000984913	0	0	0	0.0470072077718584	0	0	0	0	0	0	0	0	0	0	0	0	0	0	0	0.0201459461879393	0	0.107445046335676	0	0.0201459461879393	0	0	0	0	0	0.649147154944711	0.00671531539597976	0	0.0626762770291445	0	0.0402918923758786	0	0	0	0	0	0	0	0	0	0	0	0	0	0.604378385638179	0	0	0	0	0	0	0	0	0	0	0	0	0	0	0	0	0	0	0	0	0	0	0	0	0	0	0	0	0	0	0	0	0	0.427541746877378	0	0	0	0	0.076106907821104	0.0290997000492456	0	0	0	0	0	0	0	0	0	0	0	0	0	0	0	0	0	0	0	0	0	0	0.0111921923266329	0	0	0	0	0	0	0	0	0	0	0	0	0	0	0	0	0	0	0	0	0	0	0	0	0	0	0	0	0	0	0	0	0.0626762770291445	0	0	0	0	0	0	0	0	0	0	0	0.147736938711555	0	0	0	0	0	0	0	0	0	0	0	0	0	0	0	0	0	0.0492456462371849	0	0	0	0	0	0	0.00447687693065318	0	0	0.0179075077226127	0	0.0223843846532659	0	0	0	0.0693915924251242	0	0.0358150154452254	0	0	0	0	0	0	0	0	0.48574114697587	0	0	0	0	0	0	0	0.00447687693065318	0	0.100729730939696	0	0.0201459461879393	0	0	0	0.29547387742311	0	0	0.143260061780902	0	0	0	0	0	0	0	0	0.0358150154452254	0	0	0	0	0	0	0	0	0	0	0	0	0	0.199221023414066	0	0	0	0.0626762770291445	0	0	0	0	0.0201459461879393	0	0	0	0	0	0	0	0	0	0	0	0	0	0	0	0	0	0	0	0	0	0	0	0	0	0	0	0	0	0	0	0	0	0	0	0	0	0	0.492456462371849	0	0	0	0	0	0.0604378385638179	0	0	0.0649147154944711	0	0	0.111921923266329	0	0	0	0	0	0	0	0	0.902090701526615
ERR6650788	0	0	0	0	0	0	0	0	0	0	0	0	0	0	0	0	0	0	0	0	0	0	0	0	0	0	0	0	0	0	0	0	0	0	0	0	0	0	0	0	0	0	0	0	0	0	0	0	0	0	0.408649753107441	0	0	0	0	0	0	0	0	0	0	0	0	0	0	0	0	0	0.0567569101538112	0	0	0	0	0	0	0	0	0	0	0	0	0	0	0	10.5794880526704	0	0	0	0	0	0	0	0	0	0	0	0	0	0.635677393722686	0	0	0	0	0	0	0	0	0	0	0	0	0	0	0	0	0	0	0	0	0	0	0	0	0	0	0	0	0	0	0	0	0	0	0	0	0	0	0	0	0	0	0	0	0	0	0	0	0	0	0	0	0	0	0	0	0	0	0	0	0	0	0	0	0	0	0	0	0	0	0	0	0	0	0	0	0	0	0	0	0	0	0	0	0	0	0	0	0	0	0	0	0	0	0.55621771950735	0	0	0	0	0	0	0	0	0	0	0	0	0	0	0	0	0	0	0	0	0	0	0	0	0	0	0	0	0	0	0	0	0	0	0	0	0	0	0	0	0	0	0	0	0	0	0	0	0	0	0	0	0	0	0	0	0	0	0	0	0	0	0	0	0	0	0	0	0	0	0	0	0	0	0	0	0	0	0	0	0	0	0	0	0	0	0	0	0	0	0	0	0	0	0	0	0	0	0	0	0	0	0	0	0	0	0	0	0	0	0	0	0	0	0	0	0	0	0	0	0	0	0	0	0	0	0	0	0	0	0	0	0	0	0	0	0	0	0	0	0	0	0	0	0	0	0	0	0	0	0	0	0	0	0	0	0	0	0	0	0	0	0	0	0	0	0	0	0	0	0	0	0	0	0	0	0	0	0	0	0	0	0	0	0	0	0	84.601850275271	0	0	0	0	0	0	0	0	0	0	0	0	0	0	0	0	0	0	0	0	0	0	0	0	0	0	0	0	0	0	0	0.947840399568647	0	0	0	0	0	0	0	0	0	0	0	0	0	0	0	0	0	0	0	0	0	0	0	0	0	0	0	0	0	0	0	0	0	0	0	0	0	0	0	0.15324365741529	0	0	0	0	0	0	0	0	0	0	0	0.0227027640615245	0	0	0	0	0	0	0	0	0	0	0	0	0	0	0	0	0	0	0	0	0	0	0	0	0	0	0	0	0	0	0	0	0	0	0	0	0	0	0	0	0	0	0	0	0	0.0340541460922867	0	0	0	0	0	0	0	0	0	0	0	0	0	0	0	0	0	0	0	0	0	0	0	0	0	0	0	0	0	0	0	0	0	0	0	0	0	0	0	0	0	0	0	0	0	0	0	0	0	0	0	0	0	0	0	0	0	0	0	0	0	0	0	0	0	0	0	0	0	0	0	0	0	0	0	0	0	0	0	0	0	0	0	0	0	0	0	0.380271298030535	0	0	0	0	0	0	0	0	0	0	0	0	0	0	0	0	0	0	0	0	0	0	0	0	0	0	0	0	0	0	0	0	0	0	0	0	0	0	0	0	0	0	0	0	0	0	0	0	0	0	0	0	0	0	0	0	0	0	0	0	0	0	0	0	0	0	0	0	1.623247630399	0	0	0	0	0	0	0	0	0	0	0	0	0	0	0	0	0	0	0	0	0	0	0	0	0	0	0	0	0	0	0	0	0	0	0	0	0	0	0	0	0	0	0	0	0	0	0	0	0	0	0	0	0	0	0	0	0	0	0	0	0	0	0	0	0	0	0	0	0	0	0	0	0	0	0	0	0	0	0	0	0	0	0	0	0	0	0	0	0	0	0	0	0	0	0	0	0	0
ERR6650791	0	0	0	0	0	0	0	0	0	0	0	0	0	0	0	0	0	0	0	1.05796453583669	0	0	0	0	0	0	0	0	0	0	0	0	0	0	1.46028907763374	0	0	0	0	0	0	0	0	0	0	0	0	0	0	0	0.327819997019818	0	0	0	0	0	0	0	0	0	0	0	0	0	0	0	0	0	0	0	0	0	0	0	0	0	0	0	0	0	0	0	0	0	2.74176724780212	1.46028907763374	0	0	0	0	0	0	0	0	0	0	0.461928177618835	0	0	0	0	0	0	0	0	0	0	0	0	0	0	0	0	0	0	0	0	0	0	0	0	0	0	0	0	0	0	0	0	0	0	0	0	0	0	0	0	0.0447027268663388	0	0	0	0	0	0	0	0	0	0	0	0	0	0	0	0	0	0	0	0	0	0	0	0	0	0	0	0	0	0	0	0	0	0	0	0	0	0	0	0	0	0	0	0	0	0	0	0	0	0	0	0	0	0	0	5.42393085978245	0	0	0	0	0	0	0	1.65400089405454	0	0	0.253315452242587	0	0	0	0	0	0	0	0	0	0	0	0	0	0	0	0	0	0	0	0	0	0	0	0	0	0	0	0	0	0	0	0	0	0	0	0	0	1.72850543883177	0	0	0	0	0	0	0	0	0	0	0	0	0	0	0	0	0	0	0	0	0	0	0	0	0	0	0	0	0	0	0	0	0	0	0	0	0	0	0	0	0	0	0	0	0	0	0	0	0	0	0	0	0	0	0	0	0	0	0	0	0	0	0	0	0	0	0	0	0	0	0	0	0	0	0	0	0	0	0	0	0	0	0	0	0	9.90910445537178	0	0	0	0	0	0.178810907465355	0	0	0	0	0	0	0	0	0	0	0	0	0	0	0	0	0	0	0	0	0	0	0	0	0	0	0	0	0	0	0	0	0	0	0	0	0	0	0	0	0	0	0	0	0	0	36.4476233050216	0	0	0	0	0	0	0	0	0	0	0	0	0	0	0	0	0	0	0	0	0	0	0	0	0	0	0	0	0	0	0	0	0	0	0	0	0	1.66890180300998	0	0	0	0	0	0	0	0	0	0.357621814930711	0	0	0	0	0	0	0	0	0	0	0	0	0	0	0	0	0	0	0	0	0	0	0	0.506630904485174	0	0	0	0	0	0	0	0	0	0	0	0	0	0	0	0	0	0	0	0	0	0	0	0.283117270153479	0	0	0	0	0	0	0	0	0	0	0	0	0	0	0	0	0	0	0	0	0	0	0	0	0.163909998509909	0	0	0	0	0	0	0	0	0	0	0	0	0	0	0	0	0	0	0	0	0	0	0	0	0	0	0	0	0	0	0	0	0	16.9870362092088	0	0	0	0	0	0	0	0	0	0	0	0	0	0	0	0	0	0	0	0	0	0	0	0	0	0	0	0	0	0	0	0	0	0	0	0	0	0	0	0	0	0	0	0	0	0	0	0	0	0	0.789748174638653	0	0	0	0	0	0	0	0	0	0	0	0	0	0	0	0	0	0	0	0	0	0	0	0	0	0	0	0	0	0	0	0	0.447027268663388	0	0	0	0	0	0	0	0	0	0	0	0	0	0	0	0	0	0	0	0	0	0	0	0	0	0	0	0	0	0	0	0	0	0	0.789748174638653	0	0	0	0	0	0	0	0	0	0	0	0	0	0	0	2.98018179108926	0	0	2.48845179555953	0	0	0	0	0	0	0	0	0	0	0	0	0	0	0	0	0	0	0	0	0	0	0.670540902995083	0	0	0	0	0	0	0	0	0	0	0	0	0	0	0	0	0	0	0	0	0	0	0	0	0	0	0	0	0	0	0	0	0	0	0	0	0	0	0	0	0	0	0	0	0	0	0	7.91238265534198	0	0	0	0	0	0	0	0	0	0	0	0	0	0	0	0	0	0	0	0	0.804649083594099
ERR6650799	0	0	0	0	0	0	0	0	0	0	0	0	0	0	0	0	0	0	0	0	0	0	0	0	0	0	0	0	0	0	0	0	0	0	0.0883615248674577	0	0	0	0	0	0	0	0	0	0	0	0	0	0	0	0.669022973996465	0	0	0	0	0	0	0	0	0	0	0	0	0	0	0	0	0	0	0	0	0	0	0	0	0	0	0	0	0	0	0	0	0	0	0	0	0	0	0	0	0	0	0	0	0	0	0	0.0504922999242616	0	0	0	0	0	0	0	0	0	0	0	0	0	0	0	0	0	0	0	0	0	0	0	0	0	0	0	0	0	0	0	0	0	0	0	0	0	0	0	0	0	0.214592274678112	0	0	0	0	0	0	0	0	0	0	0	0	0	0	0	0	0	0	0	0	0	0	0	0	0	0	0	0	0	0	0	0	0.6563998990154	0	0	0	0	0	0	0	0	0	0.214592274678112	0	0.0378692249431962	0	0	0	0	0	0	0	1.24968442312547	0	0	0	0	0	0	0	0	0	0	0.126230749810654	0	0	0	0	0	0	0	0	0	0	0	0	0	0	0	0	0	0	0	0	0	0	0	0	0	0	0	0	0	0	0	0	0	0	0	0	0	1.80509972229235	0	0	0	0	0	0	0	0	0	0.214592274678112	0	0	0	0.340823024488766	0	0	0	0	0	0	0	0	0	0	0	0	0	0	0	0	0	0	0	0	0	0	0	0	0	0	0	0	0	0	0.49229992426155	0	0	0	0.100984599848523	0	0	0	0	0	0	0	0	0	0	0	0	0	0	0	0	0	0	0.201969199697046	0.340823024488766	0	0	0	0	0	0	0	0	0	0	0	0	0	0	0	0	0	0	0	0	0.277707649583439	0	0	0.504922999242616	0	0	0	0	0	0	0	0	0	0	0	0	0	0	0	0	0	0	0	0	0	0	0	0	0	0	0	0	0	0	0	0	0	0	0	0	0	0	0	0	0	0	0	0	0	87.5662711436506	0	0	0	0	0	0	0	0	0	0	0	0	0.353446099469831	0	0	0	0	0	0	0	0	0	0	0	0	0	0	0	0	0	0	0	0	0	0	0	0	0.176723049734915	0	0	0	0	0	0	0	0	0	0.896238323655642	0	0	0	0	0	0	0	0	0	0	0	0	0	0	0	0	0	0	0	0	0	0	0	0	0	0	0	0	0	0	0	0	0	0	0	0	0	0	0	0	0	0	0	0	0	0	0	0	0	0	0	0	0	0	0	0	0	0	0	0	0	0	0	0	0	0	0	0	0	0	0	0	0	0	0	0	0	0	0	0	0	0.113607674829588	0	0	0	0	0	0	0	0	0.113607674829588	0	0	0	0	0	0	0	0	0	0	0	0	0	0	0	0	0	0	0	0	0	0	0	0	0	0	0	0	0	0	0	0	0	0	0	0	0	0	0	0	0	0	0	0	0	0	0	0	0	0	0	0	0	0	0	0	0	0	0	0	0	0	0	0	0	0	0	0	0	0	0	0	0	0	0	0	0	0.100984599848523	0.429184549356223	0	0	0	0	0	0	0	0	0	0	0.883615248674577	0	0	0	0	0	0	0	0	0	0	0	0	0	0	0	0	0	0	0	0	0	0	0	0	0	0	0	0	0	0	0	0	0	0	0	0	0	0	0	0	0	0	0	0	0.290330724564504	0	0	0	0	0	0	0	0	0	0	0	0	0	0	0	0	0	0	0.239838424640242	0	0	0	0	0	0	0	0	0	0	0	0	0	0	0	0	0	0	0	0	0	0	0.0883615248674577	0	0	0	0	0	0	0	0	0	0	0	0	0	0	0	0	0	0	0	0	0	0	0	0	0	0	0	0	0	0	0	0	0	0	0	0	0	0	0	0	0	0	0	0	0	0	0	0.959353698560969	0	0	0	0	0	0	0	0	0	0	0	0	0	0	0.113607674829588	0	0	0	0	0	0.0883615248674577
ERR6650805	0	0	0	0	0	0	0	0	0	0	0	0	0	0	0	0	0	0	0	0	0	0	0	0.00658423208101239	0	0	0	0	0	0	0	0	0	0	0.0842781706369586	0	0	0	0	0	0	0	0	0	0.0118516177458223	0	0	0	0	0	4.66953739185399	0	0	0	0	0	0	0	0	0	0	0	0	0	0	0	0	0	0	0	0	0	0	0.032921160405062	0	0	0	0	0	0	0	0	0	0	0	0	0	0	0	0	0	0	0	0	0	0	0	0	0.339746375380239	0	0	0	0	0	0	0	0	0	0	0	0	0	0	0	0	0	0	0	0	0	0	0	0	0	0	0	0	0	0	0	0	0	0	0	0	0	0	0	0	0	0	0	0	0	0	0	0	0	0	0	0	0	0	0	0	0	0	0	0	0	0	0	0	0	0	0	0	0	0	0	0	0	0	0	0	0	0	0	0	0	0	0	0	0	0	0	0	0	0	0	0.0250200819078471	0	0	0.670274825847061	0	0	0	0	0	0	0	0	0	0	0.0250200819078471	0	0	0	0	0	0	0	0	0	0	0	0	0	0	0	0	0	0	0	0	0	0	0	0	0	0	0	0	0	0	0	0.027653774740252	0	0	0	0	0	0	0	0	0	0	0	0.0671591672263264	0	0	0	0	0	0	0	0	0	0	0	0	0	0	0	0	0	0	0	0	0	0	0	0	0	0	0	0	0	0	0	0	0	0	0	0	0	0	0	0	0	0	0.0289706211564545	0	0	0	0	0	0	0	0	0	0	0	0	0	0	0	0	0	0	0	0	0	0	0	0	0	0	0	0	0	0	0	0	0	0	0	0	0	0	0	0	0	0	0	0	0	0	0	0	0	0	0	0	0	0	0	0	0	0	0	0	0	0	0	0	0	0	0	0	0	0	0	0	0	0	0	0	0	0	0	0	0	0	0	0	0	0	0	0	0	90.953265120689	0	0	0	0	0	0	0	0	0	0	0	0	0	0	0	0	0	0	0	0	0	0	0	0	0	0	0	0	0	0	0.00921792491341735	0.0539907030643016	0.0408222389022768	0	0	0	0	0	0	0	0	0	0	0	0	0	0	0.46221309208707	0	0	0	0	0	0	0	0	0	0	0	0	0	0	0	0	0	0	0	0	0	0	0	0	0	0	0	0	0	0	0	0	0	0	0	0	0	0	0	0	0	0	0	0	0	0	0	0	0	0	0	0	0	0.105347713296198	0	0	0	0	0	0	0	0	0	0	0	0	0	0	0	0	0	0	0	0	0	0	0	0	0	0	0	0	0	0	0	0	0	0	0	0	0	0	0	0	0	0	0	0	0	0	0	0	0	0	0	0	0	0	0	0	0	0	0	0	0	0	0	0	0	0	0	0	0	0	0	0	0	0	0	0	0	0	0	0	0	0	0	0	0	0	0	0	0	0	0	0	0	0	0	0	0	0	0	0	0	0	0	0	0	0	0	0	0	0	0	0	0	0	0	1.62893901684247	0	0	0	0	0	0	0	0	0	0	0.385835999947326	0	0	0	0	0	0	0	0	0	0	0	0	0	0	0	0	0	0	0	0	0	0	0	0	0	0	0	0	0	0	0	0	0	0	0	0	0	0	0	0	0	0	0	0	0	0	0	0	0	0	0	0	0	0	0	0	0	0	0	0	0	0	0	0.060574935145314	0	0	0	0	0	0	0	0	0	0	0	0	0	0	0	0	0	0	0	0	0	0	0.0250200819078471	0	0	0	0	0	0	0	0	0	0	0	0	0	0	0	0	0	0	0	0	0	0	0	0	0	0	0	0	0	0	0	0	0	0	0	0	0	0	0	0	0	0	0	0	0.0223863890754421	0	0	0	0	0	0	0	0	0	0	0	0	0	0	0.263369283240496	0	0	0	0	0	0	0	0	0
ERR6650806	0	0	0	0	0	0	0	0	0	0	0.0834326579261025	0	0	0.381406436233611	0	0	0	0	0	0	0	0	0	0	0	0	0	0	0	0	0	0	0	0	2.89630512514899	0	0	0	0	0	0	0	0	0	0	0	0	0	0	0	2.22884386174017	0	0	0	0	0	0	0	0	0	0	0	0	0	0	0	0	0	0	0	0	0	0	0	0	0	0	0	0	0	0	0	0	0	0.250297973778307	0.166865315852205	0	0	0	0	0	0	0	0	0	0	0	0	0.405244338498212	0	0	0	0	0	0	0	0	0	0	0	0	0	0	0	0	0	0	0	0	0	0.143027413587604	0	0	0	0	0	0	0	0	0	0	0	0	0	0	0	0	0.0238379022646007	0	0	0	0.309892729439809	0	0	0	0	0	0	0	0.226460071513707	0	0	0	0	0	0	0	0	0	0	0	0	0.0834326579261025	0	0	0	0	0	0	0	0	0	0	0	0	0	0	0.738974970202622	0	0	0	0	0	0.107270560190703	0	0.309892729439809	0	0	0	0	0	0	0	1.46603098927294	0	0	0	0	0	0	0	0.166865315852205	0	0	0.119189511323004	0	0	0	0	0	0	0	0	0	0	0	0	0	0.226460071513707	0	0	0	0	0.131108462455304	0	0	0	0	0	0	0	0	0	0	0	0	0	0	0	0	0	0.214541120381406	1.27532777115614	0	0	0	0	0	0	0	0	0	0	0	0	0	0	0	0	0	0	0	0	0	0	0	0	0	0	0	0	0	0	0	0	0	0	0	0	0	0	0	0	0	0	0	0	0	0	0	0	0.0953516090584029	0	0	0	0	0	0	0	0	0	0	0	0	0	0	0	0.357568533969011	0	0.429082240762813	0.143027413587604	3.3253873659118	0	0	0.190703218116806	0	0	0	0	3.56376638855781	0	0	0	0	0	0	0	0	0	0	0	0	0	0	0	0	0	0	0	0	0	0	0	0	0	0	0	0	0	0	0	0	0	0	0	0	0	0	0	0.119189511323004	0	0	0	0	0	0	0	0	0	0	0	0	0	0	0	0	0	0	0	0.166865315852205	0	67.5327771156138	0	0	0	0	0	0	0	0	0	0	0	0	0.0953516090584029	0	0	0	0.381406436233611	0	0	0	0	0	0	0	0	0	0	0	0	0	0	0	0	0	1.09654350417163	0	0	0	0	0	0	0	0	0	0	0	0	0.357568533969011	0	0	0	0	0	0	0	0	0	0	0	0	0	0	0	0	0	0	0	0	0	0	0	0.65554231227652	0	0	0	0	0	0	0	0	0	0	0	0.131108462455304	0	0	0	0	0	0	0	0	0	0	0	0	0	0	0	0	0	0.643623361144219	0.32181168057211	0	0	0	0	0	0	0	0	0	0	0	0	0	0	0	0	0	0	0.166865315852205	0	0	0	0	0	0	0	0.488676996424315	0	0	0	0	0	0	0	0	0	0	0	0	0	0	0	0	0	0	0	0	0	0	0	0	0	0	0	0	0	0	0	0	0	0	0	0	0	0	0	0	0	0	0.512514898688915	0	0	0	0	0	0	0	0	0	0	0.238379022646007	0	0	0	0	0	0	0	0	0	0	0	0	0	0	0	0	0	0	0	0	0	0	0	0	0	0	0	0	0	0	0.607866507747318	0	0	0.441001191895113	0	0	0	0	0	0	0	0	0	0	0	0	0	0	0	0	0	0	0	0	0	0	0	0	0	0	0	0	0	0	0	0	0	0	0	0	0	0	0	0	0	0	0	0	0	0	0	0	0	0	0	0	0	0	0	0.178784266984505	0	0	0	0	0	0	0	0	0	1.06078665077473	0	0	0.131108462455304	0	0	0.524433849821216	0	0	1.09654350417163	0	0	0	0	0	0	0	0	0	0	0	0	0	0	0	0	0	0	0	0	0	0	0.572109654350417	0	0	0	0	0	0	0	0	0	0	0.131108462455304	0	0	0	0	0	0	0	0	0	0	0	0	0	0	0	0	0	0	0	0	0	0	0	0	0.0595947556615018	0	0	0	0	0	0	0	0	0.119189511323004	0	0	0.631704410011919	0	0	0	0	0	0.0357568533969011	0	0	0	0	0	0	0	0	0	0	0	0	0	0	1.44219308700834
ERR6650809	0	0	0	0	0	0	0	0	0	0	0	0	0	0	0	0	0	0	0	0	0	0	0	0	0	0	0	0	0	0	0	0	0	0	0	0	0	0	0	0	0	0	0	0	0	0	0	0	0	0	0	0	0	0	0	0	0	0	0	0	0	0	0	0	0	0	0	0	0	0	0	0	0	0	0	0	0	0	0	0	0	0	0	0	0	0	0	0	0	0	0	0	0	0	0	0	0	0	0.326832988342957	0	0	0	0	0	0	0	0	0	0	0	0	0	0	0	0	0	0	0	0	0	0	0	0	0	0	0	0	0	0	0	0	0	0	0	0	0	0	0	0	0	0	0	0	0	0	0	0	0	0	0	0	0	0	0	0	0	0	0	0	0	0	0	0	0	0	0	0	0	0	0	0	0	0	0	0	0	0	0	0	0	0	0	0	0	0	0	0	0	0	0	0	0	0	0.152522061226713	0	0	0	0	0	0	0	0	0	0	0	0	0	0	0	0	0	0	0	0	0	0	0	0	0	0	0	0	0	0	0	0	0	0	0	0	0	0	0	0	0	0	0	0	0	0	0	0	0	0	0	0	0	0	0	0	0	0	0	0	0	0	0	0	0	0	0	0	0	0	0	0	0	0	0	0	0	0	0	0	0	0	0	0	0	0	0	0	0	0	0	0	0	0	0	0	0	0	0	0	0	0	0	0	0	0	0	0	0	0	0	0	0	0	0	0	0	0	0	0	0	0	0	0	0	0	0	0	0	0	0	0	0	0	0	0	0	0	0	0	0	0	0	0	0	0	0	0	0	0	0	0	0	0	0	0	0	0	0	0	0	0	0	0	0	0	0	0	0	0	0	0	0	0	0	0	0	0	0	0	0	0	0	0	0	0	0	94.9340886806842	0	0	0	0	0	0	0	0	0	0	0	0	0	0	0	0	0	0	0	0	0	0	0	0	0	0	0	0	0	0	0	0	0	0	0	0	0	0	0	0	0	0	0	0	0	0	0	1.24196535570324	0	0	0	0	0	0	0	0	0	0	0	0	0	0	0	0	0	0	0	0	0	0	0	0	0	0	0	0	0	0	0	0	0	0	0	0	0	0	0	0	0	0	0	0	0	0	0	0	0	0	0	0	0	0	1.19838762392417	0	0	0	0	0	0	0	0	0	0	0	0	0	0	0	0	0	0.0653665976685913	0	0	0	0	0	0	0	0	0	0	0	0	0	0	0	0	0	0	0	0	0.631877110796383	0	0	0	0	0	0	0	0	0	0	0	0	0	0	0	0	0	0	0	0	0	0	0	0	0	0	0	0	0	0	0	0	0	0	0	0	0	0	0	0	0	0	0	0	0	0	0	0	0	0	0	0	0	0	0	0	0	0	0	0	0	0	0	0	0	0	0	0	0	0	0	0	0	0	0	0	0	0	0	0	0	0	0	0	0	0	0.490249482514435	0	0	0	0	0	0	0	0	0	0	0	0	0	0	0	0	0	0	0	0	0	0	0	0	0	0	0	0	0	0	0	0	0	0	0	0	0	0	0	0	0	0	0	0	0	0	0	0	0	0	0	0	0	0	0	0	0	0	0	0	0	0	0	0	0	0	0	0	0	0	0	0	0.95871009913934	0	0	0	0	0	0	0	0	0	0	0	0	0	0	0	0	0	0	0	0	0	0	0	0	0	0	0	0	0	0	0	0	0	0	0	0	0	0	0	0	0	0	0	0	0	0	0	0	0	0	0	0	0	0	0	0	0	0	0	0	0	0	0	0	0	0	0	0	0	0	0	0	0	0	0	0	0	0	0	0	0	0	0
ERR6650813	0	0	0	0	0	0	0	0	0	0	0	0	0	0	0	0	0	0	0	0	0	0	0	0	0	0	0	0	0	0	0	0	0	0	0	0	0	0	0	0	0	0	0	0	1.42022398961208	0	0	0	0	0	2.45901639344262	0	0	0	0	0	0	0	0	0	0	0	0	0	0	0	0	0	0	0	0	0	0	0	0	0	0	0	0	0	0	0	0	0	0	0	0	0	0	0	0	0	0	0	0	0	0	0	0.446356111020938	0	0	0	0	0	0	0	0	0	0	0	0	0	0	0	0	0	0	0	0	0	0	0	0	0	0	0	0	0	0	0	0	0	0	0	0	0	0	0	0.454471676675864	0	0	0	0	0	0	0	0	0	0	0	0	0	0	0	0	0	0	0	0	0	0	0	0	0	0	0	0	0	0	0	0	0	0	0	0	0	0	0	0	0	0	0	0	0	0	0	0	0	0	0	0	0	0	4.77195260509658	0	0	0	0	0	0	0	0	0	0	0	0	0	0	0	0	0	0	0	0	0	0	0	0	0	0	0	0	0	0	0	0	0	0	0	0	0	0	0	0	0	0	0	0	0	0	0	0	0	0	0	0	0	0	0	0	0	0	0	0	0	0	0	0	0	0	0	0	0	0	0	0	0	0	0	0	0	0	0	0	0	0	0	0	0	0	0	0	0	0	0	0	0	0	0	0	0	0	0	0	0	0	0	0	0	0	0	0	0	0	0	0	0	0	0	0	0	0	0	0	0	0	0	0	0	0	0	0	0	0	0	0	0	0	0	0	0	0	0	0	0	0	0	0	0	0	0	0	0	0	0	0	0	0	0	0	0	0	0	0	0	0	0	0	0	0	0	0	0	0	0	0	0	0	0	0	0	0	0	0	0	0	0	0	0	0	0	89.1900665476384	0	0	0	0	0	0	0	0	0	0	0	0	0	0	0	0	0	0	0	0	0	0	0	0	0	0	0	0	0	0	0	0.73851647459828	0	0	0	0	0	0	0	0	0	0	0	0	0	0	0	0	0	0	0	0	0	0	0	0	0	0	0	0	0	0	0	0	0	0	0	0	0	0	0	0	0	0	0	0	0	0	0	0	0.113617919168966	0	0	0	0	0	0	0	0	0	0	0	0	0	0	0	0	0	0	0	0	0	0	0	0	0	0	0	0	0	0	0	0	0	0	0	0	0	0	0	0	0	0	0	0	0	0	0	0	0	0	0	0	0	0	0	0	0	0	0	0	0	0	0	0	0	0	0	0	0	0	0	0	0	0	0	0	0	0	0	0	0	0	0	0	0	0	0	0	0	0	0	0	0	0	0	0	0	0	0	0	0	0	0	0	0	0	0	0	0	0	0	0	0	0	0	0	0	0	0	0	0	0	0	0	0	0	0	0	0	0	0	0	0	0	0	0	0.397662717091381	0	0	0	0	0	0	0	0	0	0	0	0	0	0	0	0	0	0	0	0	0	0	0	0	0	0	0	0	0	0	0	0	0	0	0	0	0	0	0	0	0	0	0	0	0	0	0	0	0	0	0	0	0	0	0	0	0	0	0	0	0	0	0	0	0	0	0	0	0	0	0	0	0	0	0	0	0	0	0	0	0	0	0	0	0	0	0	0	0	0	0	0	0	0	0	0	0	0	0	0	0	0	0	0	0	0	0	0	0	0	0	0	0	0	0	0	0	0	0	0	0	0	0	0	0	0	0	0	0	0	0	0	0	0	0	0	0	0	0	0	0	0	0	0	0	0	0	0	0	0	0	0	0	0	0	0	0	0	0	0	0	0	0	0	0	0	0.00811556565492615
ERR6650815	0	0	0	0	0	0	0	0	0	0	0	0	0	0	0	0	0	0	0	0	0	0	0	0	0	0	0	0	0	0	0	0	0	0	0	0	0	0	0	0	0	0	0	0	0	0	0	0	0	0	6.12949409261811	0	0	0	0	0	0	0	0	0	0	0	0	0	0	0	0	0	0	0	0	0	0	0	0	0	0	0	0	0	0	0	0	0	0.0147182787641998	0	0	0	0	0	0	0	0	0	0	0	0	0	83.828625714171	0	0	0	0	0	0	0	0	0	0	0	0	0	0	0	0	0	0	0	0	0	0	0	0	0	0	0	0	0	0	0	0	0	0	0	0	0	0	0	0	0	0	0	0	0	0	0	0	0	0	0	0	0	0	0	0	0	0	0	0	0	0	0	0	0	0	0	0	0	0	0	0	0	0	0	0	0	0	0	0	0	0	0	0	0	0	0	0	0	0	0	0	0	0	0.0495069376613993	0	0	0	0	0	0	0	0	0	0	0	0	0	0	0	0	0	0	0	0	0	0	0	0	0	0	0	0	0	0.00535210136879993	0	0	0	0	0	0	0	0	0	0	0	0	0	0	0	0	0	0	0.00401407602659994	0	0	0	0	0	0	0	0	0	0	0	0	0	0	0	0	0	0	0	0	0	0	0	0	0	0	0	0	0	0	0	0	0	0	0	0	0	0	0	0	0	0	0	0	0.0120422280797998	0	0	0	0	0	0	0	0	0	0	0	0	0	0	0	0	0	0	0	0	0	0	0	0	0	0	0	0	0	0	0.0414787856081994	0	0	0	0	0	0	0	0	0	0	0	0	0	0	0	0	0	0	0	0	0	0	0	0	0	0	0	0	0	0	0	0	0	0	0	0	0	0	0	0	0	0	0	0	0	0	0	0	0	0	0	0	0	0	0	0	0	0	0	0	0	0	7.2159706704845	0	0	0	0	0	0	0	0	0	0	0	0	0	0	0	0	0	0	0	0	0	0	0	0	0	0	0	0	0	0	0	0	0	0	0	0	0	0	0	0	0	0	0	0	0	0	0	0.219436156120797	0	0	0	0	0	0	0	0	0	0	0	0	0	0	0	0	0	0	0	0	0	0	0	0.00401407602659994	0	0	0	0	0	0	0	0	0	0	0	0	0	0	0	0	0	0	0	0	0	0	0	0	0	0	0	0	0	0	0	0	0	0	0	0	0	0	0	0	0	0	0	0	0	0	0	0	0	0	0	0	0	0	0	0	0	0.0214084054751997	0	0	0	0	0	0	0	0	0	0	0	0	0	0	0	0	0	0	0	0	0	0	0	0	0	0	0	0	0	0	0	0	0	0	0	0	0	0	0	0	0	0	0	0	0	0	0	0	0	0	0	0	0	0	0	0	0	0	0	0	0	0	0	0	0	0	0	0	0	0	0	0	0	0	0	0	0	0	0	0	0	0	0	0	0	0	0	2.41379771732877	0	0	0	0	0	0	0	0	0	0	0.00267605068439996	0	0	0	0	0	0	0	0	0	0	0.0147182787641998	0	0	0	0	0	0	0	0	0	0	0	0	0	0	0	0	0	0	0	0	0	0	0	0	0	0	0	0	0	0	0	0	0	0	0	0	0	0	0	0	0	0	0	0.0133802534219998	0	0	0	0	0	0	0	0	0	0	0	0	0	0	0	0	0	0	0	0	0	0	0	0	0	0	0	0	0	0	0	0.00535210136879993	0	0	0	0	0	0	0	0	0	0	0	0	0	0	0	0	0	0	0	0	0	0	0	0	0	0	0	0	0	0	0	0	0	0	0	0	0	0	0	0	0	0	0.00401407602659994	0	0	0	0	0	0	0	0	0	0	0	0	0	0	0	0	0	0	0	0	0	0	0	0	0	0
ERR6650816	0	0	0	0	0	0	0	0	0	0	0	0	0	0	0	0	0	0	0	0	0	0	0	0	0	0	0	0	0	0	0	0	0	0	0.0861976080163775	0	0	0	0	0	0	0	0	0	0.0861976080163775	0	0	0	0	0	4.10516108177998	0	0	0	0	0	0	0	0	0	0	0	0	0	0	0	0	0	0	0	0	0	0	0	0	0	0	0	0	0	0	0	0	0	0	0	0	0	0	0	0	0	0	0	0	0	0	0	0.495636246094171	0	0	0	0	0	0	0	0	0	0	0	0	0	0	0	0	0	0	0	0	0	0	0	0	0	0	0	0	0	0	0	0	0	0	0	0	0	0	0	0	0	0	1.3252882232518	0	0	0	0	0	0	0	0	0	0	0	0	0	0	0	0	0	0	0	0	0	0	0	0	0	0	0	0	0	0	0	0	0	0	0	0	0	0	0	0	0	0	0	0	0	0	0	0	0	0	0	2.03641848938692	0	0	0	0	0	0	0	0	0	0	0	0	0	4.12671048378408	0	0	0	0	0	0	0	0	0	0	0	0	0	0	0	0	0	0	0	0	0	0	0	0	0	0	0	0	0	0	0	0	0	0	0.474086844090077	0	0	0	0	0	0	0	0	0	0	0	0	0	0	0	0	0	0	0	0	0	0	0	0	0	0	0	0	0	0	0	0	0	0	0	0	0	0	0	0	0	0	0	0	0	0	0	0	0	0	0	0	0	0	0	0	0	0	0	0	0	0	0	0	0	0	0	0	0	0	0	0	0	0	0	0	0	0	0	0	0	0	0	0	0	0	0	0	0	0	0	0.247818123047085	0	0	0	0	0	0	0	0	0	0	0	0	0	0	0	0	0	0	0	0	0	0	0	0	0	0	0	0	0	0	0	0	0	0	0	0	0	0	0	0	0	0	0	0	0	0	82.3941385626549	0	0	0	0	0	0	0	0	0	0	0	0	0	0	0	0	0	0	0	0	0	0	0	0	0	0	0	0	0	0	0	0.0861976080163775	0	0	0	0	0	0	0	0	0	0	0	0	0	0	0	0	0	0	0	0	0	0	0	0	0	0	0	0	0	0	0	0	0	0	0	0	0	0	0	0	0	0	0	0	0	0	0	0	0	0	0	0	0	0.334015731063463	0	0	0	0	0	0	0	0	0	0	0	0	0	0	0	0	0	0	0	0	0	0	0	0	0	0.226268721042991	0	0	0	0	0	0	0	0	0	0	0	0	0	0	0	0	0	2.63980174550156	0	0	0	0	0	0	0	0	0	0	0	0	0	0	0	0	0	0	0	0	0	0.215494020040944	0	0	0	0	0	0	0	0	0	0	0	0	0	0	0	0	0	0	0	0	0	0	0	0	0	0	0	0	0	0	0	0.053873505010236	0	0	0	0	0	0	0	0	0	0	0	0	0	0	0	0	0	0	0	0	0	0	0	0	0	0	0	0	0	0	0.26936752505118	0	0	0.107747010020472	0	0	0	0	0	0	0	0	0	0	0	0	0	0	0	0	0	0	0	0	0	0	0	0	0	0	0	0	0	0	0	0	0	0	0	0	0	0	0	0	0	0	0	0	0	0	0	0	0	0	0	0	0	0	0	0	0	0	0	0	0	0	0	0	0	0.129296412024566	0	0	0	0	0	0	0	0	0.0430988040081888	0	0	0	0	0	0	0	0	0	0	0	0	0	0	0	0	0	0	0	0	0	0	0	0	0	0	0	0	0	0	0	0	0	0	0	0	0	0	0	0	0	0	0	0	0	0	0	0	0	0	0	0	0	0	0	0	0	0	0	0	0	0	0	0	0	0	0	0	0	0	0	0	0.053873505010236	0	0	0	0	0	0	0	0	0	0	0	0	0.463312143088029	0	0	0	0	0	0
ERR6650823	0	0	0	0	0	0	0	0	0	0	0	0	0	0	0	0	0	0	0	0	0	0	0	0	0	0	0	0	0	0	0	0	0	0	0	0	0	0	0	0	0	0	0	0	0.0192835422383742	0	0	0	0	0	6.84714084402581	0	0	0	0	0	0	0	0	0	0	0	0	0	0	0	0	0	0.0133501446265668	0	0	0	0	0	0	0	0	0	0	0	0	0	0	0	0	0	0	0	0	0	0	0	0	0	0	0	0	0	0.176518578951272	0	0	0	0	0	0	0	0	0	0	0	0	0	0	0	0	0	0	0	0	0	0	0	0	0	0	0	0	0	0	0	0	0	0	0	0	0	0	0	0	0	0	0	0	0	0	0	0	0	0	0	0	0	0	0	0	0	0	0	0	0	0	0	0	0	0	0	0	0	0	0	0	0	0	0	0	0	0	0	0	0	0	0	0	0.00296669880590373	0	0	0	0	0	0	0	0	0	0.324853519246458	0	0	0	0	0	0	0	0	0	0	0	0	0	0	0	0	0	0	0	0	0	0	0	0	0	0	0	0	0	0	0	0	0	0	0	0	0	0	0	0	0	0	0	0	0	0	0	0	0	0	0	0	0	0	0	0	0	0	0	0	0	0	0	0	0	0	0	0	0	0	0	0	0	0	0	0	0	0	0	0	0	0	0	0	0	0	0	0	0	0	0	0	0	0	0	0	0	0	0	0	0	0	0	0	0	0	0	0	0	0	0	0	0	0	0	0	0	0	0	0	0	0	0	0	0	0	0	0	0	0	0	0	0	0	0	0	0	0	0	0	0	0	0	0	0	0	0	0	0	0	0	0	0	0	0	0	0	0	0	0	0	0	0	0.00148334940295187	0	0	0	0	0	0	0	0	0	0	0	0	0	0	0	0	0	0	0	0	0	0	0	89.4682192390418	0	0	0	0	0	0	0	0	0	0	0	0	0	0	0	0	0	0	0	0	0	0	0	0	0	0	0	0	0	0	0	0.0103834458206631	0	0	0	0	0	0	0	0	0	0	0	0	0	0	0	0.178001928354224	0	0	0	0	0	0	0	0	0	0	0	0	0	0	0	0	0	0	0	0	0	0	0	0	0	0	0	0	0	0	0	0	0	0	0	0	0	0.0148334940295187	0	0	0	0	0	0	0	0	0	0	0	0	0	0	0	0	0	0	0	0	0	0	0	0	0	0	0	0	0	0	0	0	0	0	0	0	0	0	0	0	0	0	0	0	0	0	0	0	0	0	0	0	0	0	0	0	0	0	0	0	0	0	0	0	0	0	0	0	0	0	0	0	0	0	0	0	0	0	0	0	0	0	0	0	0	0	0	0	0	0	0	0	0	0	0	0	0	0	0	0	0	0	0	0	0	0	0	0	0	0	0	0	0	0	0	0	0	0	0	0.0044500482088556	0	0	0	0	0	0	0	0	0	0	0	2.91181487799451	0	0	0	0	0	0	0	0	0	0	0	0	0	0	0	0	0	0	0	0	0	0	0	0	0	0	0	0	0	0	0	0	0	0	0	0	0	0	0	0	0	0	0	0	0	0	0	0	0	0	0	0	0	0	0	0	0	0	0	0	0	0	0	0	0	0	0	0	0	0	0	0	0	0	0.0207668916413261	0	0	0	0	0	0	0	0	0	0	0	0	0	0	0	0	0	0	0	0	0	0	0	0	0	0	0	0	0	0	0	0	0	0	0	0	0	0	0	0	0	0	0	0	0	0	0	0	0	0	0	0	0	0	0	0	0	0	0	0	0	0	0	0	0	0	0	0	0	0	0	0	0	0	0	0	0	0	0	0	0	0	0	0	0	0	0	0	0	0	0	0.00593339761180746
ERR6650826	0	0	0	0	0	0	0	0	0	0	0	0	0	0	0	0	0	0	0	0	0	0	0	0	0	0	0	0	0	0	0	0	0	0	0	0	0	0	0	0	0	0	0	0	0.0111596467174696	0	0	0	0	0	0.00478270573605841	0	0	0	0	0	0	0	0	0	0	0	0	0	0	0	0	0	0	0	0	0	0	0	0	0	0	0	0	0	0	0	0	0	0.00318847049070561	0.015942352453528	0	0	0	0	0	0	0	0	0	0	0	0	0.117973408156108	0	0	0	0	0	0	0	0	0	0	0	0	0	0	0	0	0	0	0	0	0	0	0	0	0	0	0	0	0	0	0	0	0	0	0	0	0	0	0	0.00637694098141122	0	0	0	0	0	0	0	0	0	0	0	0	0	0	0	0	0	0	0	0	0	0	0	0	0	0	0	0	0	0	0	0	0	0	0	0	0	0	0	0	0	0	0	0	0	0	0	0	0	0	0	0.00956541147211682	0	0	0.00478270573605841	0	0	0	0	0	0	0	0	0	0	0.0829002327583458	0	0	0	0	0	0	0	0	0	0	0	0	0	0	0	0	0	0	0	0	0	0	0	0	0	0	0	0	0	0	0	0	0	0	0	0	0	0	0	0	0	0	0	0	0	0	0	0	0	0	0	0	0	0	0	0	0	0	0	0	0	0	0	0	0	0	0	0	0	0	0	0	0	0	0	0	0	0	0	0	0	0	0	0	0	0	0	0	0	0	0	0	0	0	0	0	0	0	0	0	0	0	0	0	0	0	0.0526097630966425	0	0	0	0	0	0	0	0.0302904696617033	0	0	0	0	0	0	0	0	0	0	0	0	0	0	0	0	0	0	0	0	0	0	0	0	0	0	0	0	0	0	0	0	0	0	0	0	0	0	0	0	0	0	0	0	0	0	0	0	0	0	0	0	0	0	0	0	0	0	0	0	0	99.3224500207251	0	0	0	0	0	0	0	0	0	0	0	0	0	0	0	0	0.015942352453528	0	0	0	0	0	0	0	0	0	0	0	0	0	0	0.0111596467174696	0	0	0	0	0	0	0	0	0	0	0	0	0	0	0	0	0	0	0	0	0	0	0	0	0	0	0	0	0	0	0	0	0	0	0	0	0	0	0	0	0	0	0	0	0	0	0	0	0	0	0	0	0	0	0	0	0	0.015942352453528	0	0	0	0	0	0	0	0	0	0	0	0	0	0	0	0	0	0	0	0	0	0	0	0	0	0	0	0	0	0	0	0	0	0	0	0	0	0	0	0	0	0	0	0	0	0	0	0	0	0	0	0	0	0	0	0	0	0	0	0	0	0	0	0	0	0	0	0	0	0	0	0	0	0	0	0	0	0	0	0	0	0	0	0	0	0	0	0	0	0	0	0	0	0	0	0	0	0	0	0	0	0	0	0	0	0	0	0	0	0	0	0	0	0	0	0	0	0	0	0	0	0	0	0	0	0	0	0	0	0	0	0	0	0	0	0	0	0	0.00797117622676402	0	0	0	0	0	0	0	0	0	0	0	0	0	0	0	0	0	0	0	0	0	0	0	0	0	0	0	0	0	0	0	0	0	0	0	0	0	0	0	0	0	0	0	0	0	0	0	0	0	0	0	0	0	0	0	0	0	0	0	0	0.0271019991709977	0	0	0.0127538819628224	0	0	0.00797117622676402	0	0	0	0	0	0	0	0	0	0	0	0	0	0	0	0	0	0	0	0.0271019991709977	0	0	0	0	0	0	0	0	0	0	0	0	0	0	0	0	0	0	0	0	0	0	0	0	0	0	0	0	0	0	0	0	0	0	0	0	0	0	0	0	0	0	0	0	0	0	0	0.168988936007397	0	0.00637694098141122	0	0	0	0	0	0	0	0	0	0	0	0	0	0	0	0	0	0	0.0366674106431145
ERR6650833	0	0	0	0	0	0	0	0	0	0	0	0	0	0	0	0	0	0	0	0	0	0	0	0	0	0	0	0	0	0	0	0	0	0	0	0	0	0	0	0	0	0	0	0	0	0	0	0	0	0	0	0	0	0	0	0	0	0	0	0	0	0	0	0	0	0	0	0	0	0	0	0	0	0	0	0	0	0	0	0	0	0	0	0	0	0	0	0	0	0	0	0	0	0	0	0	0	0	0	0	0	0	0	0	0	0	0	0	0	0	0	0	0	0	0	0	0	0	0	0	0	0.017683465959328	0	0	0	0	0	0	0	0	0	0	0	0	0	0	0	0	0	0	0	0	0	0	0	0	0	0	0	0	0	0	0	0	0	0	0	0	0	0	0	0	0	0	0	0	0	0	0	0	0	0	0	0	0	0	0	0	0	0	0	0	0	0	0	0	0	0	0	0	0	0	0	0	0	0	0	0	0	0	0	0	0	0	0.742705570291777	0	0	0	0	0	0	0	0	0	0	0	0	0	0	0	0	0	0	0	0	0	0	0	0	0	0	0	0	0	0	0	0	0	0	0	0	0	0	0	0	0	0	0	0	0	0	0	0	0	0	0	0	0	0	0	0	0	0	0	0	0	0	0	0	0	0	0	0	0	0	0	0	0	0	0	0	0	0	0	0	0	0	0	0	0	0	0	0	0	0	0	0	0	0	0	0	0	0	0	0	0	0	0	0	0	0	0	0	0	0	0	0	0	0	2.12201591511936	0	0	0	0	0	0	0	0	0	0	0	0	0	0	0	0	0	0	0	0	0	0	0	0	0	0	0	0	0	0	0	0	0	0	0	0	0	0	0	0	0	0	0	0	0	0	0	0	0	0	0	0	0	0	0	0	0	0	0	0	0	95.0486295313881	0	0	0	0	0	0	0	0	0	0	0	0	0	0	0	0	0	0	0	0	0	0	0	0	0	0	0	0	0	0	0	0	0	0	0	0	0	0	0	0	0	0	0	0	0	0	0	0	0	0	0	0	0	0	0	0	0	0	0	0	0	0	0	0	0	0	0	0	0	0	0	0.742705570291777	0	0	0	0	0	0	0	0	0	0	0	0	0	0	0	0	0	0	0	0	0	0	0	0	0	0	0	0	0	0	0	0	0	0	0	0	0	0	0	0	0	0	0	0	0	0	0	0	0	0	0	0	0	0	0	0	0	0	0	0	0	0	0	0	0	0	0	0	0	0	0	0	0	0	0	0	0	0	0	0	0	0	0	0	0	0	0	0	0	0	0	0	0	0	0	0	0	0	0	0	0	0	0	0	0	0	0	0	0	0	0	0	0	0	0	0	0	0	0	0	0	0	0	0	0	0	0	0	0	0	0	0	0	0	0	0	0	0	0	0	0	0	0	0	0	1.3262599469496	0	0	0	0	0	0	0	0	0	0	0	0	0	0	0	0	0	0	0	0	0	0	0	0	0	0	0	0	0	0	0	0	0	0	0	0	0	0	0	0	0	0	0	0	0	0	0	0	0	0	0	0	0	0	0	0	0	0	0	0	0	0	0	0	0	0	0	0	0	0	0	0	0	0	0	0	0	0	0	0	0	0	0	0	0	0	0	0	0	0	0	0	0	0	0	0	0	0	0	0	0	0	0	0	0	0	0	0	0	0	0	0	0	0	0	0	0	0	0	0	0	0	0	0	0	0	0	0	0	0	0	0	0	0	0	0	0	0	0	0	0	0	0	0	0	0	0	0	0	0	0	0	0	0	0	0	0	0	0	0	0	0	0	0	0	0	0
ERR6650835	0	0	0	0	0	0	0	0	0	0	0	0	0	0	0	0	0	0	0	0	0	0	0	0	0	0	0	0	0	0	0	0	0	0	0	0	0	0	0	0	0	0	0	0	0	0	0	0	0	0	0.0759109311740891	0	0	0	0	0	0	0	0	0	0	0	0	0	0	0	0	0	0	0	0	0	0	0	0	0	0	0	0	0	0	0	0	0	0	0	0	0	0	0	0	0	0	0	0	0	0	0	0	0	0	0	0	0	0	0	0	0	0	0	0	0	0	0	0	0	0	0.455465587044534	0	0	0	0	0	0	0	0	0	0	0	0	0	0	0	0	0	0	0	0	0	0	0	0.328947368421053	0	0	0	0	0	0	0	0	0	0	0	0	0	0	0	0	0	0	0	0	0	0	0	0	0	0	0.0253036437246964	0	0	0	0	0	0	0	0	0	0	0	0	0	0	0	0	0	0	0	0	0	0	0	0	0	0	0	0	0	0	0	0	0.253036437246964	0	0	0.885627530364372	0	0	0	0	0	0	0	0	0	0	0	0	0	0	0	0	0	0	0	0	0	0	0	0	0	0	0	0	0	0	0	0	0	0	0	0	0	0.379554655870445	0	0	0	0	0	0	0	0	0	0	0	0	0	0	0	0	0	0	0	0	0	0	0	0	0	0	0	0	0	0	0	0	0	0	0	0	0	0	0	0	0	0	0	0	0	0	0	0	0	0	0	0	0	0	0	0	0	0	0	0	0	0	0	0	0	0	0	0	0	0	0	0	0	0	0	0	0	0	0	0	0	0	0	0	0	0	0	0	0	0	0	0	0	0	0	0	0	0	0	0	0	0	0	0	0	0	0	0	0	0	0	0	0	0	0	0	0	0	0	0	0	0	0	0	0	0	0	0	0	0	0	0	0	0	0	0.936234817813765	0	0	78.162955465587	0	0	0	0	0	0	0	0	0	0	0	0	0	0	0	0	0	0	0	0	0	0	0	0	0	0	0	0	0	0	0	0	0	0	0	0	0	0.202429149797571	0	0	0	0	0	0	0	0	0	0	0	0	0	0	0	0	0	0	0	0	0	0	0	0	0	0	0	0	0	0	0	0	0	0	0	0	0	0	0	0	0	0	0	0	0	0	0	0	0	0	0	0	0	0	0	0	0	0	0	0	0	0	0	0	0	0	0	0	0	0	0	0	0	0	0	0	0	0	0	0	0	0	0.354251012145749	0	0	0	0	0	0	0	0	2.45445344129555	0	0	0	0	0	0	0	0	0	0	0	0	0	0	0	0	0	0	0	0	0	0	0	0	0	0	0	0	0	0	0	0	0	0	0	0	0	0	0	0	0	0	0	0	0	0	0	0	0	0	0	0	0.455465587044534	0	0	0	0	0	0	0	0	0	0	0	0.253036437246964	0	0	0	0	0	0	0	0	0	0	0	0	0	0	0	0	0	0	0	0	0	0	0	0	0	0	0	0	0	0	0	0	0	0	0	0	0	0	0	0	0	0	0	0	0	0	0	0	0	0	0	0	0	0	0	0	0	0	0	0	0	0	0	0	0	0	0	0	0	0	0	0	0	0	0	0	0	0	0.986842105263158	0	0	0	0	0	0	0	0	0	0.151821862348178	0	0	0	0	0	0	0	0	0	0	0	0	0	0	0	0	0	0.480769230769231	0	0	0	0	0	0	0	0	0	0	0	0	0	0.506072874493927	0	0	0	0	0	0	0	0	0	0	0	0	0	0	0	0	0	0	0	0	0	0	0	0	0	0	0	0	0	0	10.1973684210526	0	0	0	0	0	0	0	0	0	0	0	0	0	0	0	0	0	0	0	0	0	0	0	0	0	0	0	0	0.480769230769231	0	0	0	0	0	0	0	0	1.97368421052632
ERR6650836	0	0	0	0	0	0	0	0	0	0	0	0	0	0	0	0	0	0	0	0	0	0	0	0	0	0	0	0	0	0	0	0	0	0	0	0	0	0	0	0	0	0	0	0	0	0	0	0	0	0	0.118343195266272	0	0	0	0	0	0	0	0	0	0	0	0	0	0	0	0	0	0	0	0	0	0	0	0	0	0	0	0	0	0	0	0	0	0	0	0	0	0	0	0	0	0	0	0	0	0	0	0.0753093060785369	0	0	0	0	0	0	0	0	0	0	0	0	0	0	0	0	0	0	0	0	0	0	0	0	0	0	0	0	0	0	0	0	0	0	0	0	0	0	0.0215169445938677	0	0	0	0	0	0	0	0	0	0	0	0	0	0	0	0	0	0	0	0	0	0	0	0	0	0	0	0	0	0	0	0	0	0	0	0	0	0	0	0	0	0	0	0	0	0	0	0	0	0	0	0	0	0	0	0.0968262506724045	0	0	0	0	0	0	0	0.129101667563206	0	0	0.376546530392684	0	0	0	0	0	0	0	0	0	0	0	0	0	0	0	0	0	0	0	0	0	0	0	0	0	0	0	0	0	0	0	0	0	0	0	0	0	1.30177514792899	0	0	0	0	0	0	0	0	0	0	0	0	0	0	0	0	0	0	0	0	0	0	0	0	0	0	0	0	0	0	0	0	0	0	0	0	0	0	0	0	0	0	0	0	0	0	0	0	0	0	0	0	0	0	0	0	0	0	0	0	0	0	0	0	0	0	0	0	0	0	0	0	0	0	0	0	0	0	0	0	0	0	0	0	0	0	0	0	0	0	0	0	0	0	0	0	0	0	0	0	0	0	0	0	0	0	0	0	0	0	0	0	0	0	0.0860677783754707	0	0	0	0	0	0	0	0	0	0	0	0	0	0	0	0	0	0	0	0	0	0	0	96.1699838622916	0	0	0	0	0	0	0	0	0	0	0	0	0	0	0	0	0	0	0	0	0	0	0	0	0	0	0	0	0	0	0	0	0	0	0	0	0	0	0	0	0	0	0	0	0	0	0	0	0	0	0	0	0	0	0	0	0	0	0	0	0	0	0	0	0	0	0	0	0	0	0	0	0	0	0	0	0	0	0	0	0	0	0	0	0	0	0	0	0	0	0	0	0	0	0	0	0	0	0	0	0	0	0.0430338891877353	0	0	0	0	0	0	0	0	0	0	0	0	0	0	0.129101667563206	0	0	0.667025282409898	0	0	0	0	0	0	0	0	0	0	0	0	0	0	0	0	0	0	0	0	0	0	0	0	0	0	0	0	0	0	0	0	0	0	0	0	0	0	0	0	0	0	0	0	0	0	0	0	0	0	0	0	0	0	0	0	0	0	0	0	0	0	0	0	0	0	0	0	0	0	0	0	0	0	0	0	0	0	0	0	0	0	0	0	0	0	0	0	0	0	0	0	0	0	0	0	0	0	0	0	0	0	0	0	0	0	0	0	0	0	0	0	0	0	0	0	0	0	0	0	0	0	0	0	0	0	0	0	0	0	0	0	0	0	0	0	0	0	0	0	0	0.0322754168908015	0.0537923614846692	0	0	0	0	0	0	0	0	0	0.172135556750941	0	0	0	0	0	0	0	0	0	0	0	0	0	0	0	0	0	0	0	0	0	0	0	0	0	0	0	0	0	0	0	0	0	0	0	0	0	0	0	0	0	0.107584722969338	0	0	0	0	0	0	0	0	0	0	0	0	0	0	0	0	0	0	0	0	0	0	0	0	0	0	0	0	0	0	0	0	0	0	0	0	0	0	0	0	0	0	0	0	0	0	0.236686390532544	0	0	0	0	0	0	0	0	0	0	0	0	0.182894029047875	0	0	0	0	0	0	0	0	0
ERR6650841	0	0	0	0	0	0	0	0	0	0	0	0	0	0	0	0	0	0	0	0	0	0	0	0	0	0	0.364101406755435	0	0	0	0	0	0	0	0	0	0	0	0	0	0	0	0	0	0.117354998871587	0	0	0	0	0	0.0616866019709622	0	0	0	0	0	0	0	0	0	0	0	0	0	0	0	0	0	0	0	0	0	0	0	0	0	0	0	0	0	0	0	0	0	0.0105318588730911	0	0	0	0	0	0	0	0	0	0	0	0	0	0.0887685247874821	0	0	0	0	0	0	0	0	0	0	0	0	0	0	0	0	0	0	0	0	0	0	0	0	0	0	0	0	0	0	0	0	0	0	0	0	0	0	0.00451365380275333	0	0	0	0	0	0	0	0	0	0	0	0	0	0	0	0	0	0	0	0	0	0	0	0	0	0	0	0	0	0	0.00150455126758444	0	0	0	0	0.0120364101406755	0	0	0	0	0	0	0	0	0	0	0	0	0	0	0	0	0.0436319867599488	0	0	0.201609869856315	0	0	0	0	0	0	0	0	0	0	0.0481456405627022	0	0	0.0752275633792222	0	0	0	0	0	0	0	0	0	0	0	0	0	0	0	0	0	0	0	0	0	0	0	0	0	0	0	0	0	0	0	0	0	0	0.788384864214248	0	0	0	0	0	0	0	0	0	0	0	0	0	0.0346046791544422	0	0	0	0	0	0	0	0	0	0	0	0	0	0	0	0	0	0	0	0	0	0	0	0	0	0	0	0	0	0	0	0	0	0	0	0	0	0	0	0	0	0	0	0	0	0	0	0	0	0	0	0	0	0	0	0	0	0	0	0	0.0195591664785978	0	0.00150455126758444	0	0	0	0	0	0	0	0	0	0	0	0	0	0	0.0240728202813511	0	0	0	0	0	0	0	0	0	0	0	0	0	0	0	0	0	0	0	0	0	0	0.0165500639434289	0	0	0	0	0	0	0	0	0	0	0	0	0	0	0	0	0	0	0	0	0	0	0	94.9146167155646	0	0	0	0	0	0	0	0	0	0	0	0	0	0	0	0	0	0	0	0	0	0	0	0	0	0	0	0	0	0	0	0	0	0	0	0	0	0	0	0	0	0	0	0	0	0	0	0	0	0	0	0.356578650417513	0	0	0	0	0	0	0.160986985631535	0	0	0	0	0	0	0	0	0	0	0	0	0.0466410892951177	0	0	0	0	0	0	0	0	0	0	0	0	0	0	0	0	0	0	0	0	0	0	0	0	0	0	0	0	0	0.0376137816896111	0	0	0	0	0	0	0	0	0	0	0	0	0	0	0	0	0	0	0.0932821785902355	0	0	0	0	0	0	0	0	0	0	0	0	0	0	0	0	0	0	0	0	0	0	0	0	0	0	0	0	0	0	0	0	0	0	0	0.0481456405627022	0	0	0.144436921688107	0	0.0616866019709622	0	0	0	0	0	0	0	0	0	0	0	0	0	0	0	0	0	0	0	0	0	0	0	0	0	0	0	0	0	0	0	0	0.0827503197171444	0	0	0	0	0	0	0	0	0	0	0	0	0	0	0	0	0	0	0	0	0	0	0	0	0	0	0	0	0	0	0	0	0	0.0466410892951177	0	0	0	0	0	0	0	0.144436921688107	0	0.00752275633792221	0	0	0	0	0	0	0	0	0.160986985631535	0	0	0	0	0	0	0	0	0	0	0	0	0	0	0	0	0.0105318588730911	0	0	0	0	0	0	0	0	0.0857594222523132	0	0	0	0	0	0	0	0	0	0.136914165350184	0	0	0	0	0	0.395696983374708	0	0	0.0887685247874821	0	0	0	0	0	0	0	0	0	0	0.0315955766192733	0	0	0	0	0	0	0	0	0	0	0	0.237719100278342	0	0	0	0	0	0	0	0	0	0	0	0	0	0	0	0	0	0	0	0	0	0	0	0	0	0	0	0	0	0	0	0	0	0	0	0	0	0	0	0	0	0	0	0	0	0	0	0.150455126758444	0	0	0	0	0	0	0	0	0	0	0	0	0	0	0	0	0	0	0	0	0.642443391258557
ERR6650844	0	0	0	0	0	0	0	0	0	0	0	0	0	0.0281145369194987	0	0	0	0	0	0	0	0	0	0	0	0	0	0	0	0	0	0	0	0	0	0	0	0	0	0	0	0	0	0	0.0315223595764076	0	0	0	0	0	0	0	0	0	0	0	0	0	0	0	0	0	0	0	0	0	0	0	0	0	0	0	0	0	0	0	0	0	0	0	0	0.209581093399899	0	0	0	0.0408938718829072	0	0	0	0	0	0	0	0	0	0	0	0	0.355265511982756	0	0	0	0	0	0	0	0	0	0	0	0	0	0	0	0	0	0	0	0	0	0	0	0	0	0	0	0	0	0	0	0	0	0	0	0	0	0	0.00937151230649957	0	0	0	0	0	0	0	0	0	0	0	0	0	0	0	0	0	0	0	0	0	0	0	0	0.0136312906276357	0	0	0	0	0	0.0315223595764076	0	0	0	0	0	0	0	0	0	0	0	0	0	0	0	0	0	0	0	0	0	0	0	0.0604888521601336	0.011075423634954	0	0	0	0	0	0	0	0	0	0	0.0613408078243608	0	0	0	0	0	0	0	0	0	0	0	0	0	0	0	0	0	0	0	0	0	0	0	0	0	0	0	0	0	0	0	0	0	0	0	0	0	0	0	0	0	0	0	0	0	0	0	0	0	0	0	0	0	0	0	0	0	0	0	0	0	0	0	0	0	0	0	0	0	0	0	0	0.00596368964959064	0	0	0	0	0	0	0	0	0	0	0	0	0	0	0	0	0	0	0	0	0	0	0	0	0	0	0	0	0	0	0	0	0	0	0.000851955664227234	0	0	0	0	0	0	0.0937151230649957	0	0	0	0	0	0	0	0	0	0	0	0	0	0	0	0	0	0	0	0	0	0	0	0	0	0	0.201913492421854	0	0	0.025558669926817	0	0	0	0	0	0	0	0	0	0	0	0	0	0	0	0	0	0	0	0	0	0	0	0	0	0	0.0153352019560902	0	0	0	0	97.4696916772451	0	0	0	0	0	0	0	0	0	0	0	0	0	0	0	0	0.0212988916056808	0	0	0	0	0	0	0	0	0	0	0	0	0	0	0	0	0	0.0425977832113617	0	0	0	0	0	0	0	0	0	0	0	0	0	0	0	0	0.0638966748170425	0	0	0	0	0	0	0	0	0	0	0	0	0	0	0	0	0	0	0	0	0	0	0	0	0	0	0	0	0	0	0	0	0	0	0	0	0	0	0	0	0	0.0579329851674519	0	0	0	0	0	0	0	0.0741201427877693	0.254734743603943	0	0	0	0	0	0	0	0	0	0	0	0	0	0	0	0	0	0	0	0	0	0	0	0	0	0	0	0	0	0	0	0	0	0	0	0	0	0.0025558669926817	0	0	0	0	0	0	0	0	0	0	0	0	0	0	0	0	0	0	0	0	0	0	0	0	0	0	0	0	0	0	0	0	0	0	0	0	0	0	0	0	0	0	0	0	0	0	0	0	0	0	0	0	0	0	0	0	0	0	0	0	0	0	0	0	0	0	0	0	0	0	0	0	0	0	0	0	0.0613408078243608	0	0	0	0	0	0	0	0	0	0	0	0	0	0	0	0	0	0	0	0	0.0221508472699081	0	0	0	0	0	0	0	0	0	0	0	0	0	0	0	0	0	0	0	0	0	0	0	0	0	0	0	0	0	0	0	0	0	0	0.04004191621868	0	0	0	0	0	0	0	0	0	0	0	0	0	0	0	0.124385526977176	0	0	0	0	0	0	0	0	0	0	0	0	0	0	0	0	0	0	0	0	0	0	0	0	0	0.195949802772264	0	0	0	0	0	0	0	0	0	0	0	0	0	0	0	0	0	0	0	0	0	0	0	0	0	0	0	0	0	0	0	0	0	0	0	0	0	0	0	0	0	0	0	0	0	0	0	0.155907886553584	0	0.0553771181747702	0	0	0	0	0	0	0	0	0	0.00170391132845447	0	0	0	0	0	0	0	0	0.16016766487472
ERR6650845	0	0	0	0	0	0	0	0	0	0	0	0	0	0	0	0	0	0	0.637127135823921	0	0	0	0	0	0	0	0	0	0	0	0	0	0	0	0	0	0	0	0	0	0	0	0	0	1.10049232551405	0	0	0	0	0	0	0	0	0	0	0	0	0	0	0	0	0	0	0	0	0	0	0	0	0	0	0	0	0	0	0	0	0	0	0	0	0	0	0	0	0	0	0	0	0	0	0	0	0	0	0	0	0	0.0868809730668983	0	0	0	0	0	0	0	0	0	0	0	0	0	0	0	0	0	0	0	0	0	0	0	0	0	0	0	0	0	0	0	0	0	0	0	0	0	0	0.0289603243556328	0	0	0	0	0	0	0	0	0	0	0	0	0	0	0	0	0	0	0	0	0	0	0	0	0	0	0	0	0	0	0	0	0	0	0	0.318563567911961	0	0	0	0	0	0	0	0	0	0	0	0	0	0	0	0	0	0	0	1.82450043440487	0	0	0	0	0	0	0	0	0	0	0.405444540978859	0	0	0	0	0	0	0	0	0	0	0	0	0	0	0	0	0	0	0	0	0	0	0	0.173761946133797	0	0	0	0	0	0	0	0	0	0	0	0	0	0.984651028091515	0	0	0	0	0	0	0	0	0	0	0	0	0	0	0	0	0	0	0	0	0	0	0	0	0	0	0	0	0	0	0	0	0	0	0	0	0	0	0	0	0	0	0	0	0	0	0	0	0	0	0	0	0	0	0	0	0	0	0	0	0	0	0	0	0	0	0	0.144801621778164	0	0	0	0	0	0	0	0	18.0712423979149	0	0	0	0	0	0	0	0	0	0	0	0	0	0	0	0	0	0	0	0	0	0	0	0	0	0	0	0	0	0	0	0	0	0	0	0	0	0.926730379380249	0	0	0	0	0	0	0	0	0	0	0	0	0	0	0	0	0	0	0	0	0	0	0	62.8149435273675	0	0	0	0	0	0	0	0	0	0	0	0	0	0	0	0	0	0	0	0	0	0	0	0	0	0	0	0	0	0	0	0	0	0	0	0	0	0	0	0	0	0	0	0	0	0	0	0	0	0	0	0.318563567911961	0	0	0	0	0	0	0	0	0	0	0	0	0.868809730668984	0	0	0	0	0	0	0	0	0	0	0	0	0	0	0	0	0	0	0	0	0	0	0	0	0	0	0	0	0	0	0	0	0	0	0	0	0	0.637127135823921	0	0	0	0	0	0	0	0	0	0	0	0	0	0	0	0	0	0	0	0	0	0	0	0	0	0	0	0	0	0	0	0	0	0	0	0	0	0	0	0	0	0	0.0579206487112656	0	0	0	0	0	0	0	0	0	0	0	0	0	0	0	0	0	0	0	0	0	0	0	0	0	0	0	0	0	0	0	0	0	0	0	0	0	0	0	0	0	0	0	0	0	0	0	0	0	0	0	0	0	0	0	0	0	0.144801621778164	0	4.14132638285549	0	0	0	0	0	0	0	0	0	0	0	0	0	0	0	0	0	0	0	0	0	0	0	0	0	0	0	0	0	0	0	0	0	0	0	0	0	0	0	0	0	0.984651028091515	0	0	0	0	0	0	0	0	0	0	0	0	0	0	0	0	0	0	0	0	0	0	0	0	0	0.926730379380249	0	0	0	0	0	0	0	0.52128583840139	0	0	0	0	0	0	0	0	0	0	0	0	0	0	0	0	0	0	0	0.72400810889082	0	0	0	0	0	0	0	0	0	0	0	0	0	0.868809730668984	0	0	0	0	0	0	0	0	0	0	0	0	0	0	0	0	0	0	0	0	0	0	0	0	0	0	0	0	0	0	0	0	0	0	0	0	0	0	0	0	0	0	0	0	0	0	0	0.0289603243556328	0	0	0	0	0	0.72400810889082	0	0	0	0	0	0	0	0	0.289603243556328	0	0	0	0	0	1.24529394729221
ERR6650854	0	0	0	0	0	0	0	0	0	0	0.0219861994317413	0	0	0	0	0	0	0	0	0	0	0	0	0	0	0.030442429982411	0	0	0	0	0	0	0	0	0.0236774455418753	0	0	0	0	0	0	0	0	0	0.32979299147612	0	0	0	0	0	0.164050872682993	0	0	0	0	0	0	0	0	0	0	0	0	0	0	0	0	0	0	0	0	0	0	0	0.0287511838722771	0	0	0	0	0	0	0.0558111216344202	0	0	0	0.00676498444053579	0	0	0	0	0	0	0	0	0	0	0	0	2.1275876065485	0	0	0	0	0.0152212149912055	0	0	0	0	0	0	0	0	0	0	0	0	0	0	0	0	0	0.0202949533216074	0	0	0	0	0	0	0	0	0	0	0	0	0	0	0	0	0	0	0	0.0744148288458937	0	0	0	0	0	0	0	0	0	0	0	0	0	0	0	0	0	0	0	0.0473548910837505	0	0	0	0	0	0	0	0	0	0	0.0186037072114734	0	0	0	0	0	0	0	0	0	0	0.0422811527533487	0	0	0	0	0	0	0.0270599377621431	0	0.106548504938439	0.498917602489514	0	0	0	0	0	0	0	0	0	0	0.165742118793127	0	0	0	0	0	0	0	0	0	0	0	0	0	0	0	0	0	0	0	0	0	0	0	0	0	0	0	0	0	0	0	0	0	0	0	0	0	0.0541198755242863	0.00845623055066973	0	0	0	0	0	0	0	0	0	0	0	0	0.0575023677445542	0	0	0	0	0	0	0	0	0	0	0	0	0	0	0	0	0	0	0	0	0.177580841564064	0	0	0	0	0	0	0	0	0	0	0	0	0.0591936138546881	0.0186037072114734	0	0	0	0	0	0	0	0	0	0	0	0	0	0	0	0	0	0	0.0913272899472331	0	0.11162224326884	0	0	0	0	0	0	0.00845623055066973	0.0761060749560276	0	0	0	0	0	0	0	0	0	0	0	0	0	0.0338249222026789	0	0	0	0	0	0	0	0.0591936138546881	0	0	0	0	0	0	0	0	0	0	0	0	0	0	0	0	0	0	0	0	0	0	0	0	0	0	0	0	0	0	0	0	0	0.0727235827357597	0	0	0	0	91.944594777432	0	0	0	0	0	0	0	0	0	0	0	0	0	0	0	0	0.208023271546475	0	0	0	0	0	0	0	0	0	0	0	0	0	0	0	0	0	0.0152212149912055	0	0	0	0	0	0	0	0	0	0	0	0	0	0	0	0	0	0	0	0	0	0	0	0	0	0	0	0	0	0	0	0	0	0	0	0	0	0	0	0	0	0	0	0	0	0	0	0	0	0	0	0	0	0	0	0	0	0	0	0	0	0	0	0	0	0.062576106074956	1.300568258693	0	0	0	0	0	0	0	0	0	0	0	0	0	0	0	0	0	0	0	0	0	0	0	0	0	0	0	0	0	0	0	0	0	0	0	0	0	0	0	0	0	0	0	0	0	0	0	0	0	0	0	0	0	0	0	0	0	0	0	0.0388986605330808	0	0	0	0	0	0	0	0	0	0	0	0	0	0	0	0	0	0	0	0	0	0.0541198755242863	0	0	0	0	0	0	0	0	0	0	0	0.0862535516168313	0	0	0	0	0	0	0	0	0	0.0219861994317413	0	0	0	0	0	0	0	0	0	0	0	0	0	0	0	0.0169124611013395	0	0	0	0	0	0	0	0	0	0	0	0	0	0	0	0	0	0	0	0	0	0	0	0	0	0	0	0	0	0	0	0	0	0	0	0	0	0	0	0	0.197875794885672	0	0.0101474766608037	0	0	0	0	0	0	0	0	0	0	0	0	0	0	0	0	0.0219861994317413	0	0.109930997158707	0	0	0	0	0	0.0980922743877689	0	0	0	0	0	0.103166012718171	0	0	0	0	0	0	0	0	0	0	0	0	0	0	0	0	0	0	0	0.170815857123529	0	0	0	0	0	0	0	0	0	0	0	0	0	0	0	0	0	0	0	0	0	0	0	0	0.0236774455418753	0	0	0	0	0	0	0	0	0	0	0	0	0	0	0	0	0	0	0	0	0	0	0.58686240021648	0	0	0	0	0	0	0	0	0	0	0	0.0608848599648221	0	0	0	0	0	0	0	0	0.233391963198485
ERR6650860	0	0	0	0	0	0	0	0	0	0	0.0526085050416484	0	0	0	0	0	0.00194846314969068	0	0	0	0	0	0	0	0	0	0	0	0	0	0	0	0	0	0	0.00779385259876273	0	0	0	0	0	0	0	0	0.554337766086999	0	0	0	0	0	0.094500462759998	0	0	0	0	0	0	0	0	0	0	0	0	0	0.0331238735447416	0	0	0	0	0	0	0	0	0.0175361683472161	0	0	0	0.0808612207121633	0	0	0	0.0263042525208242	0	0	0	0.0379950314189683	0	0	0	0	0	0.0263042525208242	0	0	0	0	0	0	1.73510643479955	0	0	0	0	0	0	0	0	0	0	0	0	0	0	0	0	0	0	0	0	0	0.0107165473232987	0	0	0	0	0	0	0	0	0	0	0	0	0	0	0	0	0.00779385259876273	0	0.0282527156705149	0	0.0292269472453602	0	0	0	0	0	0	0	0	0	0	0	0	0	0	0	0	0	0	0	0.0672219786643285	0	0	0	0	0.0350723366944323	0	0.0701446733888645	0	0	0	0.039943494568659	0	0	0	0	0	0.0272784840956695	0	0	0	0	0.0565054313410298	0	0.045788884017731	0	0	0	0	0.0613765892152565	0	0.00974231574845341	0.7004725023138	0	0	0	0	0	0	0	0	0	0	0.0594281260655658	0	0	0	0	0	0	0	0	0	0	0	0	0	0	0	0	0	0	0	0	0	0.0282527156705149	0	0	0	0	0	0.0253300209459789	0	0	0	0	0	0	0	0	0	0.0233815577962882	0.0555311997661844	0	0	0	0	0	0	0	0	0.0107165473232987	0	0	0	0.0194846314969068	0	0	0	0	0	0	0	0.0126650104729894	0	0	0	0	0	0	0	0	0	0	0	0	0.0993716206342247	0	0.0409177261435043	0	0	0	0	0	0	0	0.0204588630717522	0	0	0.0438404208680403	0	0	0	0	2.13064445418676	0	0	0	0	0	0	0	0	0	0	0	0	0	0	0.192897851819377	0.0282527156705149	0.0701446733888645	0	0	0	0	0	0	0.0545569681913391	0	0	0	0	0	0	0	0	0	0	0	0	0	0	0.0204588630717522	0	0	0	0	0	0	0	0.0818354522870086	0	0	0	0	0	0	0	0	0	0	0	0	0	0	0	0	0.0594281260655658	0	0	0.00681962102391739	0	0	0	0	0	0	0	0	0	0	0	0	0.0282527156705149	0	0	0	0	0	88.3092211018559	0	0	0	0	0	0	0	0	0	0	0	0	0.0253300209459789	0	0	0	0.185103999220615	0	0	0	0	0	0	0	0	0	0	0	0	0	0	0	0	0	0.042866189293195	0	0	0	0	0	0	0	0	0	0	0	0	0.0214330946465975	0	0	0	0.0701446733888645	0	0	0	0	0	0	0	0	0	0	0	0	0	0	0	0	0	0	0	0	0	0	0	0	0	0	0	0	0	0.0311754103950509	0	0	0	0	0	0	0	0	0	0	0	0	0	0.0116907788981441	0	0	0	0	0	2.25144916946758	0	0	0	0	0	0	0	0	0	0	0	0	0	0	0	0	0	0	0	0	0	0	0.0360465682692776	0	0	0	0	0.0496858103171124	0	0	0	0	0	0	0	0	0	0	0.0360465682692776	0	0	0.0292269472453602	0	0	0	0	0	0	0	0	0	0	0	0	0	0	0	0	0.00584538944907204	0	0	0	0	0	0	0	0	0	0	0	0	0	0	0	0	0	0	0	0	0	0	0.0302011788202056	0	0	0	0	0	0	0	0	0	0	0.00194846314969068	0.11495932583175	0	0	0	0	0	0	0	0	0	0.106191241658142	0	0	0	0	0	0	0	0	0.0253300209459789	0	0.00974231574845341	0.122753178430513	0	0	0.0389692629938136	0.0253300209459789	0	0	0	0	0	0	0	0	0	0	0.0418919577183497	0	0	0	0	0	0	0	0	0	0	0	0	0	0	0	0	0	0	0.0311754103950509	0	0	0	0	0	0	0	0	0	0	0.037020799844123	0	0	0	0	0	0	0	0	0	0	0	0	0	0	0	0	0	0	0.0194846314969068	0	0.235764041112572	0	0	0	0	0	0.0935262311851527	0	0	0	0	0	0	0	0	0	0	0	0	0	0	0	0	0	0	0	0	0	0	0	0	0	0.0876808417360807	0	0	0	0	0	0	0	0	0.00292269472453602	0	0	0	0	0	0	0	0	0	0	0	0	0	0	0	0	0	0	0	0	0	0.0535827366164937	0	0	0	0.0292269472453602	0	0	0	0	0	0	0	0.00194846314969068	0	0	0	0	0.480296166398753	0	0	0	0	0	0	0	0	0	0	0	0.133469725753812	0	0	0	0	0	0	0	0	0.20069170441814
ERR6650865	0	0	0	0	0	0	0	0	0	0	0	0	0	0.989119683481701	0	0	0	0	0	0	0	0	0	0	0	0	0	0	0	0	0	0	0	0	0	0	0	0	0	0	0	0	0	0	0.234915924826904	0	0	0	0	0	0.0989119683481701	0	0	0	0	0	0	0	0	0	0	0	0	0	0	0	0	0	0	0	0	0	0	0	0	0	0	0	0	0	0	0	0	0	0	0	0	0	0	0	0	0	0	0	0	0	0	0	0.865479723046489	0	0	0	0	0	0	0	0	0	0	0	0	0	0	0	0	0	0	0	0	0	0	0	0	0	0	0	0	0	0	0	0	0	0	0	0	0	0	0.0741839762611276	0	0	0	0	0	0	0	0	0	0	0	0	0	0	0	0	0	0	0	0	0	0	0	0	0	0	0	0	0	0	0.370919881305638	0	0	0	0	0	1.9164193867458	0	0	0.0247279920870425	0	0	0	0	0	0.0247279920870425	0	0	0	0	0	0	0	0	0	31.2190900098912	0	0	0	0	0	0	0	0	0	0	0.0989119683481701	0	0	0	0	0	0	0	0	0	0	0	0	0	0	0	0	0	0	0	0	0	0	0	0	0	0	0	0	0	0	0	0	0	0	0	0	0	0.408011869436202	0	0	0	0	0	0	0	0	0	0	0	0	0	0.0741839762611276	0	0	0	0	0	0	0	0	0	0	0	0	0	0	0	0	0	0	0	0	0	0	0	0	0	0	0	0	0	0	0	0	0	0	0	0	0	0	0	0	0	0	0	0	0	0	0	0	0	0	0	0	0	0	0	0	0	0	0	0	0	0	0	0	0	0	0	0	0.0370919881305638	0	0	0	0	0	0	0	0	0.0370919881305638	0	0	0	0	0	0	0	0	0	0	0	0	0	0	0	0	0	0	0	0	0	0	0	0	0	0	0	0	0	0	0	0	0	0	0	0	0	0	0	0	0	0	0	0	0	0	61.7952522255193	0	0	0	0	0	0	0	0	0	0	0	0	0	0	0	0	0.0741839762611276	0	0	0	0	0	0	0	0	0	0	0	0	0	0	0	0	0	0	0	0	0	0	0	0	0	0	0	0	0	0	0.259643916913947	0	0	0	0.0370919881305638	0	0	0	0	0	0	0	0	0	0	0	0	0	0	0	0	0	0	0	0	0	0	0	0	0	0	0	0	0	0	0	0	0	0	0	0	0	0	0	0	0	0.0618199802176063	0	0	0	0	0	0	0	0.0741839762611276	0	0	0	0	0	0	0	0	0	0	0	0	0	0	0	0	0	0	0	0	0	0	0	0	0	0	0	0	0	0	0	0	0	0	0	0	0	0	0	0	0	0	0	0	0	0	0	0	0	0	0	0	0	0	0	0	0	0	0	0	0	0	0	0	0	0	0	0	0	0	0	0	0	0	0	0	0	0	0	0	0	0	0	0	0	0	0	0	0	0	0	0	0	0	0	0	0	0	0	0	0	0	0	0	0	0	0	0	0	0	0	0	0	0	0.0247279920870425	0	0	0	0	0	0	0	0	0	0	0	0.0618199802176063	0	0	0	0	0	0	0	0	0	0	0	0	0	0	0	0	0	0	0	0	0	0	0	0	0	0	0	0	0	0	0	0	0	0	0	0	0	0	0	0	0	0	0	0	0.123639960435213	0	0	0	0	0	0	0	0	0	0	0	0	0	0	0	0.0618199802176063	0	0	0	0	0	0	0	0	0	0	0	0	0	0	0	0	0	0	0	0	0	0	0	0	0	0	0	0	0	0	0	0	0	0	0	0	0	0	0	0	0	0	0	0	0	0	0	0	0	0	0	0	0	0	0	0	0	0	0	0	0	0	0	0	0	0	0	0	0	0	0	0	0	0.914935707220574	0	0	0	0	0	0	0	0	0.0370919881305638	0	0	0	0	0	0	0	0	0	0	0	0
ERR6650869	0	0	0	0	0	0	0	0	0	0	0	0	0	0	0	0	0	0	0	0	0	0	0	0	0	0	0	0	0	0	0	0	0	0	0	0	0	0	0	0	0	0	0	0	0	0	0	0	0	0	0	0	0	0	0	0	0	0	0	0	0	0	0	0	0	0	0	0	0	0	0	0	0	0	0	0	0	0	0	0	0	0	0	0	0	0	0	0	0	0	0	0	0	0	0	0	0	0	0.0899648319293367	0	0	0	0	0	0	0	0	0	0	0	0	0	0	0	0	0	0	0	0	0	0	0	0	0	0	0	0	0	0	0	0	0	0	0	0	0	0	0	0	0	0	0	0	0	0	0	0	0	0	0	0	0	0	0	0	0	0	0	0	0	0	0	0	0	0	0	0	0	0	0	0	0	0	0	0	0	0	0	0	0	0	0	0	0	0	0	0	0	0	0	0	0	0	0	0	0	0	0	0	0	0	0	0	0	0	0	0	0	0	0	0	0	0	0	0	0	0	0	0	0	0	0	0	0	0	0	0	0	0	0	0	0	0	0	0	0	0	0	0	0	0	0	0	0	0	0	0	0	0	0	0	0	0.0245358632534555	0	0	0	0	0	0	0	0	0	0	0.0736075897603664	0	0	0	0	0	0	0	0	0	0	0	0	0	0	0	0	0	0	0	0	0	0	0	0	0	0	0	0	0	0	0	0	0	0	0	0	0	0	0	0	0	0	0	0	0	0	0	0	0	0	0	0	0	0	0	0	0	0	0	0	0	0	0	0	0	0	0	0	0	0	0	0	0	0	0	0	0	0	0	0	0	0	0	0	0	0	0	0	0	0	0	0	0	0	0	0	0	0	0	0	0	0	0	0	0	0	0	0	0	0	0	0	0	0	0	0	0	99.6237834301137	0	0	0	0	0	0	0	0	0	0	0	0	0	0	0	0	0.0736075897603664	0	0	0	0	0	0	0	0	0	0	0	0	0	0	0	0	0	0	0	0	0	0	0	0	0	0	0	0	0	0	0	0	0	0	0	0	0	0	0	0	0	0	0	0	0	0	0	0	0	0	0	0	0	0	0	0	0	0	0	0	0	0	0	0	0	0	0	0	0	0	0	0	0	0	0	0	0	0	0	0	0	0	0	0	0	0	0	0	0	0	0	0	0	0	0	0	0	0	0	0	0	0	0	0	0	0	0	0	0	0	0	0	0	0	0	0	0	0	0	0	0	0.0490717265069109	0	0	0	0	0	0	0	0	0	0	0	0	0	0	0	0	0	0	0	0	0	0	0	0	0	0	0	0	0	0	0	0	0	0	0	0	0	0	0	0	0	0	0	0	0	0	0	0	0	0	0	0	0	0	0	0	0	0	0	0	0	0	0	0	0	0	0	0	0	0	0	0	0	0	0	0	0	0	0	0	0	0	0	0	0	0	0	0	0	0	0	0	0	0	0	0	0	0	0	0	0	0	0	0	0	0	0	0	0	0	0	0	0	0	0	0	0	0	0	0	0	0	0	0	0	0	0	0	0	0	0	0	0	0	0	0	0	0	0	0	0	0	0	0	0.0163572421689703	0	0	0	0	0	0	0	0	0	0	0	0	0	0	0	0	0	0	0	0	0	0	0	0	0	0	0	0	0	0	0	0	0	0	0	0	0	0	0	0	0	0	0	0	0	0	0	0	0	0	0	0	0	0	0	0	0	0	0	0	0	0	0	0	0	0	0	0	0	0	0	0	0	0	0	0	0	0	0	0	0	0	0	0	0	0	0	0	0	0	0	0	0	0	0	0	0	0	0	0	0.0490717265069109
ERR6650874	0	0	0	0	0	0	0	0	0	0	0	0	0	0	0	0	0	0	0	0	0	0	0	0	0	0	0	0	0	0	0	0	0	0	0	0	0	0	0	0	0	0	0	0	0	0	0	0	0	0	0	0	0	0	0	0	0	0	0	0	0	0	0	0	0	0	0	0	0	0	0	0	0	0	0	0	0	0	0	0	0	0	0	0	0	0	0	0	0	0	0	0	0	0	0	0	0	0	0	0	0	0	0	0	0	0	0	0	0	0	0	0	0	0	0	0	0	0	0	0	0	0	0	0	0	0	0	0	0	0	0	0	0	0	0	0	0	0	0	0	0.00782778864970646	0	0	0	0	0	0	0	0	0	0	0	0	0	0	0	0	0	0	0	0	0	0	0	0	0	0	0	0	0	0	0	0	0	0	0	0	0	0	0	0	0	0	0	0	0	0	0	0	0	0	0	0	0	0	0	0	0	0	0	0	0	0	0	0	0	0	0	0	0	0	0	0	0	0	0	0	0	0	0	0	0	0	0	0	0	0	0	0	0	0	0	0	0	0	0	0	0	0	0	0	0	0	0	0	0	0	0	0	0	0	0	0	0	0	0	0	0	0	0	0	0	0	0	0	0	0	0	0	0	0	0	0	0	0	0	0	0	0	0	0	0	0	0	0	0	0	0	0	0	0	0	0	0	0	0	0	0	0	0	0	0	0	0	0	0	0	0	0	0	0	0	0	0	0	0	0	0	0	0	0	0	0	0	0	0	0	0	0	0	0	0	0	0	0	0	0	0	0	0	0	0	0	0	0	0	0	0	0	0	0	0	0	0	0	0	0	0	0	0	0	0	0	0	0	0	0	0	0	0	0	0	0	0	0	0	0	0	0	0	0	99.9452054794521	0	0	0	0	0	0	0	0	0	0	0	0	0	0	0	0	0	0	0	0	0	0	0	0	0	0	0	0	0	0	0	0	0	0	0	0	0	0	0	0	0	0	0	0	0	0	0	0	0	0	0	0	0	0	0	0	0	0	0	0	0	0	0	0	0	0	0	0	0	0	0	0.0313111545988258	0	0	0	0	0	0	0	0	0	0	0	0	0	0	0	0	0	0	0	0	0	0	0	0	0	0	0	0	0	0	0	0	0	0	0	0	0	0	0	0	0	0	0	0	0	0	0	0	0	0	0	0	0	0	0	0	0	0	0	0	0	0	0	0	0	0	0	0	0	0	0	0	0	0	0	0	0	0	0	0	0	0	0	0	0	0	0	0	0	0	0	0	0	0	0	0	0	0	0	0	0	0	0	0	0	0	0	0	0	0	0	0	0	0	0	0	0	0	0	0	0	0	0	0	0	0	0	0	0	0	0	0	0	0	0	0	0	0	0	0	0	0	0	0	0	0	0	0	0	0	0	0	0	0	0	0	0.0156555772994129	0	0	0	0	0	0	0	0	0	0	0	0	0	0	0	0	0	0	0	0	0	0	0	0	0	0	0	0	0	0	0	0	0	0	0	0	0	0	0	0	0	0	0	0	0	0	0	0	0	0	0	0	0	0	0	0	0	0	0	0	0	0	0	0	0	0	0	0	0	0	0	0	0	0	0	0	0	0	0	0	0	0	0	0	0	0	0	0	0	0	0	0	0	0	0	0	0	0	0	0	0	0	0	0	0	0	0	0	0	0	0	0	0	0	0	0	0	0	0	0	0	0	0	0	0	0	0	0	0	0	0	0	0	0	0	0	0	0	0	0	0	0	0	0	0	0	0	0	0	0	0	0	0	0	0	0
ERR6650877	0	0	0	0	0	0	0	0	0	0	0	0	0	0.3425126729689	0	0	0	0	0	0	0	0	0	0	0	0	0	0	0	0	0	0	0	0	0.561720783668996	0	0	0	0	0	0	0	0	0	0	0	0	0	0	0	0	0	0	0	0	0	0	0	0	0	0	0	0	0	0	0	0	0	0	0	0	0	0	0	0	0	0	0	0	0	0	0	0	0	0.109604055350048	0	0	0	0	0	0	0	0	0	0	0	0	0	0.178106589943828	0	0	0	0	0	0	0	0	0	0	0	0	0.20550760378134	0	0	0	0	0	0	0	0	0	0	0	0	0	0	0	0	0	0	0	0	0	0	0	0	0	0	0	0	0	0	0	0	0	0	0	0	0	0	0	0	0	0	0	0	0	0	0	0	0	0.082203041512536	0	0	0	0	0	0	0	0	0	0	0	0.082203041512536	0	0	0	0	0	0	0	0	0	0	0	0	0	0	0	0	0	0	0	0	0	0	0	0	0	0	0	0	0	0	0	0	0	0	0	0	0	0	0	0	0	0	0	0	0	0	0	0	0	0	0	0	0	0	0	0	0	0	0	0	0	0	0	0	0	0	0	0	0.164406083025072	0	0	0	0	0	0	0	0	0	0	0	0	0	0	0.123304562268804	0	0	0	0	0	0	0	0	0	0	0	0	0	0	0	0	0	0	0	0	0	0	0	0	0	0	0	0	0	0	0	0	0	0	0	0	0	0	0	0	0	0	0	0	0	0	0	0	0	0	0	0	0	0	0	0	0	0	0	0	0	0	0	0	0	0	0	0	0	0	0	0	0	0	0	0	0	0	0	0	0	0	0	0	0	0	0	0	0	0	0	0	0	0	0	0	0	0	0	0	0	0	0	0	0	0	0	0	0	0	0	0	0	0	0	0	0	0.041101520756268	0	0	0	0	0	93.3826551582409	0	0	0	0	0	0	0	0	0	0	0	0	0	0	0	0	0	0	0	0	0	0	0	0	0	0	0	0	0	0	0	0	0	0	0	0	0	0	0	0	0	0	0	0	0	0	0	0.095903548431292	0	0	0	0	0	0	0	0	0	0	0	0	0	0	0	0	0	0	0	0	0	0	0	0	0	0	0	0	0	0	0	0	0	0	0	0	0	0	0	0	0	0	0	0	0	0	0	0	0	0	0	0	0	0.232908617618852	0	0	0	0	0	0	0	0	0	0	0	0	0	0	0	0	0	0	0	0	0	0	0	0	0	0	0	0	0	0	0	0	0	0	0	0	0	0	0	0	0	0	0	0	0	0	0	0	0	0	0	0	0	0	0	0	0	0	0	0	0	0	0	0	0	0	0	0	0	0	0	0	0	0	0	0	0	0	0	0	0	0	0	0	0	0	0	0	0	0	0	0	0	0	0	0	0	0	0	0	0	0	0	0	0	0	0	0	0	0	0	0	0	0	0	0	0	0	0	0	0	0	0	0	0	0	0	0	0	0	0	0	0	0	0	0	0	0	0	0	0	0	0	0	0	0	0	0	0	0	0	0	0	0	0	0	0	0	0	0	0.123304562268804	0	0	0	0	0	0	0	0	0	0	0	0	0	0	0.383614193725168	0	0	0	0	0	0	0	0	0	0	0	0	0	0	0	0	0	0	0	0	0	0	0	0	0	0	0	0	0	0	0	0	0	0	0	0	0	0	0	0	0	0	0	0	0	0	0	0	0	0	0	0	0	0	0	0	0	0	0	0	0	0	0	0	0	0	0	0	0	0	0	0	0	0	0	0	0	0	0	0	0	0	0	0	0	0.082203041512536	0	0	0	0	0	0	0	0	0	0	0	0	0	0	0	0	0	0	0	0	3.80874092341417
ERR6650880	0	0	0	0	0	0	0	0	0	0	0	0	0	0	0	0	0	0	0	0	0	0	0	0	0	0	0	0	0	0	0	0	0	0	0	0	0	0	0	0	0	0	0	0	0.242942519799815	0	0	0	0	0	0.748262960983431	0	0	0	0	0	0	0	0	0	0	0	0	0	0	0	0	0	0	0	0	0	0	0	0	0	0	0	0	0.0680239055439483	0	0	0	0	0.0534473543559594	0.291531023759778	0.0923181575239298	0	0	0	0	0	0	0	0	0	0	0	0	0	0	0	0	0	0	0	0	0	0	0	0	0	0	0	0	0	0	0	0	0	0	0	0	0	0	0	0	0	0	0	0	0	0	0	0	0	0	0.281813322967786	0	0	0	0	0	0	0	0	0	0	0	0.102035858315922	0	0	0	0	0	0	0	0	0	0	0	0	0	0	0	0	0	0	0.272095622175793	0	0	0	0	0	0	0	0	0	0.160342063067878	0	0	0	0	0.0145765511879889	0	0	0	0	0	0	0	0	0	0.208930567027841	0	0	0	0	0	0	0	0.0485885039599631	0	0	0.364413779699723	0	0	0	0	0	0	0	0	0	0	0	0	0	0	0	0	0	0	0.699674457023468	0	0	0	0	0	0	0	0	0	0	0	0	0	0	0	0.0437296535639668	0	0	0.830863417715368	0	0	0	0	0	0	0	0	0	0.0242942519799815	0	0	0	0.0485885039599631	0	0	0	0	0	0	0	0	0	0	0	0	0	0	0	0	0	0	0.0534473543559594	0	0	0	0	0	0	0	0	0	0	0	0.174918614255867	0	0	0	0.204071716631845	0	0	0	0	0	0	0	0	0	0	0	0	0	0	0	0	0	0.0194354015839852	0	0	0	0	0	0	0	0.301248724551771	0	0.0680239055439483	0	0	0	0	0	0	0	0	0	0	0	0	0	0	0	0	0	0	0	0	0	0.0874593071279335	0	0	0	0	0	0	0	0	0.0194354015839852	0	0	0	0	0	0	0.0826004567319372	0	0.174918614255867	0	0	0	0.0874593071279335	0	0	0	0	0	0	0	0	0	0	0	0	0.136047811087897	0	0	0	0	79.5976871872115	0	0	0	0	0	0	0	0	0	0	0	0	0.0291531023759778	0	0	0	0	0	0	0	0	0	0	0	0	0	0	0	0	0	0	0	0	0	0	0	0	0	0	0	0	0	0	0	0	0	0	0.320684126135756	0	0	0	0.636509401875516	0	0	0.242942519799815	0	0	0	0	0	0	0	0	0	0.0291531023759778	0	0	0	0	0	0	0	0	0	0	0	0	0	0	0	0	0	0	0	0	0.0437296535639668	0	0	0	0	0	0	0	0	0	0	0	0	0	0	0	0.204071716631845	0.116612409503911	0	0	0	0.0242942519799815	0	0	0	0	0	0	0	0	0	0	0.194354015839852	0	0	0.218648267819834	0	0	0	0	0	0	0	0	0	0	0	0	0	0	0	0	0	0	0	0	0	0	0	0	0.0923181575239298	0	0.0437296535639668	0	0.0923181575239298	0	0	0	0	0	0	0	0	0	0.0971770079199261	0	0	0	0	0	0	0	0	0	0	0	0	0	0	0	0	0	0	0	0	0	0	0	0.121471259899908	0	0	0	0	0	0	0	0	0	0	0	0	0	0	0	0.0728827559399446	0	0	0	0	0	0.0388708031679705	0	0	0	0	0	0	0	0	0	0	0	0.106894708711919	0	0	0	0	0	0	0	0	0	0	0.0291531023759778	0	0	0	0	0	0	0	0	0	0	0.174918614255867	0	0	0	0	0	0	0	0.00485885039599631	0	0	0	0	0	0	0	0	0	0	0	0	0	0	0.0145765511879889	0	0	0	0	0	0	0	0	0	0	0.748262960983431	0	0	0	0	0	0.0485885039599631	0	0	0	0	0	0	0	0	0	0.0680239055439483	0	0	0	0	0	0	0	0	0	0	0	0	0	0	0	0	0	0	0	0	0	0	0	0	0	0.00971770079199261	0	0	0	0	0	0	0	0	0	0	0	0	0	0	0	0	0	0	0	0	0	0	0	0	0	0	0	0	0	0	0	0	0	0	0	0	0	0	0	0	0	0	0.145765511879889	0	0.252660220591808	0	0	0.179777464651863	0	0	0	0	0	0	0	0	0.0291531023759778	0	0	0.325542976531753	0	0	0.00485885039599631	0	0	0	0	0	9.63510033526068
ERR6650881	0	0	0	0	0	0	0	0	0	0	0	0	0	0	0	0	0.030462264869393	0	0	0	0	0	0	0.121849059477572	0	0	0	0	0	0	0	0	0	0	0.0228466986520448	0	0	0	0.380778310867413	0	0	0	0	0	0.0456933973040896	0	0	0	0	0	0.52547406899703	0	0	0	0	0	0	0	0	0	0	0	0	0	0	0	0	0	0	0	0	0.213235854085751	0	0.0228466986520448	0	1.38603305155738	0	0	0	0	0	0	0	0	0.144695758129617	1.25656842586246	0	0	0	0	0	0	0	0	0	0	0	0	0	0	0	0	0	0	0	0	0	0	0	0	0	0.0837712283908309	0	0	0	0	0	0	0	0	0	0	0	0	0	0	0	0	0	0	0.0609245297387861	0	0	0	0	0	0	0.807250019038916	0	0	0	0	0	0	0	0	0	0	0	0.0837712283908309	0	0	0	0	0.39600944330211	0	0	0	0	0	0	0	0	0	0	0	0	0	0.17515802299901	0	0	0	0	0	0	0	0	0	0.0380778310867413	0	0	0	0	0.312238214911279	0	0.0533089635214378	0	0	0	0	0	0	0	0	0	0	0	0	0	0	0	13.8755616480085	0	0	0.746325489300129	0	0	0	0	0	0	0.198004721651055	0	0	0	0	0	0	0	0	0	0	0	6.22191759957353	0	0	0	0	0	0	0	0	0	0	0	0	0	0	0	0	0	0	2.64260147741985	0	0	0	0	0	0	0	0	0.0685400959561343	0	0	0	0	0	0	0.0685400959561343	0	0	0	0	0	0	0	0	0	0	0.0152311324346965	0	0	0	0	0	0	0	0	0	0	0	0	0	0	0	0	0	0	0	0	0	0.106617927042876	0.030462264869393	1.41649531642678	0	0	0	0	0	0	0	0	0	0	0	0	0	0.0152311324346965	0.0685400959561343	0.159926890564313	0.0761556621734826	0	0	0	0	0	0	0.0456933973040896	0	1.13471936638489	0	0	0	0	0	0	0	0	0	0	0	0	0	0	0	0	0	0	0	0	0	0.137080191912269	0	0	0	0	0	0	0	0	0.106617927042876	0	0	0	0	0	0	0.0837712283908309	0	0	0.0837712283908309	0	0	0.17515802299901	0	0	0	0	0	0	0	0	0	0	0	0	0.17515802299901	0	0	0	0	25.870078440332	0	0	0	0	0	0	0	0	0	0	0	0	0	0	0	0	0	0	0	0	0	0	0	0	0	0	0	0	0	0	0.0228466986520448	0	0	0	0	0	0	0	0	0	0	0	0	0	0	0	0	0.380778310867413	0	0	0	2.83299063285355	0	0	0	0	0	2.69591044094128	0	0	0	0	0.137080191912269	0	0.0837712283908309	0	0	0	0	0	0	0.0152311324346965	0	0	0	0	0	0	0	0	0	0	0	0	0	0.182773589216358	0	0	0	0	0	0	0	0.0837712283908309	0	0.213235854085751	0	0	0	0	0	0	0.030462264869393	0	0.0228466986520448	0	0	0	0	0	0	0	0	0	0	0	0	0.114233493260224	0	0	3.46508262889346	0.0456933973040896	1.01287030690732	0	0.0533089635214378	0	0	0	0	0.0913867946081791	0	0	0	0	0	0	0.030462264869393	0	0	0	0	0	0	0	0	0	0	0.144695758129617	0	0.335084913563323	0	0	0	0	0.0609245297387861	0	0	0	0	0	0.0837712283908309	0	0	0	0	0	0	0	0	0	0	0	0	0	0	0	0	0	0	0	0	0	0	0.0990023608255274	0	0.030462264869393	0	0	0	0	0	0	0	0.0533089635214378	0	0	0	0	0	0	0	0	0	0	0	0.144695758129617	0	0.030462264869393	0	0	0	0	0	0	0	0	0.0533089635214378	0.769172187952174	0	0	0	0	0	0	0	0	0	0	0	0	0	0	0	0.0761556621734826	0	0	0	0	0	0.106617927042876	0	0.47978067169294	0	0	0	0	0	0.137080191912269	0	0	0	0	0	0	0	0	0	0.0685400959561343	0	0	0	0	0.0609245297387861	0.0380778310867413	0	0	0	0	0	0	0	0	0	1.60688447186048	0	0	0	0	0	0	0	0	0	0	0	0	0	0	0	0.434087274388851	0	0	0.0685400959561343	0	0	0	0	0	0	0	0	0	0	0	0	0	0	0	0	0	0	0	0	0.144695758129617	0	0.159926890564313	0	0	0	0	0	0	0.258929251389841	0	1.93435381920646	0	0	0	0	0	0	0	0	0	0.030462264869393	0	0	0	0	0	0	0	0	0	0	0	0	0	0	0	0	0	0	0	0	0	0	0	0.327469347345975	0	0.0913867946081791	0	0	0.738709923082781	0	0	0	0	0	0.106617927042876	0	0	0.106617927042876	0	0	0.464549539258244	0	0	0	0	0	0	0	0	19.5567740461503
ERR6650887	0	0	0	0	0	0	0	0	0	0	0	0	0	0	0	0	0	0	0	0	0	0	0	0	0	0	0	0	0	0	0	0	0	0	0	0	0	0	0	0	0	0	0	0	0	0	0	0	0	0	0	0.431198478123018	0	0	0	0	0	0	0	0	0	0	0	0	0	0	0	0	0	0	0	0	0	0	0	0	0	0	0	0	0	0	0	0	0.0887761572606214	0.317057704502219	0	0	0	0	0	0	0	0	0	0	0	0	16.6138237159163	0	0	0	0	0	0	0	0	0	0	0	0	0	0	0	0	0	0	0	0	0	0	0	0	0	0	0	0	0	0	0	0	0	0	0	0	0	0	0.304375396322131	0	0	0	0.126823081800888	0	0	0	0	0	0	0	0	0	0	0	0	0.215599239061509	0	0	0	0	0	0	0	0	0	0	0	0	0	0.570703868103995	0	0	0	0	0	0	0	0	0	0	0	0	0	0	0	0	0.114140773620799	0	0	0	0	0	0	0	0.380469245402663	0	0	0	0	0	0	0	0	0	0	0.342422320862397	0	0	0	0	0	0	0	0	0	0	0	0	0	0	0	0	0	0	0.469245402663285	0	0	0	0	0	0	0	0	0	0	0	0	0	0	0	0	0	0	1.16677235256817	0	0	0	0	0	0	0	0	0.0126823081800888	0	0	0	0	0	0	0	0	0	0	0	0	0	0	0	0	0	0	0	0	0	0	0	0.164870006341154	0	0	0	0	0	0	0	0	0	0	0	0	0	0	0	0	0	0	0	0	0	0	0	0	0	0	0	0	0	0	0	0	0	0.0253646163601776	0	0	0	0	0	0	0	0	0	0	0	0	0	0	0	0	0	0	0	0	0	0	0	0	0	0	0	0	0	0	0	0	0	0	0	0	0	0	0	0	0	0	0	0	0	0	0	0	0	0	0	0	0	0.139505389980977	0	0	0	0	0	0	0	0	0	0	0	0	0	0	0	0	0	57.6410906785035	0	0	0	0	0	0	0	0	0	0	0	0	0	0	0	0	0	0	0	0	0	0	0	0	0	0	0	0	0	0	0	0	0	0.710209258084971	0	0	0	0	0	0	0	0	0	0	0	0	0	1.21750158528852	0	0	0	0.240963855421687	0	0	0	0	0	0	0	0	0	0	0	0	0.887761572606214	0	0	0	0	0	0	0	0	0	0	0	0	0	0	0	0	0	0	0	0	0.10145846544071	0.228281547241598	0	0	0	0	0	0	0	0	0	0	0	0	0	0	0.152187698161065	0.596068484464172	0	0	0	0	0	0	0	0	0	0	0	0	0	0	0	0	0	0	0	0.215599239061509	0	0	0	0	0	0	0	0	0	0	0	0	0	0	0	0	0	0	0	0	0	0	0	0	0	0	0	0	0	0	0	0.355104629042486	0	0	0	0	0	0	0	0	0	0	0	0	0	0	0	0	0	0	0	0	0	0	0	0	0	0	0	0	0.760938490805327	0	0	0	0	0	0	0	0	0	0	0	0	0	0	0	0	0	0	0	0	0	0.152187698161065	0	0	0	0	0	0	0	0	0	0	0	1.34432466708941	0	0	0	0	0	0	0	0	0	0	0	0	0	0	0	0	0	0	0	0	0	0	0	0	0	0	0	0	0	0	0	0	0	0	0	0	0	0	0	0	0	0	0	0	0	0	0	0	0	0	0	0	0	0	0	0.925808497146481	0	0	0	0	0	0	0	0	0	0	0	0	0	0	0	0.164870006341154	0	0	0	0	0	0	0	0	0	0	0	0	0	0	0	0	0	0	0	0	0	0	0	0	0	0.279010779961953	0	0	0	0	0	0	0	0	0	0	0	0	0	0	0	0	0	0	0	0	0	0	0	0	0	0	0	0	0	0	1.03994927076728	0	0	0	0	0	0	0	0	0	0	0	0.0380469245402663	0	0	0	0	0.0507292327203551	0	0	0	0	0	0	0	0	0.215599239061509	0	0	0	0	0	0	0	0	0	0	0	11.1984781230184
ERR6650888	0	0	0	0	0	0	0	0	0	0	0	0	0	0	0	0	0	0	0	0	0	0	0	0	0	0	0	0	0	0	0	0	0	0	0	0	0	0	0	0	0	0	0	0	0	0	0	0	0	0	1.14818801578759	0	0	0	0	0	0	0	0	0	0	0	0	0	0	0	0	0	0	0	0	0	0	0	0	0	0	0	0	0	0	0	0	0	0	0	0	0	0	0	0	0	0	0	0	0	0	0	0.627915321133836	0	0	0	0	0	0	0	0	0	0	0	0	0	0	0	0	0	0	0	0	0	0	0	0	0	0	0	0	0	0	0	0	0	0	0	0	0	0	0	0	0	0	0	0	0	0	0	0	0	0	0	0	0	0	0	0	0	0	0	0	0	0	0	0	0	0	0	0	0	0	0	0	0	0	0	0	0	0	0	0	0	0	0	0	0	0	0	0	0	0	0	0	0	0	1.75816289917474	0	0	0	0	0	0	0	0	0	0	0	0	0	0	0	0	0	0	0	0	0	0	0	0	0	0	0	0	0	0	0	0	0	0	0	0	0	0	0	0	0	0	0	0	0	0	0	0	0.287047003946896	0	0	0	0	0	0	0	0	0	0	0	0	0	0	0	0	0	0	0	0	0	0	0	0	0	0	0	0	0	0	0	0	0	0	0	0	0	0	0	0	0	0	0	0	0	0	0	0	0	0	0	0	0	0	0	0	0	0	0	0	0	0	0	0	0	0.107642626480086	0	0	0	0	0	0	0	0	0	0.125583064226767	0	0	0	0	0	0	0	0	0	0	0	0	0	0	0	0	0	0	0	0	0	0	0	0	0	0	0	0	0	0	0	0	0	0	0.143523501973448	0	0	0	0	0	0	0	0	0	0	0	0	0	0	0	0	0	0	0	0	0	0	0	0	0	0	0	93.4876210979548	0	0	0	0	0	0	0	0	0	0	0	0	0	0	0	0	0	0	0	0	0	0	0	0	0	0	0	0	0	0	0	0.215285252960172	0	0	0	0	0	0	0	0	0	0	0	0	0	0	0	1.39935414424112	0	0	0	0	0	0	0	0	0	0	0	0	0	0	0	0	0	0	0	0	0	0	0	0	0	0	0	0	0	0	0	0	0	0	0	0	0	0	0	0	0	0	0	0	0	0	0	0	0	0	0	0	0	0	0	0	0	0	0	0	0	0	0	0	0	0	0	0	0	0	0	0	0	0	0	0	0	0	0	0	0	0	0	0	0	0	0	0	0	0	0	0	0	0	0	0	0	0	0	0	0	0	0	0	0	0	0	0	0	0	0	0	0	0	0	0	0	0	0	0	0	0	0	0	0	0	0	0	0	0	0	0	0	0	0	0	0	0	0	0	0	0	0	0	0	0	0	0	0	0	0	0	0	0	0	0	0	0	0	0	0	0	0	0	0	0	0	0	0.0717617509867241	0.627915321133836	0	0	0	0	0	0	0	0	0	0	0	0	0	0	0	0	0	0	0	0	0	0	0	0	0	0	0	0	0	0	0	0	0	0	0	0	0	0	0	0	0	0	0	0	0	0	0	0	0	0	0	0	0	0	0	0	0	0	0	0	0	0	0	0	0	0	0	0	0	0	0	0	0	0	0	0	0	0	0	0	0	0	0	0	0	0	0	0	0	0	0	0	0	0	0	0	0	0	0	0	0	0	0	0	0	0	0	0	0	0	0	0	0	0	0	0	0	0	0	0	0	0	0	0	0	0	0	0	0	0	0	0	0	0	0	0	0	0	0	0	0	0	0	0	0	0	0	0	0	0	0	0	0	0	0	0	0	0	0	0	0	0	0	0	0	0	0
ERR6650890	0	0	0	0	0	0	0	0	0	0	0	0	0	0	0	0	0	0	0	0	0	0	0	0	0	0	0	0	0	0	0	0	0	0	0	0	0	0	0	0	0	0	0	0	0	0	0	0	0	0	2.21857025472473	0	0	0	0	0	0	0	0	0	0	0	0	0	0	0	0	0	0	0	0	0	0	0	0	0	0	0	0	0	0	0	0	0	1.8898931799507	0.903861955628595	0	0	0	0	0	0	0	0	0	0	0	0	1.53382634894549	0	0	0	0	0	0	0	0	0	0	0	0	0	0	2.05423171733772	0	0	0	0	0	0	0	0	0	0	0	0	0	0	0	0	0	0	0	0	0	0	0	1.31470829909614	0	0	0	0	0	0	0	0	0	0	0	0	0	0	0	0	0	0	0	0	0	0	0	0	0	0	0	0	0	0	0	0	0	0	0	0	0	0	0	0	0	0	0	0	0	0	0	0	0	0	0	0	0	0	0	0	0	0	0	0	0	0	0	0	0	0	0	0	0	0	0	0	0	0	0	0	0	0	0	0	0	0	0	0	0	0.794302930703917	0	0	0	0	0	0	0	0	0	0	0	0	0	0	0	0	0	0	2.02684196110655	0	0	0	0	0	0	0	0	0	0	0	0	0	0	0	0	0	0	0	0	0	0	0	0	0	0	0	0	0	0	0	0	0	0	0	0	0	0	0	0	0	0	0	0	0	0	0	0	0	0	0	0	0	0	0	0	0	0	0	0	0	0	0	0	0	0	0	0	0	1.42426732402082	0	0	0	0	0	0	0	0	0	0	0	0	0	0	0	0	0	0	0	0	0	0	0	0	0	0	0	0	0	0	0	0	0	0	0	0	0	0	0	0	0	0	0	0	0	0	0	0	0	0	1.12298000547795	0	0	0	0	0	0	0	0	0	0	0	0	5.58751027115859	0	0	0	0	53.0539578197754	0	0	0	0	0	0	0	0	0	0	0	0	0	0	0	0	0	0	0	0	0	0	0	0	0	0	0	0	0	0	0	0	0	0	0	0	0	0	0	0	0	0	0	0	0	0	0	0	0	0	0	4.68364831552999	0	0	0	0	0	0	0	0	0	0	0	0	0	0	0	0	0	0	0	0	0	0	0	0	0	0	0	0	0	0	0	0	0	1.23253903040263	0	0	0	0	0	0	0	0	0	0	0	0	0	0	0	0	2.21857025472473	0	0	0	0	0	0	0	0	0	0	0	0	0	0	0	0	0	0	0	0	0	0	0	0	0	0	0	0	0	0	0	0	0	0	0	0	0	0	0	0	0	0	0	0	0	0	0	0	0	0	0	0	0	0	0	0	0	0	0	0	0	0	0	0	0	0	0	0	0	0	0	0	0	0	0	0	0	0	0	0	0	0	0	0	0	0	0	0	0	0	0	0	0	0	0	0	0	0	0	0	0	0	0	0	0	0	0	0	0	0	0	0	0	0	0	0	0	0	0	0	0	0	0	0	0	1.04081073678444	0	0	0	0	0	0	0	0	0	0	0	0	0	0	0	0	0	0	0	0	0	0	0	0	0	0	0	0	0	0	0	0	0	0	0	0	0	0	0	0	0	0	0	0	7.20350588879759	0	0	0	0	0	0	0	0	0	0	0	0	0	0	0	1.2599287866338	0	0	0	0	0	0	0	0	0	0	0	2.43768830457409	0	0	0	0	0	0	0	0	0	0	0	0	0	0	0	0	0	0	0	0	0	0	0	0	0	0	0	0	0	0	0	0	0	0	0	0	0.684743905779239	0	0	0	0	0	0	0	0	0	0	0	0	0	0	0	0	0	0	0	1.09559024924678	0	0	0	0	0	0	0	0	0	0	0	0	0	0.301287318542865	0	0	0	0	0	0.821692686935086	0	0	0	0	0	3.09504245412216
ERR6650893	0	0	0	0	0	0	0	0	0	0	0	0	0	0	0	0	0	0	0	0	0	0	0	0	0	0	0	0	0	0	0	0.707321735805773	0	0	0	0	0	0	0	0	0	0	0	0	0.669088128464921	0	0	0	0	0	0.172051233033837	0	0.0955840183521315	0	0	0	0	0	0	0	0	0	0	0	0	0	0	0	0	0	0	0	0	0	0	0	0	0	0	0	0	0	0	0	0	0	0	0	0	0	0	0	0	0	0	0	0	0	0.611737717453642	0	0	0	0	0	0	0	0	0	0	0	0	0	0	0	0	0	0	0	0	0	0	0	0	0	0	0	0	0	0	0	0	0	0	0	0	0	0	0.133817625692984	1.60581150831581	0	0	0	0	0	0	0	0	0	0	0	0	0	0	0	0	0	0	0	0	0	0	0	0	0	0	0	0	0	0	0	0	0	0	0	0	0	0	0	0	0	0	0	0	0	0	0	0	0	0	0	0	0	0	0.51615369910151	0	0	0	0	0	0	0	0	0.15293442936341	0	0	0	0	0	0	0	0	0	0	0	0	0	0	0	0	0	0	0	0	0	0	0	0	0	0	0	0	0	0	0	0	0	0	0	0	0	0	0	0.305868858726821	0	0	0	0	0	0.401452877078952	0	0	0	0	0	0	0	0	0	0	0	0	0	0	0	0	0	0	0	0	0	0	0	0	0	0	0	0	0	0	0	0	0	0	0	0	0	0	0	0	0	0	0	0	0	0	0	0	0	0	0	0	0	0	0	0	0	0	0	0	0	0	0	0	0	0	0	0	0	0	0.133817625692984	0	0	0	0	0	0	0	0	0	0	0	0	0	0	0.0573504110112789	0	0	0	0	0	0	0	0	0	0	0	0	0	0	0	0	0	0	0	0	0	0	0	0	0	0	0	0	0	0	0	0	0	0	0	0	0	0	0	0	0	0	0	0	0	0	90.2886637354234	0	0	0	0	0	0	0	0	0	0	0	0	0	0	0	0	0.0573504110112789	0	0	0	0	0	0	0	0	0	0	0	0	0	0	0.133817625692984	0	0	0	0	0	0.191168036704263	0	0	0	0	0	0	0	0	0	0	0	0	0	1.07054100554387	0	0	0	0	0	0	0	0	0	0	0	0	0	0	0	0	0	0	0	0	0	0	0	0	0	0	0	0	0	0	0	0	0	0	0	0	0	0	0	0	0	0	0	0	0	0	0	0	0	0	0	0	0	0	0	0	0	0	0	0	0	0	0	0	0	0	0	0	0.497036895431084	0	0	0	0	0	0	0	0	0	0	0	0	0	0	0	0	0	0.229401644045116	0	0.0955840183521315	0	0	0	0	0	0	0	0	0	0	0	0	0	0	0	0	0	0	0	0	0	0	0	0	0	0	0	0	0	0	0	0	0	0	0	0	0	0	0	0	0	0	0	0	0	0	0	0	0	0	0	0	0	0	0	0	0	0	0	0	0	0	0	0	0.0191168036704263	0	0	0	0	0	0	0	0	0	0	0	0	0	0	0	0	0	0	0	0	0	0	0	0	0	0	0	0	0	0	0	0	0.15293442936341	0	0	0	0	0	0	0	0	0	0	0	0	0	0	0	0	0	0	0	0	0	0	0	0	0	0	0	0	0	0	0	0	0	0	0	0	0	0	0	0	0	0	0	0	0	0	0	0	0	0	0.114700822022558	0	0	0	0	0	0	0	0	0	0	0	0	0	0	0	0	0	0	0	0	0	0	0	0	0	0	0	0	0	0	0	0	0	0	0	0	0	0	0	0	0	0	0	0	0	0	0	0	0	0	0	0	0	0	0	0	0	0	0	0	0	0	0	0	0	0	0	0	0.133817625692984	0	0.0764672146817052	0	0	1.03230739820302	0	0	0	0	0	0	0	0	0	0	0	0.344102466067673	0	0	0	0	0	0	0	0	0
ERR6650895	0	0	0	0	0	0	0	0	0	0	0	0	0	0	0	0	0	0	0	0	0	0	0	0	0	0	0	0	0	0	0	0	0	0	0	0	0	0	0	0	0	0	0	0	0.784050179211469	0	0	0	0	0	0.168010752688172	0	0	0	0	0	0	0	0	0	0	0	0	0	0	0	0	0	0	0	0	0	0	0.414426523297491	0	0	0	0	0	0	0	0	0	0	0	0	0	0	0	0	0	0	0	0	0	0	0	0	0.17921146953405	0	0	0	0	0	0	0	0	0	0	0	0	0	0	0	0	0	0	0	0	0	0	0	0	0	0	0	0	0	0	0	0	0	0	0	0	0	0	0.201612903225806	0	0	0	0	0	0	0	0	0	0	0	0	0	0	0	0	0	0	0	0	0	0	0	0	0	0	0.0896057347670251	0	0	0	0.0672043010752688	0	0	0	0	0	0	0	0	0.100806451612903	0	0	0	0	0	0.280017921146953	0	0	0	0	0	0	0	0	0	0	0	0	0	0	0	0	0	0	0	0	0.123207885304659	0	0	0	0	0	0	0	0	0	0	0	0	0	0	0	0	0	0	0	0	0	0	0	0	0	0	0	0	0	0	0	0	0	0	0	0	0	0.873655913978495	0	0	0	0	0	0.224014336917563	0	0	0	0	0	0	0	0	0	0	0	0	0	0	0	0	0	0	0	0	0	0	0	0	0	0	0	0	0.235215053763441	0	0	0	0	0	0	0	0	0	0	0	0.156810035842294	0	0	0	0	0	0	0	0	0	0	0	0	0	0	0	0	0	0	0	0	0	0	0.0560035842293907	0	0	0	0	0	0	0	0	0	0	0	0	0	0	0	0	0	0	0	0	0	0	0	0	0	0	0	0	0	0	0	0	0	0	0	0	0	0	0	0	0	0	0	0	0	0	0	0	0	0	0	0	0	0	0	0	0	0	0	0	0	0	0	0	0	0	0	0	89.0905017921147	0	0	0	0	0	0	0	0	0	0	0	0	0	0	0	0	0.0448028673835125	0	0	0	0	0	0	0	0	0	0	0	0	0	0	0	0	0	0	0	0	0	0	0	0	0	0	0	0	0	0	0	0	0	0	1.62410394265233	0	0	0	0	0	0.123207885304659	0	0	0	0	0	0	0	0	0	0	0	0	0	0	0	0	0	0	0	0	0	0	0	0	0	0	0	0.0448028673835125	0	0	0	0	0	0	0	0	0	0.100806451612903	0	0	0	0	0	0.168010752688172	0	0	0	0	0	0	0	0	0	0	0	0	0	0	0	0	0	0	0	0	0	0	0	0	0	0	0	0	0	0	0	0	0	0	0	0	0.0672043010752688	0	0.0336021505376344	0	0	0	0	0	0	0	0	0	0	0	0	0	0	0	0	0	0	0	0	0	0	0	0	0	0	0	0	0	0	0	0	0	0	0	0	0	0	0	0	0	0	0	0	0	0	0	0	0	0	0	0	0.17921146953405	0	0	0	0	0	0	0	0	0	0	0	0	0	0	0	0	0	0	0	0	0	0	0	0.190412186379928	0	0	0	0	0	0	0	0	0	0	0	0	0	0	0	0	0	0	0	0	0	0	0	0	0	0	0	0	0	0	0	0	0	0	0	0	0	0	0.0672043010752688	0	0	0	0	0	0	0	0	0	0	0	0	0	0	0	0	0.134408602150538	0.123207885304659	0	0	0	0	0	0	0	0	0	0	0	0	0	0	0.190412186379928	0	0	0.100806451612903	0	0	0.817652329749104	0	0	0	0	0	0	0	0	0	0	0	0	0	0	0	0	0	0	0	0.112007168458781	0	0	0	0	0	0	0	0	0.212813620071685	0	0	0	0	0	0	0	0	0	0	0	0	0	0	0	0	0	0	0	0	0	0	0	0	0	0	0	0	0	0	0	0	0	0	0	0	0	0	0.638440860215054	0	0	0	0	0	0	0	0	0.145609318996416	0	0	0	0	0	0	0	0	0	0	0	1.83691756272401
ERR6650896	0	0	0	0	0	0	0	0	0	0	0	0	0	0	0	0	0	0	0	0	0	0	0	0	0	0	0	0	0	0	0	0.128186867967526	0	0	0	0	0	0	0	0	0	0	0	0	0.128186867967526	0	0	0	0	0	1.08246688505911	0	0	0	0	0	0	0	0	0	0	0	0	0	0	0	0	0	0	0	0	0	0	0	0	0.341831647913403	0	0	0	0	0	0	0	0	0	0	0	0	0	0	0	0	0	0	0	0	0	0	14.9836205668708	0	0	0	0	0	0	0	0	0	0	0	0	0.199401794616152	0	0	0	0	0	0	0	0	0	0	0	0	0	0	0	0	0	0	0	0	0	0	0	0	0	0.142429853297251	0	0	0	0	0	0	0	0	0	0	0	0	0	0	0	0	0	0	0	0	0	0	0	0	0	0	0	0	0	0	0.512747471870104	0	0	0	0	0.583962398518729	0	0	0	0.811850163794331	0	0	0	0	0	0.341831647913403	0	0.170915823956701	0	0	0	0	0	0	0	0.284859706594502	0	0	0	0	0	0	0	0.470018515880929	0	0	0.797607178464606	0	0	0.526990457199829	0	0	0	0	0	0	0	0	0	0	0	0	0	0	0	0.213644779945877	0	0	0	0	0	0	0	0	0	0	0	0	0	0	0	0	0	0	0.0854579119783507	0	0	0	0	0	0.199401794616152	0	0	0	0	0	0	0	0	0	0	0	0	0	0	0	0	0	0	0	0	0	0	0	0	0	0	0	0	0	0	0	0	0	0	0	0	0	0	0	0	0	0	0	0	0	0	0	0	0	0	0	0	0	0	0	0	0	0	0	0	0	0	0	0	0	0	0	0	0	0	0	0.0712149266486256	0	0	0	0	0	0	0	0	0	0	0	0	0	0.0997008973080758	0	0	0	0	0	0	0	0	0	0	0	0	0	0	0	0	0	0	0	0	0	0	0	0	0.0854579119783507	0	0	0	0	0	1.68067226890756	0	0	0	0	0	0	0	0	0	0	0	0	0	0	0	62.1136590229312	0	0	0	0	0	0	0	0	0	0	0	0	0	0	0	0	0	0	0	0	0	0	0	0	0	0	0	0	0.826093149124057	0	0	0.213644779945877	0	0	0	0	0	0	0	0	0	0	0	0	0	0	0	0	0	0	0	1.42429853297251	0	0	0	0	0	0	0	0	0	0	0	0	0.0569719413189004	0	0	0	0	0	0	0	0.0569719413189004	0	0	0	0	0	0	0	0	0	0	0	0	0	0	0	0	0	0	0	0	0.113943882637801	0	0	0	0	0	0	0	6.1244836917818	0.156672838626976	0	0	0	0	0	0	0	0	0	0	0	0	0	0	0	0	0	0	0	0	0	0	0	0	0	0	0	0	0	0	0	0	0	0	0	0	0	0	0	0	0	0	0	0	0	0	0	0	0	0	0	0	0	0	0	0	0	0	0	0	0	0	0	0	0	0	0	0	0	0	0	0	0	0	0	0	0	0	0	0	0	0	0	0	0	0	0	0	0	0	0	0	0	0	0	0	0	0	0	0	0	0	0	0	0	0	0	0	0	0	0	0	0	0	0.61244836917818	0	0	0	0	0	0	0	0	0	0	0	0	0	0	0	0	0	0	0	0	0.0569719413189004	0	0	0	0	0	0	0	0	0	0	0	0	0	0	0	0	0	0	0	0	0	0	0	0	0	0	0	0	0	0	0	0	0	0	0.569719413189004	0	0.0854579119783507	0	0	0	0	0	0	0	0	0	0	0	0	0	0.569719413189004	0	0	0.0427289559891753	0	0	0	0	0	0	0	0	0	0	0	0	0	0	0	0	0	0	0	0	0	0	0.0427289559891753	0	0	0	0	0	0	0	0	0.142429853297251	0	0	0	0	0	0	0	0	0	0	0	0	0	0	0	0	0	0	0	0	0	0	0	0	0	0	0	0	0	0	0	0	0	0.170915823956701	0	0.142429853297251	0	0	1.89431704885344	0	0	0	0	0	0	0	0	0.128186867967526	0	0	0	0	0	0	0	0	0	0	0	0.512747471870104
ERR6650898	0	0	0	0	0	0	0	0	0	0	0	0	0	0	0	0	0	0	0	0	0	0	0	0	0	0	0	0	0	0	0	0	0	0	0	0	0	0	0	0	0	0	0	0	0	0	0	0	0	0	0.215331610680448	0	0	0	0	0	0	0	0	0	0	0	0	0	0	0	0	0	0	0	0	0	0	0	0	0	0	0	0	0	0	0	0	0	0	0	0	0	0	0	0	0	0	0	0	0	0	0	0.703416594889463	0	0	0	0	0	0	0	0	0	0	0	0	0	0	0	0	0	0	0	0	0	0	0	0	0	0	0	0	0	0	0	0	0	0	0	0	0	0	0	0	0	0	0	0	0	0	0	0	0	0	0	0	0	0	0	0	0	0	0	0	0	0	0	0	0	0	0	0	0	0	0	0	0	0	0	0	0	0	0	0	0	0	0	0	0	0	0	0	0	0	0	0	0	0	0	0	0	0	0	0	0	0	0	0	0	0	0	0	0	0	0	0	0	0	0	0	0	0	0	0	0	0	0	0	0	0	0	0	0	0	0	0	0	0	0	0	0	0	0	0	0	0	0	0	0	0	0	0	0	0	0	0	0	0	0	0	0	0.301464254952627	0	0	0	0	0	0	0	0	0	0	0	0	0	0	0	0	0	0	0	0	0	0	0	0	0	0	0	0	0	0	0	0	0	0	0	0	0	0	0	0	0	0	0	0	0	0	0	0	0	0	0	0	0	0	0	0	0	0	0	0	0	0	0	0	0	0	0	0	0	0	0	0	0	0	0	0	0	0	0	0	0	0	0	0	0	0	0	0	0	0	0	0	0	0	0	0	0	0	0	0	0.143554407120299	0	0	0	0	0	0	0	0	0	0	0	0	0	0	0	0	0	0	0	0	0	0	0	96.7126040769452	0	0	0	0	0	0	0	0	0	0	0	0	0	0	0	0	0.0717772035601493	0	0	0	0	0	0	0	0	0	0	0	0	0	0	0	0	0	0	0	0	0	0	0	0	0	0	0	0	0	0	0	0	0	0	0	0	0	0	0	0	0	0	0	0	0	0	0	0	0	0	0	0	0	0	0	0	0	0	0	0	0	0	0	0	0	0	0	0	0	0	0	0	0	0	0	0	0	0	0	0	0	0	0	0	0	0	0	0	0	0	0	0	0	0	0	0	0	0	0	0	0	0	0	0	0	0	0	0	0	0	0	0	0	0	0	0	0	0	0	0	0	0	0	0	0	0	0	0	0	0	0	0	0	0	0	0	0	0	0	0	0	0	0	0	0	0	0	0	0	0	0	0	0	0	0	0	0	0	0	0	0	0	0	0	0	0	0	0	0	0	0	0	0	0	0	0	0	0	0	0	0	0	0	0	0	0	0	0	0	0	0	0	0	0	0	0	0	0	0	0	0	0	0	0	0	0	0	0	0	0	0	0	0	0	0	0	0	0	0	0	0	0	0	0	0	0	0	0	0	0	0	0	0	0	0	0	0	0	0	0	0	0	0	0	0	0	0	0	0	0	0	0	0	0	0	0	0	0	0	0	0	0	0	0	0	0	0	0	0	0	0	0	0	0	0	0	0	0	0	0	0	0	0	0	0	0	0	0	0	0	0	0	0	0	0	0	0	0	0	0	0	0	0	0	0	0	0	0	0	0	0	0	0	0	0	0	0	0	0	0	0	0	0	0	0	0	0	0	0	0	0	0	0	0	0	0	0	0	0	0	0	0	0	0	0	0	0	0	0	0	0	0	0	0	0	0	0	0	0	0	0	0	0	0	0	0	0	1.85185185185185
ERR6650906	0	0	0	0	0	0	0	0	0	0	0.484054669703872	0	0	0	0	0	0	0	0	0	0	0	0	0	0	0	0	0	0	0	0	0	0	0	0	0	0	0	0	0	0	0	0	0	0	0	0	0	0	0	0.213553530751708	0	0	0	0	0	0	0	0	0	0	0	0	0	0	0	0	0	0	0	0	0	0.185079726651481	0	0	0	0	0	0	0	0	0	0	0	0	0	0	0	0	0	0	0	0	0	0	0	0	0	0	0	0	0	0	0	0	0	0	0	0	0	0	0	0	0	0	0	0	0	0	0	0	0	0	0	0	0	0	0	0	0	0	0	0	0	0	0	0	0.213553530751708	0	0	0	0	0	0	0	0	0	0	0	4.17141230068337	0	0	0	0	0	0	0	0	0	0	0	0	0	0	0	0	0	0	0	0	0	0	0	0	0	0	0	0	0	0	0	0	0	0	0	0	0	0	0	0	0	0	0	24.4305239179954	0	0	0	0	0	0	0	0	0.227790432801822	0	1.25284738041002	0	0	0	0	0	0	0	0	0	0	0	0	0	0	0	0	0	0	0	0	0	0	0	0	0	0	0	0	0	0	0	0	0	0	0	0	0	9.25398633257403	0	0	0	0	0	0	0	0	0	0	0	0	0	0	0	0	0	0	0	0.170842824601367	0	0	0	0	0	0	0.0711845102505695	0	0	0	0	0	0	0	0	0	0	0	0	0	0	0	0	0	0.683371298405467	0	0	0	0	0	0	0	0	0	0	0	0	0	0	0	0	0	0	0	0	0	0	0	0	0	0	0	0	0	0.469817767653758	0	0	0	0	0	0	0	0	0	0	0	0	0	0	0	0	14.6924829157175	0	0	0	0	0	0	0	0	0	0	0	0	0	0	0	0	0	0	0	0	0	0	0	0	1.5375854214123	0	0	0	0	0	0	0	0	0	0	0	0	0	0	0	0	0	0	0	0	0	27.3063781321185	0	0	0	0	0	0	0	0	0	0	0	0	0	0	0	0	0.541002277904328	0	0	0	0	0	0	0	0	0	0	0	0	0	0	0.896924829157175	0	0	0	0	0	0	0	0	0	0	0	0	0	0	0	0	0	0	0	0	0	0	0	0	0	0	0	0	0	0	0	0	0	0	0	0	0	0	0	0	0	0	0	0	0	0	0	0	0	0	0	0	0	0	0	0	0	0	0	0	0	0	0	0	0	0	0	0	0	3.70159453302961	0	0	0	0	0	0	0	0	0	0	0	0	0	0	0	0	0	0	0	0	0	0	0	0	0	0	0	0	0	0	0	0	0	0	0	0	0.58371298405467	0	0	0	0	0.142369020501139	0	0	0	0	0	0	0	0	0	0	0	0	0	0	0	0	0	0	0	0	0	0	0	0	0	0	0	0	0	0	0	0	0	0	0	0	0	0	0	0	0	0	0	0	0	0	0	0	0	0	0	0	0	0	0	0	0	0	0	0	0	0	0	0	0	0	0	0	0	0	0	0	0	0	0	0	0	0	0	0	0	0	0	0	0	0	0	0	0	0	0	0	0	0	2.20671981776765	0	0	0	0	0	0	0	0	0	0	0	0	0	0	0	0	0	0	0	0	0	0	0	0	0	0	0	0	0	0	0	0	0	0	1.72266514806378	0	0	0	0	0	0	0	0	0	0	0	0	0	0	0	0	0	0	0	0	0	0	0	1.50911161731207	0	0	0	0	0	0	0	0	0	0	0	0	0	0	0	0	0	0	0	0	0	0	0	0	0	0	0	0	0	0	0	0	0	0	0	0	0	0	0	0	0	0	0	0	0	0	0	0	0	0	0	0	0	0	0	0	0	0	0	0	0	0	0	0	0	0.953872437357631	0	0	0	0	0	0	0	0	0	0	0	0	0	0	0	0	0	0	0	0	2.37756264236902
ERR6650907	0	0	0	0	0	0	0	0	0	0	0.125037511253376	0	0	0.0550165049514854	0	0	0	0	0	0	0	0	0	0	0	0	0	0	0	0	0	0	0	0	0	0	0	0	0	0	0	0	0	0	0	0	0	0	0	0	0	0	0	0	0	0	0	0	0	0	0	0	0	0	0	0	0	0	0	0	0	0	0	0	0	0	0	0	0	0	0	0	0	0	0.0950285085525658	0	0	0	0	0	0	0	0	0	0	0	0	0	0.540162048614584	0	0	0	0	0	0	0	0	0	0	0	0	0	0	0	0	0	0	0	0	0	0.410123036911073	0	0	0	0	0	0	0	0	0	0	0	0	0	0	0	0	0.0450135040512154	0	0	0	0	0	0	0	0	0	0	0	2.2406722016605	0	0	0	0	0	0	0	0	0	0	0	0	0	0	0	0	0	0.140042012603781	0.390117035110533	0	0	0	0	0	0	0	0	0	0	0	0	0	0	0	0	0.0900270081024307	0	0	0	0	0	0	0	31.9345803741122	0	0	0	0	0	0	0	0.135040512153646	0	0	0.0250075022506752	0	0	0	0	0	0	0	0	0	0	0	0	0	0	0	0	0	0	0	0	0	0	0	0	0	0	0	0	0	0	0	0	0	0	0	0	0	21.9515854756427	0	0	0	0	0	0	0	0	0	0.145043513053916	0	0	0	0.710213063919176	0	0	0	0	0	0	0	0	0	0	0	0	0	0	0	0	0	0	0	0	0	0	0	0	0	0	0	0	0	0	0	0	0	0	0	0	0	0	0	0	0	0	0	0	0	0	0	0	0	0	0	0	0	0	0	0.555166549964989	0	0	0	0	0	0	0	0	0	0	0	0	0	0	0	0	0	0	0	0	0	26.0278083425028	0	0	0	0	0	0	0	0	0	0	0	0	0	0	0	0	0	0	0	0	0	0	0	0	0	0	0	0	0	0	0	0	0	0	0	0	0	0	0	0	0	0	0	0	0	0	10.2330699209763	0	0	0	0	0	0	0	0	0	0	0	0	0	0	0	0	0.0750225067520256	0	0	0	0	0	0	0	0	0	0	0	0	0	0	0	0	0	0	0	0	0	0	0	0	0	0	0	0	0	0	0	0	0	0	1.51045313594078	0	0	0	0	0	0	0	0	0	0	0	0	0	0	0	0	0	0	0	0	0	0	0	0	0	0	0	0	0	0	0	0	0	0	0	0	0	0	0	0	0	0	0	0	0	0	0	0	0	0	0	0	0	0	0	0	0	0	0	0	0	0	0	0	0	0	0	0	0	0	0	0	0	0	0	0	0	0	0	0	0	0	0	0	0	0	0	0	0	0	0	0	0	0	0	0	0	0	0	0	0	0	0	0	0	0	0	0.175052515754726	0	0	0	0	0	0	0	0	0	0	0	0	0	0	0	0	0	0	0	0	0	0	0	0	0	0	0	0	0	0	0	0	0	0	0	0	0	0	0	0	0	0	0	0	0	0	0	0	0	0	0.0450135040512154	0	0	0	0	0	0.0550165049514854	0	0	0	0	0	0	0	0	0	0	0	0.0450135040512154	0	0	0	0.0950285085525658	0	0	0	0	0	0	0	0	0	0	0	0	0	0	0	0	0	0	0	0	0	0	0	0	0	0	0	0	0	0	0	0	0	0	0	0	0	0	0	0	0.815244573372012	0	0	0.120036010803241	0	0	0	0	0	0	0.0500150045013504	0	0	0	0	0	0.175052515754726	0	0	0	0	0	0	0	0	0	0	0	0	0	0	0	0	0	0	0	0	0	0	0	0	0	0	0	0	0	0	0	0	0	0	0	0	0	0	0	0	0	0	0	0	0	0	0	0	0	0	0	0	0	0	0	0	0	0	0	0	0	0	0	0	0	0	0	0	0	0	0	0	0	0	0	0	0	0	0	0	0	0	0	0	0	0.0550165049514854	0	0	0	0	0	0	0	0	0.935280584175253
ERR6650916	0	0	0	0	0	0	0	0	0	0	0	0	0	0	0	0	0	0	0	1.09464466150219	0	0	0	0	0	0	0	0	0	0	0	0	0	0	0.50522061300101	0	0	0	0	0	0	0	0	0	0	0	0	0	0	0	3.78073425395756	0	0	0	0	0	0	0	0	0	0	0	0	0	0	0	0	0	0	0	0	0	0	0	0	0	0	0.378915459750758	0	0	0	0	0	0	6.74469518356349	0	0	0	0	0	0	0	0	0	0	0	0	0	2.35769619400472	0	0	0	0	0	0	0	0	0	0	0	0	0	0	0	0	0	0	0	0	0	0	0	0	0	0	0	0	0	0	0	0	0	0	0	0	0	0.682047827551364	0	0	0	0	0.538901987201078	0	0	0	0	0	0	0	0	0	0	0	0	0	0	0	0	0	0	0	0	0	0	0	0	0	0	0	0	0	0	0	0	0	0	0	0	0.050522061300101	0	0	0	0	0	0	0	0	0	0	0	0	0	0	0.31997305490064	0	0	0	0	0	0	0	0	0	0	0.126305153250253	0	0	0	0	0	0	0	0	0	0	0	0	0	0	0	0	0	0	0	0	0	0	0	0	0	0	0	0	0	0	0	0	0	0	0	0	0	0.597844392051196	0	0	0	0	0	0.0673627484001347	0	0	0	1.32199393735264	0	0	0	0.18524755810037	0	0	0	0	0	0	0	0	0	0	0	0	0	0	0	0	0	0	0.0842034355001684	0	0	0	0	0	0	0	0	0	0	0	0	0	0	0	0.151566183900303	0	0	0	0	0	0	0	0	0	0	0	0	0	0	0	0	0	0.0842034355001684	1.78511283260357	0	0	0	0.277871337150556	0	0	0	0	1.29673290670259	0	0	0	0	0	0	0	0	0	0	0	0	0	0	1.99562142135399	0	0	0	0	0	0	0	0	0	0	0	0	0	0	0	0	0	0	0	0	0	0	0	0	0	0	0	0	0	0	0	0	0	0	0	0	0	0	0	0	0	0	0	0	0	0	62.024250589424	0	0	0	0	0	0	0	0	0	0	0	0	0.82519366790165	0	0	0	0.176827214550354	0	0	0	0	0	0	0	0	0	0	0	0	0	0	0	0	0	0	0	0	0	0	0	0	0	0	0	1.21252947120243	0	0	0.842034355001684	0	0	0	0	0	0	0	0	0	1.72617042775345	0	0	0	0	0	0	0	0	0	0	0	0	0	0	0	0	0	0	0	0	0	0	0	0	0	0	0	0	0	0	0	0	0	0	0	0	0	0	0	0	0	0	0	1.51566183900303	0.311552711350623	0	0	0	0	0	0	0	0	0	0	0	0	0	0	0	0	0	0	0	0	0	0	0	0	0	0	0.0336813742000674	0	0	0	0	0	0	0	0	0	0	0	0	0	0	0	0	0	0	0	0	0	0	0	0	0	0	0	0	0	0	0	0	0	0	0	0	0	0	0	0	0	0	0	0	0	0	0	0	0	0	0	0	0	0	0	0	0	0	0	0	0	0	0	0	0	0	0	0	0	0	0	0	0	0	0	0	0	0	0	0	0	0	0	0	0	0	0	1.31357359380263	0	0	0	0	0	0	0	0	0	0	0	0	0	0	0	0	0	0	0	0	0	0	0	0	0	0	0	0	0	0	0	0	0	0	0	0	0	0	0	0	0	0	0	0	0	0	0	0	0	0	0	0	0	0	0	0.732569888851465	0	0	0	0	0	0	0	0	0	0.151566183900303	0	0	0	0	0	0.631525766251263	0	0	0	0	0	0	0	0	0	0	0	0	0	0	0	0	0	0	0	0	0	0	0	0	0	0.724149545301448	0	0	0	0	0	0	0	0	0.0673627484001347	0	0.0589424048501179	0	0	0	0	0	0	0	0	0	0	0	0	0	0	0	0	0	0	0.117884809700236	0	0	0	0	0	0	0	0	0	0	0	0	0.0421017177500842	0	0.0673627484001347	0	0	0.202088245200404	0	0	0	0	0	0.496800269450994	0	0	0	0	0	0.488379925900977	0	0	0	0	0	0	0	0	1.81037386325362
ERR6650917	0	0	0	0	0	0	0	0	0	0	0	0	0	0	0	0	0	0	0	0	0	0	0	0	0	0	0	0	0	0	0	0	0	0	0	0	0	0	0	0	0	0	0	0	0	0	0	0	0	0	4.70063025210084	0	0	0	0	0	0	0	0	0	0	0	0	0	0	0	0	0	0	0	0	0	0	0	0	0	0	0	0	0	0	0	0	0	0	0	0	0	0	0	0	0	0	0	0	0	0	0	2.02205882352941	0	0	0	0	0	0	0	0	0	0	0	0	0	0	0	0	0	0	0	0	0	0	0	0	0	0	0	0	0	0	0	0	0	0	0	0	0	0	0	0	0	0	0	0	0	0	0	0	0	0	0	0	0	0	0	0	0	0	0	0	0	0	0	0	0	0	0	0	0	0	0	0	0	0	0	0	0	0	0	0	0	0	0	0	0	0	0	0	0	0	0	0	0	0	21.5861344537815	0	0	0	0	0	0	0	0	0	0	0	0	0	0	0	0	0	0	0	0	0	0	0	0	0	0	0	0	0	0	0	0	0	0	0	0	0	0	0	0	0	0	0	0	0	0	0	0	0	0	0	0	0	0	0	0	0	0	0	0	0	0	0	0	0	0	0	0	0	0	0	0	0	0	0	0	0	0	0	0	0	0	0	0	0	0	0	0	0	0	0	0	0	0.446428571428571	0	0	0	0	0	0	0	0	0	0	0	0	0	0	0	0	0	0	0	0	0	0	0	0	0	0	0	0	0	0	0	0.735294117647059	0	0	0	0	0	0	0	0	0	0	0	0	0	0	0	0	0	0	0	0	0	0	0	0	0	0	0	0	0	0	0	0	0	0	0	0	0	0	0	0	0	0	0	0	0	0	0	0	0	0	0	0	0	0	0	0	0	0	0	0	0	35.3203781512605	0	0	0	0	0	0	0	0	0	0	0	0	0	0	0	0	0	0	0	0	0	0	0	0	0	0	0	0	0	0	0	16.6491596638655	0	0	0	0	0	0	0	0	0	0	0	0	0	0	0	0.341386554621849	0	0	0	0	0	0	0	0	0	0	0	0	0	0	0	0	0	0	0	0	0	0	0	0	0	0	0	0	0	0	0	0	0	0	0	0	0	0	0	0	0	0	0	0	0	0	0	0	0	0	0	0	0	1.4968487394958	0	0	0	0	0	0	0	0	0	0	0	0	0	0	0	0	0	0	0	0	0	0	0	0	0	0	0	0	0	0	0	0	0	0	0	0	0	0	0	0	0	0	0	0	0	0	0	0	0	0	0	0	0	0	0	0	0	0	0	0	0	0	0	0	0	0	0	0	0	0	0	0	0	0	0	0	0	0	0	0	0	0	0	0	0	0	0	0	0	0	0	0	0	0	0	0	0	0	0	0	0	0	0	0	0	0	0	0	0	0	0	0	0	0	0	15.8350840336134	0	0	0	0	0	0	0	0	0	0	0.446428571428571	0	0	0	0	0	0	0	0	0	0	0	0	0	0	0	0	0	0	0	0	0	0	0	0	0	0	0	0	0	0	0	0	0	0	0	0	0	0	0	0	0	0	0	0	0	0	0	0	0	0	0	0	0	0	0.315126050420168	0	0	0	0	0	0	0	0	0	0	0	0	0	0	0	0	0	0	0	0	0	0	0	0	0	0	0	0	0	0	0	0.105042016806723	0	0	0	0	0	0	0	0	0	0	0	0	0	0	0	0	0	0	0	0	0	0	0	0	0	0	0	0	0	0	0	0	0	0	0	0	0	0	0	0	0	0	0	0	0	0	0	0	0	0	0	0	0	0	0	0	0	0	0	0	0	0	0	0	0	0	0	0	0
ERR6650594	0	0	0	0	0	0	0	0	0	0	0	0	0	0	0	0	0	0	0	0	0	0	0	0	0	0	0	0	0	0	0	0	0	0	0	0	0	0	0	0	0	0	0	0	0	0	0	0	0	0	0	0	0	0	0	0	0	0	0	0	0	0	0	0	0	0	0	0	0	0	0	0	0	0	0	0	0	0	0	0	0	0	0	0	0	0	0	0	0	0	0	0	0	0	0	0	0	0	2.4329382407985	0	0	0	0	0	0	0	0	0	0	0	0	0	0	0	0	0	0	0	0	0	0	0	0	0	0	0	0	0	0	0	0	0	0	0	0	0	0	0	0	0	0	0	0	0	0	0	0	0	0	0	0	0	0	0	0	0	0	0	0	0	0	0	0	0	0	0	0	0	0	0	0	0	0	0	0	0	0	0	0	0	0	0	0	0	0	0	0	0	0	0	0	0	0	16.1572052401747	0	0	0	0	0	0	0	0	0	0	0	0	0	0	0	0	0	0	0	0	0	0	0	0	0	0	0	0	0	0	0	0	0	0	0	0	0	0	0	0	0	0.0178237233758132	0	0	0	0	0	0	0	0	0	0	0	0	0	0	0	0	0	0	0	0	0	0	0	0	0	0	0	0	0	0	0	0	0	0	0	0	0	0	0	0	0	0	0	0	0	0	0	0	0	0	0	0	0	0	0	0	0	0	0	0	0	0	0	0	0	0	0	0	0	0	0	0	0	0	0	0	0	0	0	0	0	0	0	0	0	0	0	0	0	0	0	0	0	0	0	0	0	0	0	0	0	0	0	0	0	0	0	0	0	0	0	0	0	0	0	0	0	0	0	0	0	0	0	0	0	0	0	0	0	0	0	0	0	0	0	0	0	0	0	0	0	0	0	0	0	59.1302022992603	0	0	0	0	0	0	0	0	0	0	0	0	0	0	0	0	0	0	0	0	0	0	0	0	0	0	0	0	0	0	0	0.516887977898583	0	0	0	0	0	0	0	0	0	0	0	0	0	0	0	2.1566705284734	0	0	0	0	0	0	0	0	0	0	0	0	0	0	0	0	0	0	0	0	0	0	0	0.579271009713929	0	0	0	0	0	0	0	0	0	0	0	0	0	0	0	0	0	0	0	0	0	0	0	0	0	0	0	0	0	2.13884680509759	0	0	0	0	0	0	0	0	0	0	0	0	0	0	0	0	0	0	0	0	0	0	0	0	0	0	0	0	0	0	0	0	0	0	0	0	0	0	0	0	0	0	0	0	0	0	0	0	0	0	0	0	0	0	0	0	0	0	0	0	0	0	0	0	0	0	0	0	0	0	0	0	0	0	0	0	0	0	0	0	0	0	0	0	0	0	0	0	0	0	0	0	0	0	0	0	0	0	0	0	0	0	0	0	0	0	0	0	0	0	0	0	0	0	0	13.4212637019873	0	0	0	0	0	0	0	0	0	0	1.81801978433295	0	0	0	0	0	0	0	0	0	0	0	0	0	0	0	0	0	0	0	0	0	0	0	0	0	0	0	0	0	0	0	0	0	0	0	0	0	0	0	0	0	0	0	0	0	0	0	0	0	0	0	0	0	0	0	0	0	0	0	0	0.258443988949291	0	0	0	0	0	0	0	0	0	0	0	0	0	0	0	0	0	0	0	0	0	0	0	0	0	0	0	0	0	0	0	0	0	0	0	0	0	0	0	0	0	0	0	0	0	0	0	0	0	0	0	0	0	0	0	0	0	0	0	0	0	0	0	0	0	0	0	0	0.115854201942786	0	0	0	0	0	0	0	0	0	0	0	0	0	0	0	0	0	0	0	0	0	0	0	0	0	1.25657249799483
ERR6650600	0	0	0	0	0	0	0	0	0	0	0	0	0	0	0	0	0	0	0	0	0	0	0	0	0	0	0	0	0	0	0	0	0	0	0.0580105783995905	0	0	0	0	0	0	0	0	0	0.317351987715407	0	0.528919979525678	0	0	0	0	0	0	0	0	0	0	0	0	0	0	0	0	0	0	0	0	0	0	0	0	0	0	0	0	0	0	0	0	0	0	0	0	0	0	0	0	0	0	0	0	0	0	0	0	0	0	0	0.0818972871523631	0	0	0	0	0	0	0	0	0	0	0	0	0	0	0	0	0	0	0	0	0	0	0	0	0	0	0	0	0	0	0	0	0	0	0	0	0	0	0	0	0	0	0	0	0	0	0	0	0	0	0	0	0	0	0	0.00682477392936359	0	0	0	0	0	0	0	0	0	0	0	0	0	0	0	0	0	0	0	0	0	0	0.416311209691179	0	0	0	0	0	0	0	0.235454700563044	0	0	0	0	0	0	0	0.13308309162259	0	0	0	0	0	0	0	0	0	0	0.0682477392936359	0	0	0	0	0	0	0	0	0	0	0	0	0	0	0	0	0	0	0	0	0	0	0	0	0	0	0	0	0	0	0	0	0	0	0	0	0	0.30370243985668	0	0	0	0	0	0	0	0	0	0	0	0	0	0	0	0	0	0	0	0	0	0	0	0	0	0	0.0136495478587272	0	0	0	0	0	0	0	0	0	0	0	0	0	0	0	0	0	0.0580105783995905	0	0	0	0	0	0	0	0.0443610305408633	0	0	0	0	0	0	0	0	0	0	0	0	0.0409486435761815	0	0	0	0	0	0	0	0	0	0	0.017061934823409	0	0	0	0	0	0	0	0	0	0	0	0	0	0.034123869646818	0.0443610305408633	0	0	0	0	0	0	0	0.0136495478587272	0	0	0	0	0	0	0	0	0	0	0	0	0	0	0	0	0	0	0	0	0	0	0	0	0	0	0	0	0	0	0	0	0	0	0	0	0	0	94.9326053574475	0	0	0	0	0	0	0	0	0	0	0.0511858044702269	0	0	0	0	0	0	0	0	0	0	0	0	0	0	0	0	0	0	0	0	0.0204743217880908	0	0	0	0	0	0	0	0	0	0	0	0	0	0	0	0	0	0	0	0.017061934823409	0	0	0	0	0	0	0	0	0	0	0	0	0	0	0	0	0	0	0	0.0682477392936359	0	0	0	0	0	0	0	0	0	0	0	0	0	0	0	0	0	0	0	0	0	0	0	0	0	0	0	0	0	0.344651083432861	0	0	0	0	0	0	0	0	0	0	0	0	0	0	0	0	0	0	0	0	0.00341238696468179	0	0	0	0	0	0	0	0	0	0	0	0	0	0	0	0.0238867087527726	0	0	0	0	0	0	0	0	0	0	0	0	0	0.0682477392936359	0	0	0	0	0	0	0	0	0	0	0.0716601262583177	0	0	0	0	0	0	0	0	0	0	0	0	0	0	0	0	0	0	0	0	0	0	0	0	0	0	0	0	0	0	0	0	0	0	0	0	0	0	0	0	0	0	0	0	0	0	0	0	0	0	0	0	0	0.17061934823409	0	0	0	0	0	0	0	0	0	0	0.0443610305408633	0	0	0	0	0	0	0	0	0	0	0	0	0	0	0	0	0	0.0136495478587272	0	0	0	0	0	0	0	0	0	0	0	0	0	0	0	0.0238867087527726	0	0	0	0	0	0	0	0	0	0	0.139907865551954	0	0	0	0	0	0	0	0	0	0.163794574304726	0	0	0	0	0	0.0443610305408633	0	0	0	0	0	0	0	0	0	0	0	0	0	0	0	0	0	0	0	0	0	0	0	0	0	0	0	0	0	0	0	0	0	0	0	0	0	0	0	0	0	0	0	0	0	0	0	0	0	0	0	0	0	0	0	0	0	0	0	0	0	0	0	0	0	0	0	0	0	0	0	0	0	0.743900358300631	0	0	0	0	0	0	0	0	0	0	0	0	0	0	0	0	0	0	0	0	0.638116362395496
ERR6650601	0	0	0	0	0	0	0	0	0	0	0	0	0	0	0	0	0	0	0	0	0	0	0	0	0	0	0	0	0	0	0	0	0	0	0.660131529966497	0	0	0	0	0	0	0	0	0	0.201017495967242	0	0	0	0	0	0	0	0	0	0	0	0	0	0	0	0	0	0	0	0	0	0	0	0.712247177069115	0	0	0	0	0.310212185134632	0	5.02791909666212	0	0	0	0	0	0	0	0	0	0	0	0	0	0	0	0	0	0	0	0	0	0	2.06973569921827	0	0	0	0	0	0	0	0	0	0	0	0	0	0	0	0	0	0	0	0	0	0	0	0	0	0	0	0	0	0	0	0	0	0	0	0	0	0	0.518674773545105	0	0	0	0	0	0	0	0	0	0	0	0	0	0	0	0	0	0	0	0	0	0	0	0	0	0	0	0	0	0	0	0	0	0	0	0	0	0	0	1.40215907680854	0	0	0	0	0	0	0	0	0	0	0	0	0	0	0.0198535798486165	1.63792033751086	0	0	0	0	0	0	0	0	0	0	3.45948628862142	0	0	0	1.07705670678744	0	0	0	0	0	0	0	0	0	0	0	0	0	0	0	0	0	0	0	0	0	0	0	0	0	0	0	0	0	0	0	0	0	0	0	0	0	0	0	0	0	0	0	0	0	0	0	0	0	0	0	0	0	0	0	0	0	0	0	0	0	0	0	0	0	0	0	0	0	0	0	0	0	0	0	0	0	0	0	0	0	0	0	0	0	0	0	0	0	0	0	0	0	0	0	0	0	0	0	0	0	0	0.0545973445836953	0	0	0	0	0	0	0	0	0	0	0	0	0	0	0.590644000496339	0	0	0	0	0	0	0	0	0	0	0	0	0	0	0	0	0	0	0	0	0	0	0	0	0	0	0	0	0	0	0	0	0	0	0	0	0	0	0	0	0	0	0	0	0	0	0	0	0	0	0	0	0	0	61.6949993795756	0	0	0	0	0	0	0	0	0	0	0	0	0	0	0	0	0	0	0	0	0	0	0	0	0	0	0	0	0	0	1.0497580344956	0	0	0	0	0	0	0	0	0	0	0	0	0	0	0	0	0	0	0	0	0	0	0	0	0	0	0	0	0	0	0	0	0	0.429333664226331	0	0	0	0	0	0	0.101749596724159	0	0	0	0	0	0	0	0	0	0	0	0	0	0	0	0	0	0	0	0	0	0	0	0	0	0	0	0	0	1.7744136989701	0	0	0	0	0	0	0	0	0	0	0	0	0	0	0	0	0	0	0.0496339496215411	0	0	0	0	0	0	0	0	0	0	0	0	0	0	0	0	0	0	0	0	0	0	0	0	0	0	0	0	0	0	0	0	0	1.54857922819208	0	0	0	0	0	0	0	0	0	0	0	0	0	0	0	0	0	0	0	0	0	0	0	0	1.5361707407867	0	0	0	0.990197294949746	0	0	0	0	0	0	0	0	0	0	0	0	0	0	0	0	0	0	0	0	0	2.63059932994168	0	0	0	0	0	0	0	0	0	0	0	0	0	0	0	0	0	0	0	0	0	0	0.1513835463457	0	0	0	0	0	0	0	0	0	0	0	0	0	0	0	0	0	0	0	0	0	0	0	0	0	0	0	0	0	0	0	0	0	0	0	0	0	0	0	0	0	0	0	0	1.33763494230053	0	0	0	0	0	0	0	0	0.00496339496215411	0	0	0	0	0	0	0	0	0	0	0	0	0	0	0	0	0	0	0	0	0	0	0	0	0	0	0	0	0	0	0	0	0.0620424370269264	0	0	0	0	0	0	0	0	0	0	0	0	0	0	0	0	0	0	0	0	0	0	0	0	0	0	0	0	0	0	0	0	0	0	0	0	0	0	0	0	0	0	0.0148901848864623	0	0	0	0	5.92877528229309	0	0	0	0	0	0	0	0	0.312693882615709	0	0	0	0	0	0	0	0	0	0	0	2.64052611986599
ERR6650602	0	0	0	0	0	0	0	0	0	0	0	0	0	0	0	0	0	0	0	0	0	0	0	0	0	0	0	0	0	0	0	0	0	0	0	0	0	0	0	0	0	0	0	0	0.106972673344355	0	0	0	0	0	0	0	0	0	0	0	0	0	0	0	0	0	0	0	0	0	0	0	0	0	0	0	0	0	0	0	0	0	0	0.012155985607313	0	0	0	0	0	0	0	0	0	0	0	0	0	0.0923854906155791	0	0	0	0	0	0	0	0	0	0	0	0	0	0	0	0	0	1.73830594184576	0	0	0	0	0	0	0	0	0	0	0	0	0	0	0	0	0	0	0	0	0	0	0	0	0	0	0	0	0	0	0	0	0	0	0	0	0	0	0	0	0	0	0	0	0	0	0	0	0	0	0	0	0	0	0	0	0	0	0	0	0	0	0	0	0	0	0	0	0	0	0	0	0	0	0	0	0	0	0	0	0.0413303510648643	1.0211027910143	0	0	0	0	0	0	0	0	0	0	0	0	0	0	0	0	0	0	0	0	0	0	0	0	0	0	0	0	0	0	0	0	0	0	0	0	0	0	0	0	0	0	0	0	0	0	0	0	0	0.189633375474083	0	0	0	0	0.578624914908101	0	0	0	0	0	0	0	0	0	0	0	0	0	0	0	0	0	0	0	0	0	0	0	0	0	0	0	0	0	0	0	0	0	0	0	0	0	0	0.323349217154527	0	0	0	0	0	0	0	0	0	0	0	0	0	0	0	0	0	0	0	0	0	0	0	0	0	0	0	0	0	0	0	0.369541962462316	0	0	0	0	0	0	0	0	0	0	0	0	0	0	0	0	0	0	0	0	0	0	0	0	0	0	0	0	0	0	0	0	0	0	0	0	0	0	0	0	0	0	0	0	0	0	0	0	0	0	0	0	0	0	0	0	0	0	0	0	0	71.3872410775066	0	0	0	0	0	0	0	0	0	0	0	0	0	0	0	0	0	0	0	0	0	0	0	0	0	0	0	0	0	0	0.294174851696976	0	0	0	0	0	0	0	0	0	0	0	0	0	0	0	0	0	0	0	0	0	0	0	0	0	0	0	0	0	0	0	0	0	0	0	0	0	0	0	0	0	0	0	0	0	0	0	0	0	0	0	0	0	0	0	0	0	0	0	0	0	0	0	0	0	0	0	0	0	0	2.73023436740251	0	0	0	0	0	0	0	0	0	0	0	0	0	0	0	0	0	0	0	0	0	0	0	0	0	0	0	0	0	0	0	0	0	0	0	0	0	0	0	0	0	0	0	0	0	0	0	0	0	0	0	0	0	0	0	0	0	0	0	0	0	0	0	0	0	0	0	0	0	0	0	0	0	0	0	0	0	0	0	0	0	0	0	0	0	0	0	0	0	0	0	0	0	0	0	0	0	0	0	0	0	0	0	0	0	0	0	0	0	0	0	0	0	0	0	6.09744238062822	0	0	0	0	0	0	0	0	0	0	0	0	0	0	0	0	0	0	0	0	0	0	0	0	0	0.739083924924633	0	0	0	0	0	0	0	0	0	0	0	0	0	0	0	0	0	0	7.8868034620247	0	0	0	0	0	0	0	0	0	0	0.532432169600311	0	0	0	0	0	0	0	0	0	2.43605951570553	0	0	0	0	0	0	0	0	0	0	0	0	0	0	0	0	0	0	0	0	0	0	0	0	0	0	0	0	0	0	0	0	0	0	0	0	0	0	0	0	0	0	0	0	0	0	0	0	2.2561509287173	0	0	0	0	0	0	0	0	0	0	0	0	0	0	0	0	0	0	0	0	0	0	0	0	0	0	0	0	0	0	0	0	0	0	0	0	0	0	0	0	0	0	0.571331323543713	0	0	0	0	0	0	0	0	0.595643294758339
ERR6650606	0	0	0	0	0	0	0	0	0	0	2.52849574570557	0	0	0	0	0	0	0	0	0	0	0	0	0	0	0	0	0	0	0	0	0	0	0	0	0	0	0	0	0	0	0	0	0	0.493658693209183	0	0	0	0	0	0	0	0	0	0	0	0	0	0	0	0	0	0	0	0	0	0	0	0	0	0	0	0	0	0	0	0	0	0	0	0	0.577941884732702	0	0	0	0	0	0	0	0	0	0	0	0	0	0	0	0	2.33986193610531	0	0	0	0	0	0	0	0	0	0	0	0	0	0	0	0	0	0	0	0	0	0	0	0	0	0	0	0	0.272917001123776	0	0	0	0	0	0	0	0	0	0	0	0	0	0	0	0	0	0	0	0	0	0.148498956493819	0	0	0	0	0.393321560443089	0	0	0	0	0	0	0	0	0	0	0	0	0	0.818751003371328	0	0	0	0	0	0	0	0	0	0	0	0	0	0	0	0	0	0	0	0	0	0	0	0	3.85294589821801	0	0	0	0	0	0	0	0.0441483384170814	0	0	0	0	0	0	0	0	0	0	0	0	0	0	0	0	0	0	0	0	0	0	0	0	0	0	0	0	0	0	0	1.60138063894686	0	0.0280943971745063	0	0	0	0	0	0	1.58532669770429	0	0	0	0	0	0	0	0	0	0	0	0	0	0	0	0	0	0	0	0	0	0	0	0	0	0	0	0	0	0	0	0	0	0	0	0	0	0	0	0	0	0	0	0	0	0	0	0	0.854872371167122	0	0	0	0	0	0	0	0	0	0	0	0	0	0	0	0	0	0	0	0	0	0	0	0	0	0	0	0.240809118638626	0	0	0	0	0	0.0561887943490127	0	0	0	0	0	0	0	0	0	0	0	0.140471985872532	0	0	0	0	0	0	0	0	0	0	0	0	0	0	0	0	0	0	0	0	0	0	0	0	0	0	0	0	0	0	0	0	0	0	0	0	0	0	0	0	0	0	0	72.3310322684219	0	0	0	0	0	0	0	0	0	0	0	0	0	0	0	0	0.385294589821801	0	0	0	0	0	0	0	0	0	0	0	0	0	0	0	0	0	0	0	0	0	0	0	0	0	0	0	0	0	0	0	0	0	0	0	0	0	0	0	0	0	0	0	0	0	0	0	0	0	0	0	0	0	0	0	0	0	0	0	0	0	0	0	0	0	0	0	0	0	0	0	0	0	0	0	0	0	0	0	0	0	0	0	0	8.03499759190881	0	0	0	0	0	0	0	0	0	0	0	0	0	0	0	0	0	0	0.00401348531064376	0	0	0	0	0	0	0	0	1.21608604912506	0	0	0	0	0	0	0	0	0	0	0	0	0	0	0	0	0	0	0	0	0	0	0	0	0.00802697062128753	0	0	0	0	0	0	0	0	0	0	0	0	0	0.188633809600257	0	0	0	0	0	0	0	0	0	0	0	0	0	0	0	0.232782148017338	0	0	0	0	0	0	0	0	0	0	0	0	0	0	0	0	0	0	0	0.0561887943490127	0	0	0	0	0	0	0	0	0	0	0	0	0.116391074008669	0	0	0	0	0	0	0	0	0	0	0	0	0	0	0	0	0	0	0	0	0	0	0	0	0	0	0.385294589821801	0	0	0	0	0	0	0	0	0	0	0	0	0	0	0	0	0	0	0	0	0	0	0	0	0	0	0	0	0	0	0	0	0	0	0	0	0	0	0.196660780221544	0	0	0	0	0	0	0	0	0	0	0	0	0	0	0	0	0	0	0	0	0	0	0	0	0	0	0	0	0	0	0	0.280943971745063	0	0	0	0	0	0	0	0	0	0	0	0	0	0	0	0	0	0	0	0	0	0	0	0	0	0	0	0	0	0	0	0	0	0	0	0	0	0	0	0	0.144485471183175	0	0	0	0	0	0	0	0.156525927115107	0	0	0	0	0	0	0	0	0	0	0	0	0	0	0	0	0.00401348531064376	0	0	0.280943971745063
ERR6650608	0	0	0	0	0	0	0	0	0	0	2.81732923263849	0	0	0	0	0	0	0	0	0	0	0	0	0	0	0	0	0	0	0	0	0	0	0	0	0	0	0	0	0	0	0	0	0	0	0	0	0	0	0	0	0	0	0	0	0	0	0	0	0	0	0	0	0	0	0	0	0	0	0	0	0	0	0	0	0	0	0	0	0	0	0	0	0	0	0	0	0	0	0	0	0	0	0	0	0	0	0	1.23780233132096	0	0	0	0	0	0.0265785776664009	0	0	0	0	0	0	0	0.0645479743326879	0	0	0	0	0	0	0	0.037969396666287	0	0	0	0	0	0	0	0	0	0	0	0	0	0	0	0	0.0227816379997722	0	0	0	0	0	0	0	0	0	0	0	0	0	0.0569540949994305	0	0	0	0	0	0	0	0	0	0	0	0	0	0	0	0	0	0	0	0	0	0	0.766981812658997	0	0	0.00759387933325739	0	0	0	0	0	0	0	0	0	0	0	0	0	0	0.0113908189998861	1.2833656073205	0	0	0	0	0	0	0	0	0	0	0	0	0	0	0	0	0	0	0	0	0	0	0	0	0	0.0189846983331435	0	0	0	0	0	0	0	0	0	0	0	0	0	0	0	0	0	0	0	0	0	0	0.307552112996924	0	0	0	0	0	0	0	0	0	0	0	0	0	0.0759387933325739	0	0	0	0	0	0	0.148080646998519	0	0	0	0	0	0	0	0	0	0	0	0	0	0	0	0	0	0	0	0	0	0	0	0.0721418536659452	0	0	0	0	0	0	0	0	0	0	0	0	0	0	0	0	0	0	0	0	0	0	0	0	0	0	0	0	0	0.037969396666287	0	0.00759387933325739	0	0	0	0	0	0.216425560997836	0	0	0	0	0	0	0	0	0	0	0	0	0	0	0	0	0	0	0	0	0	0	0.318942931996811	0	0	0	0	0	0	0	0	0	0	0	0	0	0	0	0	0	0	0	0	0	0	0	0	0	0	0	0	0	0	0	0	90.4241181607624	0	0	0	0	0	0	0	0	0	0	0	0	0	0	0	0	0	0	0	0	0	0	0	0	0	0	0	0	0	0	0	0	0	0	0	0	0	0	0	0	0	0	0	0	0	0	0.0113908189998861	0	0	0	0	0.0037969396666287	0	0	0	0	0	0	0	0	0	0	0	0	0	0	0	0	0	0	0	0	0	0	0	0	0	0	0	0	0	0	0	0	0	0	0	0	0	0	0	0	0	0	0	0	0	0	0	0	0	0.482211337661845	0	0	0	0	0	0	0	0	0	0	0	0	0	0	0	0	0	0	0.0265785776664009	0	0	0	0	0	0	0	0	0	0	0	0	0	0	0	0	0	0	0	0	0	0	0	0	0	0	0	0	0	0	0	0	0	0	0	0	0	0	0	0	0	0	0	0	0	0	0	0	0	0	0.0303755173330296	0	0	0	0	0	0	0	0	0	0	0	0	0	0	0	0	0	0	0	0	0	0	0	0	0	0	0	0	0	0	0	0	0.0531571553328018	0	0	0	0	0	0	0	0	0	0	0	0	0.702433838326309	0	0	0	0	0	0	0	0	0	0	0.0797357329992026	0	0	0	0	0	0	0	0	0	0	0	0	0	0	0	0	0	0	0	0	0	0	0	0	0	0	0	0	0	0	0	0	0	0	0	0	0	0	0	0	0	0	0	0	0.0911265519990887	0	0	0	0	0	0	0	0	0	0.0227816379997722	0	0	0	0	0	0	0	0	0	0	0	0.353115388996469	0	0	0	0	0	0	0	0	0	0	0	0	0	0	0	0	0	0	0	0	0	0	0.00759387933325739	0	0	0	0	0	0	0	0	0	0	0	0	0	0	0	0	0	0	0	0	0	0	0	0	0	0	0	0	0	0	0	0	0	0	0	0	0	0	0	0	0	0	0	0	0.0759387933325739	0	0	0	0	0	0	0	0	0	0	0	0	0	0	0	0	0	0	0	0	0.0987204313323461
ERR6650609	0	0	0	0	0	0	0	0	0	0	0	0	0	0	0	0	0	0	0	0	0	0	0	0	0	0	0	0	0	0	0	0	0	0	0	0	0	0	0	0	0	0	0	0	0.382438427413187	0	0	0	0	0	0.474223649992351	0	0	0	0	0	0	0	0	0	0	0	0	0	0	0	0	0	0	0	0	0	0	0	0	0	0	0	0	0	0	0	0	0	0	0	0	0	0	0	0	0	0	0	0	0	0	0	0.566008872571516	0	0	0	0	0	0	0	0	0	0	0	0	0	0	0	0	0	0	0	0	0	0	0	0	0	0	0	0	0	0	0	0	0	0	0	0	0	0	0	0	0	0	0	0	0	0	0	0	0	0	0	0	0	0	0	0	0	0	0	0	0	0	0	0	0	0	0	0	0	0	0	0	0	0	0	0	0	0	0	0	0	0	0	0	0	0	1.32578654836571	0	0	0	0	0	0	0	0.0254958951608791	0	0	0	0	0	0	0	0.0815868645148131	0	0	0.882157972566417	0	0	0	0	0	0	0	0	0	0	0	0	0	0	0	0	0	0	0	0	0	0	0	0	0	0	0	0	0	0	0	0	0	0	0	0	0	0.193768803222681	0	0	0	0	0	0	0	0	0	0	0	0	0	0	0	0	0	0	0	0	0	0	0	0	0	0	0	0	0	0	0	0	0.0764876854826373	0	0	0	0	0	0	0	0	0	0	0	0.458926112895824	0	0	0	0	0	0	0	0	0	0	0	0	0	0	0	0	0	0	0	0	0	0	0	0	0	0	0	0	0	0	0	0.00509917903217582	0	0	0	0	0	0	0	0	0	0	0	0	0	0	0	0	0	0	0	0	0	0	0	0	0	0	0	0	0	0	0	0	0	0	0	0	0	0	0	0	0	0	0	0	0	0	0	0	0	0	0	0	0	0	0	0	0	0	0	0	0	90.3523532711233	0	0	0	0	0	0	0	0	0	0	0	0	0	0	0	0	0	0	0	0	0	0	0	0	0	0	0	0	0	0	0	1.06062923869257	0	0	0	0	0	0	0	0	0	0	0	0	0	0	0	0	0	0	0	0.00509917903217582	0	0	0	0	0	0	0	0	0	0	0	0	0	0	0	0	0	0	0	0	0	0	0	0	0	0	0	0	0	0	0	0	0	0	0	0	0	0	0	0	0	0	0	0	0	0	0	0	0	0	0	0	0	0	0	0	0	0	0	0	0	0	0	0	0	0	0	0	0.152975370965275	0	0	0.18357044515833	0	0	0	0	0	0.00509917903217582	0	0	0	0	0	0	0	0	0	0	0	0	0	0	0	0	0	0	0	0	0	0	0	0.0305950741930549	0	0	0	0	0	0	0	0	0	0	0	0	0	0	0	0	0	0	0	0	0	0	0	0	0	0	0	0	0	0	0	0	0	0	0	0	0	0	0	0	0	0	0	0	0	0	0	0	0	0	0	0	0	0	0	0	0	0	0	0	0	0	0	0	0	0	0	0	0	0	0	0	0	0	0.239661414512264	0	0	0	0	0	0	0	0	0	0.0764876854826373	0	0	0	0	0	0	0	0	0	0	0	0	0	0	0	0	0	0	0	0	0	0	0	0	0	0	0	0	0	0	0	0	0	0	0	0	0	0	0	0	0	0	0	0	0	0	0	0	0	0	0.785273570955076	0	0	0	0	0	0.28045484676967	0	0	0	0	0	0	0	0	0	0	0	0	0	0	0	0	0	0	0	0	0	0	0.214165519351384	0	0	0	0	0	0	0	0	0	0	0	0	0	0	0	0	0	0	0	0	0	0	0	0	0	0	0	0	0	0	0	0	0	0	0	0	0	0	0	0	0	0	0	0	0.866860435469889	0	0	0	0	0	0	0	0	0	0	0	0.571108051603692	0	0	0	0	0	0	0	0	0.703686706440263
ERR6650610	0	0	0	0	0	0	0	0	0.982123151622158	0	0.0956374604575885	0	0	0.0110350915912602	0	0	0.0257485470462738	0	0	0	0	0	0	0.492900757742956	0	0	0	0	0	0	0	0	0	0	0	0	0	0	0	0	0	0	0	0	0.308982564555286	0	0	0	0	0	0	0	0	0	0	0	0	0	0	0	0	0	0	0	0	0	0	0	0	0	0	0.0514970940925476	0	0.342087839329066	0	0	0	0	0	0	0	0	0	0	0	0.982123151622158	0	0	0	0	0	0	0	0	0	0	0	0	0.989479879349665	0	0	0	0	0	0	0	0	0	0	0	0	0.408298388876628	0	0	0	0	0	0	0.500257485470463	0	0	0	0	0	0	0	0	0	0	0	0	0	0	0	0	0	0	0.224380195688958	0	0	0	0	0	0	0.213345104097697	0	0	0	0	0.176561465460163	0	0	0	0	0.17288310159641	0	0	0	0	0	0	0	0	0	0	0	0	0	0.533362760244243	0	0	0	0	0	0	0	0	0.0147134554550136	0	0	0	0	0	0	0	0.544397851835504	0	0	0	0	0.71360258956816	0	0	5.05039358493342	0	0	0	0	0	0	0	0.224380195688958	0.036783638637534	0	0.485544030015449	0	0	0	0	0	0	0	0	0	0.0441403663650408	0	0	0	0	0	0	0	0	0	0	0	0.136099462958876	0	0	0	0.0441403663650408	0	0.879128963437063	1.09615243139851	0	0	0	0	0	0	0	0	2.44243360553226	0	0	0	0	0	0.838666960935776	0	0	0	0.0735672772750681	0	0	0	1.3021408077687	0	0	0	0	0	0	0	0	0	0	0	0	0	0	0	0	0	0	0	0	0.275877289781505	0	0	0	0	0	0	0	0	0	0.765099683660708	0	0	0	0	0	0.0257485470462738	0	0	0.0625321856838078	0	0	0	0	0	0	0	0	0.0404620025012874	0	0.0735672772750681	0	2.162877951887	0.176561465460163	0.0036783638637534	0	0	0	0	0	0.117707643640109	0	4.62370337673803	0	0	0	0	0	0	0	0	0	0	0	0	0	0	0.743029500478187	0	0	0	0.147134554550136	0	0	0	0	0	0	0.0331052747737806	0	0	0	0	0	0	0	0	0.0404620025012874	0	0	0.360479658647833	0	0	0	0	0	0	0	0	0	0	0	0	0	0	0	0	0	0	0	0	0	0	0	33.4216140660634	0	0	0.286912381372765	0	0	0	0	0	0	0	0	0	0	0.246450378871478	0	0	0	0	0	0	0	0	0	0	0	0	0	0	0	0	0	0	0	0	0	0	0	0.415655116604134	0	0.456117119105422	0	0	0	0	0	0	0	0.0993158243213419	0.158169646141396	0	0	5.09085558743471	0	0	0	0	0	0	0	0.0588538218200544	0	0	0	0	0.187596557051424	0	0	0	0	0	0	0	0.0110350915912602	0	0	0	0	0	0	0	0	0	0	0	0	0.0514970940925476	0	0	0	0	0	0.136099462958876	0	0	0.055175457956301	0	0	0	0	0	0	4.0498786139925	0	0	0	0	0	0	0	0	0	0	0	0	0	0	0	0.0147134554550136	0	0	2.2658721400721	3.10453910100787	0	0	0.0441403663650408	0	0	0	0	0.548076215699257	0	0	0	0	0	0	0	0	0.17288310159641	0	0	0	0	0	0	0	0	0	0	0	0	0	0	0	0	0	0	0	0	0	0.00735672772750681	0	0	0	0	0	0	0	0	0	0	0	0	0	0	0	0	0	0.0404620025012874	0	0	0	0.50761421319797	0.106672552048849	0	0	0	0	0	0	0	0	0	0	0	0	0	0	0	0	0	0	0	0	0	0	0	0	0	0	0	0	0	0	0	0	0	0.0294269109100272	0	0	0	0	0	0	0	0	0	0.209666740233944	0.0257485470462738	0	0	0	0	0	0	0	0	0	0.176561465460163	0	0	0	0	0	0	0	0	0.305304200691532	0	0	0	0	0	0	0	0	0	0	0	0	0	0	0.331052747737806	0	0.246450378871478	0	0	0	0	0	0	0	0	2.40197160303097	0	0	0	0.0662105495475612	0.018391819318767	0	0	0.0625321856838078	0	0	0.0441403663650408	0	0	0	0	0.879128963437063	0	0	0.106672552048849	0	0.106672552048849	0	0	0	0	0	0	0.0404620025012874	0	0	0	0	0	0	0	0	0	0	0	0	0.0147134554550136	2.19966159052453	0	0	0	0	0	0	0	0	0	0	0	0	0	0	0	0	0	0	0	0	0	0	0	0	0	0	0	0	0	0	0	0	0	0	0	0	0	0.220701831825204	0	0	0	0	2.07459721915692	0	0.831310233208269	0	0	0.743029500478187	0	0	0	0	0	0.0478187302287942	0	0	0	0	0	0.787169866843228	0	0	0	0	0	0	0	0	6.40403148679467
ERR6650614	0	0	0	0	0	0	0	0	0	0	0	0	0	0	0	0	0	0	0	0	0	0	0	0	0	0	0	0	0	0	0	0	0	0	0	0	0	0	0	0	0	0	0	0	0	0	0	0	0	0	0	0	0	0	0	0	0	0	0	0	0	0	0	0	0	0	0	0	0	0	0	0	0	0.0331796011811938	0	0	0	0	0	0	0	0	0	0	0	0	0	0	0	0	0	0	0	0	0	0	0	0	0.026543680944955	0	0	0	0	0	0	0	0	0	0	0	0	0	0	0	0	0	0	0	0	0	0	0	0	0	0	0	0	0	0	0	0	0	0	0	0	0	0	0.0199077607087163	0	0	0	0	0	0	0	0	0	0	0	0	0	0	0	0	0	0	0	0	0	0	0	0	0	0	0	0	0	0	0	0	0	0	0	0	0	0	0	2.16662795713196	0	0	0	0	0	0.119446564252298	0	0	0	0	0	0	0.0132718404724775	0	0	0.15926208566973	0	0	0	0	0	0	0	0	0.0630412422442682	0	0	0	0	0	0	0	0	0	0	0	0	0	0	0	0	0	0	0	0	0	0	0	0	0	0	0	0	0	0.0398155214174326	0	0	0	0	0	0	0	0	0	0	0	0	0	0	0	0.0497694017717907	0	0	0	0	0	0	0	0	0	0	0	0	0	0	0	0	0	0	0	0	0	0	0	0	0	0	0	0	0	0	0	0	0	0	0	0	0	0	0.0564053220080295	0	0	0	0	0	0	0	0	0	0	0	0	0	0	0	0	0	0	0	0	0	0.0431334815355519	0	0	0	0	0	0	0	0	0	0.0995388035435814	0	0	0	0	0	0	0	0	0	0	0	0	0	0	0	0	0	0	0	0	0	0	0	0	0	0	0	0	0	0	0	0	0	0	0	0	0	0	0	0	0	0	0	0	0	0	0	0	0	0	0	0	0	0	0	0	0	0	0	0	0	95.4444407578221	0	0	0	0	0	0	0	0	0	0	0	0	0	0	0	0	0	0	0	0	0	0	0	0	0	0	0	0	0	0	0.026543680944955	0	0	0	0	0	0	0	0	0	0	0	0	0	0	0	0	0.0597232821261488	0	0	0	0.102856763661701	0	0	0	0	0	0	0	0	0	0	0	0	0	0	0	0	0	0	0	0	0	0	0	0	0	0	0	0	0	0	0	0	0	0	0	0	0	0	0	0	0.0331796011811938	0	0	0.0597232821261488	0	0	0	0	0	0.175851886260327	0	0	0	0	0	0	0	0	0	0	0	0	0	0	0	0	0	0	0.0331796011811938	0	0	0	0	0	0	0	0	0	0	0	0	0	0	0	0	0	0	0	0	0	0	0	0	0	0	0	0	0	0	0	0	0	0	0	0	0	0	0	0	0	0	0	0	0	0	0	0	0	0.0398155214174326	0	0	0	0	0	0	0	0	0	0	0	0.0298616410630744	0	0	0	0	0	0.0199077607087163	0	0	0	0	0	0	0	0	0	0	0	0	0	0	0	0	0	0	0	0	0	0	0	0	0	0	0	0	0	0	0	0	0	0	0	0	0	0	0	0.238893128504595	0	0	0	0	0	0	0	0	0	0	0	0	0	0	0	0	0	0	0	0	0	0	0	0	0	0.21566740767776	0	0	0	0.00995388035435814	0	0	0	0	0	0	0	0	0	0	0	0	0	0	0	0	0	0	0	0	0	0	0	0	0.00331796011811938	0	0	0	0	0	0.0995388035435814	0	0	0	0	0	0	0	0	0	0	0	0.126082484488536	0	0	0	0	0	0	0	0	0	0	0	0	0	0.0530873618899101	0	0	0	0	0	0	0	0	0	0	0	0	0	0	0	0	0	0	0	0	0	0	0	0	0	0	0	0	0	0	0	0	0	0	0	0	0	0	0	0	0	0	0.00663592023623876	0	0	0	0	0.0796310428348651	0	0	0	0	0	0	0	0	0	0	0	0.0597232821261488	0	0	0	0	0	0	0	0	0.192441686850924
ERR6650618	0	0	0	0	0	0	0	0	0	0	0	0	0	0	0	0	0	0	0	0	0	0	0	0	0	0	0	0	0	0	0	0	0	0	0	0	0	0	0	0	0	0	0	0	0	0	0	0	0	0	0	0	0	0	0	0	0	0	0	0	0	0	0	0	0	0	0	0	0	0	0	0	0	0	0	0	0	0	0	0	0	0	0	0	0.351487851487851	0	0	0	0	0	0	0	0	0	0	0	0	0	0.522113022113022	0	0	0	0	0	0	0	0	0	0	0	0	0	0	0	0	0	0	0	0	0	0	0	0	0	0	0	0	0	0	0	0	0	0	0	0	0	0	0.0136500136500137	0	0	0	0	0	0	0	0	0	0	0	0	0	0	0	0	0	0	0	0	0	0	0	0	0	0	0	0	0	0	0	0	0	0	0	0	0	0	0	0	0	0	0	0	0	0	0	0	0	0	0	0	0	0	0	0.00341250341250341	0	0	0	0	0	0	0	0	0	0	0.238875238875239	0	0	0	0	0	0	0	0	0	0	0	0	0	0	0	0	0	0	0.184275184275184	0	0	0	0	0.546000546000546	0	0	0	0	0	0	0	0.0955500955500955	0	0	0	0	0	0.87018837018837	0	0	0	0	0	0	0	0	0	0	0	0	0	0	0	0	0	0	0	0	0	0	0	0	0	0	0	0	0	0	0	0	0	0	0	0	0	0	0	0	0	0	0	0	0	0	0	0	0	0	0	0	0	0	0	0	0	0	0	0	0	0	0	0	0	0	0	0	0.341250341250341	0	0	0	0	0	0	0	0.723450723450723	0	0	0	0	0	0	0	0	0	0	0	0	0	0	0	0	0	0	0	0	0	0	0	0	0	0	0	0	0	0	0	0	0	0	0	0	0	0.0819000819000819	0	0.174037674037674	0	0	0	0	0	0	0	0	0	0	0	0	0	0	0	0	0	0	0	0	0	90.7657657657658	0	0	0	0	0	0	0	0	0	0	0	0	0	0	0	0	0	0	0	0	0	0	0	0	0	0	0	0	0	0	0	0	0	0.174037674037674	0	0	0	0	0	0	0	0	0	0	0	0	0	0	0	0	0	0	0	0	0	0	0	0	0	0	0	0	0	0	0	0	0	0	0	0	0	0	0	0	0	0	0	0	0	0	0	0	0	0	0	0	0	0	0	0	0	0	0	0	0	0	0	0	0	0	0	1.04763854763855	0	0	0	0	0	0	0	0	0	0	0	0	0	0	0	0	0	0	0	0	0	0	0	0	0	0	0	0	0	0	0	0	0	0	0	0	0	0	0	0	0	0	0	0	0	0	0	0	0	0	0	0	0	0	0	0	0	0	0	0	0	0	0	0	0	0	0	0	0	0	0	0	0	0	0	0	0	0	0	0	0	0	0	0	0	0	0	0	0	0	0	0	0	0	0	0	0	0	0	0	0	0	0	0	0	0	0	0	0	0	0	0	0	0	0	0	0	0	0	0	0	0	0	0	0	0	0	0	0	0	0	0	0	0	0	0	0	0	0	0	0	0	0	0	0	0.12967512967513	0	0	0	0	0	0	0	0	0	0	0	0	0	0	0	0	0	0	0	0	0	0	0	0	0	0.914550914550915	0	0	0	0	0	0	0	0	0	0.655200655200655	0	0	0	0	0	0	0	0	0	0	0	0	0	0	0	0	0	0	0	0	0	0	0	0	0	0	0	0	0	0	0	0	0	0.191100191100191	0	0	0	0	0	0	0	0	0	0	0	0	0	0	0	0	0	0	0	0	0	0	0	0	0	0	0	0	0	0	0	0	0	0	0	0	0	0	0	0	0	0	0	0	0	1.57657657657658	0	0	0	0	0	0	0	0	0	0	0	0	0	0	0	0	0	0	0	0	0.399262899262899
ERR6650619	0	0	0	0	0	0	0	0	0	0	0	0	0	0	0	0	0	0	0	0	0	0	0	0	0	0	0	0	0	0	0	0	0	0	0	0	0	0	0	0	0	0	0	0	0.130541748255259	0	0	0	0	0	0	0	0	0	0	0	0	0	0	0	0	0	0	0	0	0	0	0	1.07445900487021	0	0	0	0	0	0	0	0	0	0	0	0	0	0	0	0	0	0	0	0	0	0	0	0	0	0	0	0	0	0	0	0	0	0	0	0	0	0	0	0	0	0	0	0	0	0	0	0	0	0	0	0	0	0	0	0	0	0	0	0	0	0	0	0	0	0	0	0	0.195812622382889	0	0	0	0	0	0	0	0	0	0	0	0	0	0	0	0	0	0	0	0	0	0	0	0	0	0	0	0	0	0	0	0	0	0	0	0	0.00251041823567806	0	0	0.00251041823567806	0	0	0	0	0	0.00251041823567806	0	0	0	0	0	0	0	0	0	0.928854747200884	0	0	0	0	0	0	0	0	0	0	0	0	0	0	0	0	0	0	0	0	0	0	0	0	0	0	0	0	0	0	0	0	0	0	0	0	0	0	0	0	0	0	0	0	0	0	0	0	0	0	0	0	0	0	0	0	0	0	0	0	0	0	0	0	0	0	0	0	0	0	0	0	0	0	0	0	0	0	0	0	0	0	0.07782296530602	0	0	0	0	0	0	0	0	0	0	0.37656273535171	0	0	0	0	0	0	0	0	0	0	0	0	0	0	0	0	0	0	0	0	0	0	0	0	0	0	0	0	0	0	0	0.0150625094140684	0	0	0	0	0	0	0	0	0	0	0	0	0	0	0	0	0	0	0	0	0	0	0	0	0	0	0	0	0	0	0	0	0	0	0	0	0	0	0	0	0	0	0	0	0	0	0	0	0	0	0	0	0	0	0	0	0	0	0	0	0	94.4770798815083	0	0	0	0	0	0	0	0	0	0	0	0	0	0	0	0	0	0	0	0	0	0	0	0	0	0	0	0	0	0	0	0	0	0.406687754179846	0	0	0	0	0	0	0	0	0	0	0	0	0	0	0	0	0	0.00251041823567806	0	0	0	0	0	0	0	0	0	0	0	0	0	0	0	0	0	0	0	0	0	0	0	0	0	0	0	0	0	0	0	0	0	0	0	0	0	0	0	0	0	0	0	0	0	0	0	0	0	0	0	0	0	0	0	0	0	0	0	0	0	0	0	0	0	0	0	0	0	0	0	0	0	0	0	0	0	0	0	0	0	0	0	0	0	0	0	0	0	0	0	0	0	0	0	0	0	0	0	0	0	0	0	0	0	0	0	0	0	0	0	0	0	0	0	0	0	0	0	0	0	0	0	0	0	0	0	0	0	0	0	0	0	0	0	0	0	0	0	0	0	0	0	0	0	0	0	0	0	0	0	0	0.0928854747200884	0	0	0	0	0	0	0	0	0	0	0	0	0.00251041823567806	0	0	0	0	0	0	0	0	0	0	0.00753125470703419	0	0	0	0	0	0	0	0	0	0	0	0	0	0	0	0	0	0	0	0	0	0	0	0	0	0	0	0	0	0	0	0	0	0	0	0	0.160666767083396	0	0	0	0	0	0	0	0	0	0	0	1.73218858261786	0	0	0	0	0	0	0	0	0	0	0	0	0	0	0	0	0	0	0	0	0	0	0	0	0	0	0	0	0	0	0	0	0	0	0	0	0	0	0	0	0	0	0	0	0	0	0	0	0	0	0	0	0	0	0	0	0	0	0	0	0	0	0	0	0	0	0	0	0	0	0	0	0	0	0	0	0	0	0	0	0	0	0	0	0	0	0	0	0	0	0	0	0	0	0	0	0	0	0	0	0	0	0	0	0	0	0.31129186122408
ERR6650622	0	0	0	0	0.0265891445385897	0	0	0	0	0	0.00531782890771794	0	0	0	0	0	0	0	0	0	0	0	0	0	0	0	0	0	0	0	0	0	0	0	0	0	0	0	0	0	0	0	0	0	0.602687276208033	0	0	0	0	0	0	0	0	0	0	0	0	0	0	0	0	0	0	0	0	0.0531782890771794	0	0	0	0	0	0	0	0.0726769950721452	0	0	0	0	0	0	0	0.00177260963590598	0	0	0.0531782890771794	0.0584961179848974	0	0	0	0	0	0.090403091431205	0	0	0	0	0	0	0.0248165349026837	0	0	0	0	0	0	0	0	0	0	0	0	0.093948310703017	0	0	0	0	0	0	0	0	0	0	0	0	0	0	0	0	0	0	0	0	0.0602687276208034	0	0	0	0	0.140036161236572	0	0	0	0	0	0	0	0	0	0	0	0	0	0	0.141808770872478	0	0.0602687276208034	0	0	0	0	0	0	0	0	0	0	0	0	0	0.194987059949658	0	0	0	0	0	0.0265891445385897	0	0	1.06533839117949	0	0	0	0	0.150671819052008	0.21625837558053	0	0.0212713156308718	0	0	0	0	0	0	0	0.102811358882547	0	0	0.223348814124154	0	0	0	0	0.242847520119119	0	0	0.446697628248307	0	0	0	0	0	0	0	0	0	0	0	0	0	0	0	0	0	0	0	0	0	0	0	0.0301343638104017	0	0	0	0	0	0	0	0	0.0301343638104017	0	0	0	0	2.15194809798986	0	0	0	0	0	0	0	0	0	0	0	0	0	0.168397915411068	0.170170525046974	0.194987059949658	0	0	0	0	0	0	0	0	0	0	0	0	0	0	0	0	0	0.0354521927181196	0	0	0	0.0673591661644273	0	0	0	0	0	0	0	0	0	0	0	0	0	0	0	0	0	0	0	0	0	0	0	0	0	0	0	0	0	0	0	0	0	0	0	0	0	0	0.253483177934555	0	0	0	0	0	0	0	0	0	0	0.00354521927181196	0	0	0	0	0	0	0	0	0	0	0	0	0	0	0	0	0	0	0	0.0159534867231538	0	0	0	0	0	0	0.202077498493282	0	0	0	0	0	0	0	0.292480589924487	0	0	0	0	0	0.179033573226504	0	0	0	0	0.687772538731521	0	0	0	0	81.7722551139788	0	0	0	0	0	0	0	0	0	0	0	0	0	0	0	0	0	0	0	0	0	0	0	0	0	0	0	0	0	0	0	0	0	0	0.0620413372567093	0	0	0	0	0	0	0	0	0	0	0	0	0	0	0	0	1.61130215903854	0	0	0.095720920338923	0	0	0	0	0	0	0	0	0	0.301343638104017	0	0	0	0	0	0	0	0	0	0	0	0	0	0	0	0	0	0	0	0	0.0496330698053675	0	0	0	0	0	0	0	0	0	0	0	0.090403091431205	0	0	0	0.191441840677846	0.173715744318786	0	0	0	0	0	0	0	0	0	0	0	0	0	0	0	0	0	0.928847449214734	0	0	0	0.0425426312617435	0	0	0	0	0.193214450313752	0	0	0	0.131173113057043	0	0	0	0	0	0	0	0	0	0	0	0	0	0	0	0	0	0	0	0	0.19853227922147	0	0	0	0	0	0	0	0	0	0	0	0	0	0	0	0	0	0	0	0	0	0	0	0	0	0	0	0	0	0	0	0	0	0	0	0	0	0	0	0	0	0	0	0	0	0	0	0	0	0	0.537100719679512	0	0	0	0	0	0	0	0	0	0	0	0.0567235083489914	0	0	0	0	0	0	0	0	0	0	0	0	0	0	0	0	0	0	0	0	0	0	0	0	0	0	0	0	0	0.0336795830822136	0	0	0	0	0	0	0	0	0	0	0	0	0	0.0443152408976495	0	0	0	0	0	0	0	0	0	0	0	0.120537455241607	0	0	0	0	0	0	0	0	0	0	0	0	0	0	0	0.340341050093948	0	0	0.0496330698053675	0	0	0	0	0	0	0	0	0	0	0	0	0	0	0	0	0	0	0	0	0	0.0194987059949658	0.476831992058709	0	0	0	0	0	0	0	0	0	0	0	0	0	0	0	0	0	0	0	0	0	0	0	0	0	0	0	0	0	0	0	0.324387563370794	0	0	0	0	0	0	0	0	0	0	0.267664055021803	0	0	0	0	0.168397915411068	0	0	0	0	0	0	0	0	0	0	0	0	0	0	0	0	0	0	0	0	3.05952423157372
ERR6650636	0	0	0	0	0	0	0	0	0	0	0	0	0	0	0	0	0	0	0	0	0	0	0	0	0	0	0	0	0	0	0	0	0	0	0	0	0	0	0	0	0	0	0	0	0	0	0	0	0	0	0.139979307406731	0	0	0	0	0	0	0	0	0	0	0	0	0	0	0	0	0	0	0	0	0	0	0	0	0	0	0	0	0	0	0	0	0	0.185624733735013	0	0	0	0	0	0	0	0	0	0	0	0	0	0	0	0	0	0	0	0	0	0	0	0	0	0	0	0	0	0	0	0	0	0	0	0	0	0	0	0	0	0	0	0	0	0	0	0	0	0	0	0	0	0	0	0	0	0	0	0	0	0	0	0	0	0	0	0	0	0	0	0	0	0	0	0	0	0	0	0	0	0	0	0	0	0	0	0	0	0	0	0	0	0	0	0	0	0	0	0	0	0	0	0	0	0	0	0	0	0	0	0	0	0	0	0	0.188667762156899	0	0	0	0	0	0	0	0	0	0	0	0	0	0	0	0	0	0	0	0	0	0	0	0	0	0	0	0	0	0	0	0	0	0	0	0	0	0	0	0	0	0	0	0	0	0	0	0	0	0	0	0	0	0	0	0	0	0	0	0	0	0	0	0	0	0	0	0	0	0	0	0	0	0	0	0	0	0	0	0	0	0	0	0	0	0.185624733735013	0	0	0	0	0	0	0	0	0	0	0	0	0	0	0	0	0	0	0	0	0	0	0	0	0	0	0	0	0	0	0	0	0	0	0	0	0	0	0	0	0	0	0	0	0	0	0	0	0	0	0	0	0	0	0	0	0	0	0	0	0	0	0	0	0	0	0	0	0	0	0	0	0	0	0	0	0	0	0	0	0	0	0	0	0	0	0	0	0	0	0	0	0	99.2514150082162	0	0	0	0	0	0	0	0	0	0	0	0	0	0	0	0	0	0	0	0	0	0	0	0	0	0	0	0	0	0	0	0	0	0	0	0	0	0	0	0	0	0	0	0	0	0	0	0	0	0	0	0	0	0	0	0	0	0	0	0	0	0	0	0	0	0	0	0	0	0	0	0	0	0	0	0	0	0	0	0	0	0	0	0	0	0	0	0	0	0	0	0	0	0	0	0	0	0	0	0	0	0.0213011989531982	0	0	0	0	0	0	0	0	0	0	0	0	0	0	0	0	0	0	0	0	0	0	0	0	0	0	0	0	0	0	0	0	0	0	0	0	0	0	0	0	0	0	0	0	0	0	0	0	0	0	0	0	0	0	0	0	0	0	0	0	0	0	0	0	0	0	0	0	0	0	0	0	0	0	0	0	0	0	0	0	0	0	0	0	0	0	0	0	0	0	0	0	0	0	0	0	0	0	0	0	0	0	0	0	0	0	0	0	0	0	0	0	0	0	0	0	0	0	0	0	0	0	0	0	0	0	0	0	0	0	0	0	0	0	0	0	0	0	0	0	0	0	0	0	0	0	0	0	0	0	0	0	0	0	0	0	0	0	0	0	0	0	0	0	0	0	0	0	0	0	0	0.00304302842188546	0	0	0	0	0	0	0	0	0	0	0	0	0	0	0	0	0	0	0	0	0	0	0	0	0	0	0	0	0	0	0	0	0	0	0	0	0	0	0	0	0	0	0	0	0	0	0	0	0	0	0	0	0	0	0	0	0	0	0	0	0	0	0	0	0	0	0	0	0	0	0	0.0243442273750837	0	0	0	0	0	0	0	0	0	0	0	0	0	0	0	0	0	0	0	0	0	0	0	0	0	0	0	0	0	0	0	0	0	0	0	0	0	0	0
ERR6650637	0	0	0	0	0	0	0	0	0	0	0	0	0	0	0	0	0	0	0	0	0	0	0	0	0	0	0	0	0	0	0	0	0	0	0	0	0	0	0	0	0	0	0	0	0	0	0	0	0	0	0	0	0	0	0	0	0	0	0	0	0	0	0	0	0	0	0	0	0	0	0	0	0	0	0	0	0	0	0	0	0	0	0	0	0	0	0	0	0	0	0	0	0	0	0	0	0	0	1.45659637076999	0	0	0	0	0	0	0	0	0	0	0	0	0	0	0	0	0	0	0	0	0	0	0	0	0	0	0	0	0	0	0	0	0	0	0	0	0	0	0.147130946542423	0	0	0	0	0	0	0	0	0	0	0	0	0	0	0	0	0	0	0	0	0	0	0	0	0	0	0	0	0	0	0	0	0	0	0	0	0	0	0	0	0	0	0	0	0	0	0	0.00490436488474743	0	0	0	0	0	0	0	0.326140264835704	0	0	0	0	0	0	0	0	0	0	0	0	0	0	0	0	0	0	0	0	0	0	0	0	0	0	0	0	0	0	0	0	0	0	0	0	0	0	0	0	0	0	0	0	0	0	0	0	0	0	0	0	0	0	0.242766061794998	0	0	0	0	0	0	0	0	0	0	0	0	0	0	0	0	0	0	0	0	0	0	0	0	0	0	0	0	0	0	0	0	0	0	0	0	0	0	0	0	0	0	0	0	0	0	0	0	0	0	0	0	0	0	0	0	0	0	0	0	0	0	0	0	0	0	0	0	0	0	0.17165277096616	0	0	0	0	0	0	0	0	0	0	0	0	0	0	0	0	0	0	0	0	0	0	0	0	0	0	0	0	0	0	0	0	0	0	0	0	0	0	0	0	0	0	0	0	0	0	0	0	0	0	0	0	0	0	0	0	0	0	0	0	0	94.7842079450711	0	0	0	0	0.00245218244237371	0	0	0	0	0	0	0	0	0	0	0	0	0	0	0	0	0	0	0	0	0	0	0	0	0	0	0	0	0	0	0	0	0	0	0	0	0	0	0	0	0	0	0.593428151054438	0	0	0	0	0	0	0	0	0	0	0	0	0	0	0	0	0	0	0	0	0	0	0	0.348209906817067	0	0	0	0	0	0	0	0	0	0	0	0	0	0.117704757233938	0	0	0	0	0	0	0	0	0	0	0	0	0	0	0	0	0	0	0	0	0	0	0	0	0	0	0	0	0	0	0	0	0	0	0	0	0	0	0	0	0	0	0	0	0	0	0	0	0	0	0	0	0.377636096125552	0	0	0	0	0	0	0	0	0	0	0	0	0	0	0	0	0	0	0	0	0	0	0	0	0	0	0	0	0	0	0	0	0	0	0	0	0	0	0	0	0	0	0	0	0	0	0	0	0	0	0	0	0	0	0	0	0	0	0	0	0	0	0	0	0	0	0	0	0	0	0	0	0	0	0	0	0	0	0	0	0	0	0	0	0	0	0	0	0	0	0	0	0	0	0	0	0	0	0	0	0	0	0	0	0	0	0	0	0	0	0	0	0	0	0	0	0	0	0	0	0	0	0	0	0	0	0	0	0	0	0	0	0	0	0	0	0	0	0	0	0	0	0.588523786169691	0	0	0	0	0	0	0	0	0	0	0	0	0	0	0	0	0	0	0	0	0	0	0	0	0	0	0	0	0	0	0	0	0	0.0196174595389897	0	0	0	0	0	0	0	0	0	0	0	0	0	0	0	0	0	0	0	0	0	0	0	0	0	0	0	0	0	0	0	0	0	0	0	0	0	0	0	0	0	0	0.122609122118686	0	0	0	0	0	0	0	0	0	0	0	0	0.696419813634134	0	0	0	0	0	0	0	0	0	0	0	0	0
ERR6650638	0	0	0	0	0	0	0	0	0	0	0	0	0	0	0	0	0	0	0	0	0	0	0	0	0	0	0	0	0	0	0	0	0	0	0	0	0	0	0	0	0	0	0	0	0	0	0	0	0	0	0	0	0	0	0	0	0	0	0	0	0	0	0	0	0	0	0	0	0	0	0	0	0	0	0	0	0	0	0	0	0	0	0	0	0	0	0	0	0	0	0	0	0	0	0	0	0	0	0	0	0	0	0	0	0	0	0	0	0	0	0	0	0	0	0	0	0	0	0	0	0	0	0	0	0	0	0	0	0	0	0	0	0	0	0	0	0	0	0	0	0	0	0	0	0	0	0	0	0	0	0	0	0	0	0	0	0	0	0	0	0	0	0	0	0	0	0	0	0	0	0	0	0	0.241978320316342	0	0	0	0	0	0	0	0	0	0	0	0	0	0	0	0	0	0	0	0.0295095512580905	0	0	0	0	0	0	0	0	0	0	0	0	0	0	0	0	0	0	0	0	0	0	0	0	0	0	0	0	0	0	0	0	0	0	0	0	0	0	0	0	0	0	0	0	0	0	0	0	0	0	0	0	0	0	0	0	0	0	0	0	0	0	0	0	0	0	0	0	0	0	0	0	0	0	0	0	0	0	0	0	0	0	0	0	0	0	0	0	0	0	0	0	0	0	0	0	0	0	0	0	0	0	0	0	0	0	0	0	0	0	0	0	0	0	0	0	0	0	0	0	0	0	0	0	0	0.387558773189589	0	0	0	0	0	0	0	0	0	0	0	0	0	0	0	0	0	0	0	0	0	0	0	0	0	0	0	0	0	0	0	0	0	0	0	0	0	0	0	0	0	0	0	0	0	0	0	0	0	0	0	0	0	0	0	0	0	0	0	0	0	96.6182054258228	0	0	0	0	0	0	0	0	0	0	0	0	0	0	0	0	0	0	0	0	0	0	0	0	0	0	0	0	0	0	0	0	0	0	0	0	0	0	0	0	0	0	0	0	0	0	0	0	0	0	0	0	0	0	0	0	0	0	0	0	0	0	0	0	0	0	0	0	0	0	0	0	0	0	0	0	0	0	0	0	0	0	0	0	0	0	0	0	0	0	0	0	0	0	0	0	0	0	0	0	0	0.0314768546752966	0	0	0	0	0	0	0	0	0	0	0	0	0	0	0	0	0	0	0	0	0	0	0	0	0	0	0	0	0	0	0	0	0	0	0	0	0	0	0	0	0	0	0	0	0	0	0	0	0	0	0	0	0	0	0	0	0	0	0	0	0	0	0	0	0	0	0	0	0	0	0	0	0	0	0	0	0	0	0	0	0	0	0	0	0	0	0	0	0	0	0	0	0	0	0	0	0	0	0	0	0	0	0	0	0	0	0	0	0	0	0	0	0	0	0	0	0	0	0	0	0	0	0	0	0	0	0	0	0	0	0	0	0	0	0	0	0	0	0	0	0	0	0	0	0	0	0	0	0	0	0	0	0	0	0	0	0	0	0	0	0	0	0	0	0	0	0	0	0	0	0	0.0708229230194173	0	0	0	0	0	0	0	0	0	0	0	0	0	0	0	0	0	0	0	0	0	0	0	0	0	0	0	0	0	0	0	0	0	0	0	0	0	0	0	0	0	2.62044815171844	0	0	0	0	0	0	0	0	0	0	0	0	0	0	0	0	0	0	0	0	0	0	0	0	0	0	0	0	0	0	0	0	0	0	0	0	0	0	0	0	0	0	0	0	0	0	0	0	0	0	0	0	0	0	0	0	0	0	0	0	0	0	0	0	0	0	0	0	0
ERR6650639	0	0	0	0	0	0	0	0	0	0	0	0	0	0	0	0	0	0	0	0	0	0	0	0	0	0	0	0	0	0	0	0	0	0	0	0	0	0	0	0	0	0	0	0	0	0	0	0	0	0	0	0	0	0	0	0	0	0	0	0	0	0	0	0	0	0	0	0	0	0	0	0	0	0	0	0	0	0	0	0	0	0	0	0	0	0	0	0	0	0	0	0	0	0	0	0	0	0	0	0	0	0	0	0	0	0	0	0	0	0	0	0	0	0	0	0	0	0	0	0	0	0	0	0	0	0	0	0	0	0	0	0	0	0	0	0	0	0	0	0	0	0	0	0	0	0	0	0	0	0	0	0	0	0	0	0	0	0	0	0	0	0	0	0	0	0	0	0	0	0	0	0	0	0	0.0265086247704164	0	0	0	0	0	0	0	0	0	0	0	0	0	0	0	0	0	0	0	0	0	0	0	0	0	0	0	0.00189347319788688	0	0	0	0	0	0	0	0	0	0	0	0	0	0	0	0	0	0	0	0	0	0	0	0	0	0	0	0	0	0	0	0	0	0	0	0	0	0	0	0	0	0	0	0	0	0	0	0	0.00568041959366065	0	0	0	0	0	0	0	0	0	0	0	0	0	0	0	0	0	0	0	0	0	0	0	0	0	0	0	0	0	0	0	0	0	0	0	0	0	0	0	0	0	0	0	0	0	0	0	0	0	0	0	0	0	0	0	0	0	0	0	0.443072728305531	0	0	0	0	0	0	0	0	0	0	0	0	0	0	0	0	0	0	0	0	0	0	0.0586976691344934	0	0	0	0	0	0	0	0	0	0	0	0	0	0	0	0	0	0	0	0	0	0	0	0	0	0	0	0	0	0	0	0	0	0	0	0	0	0	0	0	0	0	0	0	0	0	97.4665328612273	0	0	0	0	0	0	0	0	0	0	0	0	0	0	0	0	0	0	0	0	0	0	0	0	0	0	0	0	0	0	0	0	0	0	0	0	0	0	0	0	0	0	0	0	0	0	0	0	0	0	0	0	0	0	0	0	0	0	0	0	0	0	0	0	0	0	0	0	0	0	0	0	0	0	0	0	0	0	0	0	0	0	0	0	0	0	0	0	0	0	0	0	0	0	0	0	0	0	0	0	0	0.636206994489993	0	0	0	0	0	0	0	0	0	0	0	0	0	0	0	0	0	0	0	0	0	0	0	0	0	0	0	0	0	0	0	0	0	0	0	0	0	0	0	0	0	0	0	0	0	0	0	0	0	0	0	0	0	0	0	0	0	0	0	0	0	0	0	0	0	0	0	0	0	0	0	0	0	0	0	0	0	0	0	0	0	0	0	0	0	0	0	0	0	0	0	0	0	0	0	0	0	0	0	0	0	0	0	0	0	0	0	0	0	0	0	0	0	0	0	0	0	0	0	0	0	0	0	0	0	0	0	0	0	0	0	0	0	0	0	0	0	0	0	0	0	0	0	0	0	0	0	0	0	0	0	0	0	0	0	0	0	0	0	0	0	0	0	0	0	0	0	0	0	0	0	0	0	0	0	0	0	0	0	0	0	0	0	0	0	0	0	0	0	0	0	0	0	0	0	0	0	0	0	0	0	0	0	0	0	0	0	0	0	0	0	0	0	1.05655804442088	0	0	0	0	0	0	0	0	0	0	0	0	0	0	0	0	0	0	0	0	0	0	0	0	0	0	0	0	0	0	0	0	0	0	0	0	0	0	0	0	0	0	0	0	0	0	0	0	0	0	0	0	0	0	0	0	0	0	0	0	0	0	0	0	0	0	0	0	0.304849184859788
ERR6650642	0.0802639793097298	0	0	0	0	0	0.0713457593864265	0	0	0	0	0	0	0	0	0	0	0	0	0	0	0	0	0	0	0	0	0	0	0	0.0267546597699099	0	0	0	0	0	0	0	0	0	0	0	0	0	0.517256755551592	0	0	0	0	0	0	0	0	0	0	0	0	0	0	0	0	0	0	0.0668866494247748	0	0	0	0	0	0	0	0	0	0.0535093195398199	0	0	0	0	0	0	0	0	0	0	0	0	0	0	0	0	0	0	0	0	0	0	0	0	0.0713457593864265	0	0	0	0	0	0	0	0	0	0	0	0	0	0	0	0	0	0	0	0	0	0	0	0	0	0	0	0	0	0	0	0	0	0	0	0	0	0	0	0	0	0	0	0	0	0	0	0	0	0	0	0	0	0	0	0	0	0	0	0	0	0	0	0	0	0	0	0	0	0.00445910996165165	0	0	0	0	0.0758048693480781	0	0	0	0	0.00891821992330331	0	0	0	0	0	0	0	0	0	0	0	0	0	0	0.0178364398466066	0	0	0	0	0	0	0	0	0	0	0.187282618389369	0	0	0	0	0	0	0	0	0	0	0	0	0	0	0	0	0	0	0.178364398466066	0	0	0	0	0	0	0	0	0	0	0	0	0	0	0	0	0	0	0	0	0	0	0	0	0	0	0	0	0	0	0	0	0	0	0	0	0	0	0	0	0	0	0	0	0	0	0	0	0	0	0	0	0	0	0	0	0	0	0	0	0	0	0	0	0	0	0	0	0	0	0	0	0	0	0	0	0	0	0	0	0	0	0	0	0	0	0.00445910996165165	0	0	0	0	0	0	0	0	0	0	0	0	0	0	0	0	0	0	0	0.0312137697315616	0	0	0	0.00891821992330331	0	0	0	0	0	0	0	0	0	0	0	0	0	0	0.316596807277267	0	0	0	0	0	0	0	0	0	0.0891821992330331	0	0	0	0	0	0	0	0	0	0	0	0	0	0	0	0	0	0	0	0	0	94.149647730313	0	0	0	0	0	0	0	0	0	0	0	0	0	0.0981004191563364	0	0	0	0	0	0	0	0	0	0	0	0	0	0	0	0	0	0.0401319896548649	0	0	0	0	0	0.0312137697315616	0	0	0	0	0	0	0	0	0	0.289842147507358	0	0	0	0.766966913404085	0	0	0	0	0	0	0	0	0	0	0	0	0	0	0	0	0	0	0	0	0	0	0	0	0	0	0	0	0.013377329884955	0	0	0	0	0	0	0	0	0	0	0	0	0	0	0.0312137697315616	0	0	0	0	0	0.115936859002943	0	0	0	0	0	0	0	0	0	0	0	0	0	0	0	0	0	0	0.0356728796932132	0	0	0	0	0	0	0	0	0	0	0	0	0	0	0	0	0	0	0	0	0	0	0	0	0	0	0	0	0.0847230892713814	0	0	0	0	0	0	0	0	0	0	0	0	0	0	0	0	0	0	0	0	0	0	0	0	0	0	0	0	0	0	0	0	0	0.115936859002943	0	0	0	0	0	0	0	0	0	0	0	0	0	0	0	0	0	0	0	0	0	0.0802639793097298	0	0	0	0	0	0	0	0	0	0	0.0267546597699099	0.0222955498082583	0	0.0624275394631232	0	0	0	0	0	0	0	0	0	0	0	0	0	0	0	0	0	0	0	0	0	0	0	0	0	0	0	0	0	0	0	0	0	0	0	0	0	0	0	0	0	0	0.0267546597699099	0	0	1.11031838045126	0	0	0	0	0	0	0	0.013377329884955	0	0	0	0	0	0	0	0	0	0.120395968964595	0	0	0	0	0	0.0891821992330331	0	0	0	0	0	0	0	0	0.0267546597699099	0	0	0	0	0	0	0	0	0	0	0	0	0	0	0	0	0.0267546597699099	0	0	0	0	0	0	0	0	0	0	0	0	0	0	0	0	0	0	0	0	0	0	0	0	0	0	0	0	0	0	0	0	0	0	0	0	0	0	0	0	0	0	0	0	0	0	0	0.142691518772853	0	0	0	0	0	0	0	0	0	0	0	0	0	0	0	0	0	0	0	0	0.668866494247748
ERR6650644	0	0	0	0	0	0	0	0	0	0	0.0579729914063566	0	0	0	0	0	0	0	0	0	0	0	0	0	0	0	0.190969854044469	0	0	0	0	0	0	0	0.0102305278952394	0	0	0	0	0	0	0	0	0	0.187559678079389	0	0.0238712317555586	0	0.0647933433365162	0	0.0716136952666758	0	0	0	0	0	0	0	0	0	0	0	0	0	0	0.017050879825399	0	0	0	0	0	0.017050879825399	0	0.034101759650798	0	0	0	0.139817214568272	0	0	0	0	0.0375119356158778	0	0.228481789660346	0	0	0	0	0	0	0	0	0	0	0	0	0	0.0818442231619152	0	0	0	0	0	0	0	0	0	0	0	0	0.017050879825399	0	0	0	0	0	0	0	0	0	0	0	0	0	0	0	0	0	0	0	0	0	0	0	0	0.085254399126995	0.0136407038603192	0	0	0	0	0	0	0	0	0	0	0	0	0	0	0	0	0	0	0	0	0	0	0	0	0	0	0	0	0	0	0	0	0	0	0	0	0	0	0	0	0	0	0.0784340471968353	0	0.17391897421907	0.0238712317555586	0	0	0	0	0	0	0	0	0	1.24812440321921	0	0	0	0	0	0	0	0.398990587914336	0	0	0.248942845450825	0	0	0	0	0	0	0	0	0	0	0	0	0	0	0	0	0	0	0.068203519301596	0	0	0	0	0	0	0.0272814077206384	0	0.0102305278952394	0	0	0.0068203519301596	0	0	0	0	0	0	0.303505660892102	0	0	0	0	0	0.034101759650798	0	0	0	0	0	0	0.0238712317555586	0.051152639476197	0	0	0	0	0	0	0	0	0	0	0	0	0	0	0	0	0	0	0	0	0	0	0	0	0	0	0	0	0	0	0.0238712317555586	0	0	0	0.0716136952666758	0	0	0	0	0	0	0	0	0	0	0	0	0	0	0	0	0	0	0	0	0	0	0	0	0	0	0	0.051152639476197	0	0	0	0	0	0	0	0	0	0	0	0	0	0	0.051152639476197	0	0	0	0	0	0	0	0	0	0	0	0	0	0	0	0	0	0	0	0	0	0	0	0	0	0	0	0	0	0	0	0	0	0	0	0	0.0204610557904788	0	0	0	0	0	0	0	0	0	87.1231755558587	0	0	0	0	0	0	0.0306915836857182	0	0	0	0	0	0	0.0920747510571546	0	0	0.0136407038603192	0	0	0	0	0	0	0	0	0	0	0	0	0	0.0068203519301596	0.187559678079389	0	0	0.0818442231619152	0	0	0	0	0.115945982812713	0	0	0	0	0	0	0	0.105715454917474	0	0	0	0	0	0	0	0	0	0.017050879825399	0	0	0	0	0	0	0.115945982812713	0	0	0	0.034101759650798	0	0	0	0.0238712317555586	0	0	0	0	0	0	0	0	0	0	0	0	0.0988951029873141	0.0409221115809576	0.208020733869868	0	0	0	0	0	0	0	0.051152639476197	0	0	0	0	0	0.347837948438139	0	0	0	0	0	0	0	0	0	0	0	0.0272814077206384	0	0	0	0	0	0	0.51152639476197	0	0	0.0136407038603192	0	0	0	0	0	0	0	0	0	0.0272814077206384	0	0	0	0	0.0136407038603192	0	0.0613831673714364	0	0	0	0	0	0	0	0	0	0	0	0	0	0	0	0	0	0	0	0	0	0.068203519301596	0	0	0	0	0	0	0	0	0.034101759650798	0	0	0	0	0	0	0.051152639476197	0	0	0	0	0	0	0	0	0.0272814077206384	0	0	0	0	0	0.085254399126995	0.0375119356158778	0	0	0	0	0	0	0	0	0	0	0.112535806847633	0	0	0	0	0	0	0	0	0	0	0	0.119356158777793	0	0	0	0	0.051152639476197	0	0	0	0	0	0.320556540717501	0	0	0	0	0	0	0	0	0	0.017050879825399	0.0102305278952394	0	0	0	0.0272814077206384	0	0	0.204610557904788	0	0	0	0	0	0	0	0	0	0	0	0	0	0	0	0.112535806847633	0.17050879825399	0	0	0	0	0	0	0	0	0	0	0	0	0	0	0	0	0	0.0375119356158778	0	0.753648888282635	0	0	0	0	0	0.300095484927022	0	0	0.201200381939708	0	0	0.0477424635111172	0	0	0	0	0	0	0	0	0	0	0	0	0	0	0	0	0	0	0	0.709316600736598	0	0.0238712317555586	0	0	0	0	0	0.0238712317555586	0.0409221115809576	0	0	0	0	0	0	0	0	0	0	0	0	0	0	0	0	0	0	0	0	0	0	0	0	0	0	0	0	0	0	0	0	0	0.119356158777793	0.068203519301596	0	0	0	0.283044605101623	0	0	0	0	0	0	0	0	0	0	0	0.0068203519301596	0	0	0	0	0	0	0	0	2.39053335152094
ERR6650647	0	0	0	0	0	0	0	0	0	0	0	0	0	0	0	0	0	0	0	0	0	0	0	0	0	0	0	0	0	0	0	0	0	0	0.0193841382365973	0	0	0	0	0	0	0	0	0	0	0	0	0	0	0	0	0	0	0	0	0	0	0	0	0	0	0	0	0	0	0	0	0	0	0	0	0	0	0	0	0	0	0	0	0	0	0	0	0	0	0	0	0	0	0	0	0	0	0	0	0	0	0	0.600908285334515	0	0	0	0	0	0	0	0	0	0	0	0	0	0	0	0	0	0	0	0	0	0	0	0	0	0	0	0	0	0	0	0	0	0	0	0	0	0	0	0	0	0	0	0	0	0	0	0	0	0	0.00276916260522818	0	0	0	0	0	0	0	0	0	0	0.00276916260522818	0	0	0	0	0	0	0	0	0	0	0	0	0	0	0	0	0	0	0	0	0	0	0	0	0	0	0	0	0	0	0.00553832521045636	0	0.00276916260522818	0	0	0	0	0	0	0	0.0581524147097918	0	0	0.204918032786885	0	0	0	0	0	0	0	0	0	0	0	0	0	0	0	0	0	0	0	0	0	0	0	0	0	0	0	0	0	0	0	0	0	0	0	0	0	0.146765618077093	0.0221533008418254	0	0	0	0	0	0	0	0	0	0	0	0	0	0	0	0	0	0	0	0	0	0	0	0	0	0	0	0	0	0	0	0	0	0	0	0	0	0	0	0	0	0	0	0	0	0	0	0	0	0	0	0	0	0	0	0	0	0	0	0	0	0	0	0	0	0	0.149534780682322	0	0	0	0	0	0	0	0	0.00830748781568454	0	0	0	0	0	0	0	0	0	0	0	0	0	0	0	0	0	0	0	0	0	0	0	0	0	0	0	0	0	0	0	0	0	0	0	0	0	0	0	0.0692290651307045	0	0	0	0	0	0	0	0	0	0	0	0	0	0	0	0.0498449268941072	0	0	0	0	0	88.2061364643332	0	0	0	0	0	0	0	0	0	0	0	0	0	0	0	0	0	0	0	0	0	0	0	0	0	0	0	0	0	0	0	0	0	0	0.143996455471865	0	0	0	0	0	0	0	0	0	0	0	0	0	0	0	0	0	0	0	0	0	0	0	0	0	0	0	0	0	0	0	0	0	0	0	0	0	0	0	0	0	0	0	0	0	0	0	0	0	0	0	0	0	0	0	0	0	0	0	0	0	0	0	0	0	0	0.0858440407620736	0.0221533008418254	0	0	0	0	0	0	0	0	0	0	0	0	0	0	0	0	0	0	0	0	0	0	0	0	0	0	0	0	0	0	0	0	0	0	0	0	0	0	0	0	0	0	0	0	0	0	0	0	0	0	0	0	0	0	0	0	0	0	0	0	0	0	0	0	0	0	0	0	0	0	0	0	0	0	0	0	0	0	0	0	0	0	0	0	0	0	0	0	0	0	0	0	0	0	0	0	0	0	0	0	0	0	0	0	0	0	0	0	0	0	0	0.00553832521045636	0	0	0	0	0	0	0	0	0	0	0	0	0	0	0	0	0	0	0	0	0	0	0	0	0	0	0	0	0	0	0	0	0	0	0	0	0	0	0	0.00830748781568454	0	0	0	0	0	0	0	0	0	0	0	0	0	0	0	0	0	0	0.191072219760744	0	0	0	0	0	0	0	0	0	0.0249224634470536	0	0.138458130261409	0	0	0	0.265839610101905	0	0	0	0	0	0	0	0	0	0	0	0	0	0	0	0	0	0	0	0	0	0	0	0	0	0.0526140894993354	0	0	0.0941515285777581	0	0	0	0	0	0	0	0	0	0	0	0	0	0	0	0	0	0	0	0	0	0	0	0	0	0	0	0	0	0	0	0	0	0	0	0	0	0	0	0	0	0	0	0	0.0553832521045636	0	0	0	0	0	0	0	0	0	0	0	0	0	0	0	0	0	0	0	0	9.36253876827647
ERR6650649	0	0	0	0	0	0	0	0	0	0	0	0	0	0	0	0	0	0	0	0	0	0	0	0	0	0	0	0	0	0	0	0	0	0	0	0	0	0	0	0	0	0	0	0	0.106065962927421	0	0	0	0	0	0	0	0	0	0	0	0	0	0	0	0	0	0	0	0	0	0	0	0	0	0	0	0	0.0252538006970049	0	0	0	0.0353553209758069	0	0	0	0	0	0	0.0505076013940098	0.0151522804182029	0	0	0	0	0	0	0	0	0	0	0	0	0.0757614020910147	0	0	0	0	0	0	0	0	0	0	0	0	0	0	0	0	0	0	0	0	0	0	0.0505076013940098	0	0	0	0	0	0	0	0	0	0	0	0	0	0	0	0	0	0	0	0	0	0	0	0	0	0	0	0.0252538006970049	0	0	0	0	0	0	0	0	0	0	0	0	0	0	0	0	0	0	0.242436486691247	0	0	0	0	0	0	0	0	0	0	0	0	0	0	0.010101520278802	0	0.0303045608364059	0	0	0	0	0	0	0	0.126269003485025	0	0	0	0	0	0	0	0.0353553209758069	0	0	0.121218243345624	0	0	0	0	0	0	0	0	0	0	0	0	0	0	0	0	0	0	0.0252538006970049	0	0	0	0	0	0	0	0	0	0	0	0	0	0	0	0	0	0	0.171725844739633	0	0	0	0	0	0	0	0	0	0	0	0	0	0	0	0	0	0	0	0	0	0	0	0	0	0	0	0	0	0	0	0	0	0	0	0	0	0	0	0	0	0	0	0	0.0757614020910147	0	0	0	0.0454568412546088	0	0	0	0	0	0	0	0	0	0	0	0	0	0	0	0	0	0	0	0	0	0	0	0	0	0	0	0	0	0	0	0	0	0	0	0	0	0	0	0	0	0	0.00505076013940098	0	0	0	0	0	0	0	0	0	0	0	0	0	0	0	0	0	0	0	0	0	0	0	0	0	0	0	0	0	0	0	0	0	0	0	0	0	0	0	0	0	0	0	0	0	0	97.0806606394262	0	0	0	0	0	0	0	0	0	0	0	0	0	0	0	0	0	0	0	0	0	0	0	0	0	0	0	0	0	0	0.0252538006970049	0	0	0	0	0	0	0	0	0	0	0	0	0	0	0	0	0.0505076013940098	0	0	0	0.0555583615334108	0	0	0	0	0	0	0	0	0	0	0	0	0	0	0	0	0	0	0	0.0505076013940098	0	0	0	0	0	0	0	0	0	0	0	0	0	0	0	0	0	0	0	0	0	0	0	0	0	0	0	0	0	0.010101520278802	0	0	0	0	0	0	0	0	0	0	0	0	0	0	0	0	0	0	0.0202030405576039	0	0	0	0	0	0	0	0	0	0	0	0	0	0	0	0	0	0	0	0	0	0	0	0	0	0	0	0	0	0	0	0	0	0.0202030405576039	0	0	0	0	0	0	0	0	0	0	0	0	0	0	0	0	0	0	0	0	0	0	0	0.010101520278802	0	0	0	0	0	0	0	0	0	0	0	0	0	0	0	0	0	0	0	0	0	0	0	0	0	0.010101520278802	0	0	0	0	0	0	0	0	0	0	0	0	0.303045608364059	0	0	0	0	0	0	0	0	0	0	0	0	0	0	0	0	0	0	0	0	0	0	0	0	0	0	0	0	0	0	0	0	0	0	0	0	0	0	0	0	0	0	0	0	0	0	0	0	0	0	0	0	0	0	0	0.0252538006970049	0	0	0	0	0	0	0	0	0	0.0151522804182029	0	0	0	0	0	0.0707106419516137	0	0	0	0	0	0.0303045608364059	0	0	0	0	0	0	0	0	0	0	0	0	0	0	0	0	0	0	0	0.146472044042628	0	0	0	0	0	0	0	0	0	0	0	0	0	0	0	0	0	0	0	0	0	0	0	0	0	0	0	0	0	0	0	0	0	0	0	0	0	0	0	0	0	0	0	0	0	0	0	0.454568412546088	0	0	0	0	0	0	0	0	0	0	0	0	0	0	0	0	0	0	0	0	0.348502449618668
ERR6650661	0	0	0	0	0	0	0	0	0	0	0	0	0	0	0	0	0	0	0	0	0	0	0	0	0	0	0	0	0	0	0	0	0	0	0	0	0	0	0	0	0	0	0	0	0.116414435389988	0	0	0	0	0	0.0317493914699968	0	0	0	0	0	0	0	0	0	0	0	0	0	0	0	0	0	0	0	0	0	0	0	0.0264578262249974	0.089956609164991	0	0	0	0	0	0	0	0	0	0.00529156524499947	0	0	0	0	0	0	0	0	0	0	0	0	0.0952481744099905	0	0	0	0	0	0	0	0	0	0	0	0	0.0211662609799979	0	0	0	0	0	0	0	0	0	0	0	0	0	0	0	0	0	0	0	0	0	0	0	0	0	0	0	0	0	0	0	0	0	0	0	0	0	0.0582072176949942	0	0	0	0	0	0	0	0	0	0	0	0	0	0	0	0	0	0	0.179913218329982	0	0	0	0	0.0158746957349984	0	0	0	0	0	0	0	0	0	0	0	0.00529156524499947	0	0	0	0	0	0	0	0	0	0	0	0	0	0	0	0.0158746957349984	0	0	0.126997565879987	0	0	0	0	0	0	0	0	0	0	0	0	0	0	0	0	0	0	0	0	0	0	0	0	0	0	0	0	0	0	0	0	0	0	0	0	0	0.10053973965499	0	0	0	0	0	0	0	0	0	0	0	0	0	0	0	0	0	0	0	0	0	0	0	0	0	0	0	0	0	0	0	0	0	0	0	0	0	0	0	0	0	0	0	0	0	0	0	0	0	0	0	0	0	0	0	0	0	0	0	0	0	0	0	0	0	0	0	0	0	0	0	0	0	0	0	0	0	0	0	0	0	0	0	0	0	0	0	0	0	0	0	0	0	0	0	0	0	0	0	0	0	0	0	0	0	0	0	0	0	0	0	0	0	0	0	0	0	0	0	0	0	0	0	0	0	0	0	0	0	0	0	0	0	0	0	0	0	0	97.4282992909303	0	0	0	0	0	0	0	0	0	0	0	0	0	0	0	0	0	0	0	0	0	0	0	0	0	0	0	0	0	0	0	0.0211662609799979	0	0	0	0	0	0	0	0	0	0	0	0	0	0	0	0.0740819134299926	0	0	0	0.0529156524499947	0	0	0	0	0	0	0	0	0	0	0	0	0	0	0	0	0	0	0	0	0	0	0	0	0	0	0	0	0	0	0	0	0	0	0	0	0	0	0	0	0	0	0	0	0	0	0	0	0	0.185204783574981	0	0	0	0	0	0	0	0	0	0	0	0	0	0	0	0	0	0	0	0	0	0	0	0	0	0	0	0	0	0	0	0	0	0	0	0	0	0	0	0	0	0	0	0	0	0	0	0	0	0	0	0	0	0	0	0	0	0	0	0	0	0	0	0	0	0	0	0	0	0	0	0	0	0	0	0	0	0	0	0	0	0	0	0	0	0	0	0	0	0	0.0476240872049952	0	0	0	0	0	0	0	0	0	0	0	0	0.0370409567149963	0	0	0	0	0	0	0	0	0	0	0	0.375701132394962	0	0	0	0	0	0	0	0	0	0	0	0	0	0	0	0	0	0	0	0	0	0	0	0	0	0	0	0	0	0	0	0	0	0	0	0	0	0	0	0	0	0	0	0	0	0	0	0	0	0	0	0	0	0	0	0.0370409567149963	0	0	0	0	0	0	0	0	0	0.0264578262249974	0	0	0	0	0	0.0264578262249974	0	0	0	0	0	0	0	0	0	0	0	0	0	0	0	0	0	0	0	0	0	0	0	0	0	0.169330087839983	0	0	0	0	0	0	0	0	0	0	0	0	0	0	0	0	0.0846650439199915	0	0	0	0	0	0	0	0	0	0	0	0	0	0	0	0	0	0	0	0	0	0	0	0	0	0	0	0	0	0	0.105831304899989	0	0	0	0	0	0	0	0	0	0	0	0	0	0	0	0	0	0	0	0	0.439199915334956
ERR6650671	0	0	0	0	0	0	0	0	0	0	0	0	0	0.0707388674707318	0	0	0	0	0	0	0	0	0	0	0	0	0	0	0	0	0	0	0	0	0.318324903618293	0	0	0	0	0	0	0	0	0	0	0	0	0	0	0	0.286492413256464	0	0	0	0	0	0	0	0	0	0	0	0	0	0	0	0	0	0	0	0	0	0	0.106108301206098	0	0	0	0.93375305061366	0	0	0	0	0	0	0	0	0	0	0	0	0	0.374915997594878	0	0	0	0	0	0	0.558837053018781	0	0	0	0	0	0	0	0	0	0	0	0	0	0	0	0	0	0	0	0	0	0	0	0	0	0	0	0	0	0	0	0	0	0	0	0	2.52891451207866	0	0.0495172072295123	0	0	0.304177130124147	0	0	0	0	0	0	0	0	0	0	0	0	0	0	0	0	0	0	0	0	0	0	0	0	0	0	0	0	0	0	0	0	0	0	0	0	0	0	0	0	0	0	0	0	0	0	0	0	0	0.226364375906342	0	0	0.965585540975489	0	0	0	0	0	0	0	0.760442825310367	0	0	0.562373996392318	0	0	0	0	0	0	0	0	0	0	0	0	0	0	0	0	0	0	0.00353694337353659	0	0	0	0	0	0	0	0	0	0	0	0	0	0	0	0	0	0	0.198068828918049	0	0	0	0	0	0	0	0	0	0	0	0	0	0	0	0	0	0	0	0	0	0	0	0	0	0	0	0	0	0	0	0	0	0	0	0	0	0	0	0	0	0	0	0	0	0	0	0	0	0	0	0	0	0	0	0	0	0	0	0	0	0	0	0	0	0	0	0	0	0.346620450606586	0	0	0	0	0	0	0	0	0	0	0	0	0	0	0	0	0	0	0	0	0	0.367842110847805	0	0	0	0	0	0	0	0	0	0	0	0	0	0	0	0.0707388674707318	0	0	0	0	0	0	0	0	0	0	0	0	0	0	0	0	0	0	0	0	0	0	0	0	0	0	0	0	0	0	81.873165210625	0	0	0	0	0	0	0	0	0	0	0	0	0	0	0	0	0	0	0	0	0	0	0	0	0	0	0	0	0	0	0	0	0	0	0	0	0	0	0	0	0	0	0	0	0	0	0	0	0	0	0	0	0	0	0.229901319279878	0	0	0	0	0	0	0	0	0	0	0	0	0	0	0	0	0.703851731333781	0	0	0	0	0	0	0	0	0	0	0	0	0	0	0	0	0	0	0	0	0	0	0	0.0707388674707318	0	0	0	0.0530541506030488	0	1.65175255544159	0.442117921692074	0	0	0	0	0	0	0	0	0	0	0	0	0	0	0	0	0	0	0	0	0	0	0	0	0	0	0	0	0	0	0	0	0	0	0	0	0	0	0	0	0	0	0	0	0	0	0	0	0	0	0	0	0	0	0	0	0	0	0	0	0	0	0	0	0	0	0	0	0	0	0	0	0	0	0	0	0	0	0	0	0	0	0	0	0	0	0	0	0	0	0	0	0	0	0	0	0	0	0	0	0	0.0636649807236586	0	0	0	0	0	0	0	0	0	0	0	0	0.721536448201464	0	0	0	0	0	0	0	0	0	0	0.297103243377074	0	0	0	0	0	0	0	0	0	0	0	0	0	0	0	0	0	0	0	0	0	0	0	0	0	0	0	0	0	0	0	0	0	0	0	0	0	0	0	0	0	0	0	0	0	0	0	0	0	0	0	0	0	0	3.11958405545927	0	0	0	0	0	0.240512149400488	0	0	0	0	0	0	0	0	0	0	0	0	0	0	0	0	0	0	0	0	0	0	0	0	0	0.215753545785732	0	0	0	0	0	0	0	0	0	0	0	0	0.0565910939765854	0	0	0	0	0	0	0	0	0	0	0	0	0	0	0	0	0	0	0	0	0	0	0	0	0	0	0	0	0	0	0	0	0	0	0.371379054221342	0	0	0	0	0	0	0	0	0	0	0	0	0	0	0	0	0	0	0	0	0.855940296395855
ERR6650679	0	0	0	0	0	0	0	0	0	0	0	0	0	0	0	0	0	0	0	0.489587270730961	0	0	0	0	0	0	0	0	0	0	0	0	0	0	0	0	0	0	0	0	0	0	0	0	0.156595928505859	0	0	0	0	0	0.354590780639703	0	0	0	0	0	0	0	0	0	0	0	0	0	0	0	0	0	0	0	0	0	0	0.435588674694458	0	0.282592652591033	0	0	0	0	0	0	0	0	0.118796911280307	0	0	0	0	0	0	0	0	0	0	0	0	0	1.36256457332109	0	0	0	0	0	0	0	0	0	0	0	0	0	0	0	0	0	0	0	0	0	0	0	0	0	0	0	0.120596864481523	0	0.0161995788109509	0	0	0	0	0	0	0	0	0.0377990172255521	0	0	0	0	0	0	0	0	0	0	0	0	0	0	0	0	0.0197994852133845	0	0	0	0	0	0	0	0	0	0	0	0	0	0.181795273322894	0	0	0	0	0	0.525586334755296	0	0	0.109797145274223	0	0	0	0	0	0.00719981280486707	0	0.167395647713159	0	0	0	0	0.0269992980182515	0	0	0.962974962650971	0	0	0	0	0	0	0	0.390589844664039	0	0	0.140396349694908	0	0	0	0	0	0	0	0	0	0	0	0	0	0	0	0	0	0	0	0	0	0	0	0	0	0	0	0	0	0	0	0	0	0	0	0	0	0.152996022103425	0	0	0	0	0	0	0	0	0.00179995320121677	0	0	0	0	0	0	0	0	0	0	0	0	0	0	0	0	0	0	0	0	0	0	0	0	0	0	0	0	0	0	0	0	0	0	0	0	0	0	0	0	0.0395989704267689	0	0	0	0	0	0	0	0	0	0	0	0	0	0	0	0	0	0.298792231401984	0	0	0	0	0	0	0	0	0.00179995320121677	0	0	0	0	0	0	0	0	0	0	0	0	0	0	0	0	0	0	0	0	0	0	0.800979174541462	0	0	0	0	0	0	0	0	0	0	0	0	0	0	0	0	0	0	0	0	0	0	0	0	0	0	0	0	0	0.0359990640243354	0	0	0	0	0	0	0	0	80.4489083283835	0	0.0341991108231186	0	0	0	0	0	0	0	0	0	0	0	0	0	0	0.00899976600608384	0	0.0125996724085174	0	0	0	0	0	0	0.136796443292474	0	0	0	0	0	0	0	0	0.046798783231636	0	0	0	0	0	0	0	0	0	0	0	0	0	0	0.0881977068596217	0	0.0431988768292024	0	0	0.0341991108231186	0	0	0	0	0	0	0	0	0	0.0287992512194683	0	0	0	0	0	0	0	0	0	0	0	0	0	0	0	0	0	0.453588206706626	0	0	0	0	0.131396583688824	0	0	0	0	0	0	0	0	0	0	0	0	0	3.01852151844052	0	0	0	0	0	0	0	0	0	0	0	0	0	0	0	0	0	0	0.480587504724877	0	0	0	0	0	0	0	0	0	0	0	0	0	0	0	0	0	0	0	0	0	0	0	0	0	0	0	0	0	0	0	0	0	0	0	0	0	0	0	0	0	0	0	0	0	0	0	0	0	0	0.0395989704267689	0	0	0	0	0	0	0	0	0	0	0	0	0	0	0	0	0	0	0	0	0	0	0	0	0	0	0	0	0	0	0	0	0.0287992512194683	0.0827978472559713	0	0	0	0	0	0	0.201594758536278	0	0	0	0	1.56055942545494	0	0	0	0	0	0	0	0	0	0	0.347390967834836	0	0	0	0	0	0	0	0	0	0	0	0	0	0	0	0	0	0	0	0	0	0	0	0	0	0.0287992512194683	0	0	0	0	0	0	0	0	0	0	0	0	0	0	0	0	0	0	0.0161995788109509	0	0	0	0	0	0	0	0	0	1.95654912972263	0	0	0	0	0	0.133196536890041	0	0.0449988300304192	0.0197994852133845	0	0	0	0	0	0	0	0	0	0	0	0	0	0	0	0	0	0	0	0	0	0	0.385189985060388	0	0	0	0	0	0	0	0	0	0	0	0	0	0	0	0	0.547185773169898	0	0	0	0	0	0	0	0	0	0	0	0	0	0	0	0	0	0	0	0	0	0	0	0	0	0.0107997192073006	0	0	0	0	0.896376694205951	0.0143996256097341	0.120596864481523	0	0	0	0	0	0	0	0	0	0.0413989236279857	0	0	0	0	0	0	0	0	1.31756574329067
ERR6650680	0	0	0	0	0	0	0	0	0	0	0	0	0	0	0	0	0	0	0	0	0	0	0	0	0	0	0	0	0	0	0	0	0	0	0	0	0	0	0	0	0	0	0	0	3.86513441695138	0	0	0	0	0	0.0724712703178383	0	0	0	0	0	0	0	0	0	0	0	0	0	0	0	0	0	0	0	0	0	0	0	0	0	0	0	0.196707733719847	0	0	0.0448631673396142	0	0	0	0	0	0	0	0	0	0	0	0	0	0	0	0	5.84946681851123	0	0	0	0	0	0	0	0	0	0	0	0	0	0	0	0	0	0	0	0	0	0	0	0	0	0	0	0	0	0	0	0	0	0	0	0	0	0	0.0310591158505021	0	0	0	0	0	0	0	0	0	0	0	0	0	0	0	0	0	0	0	0	0	0	0	0	0	0	0	0	0	0	0	0	0	0	0	0	0	0	0	0	0	0	0	0	0	0	0	0	0	0	0	0	0	0	0	0.552162059564482	0	0	0	0	0	0	0	0.414121544673362	0	0	0	0	0	0	0	0	0	0	0	0	0	0	0	0	0	0	0	0	0	0	0	0	0	0	0	0	0	0	0	0	0	0	0	0	0	0	0	0	0.00345101287227801	0	0	0	0	0	0	0	0	0	0	0	0	0	0	0	0	0	0	0	0	0	0	0	0	0	0	0	0	0	0	0	0	0	0	0	0	0	0	0	0	0	0	0	0	0	0	0	0	0	0	0	0	0	0	0	0	0	0	0	0	0	0	0	0	0	0	0	0	0	0	0	0	0	0	0	0	0.669496497221935	0	0	0	0	0	0	0	0	0	0	0	0	0	0	0	0	0	0	0	0	0	0	0	0	0	0	0	0	0	0	0	0	0	0	0	0	0	0	0	0	0	0	0	0	0	0	0	0	0	0	0	0	0	0	0	0	0	0	0	0	0	73.672222797391	0	0	0	0	0	0	0	0	0	0	0	0	0	0	0	0	0.786830934879387	0	0	0	0	0	0	0	0	0	0	0	0	0	0	0	0	0.182903682230735	0	0	0	0	0	0	0	0	0	0	0	0	0	0	0	0	0	0.445180660523864	0	0	0	0	0	0	0	0	0	0	0	0	0	0	0	0	0	0	0	0.828243089346723	0	0	0	0	0	0	0	0	0	0	0	0	0	0	0	0	0	0	0	0	0	0	0	0	0	0	0	0	0	5.55267971149532	0	0	0	0	0	0	0	0	0	0	0	0	0	0	0	0	0	0	0	0	0	0	0	0	0	0	0	0	0	0	0	0	0	0	0	0	0	0	0	0	0	0	0	0	0	0	0	0	0	0	0	0	0	0	0	0	0	0	0	0	0	0	0	0	0	0	0	0	0	0	0	0	0	0	0	0	0	0	0	0	0	0	0	0	0	0	0	0	0	0	0	0	0	0	0	0	0	0	0	0	0	0	0	0	0	0	0	0	0	0	0	0	0	0	0	2.02919556889947	0	0	0	0	0	0	0	0	0	0	0.0207060772336681	0	0	0	0	0	0	0	0	0	0.393415467439694	0	0	0	0	0	0	0	0	0	0	0	0	0	0	0	0	0	0	0	0	0	0	0	0	0	0	1.0042447458329	0	0	0	0	0	0	0	0	0	0	0	0	0	0	0	0	0	0.131138489146565	0	0	0	0	0	0	0	0	0	0	0	0	0	0	0	0	0	0	0	0	0	0	0	0	0	0	0	0	0	0	0	0.38306242882286	0	0	0	0	0	0	0	0	0	0	0	0	0	0	0	0	0	0	0	0	0	0	0	0	0	0	0	0	0	0	0	0	0	0	0	0	0	0	0	0	0	0	0.0862753218069503	0	0.845498153708113	0	0	1.19750146668047	0.327846222866411	0	0	0	0	0	0	0	0	0	0	0	0	0	0	0	0	0	0	0	0.414121544673362
ERR6650690	0	0	0	0	0	0	0	0	0	0	0	0	0	0	0	0	0	0	0	0	0	0	0	0.0257895572131408	0	0	0	0	0	0	0	0	0	0	0	0	0	0	0	0	0	0	0	0	0.0753848595461038	0	0	0	0	0	1.0494365973655	0	0	0	0	0	0	0	0	0	0	0	0	0	0	0	0	0	0	0	0	0	0	0	0	0	0	0.0158704967465482	0	0	0	0	0	0	0.0119028725599111	0.0297571813997778	0	0	0	0	0	0	0	0	0	0	0	0.00991906046659261	0.00991906046659261	0	0	0	0	0	0.0218219330265037	0	0	0	0	0	0	0	0	0	0	0	0	0	0	0	0	0	0	0	0	0	0	0	0	0	0	0	0	0	0	0.0257895572131408	0	0	0	0	0	0	0	0	0	0	0	0	0	0.0158704967465482	0	0	0	0	0.00595143627995556	0	0	0	0	0	0	0	0	0	0	0	0	0	0	0	0	0	0	0	0	0	0	0	0	0	0	0	0	0.0337248055864149	0	0.00198381209331852	0	0	0	0	0.00198381209331852	0	0	0	0	0	0	0	0	0	0	0.0476114902396445	0.0357086176797334	0	0.0158704967465482	0	0	0	0	0	0	0	0	0	0	0	0	0	0	0	0	0	0	0	0	0	0	0	0	0	0	0	0	0	0	0	0	0	0	0	0	0	0.0317409934930963	0	0	0	0	0	0	0	0	0	0	0	0	0	0	0	0	0	0	0	0	0	0	0	0	0	0	0	0	0	0	0	0	0	0	0	0	0	0	0	0	0	0	0	0	0.0416600539596889	0.0198381209331852	0	0	0	0	0	0	0	0	0	0	0	0	0	0	0	0	0	0	0	0	0	0	0	0	0	0	0	0	0	0	0.0238057451198223	0	0	0.0238057451198223	0	0	0	0	0	0	0	0	0	0	0	0	0	0	0	0	0	0	0	0	0	0	0	0	0	0	0	0	0	0	0	0	0	0	0.0178543088398667	0	0	0	0	0	0	0	0	0	0	0	0	0	0	0	0	0	0	0	0	0	0	0	94.1100618949373	0	0	0	0	0	0	0	0	0	0	0	0	0	0	0	0	0	0	0	0.00793524837327408	0	0	0	0	0	0	0	0	0	0	0	0.0257895572131408	0	0	0	0	0	0	0	0	0	0	0	0	0	0	0	0	0	0	0	0.095222980479289	0	0	0.0337248055864149	0	0	0	0	0	0	0	0	0.0158704967465482	0.00991906046659261	0	0	0	0	0	0.0158704967465482	0	0	0	0	0	0	0	0	0	0	0	0	0	0	0.0119028725599111	0	0	0	0	0	0	0	0	0	0	0	0	0	0	0	1.3172512299635	0	0	0	0	0	0	0	0	0	0	0	0	0	0	0	1.36486272020314	0	0	0.0575305507062371	0	0	0	0	0	0	0	0	0	0	0	0	0	0	0	0	0	0	0	0	0	0	0	0	0	0.00396762418663704	0	0	0	0	0	0	0	0.101174416759245	0	0	0	0	0	0	0	0	0	0	0	0	0	0	0	0	0.0119028725599111	0	0	0	0	0	0	0	0	0	0	0	0	0	0	0	0	0	0	0	0	0	0	0	0	0	0	0	0	0	0	0	0	0	0.0337248055864149	0	0	0	0	0	0	0	0	0	0	0.00198381209331852	0	0	0	0	0	0	0	0	0	0	0	0.00595143627995556	0	0	0	0	0	0	0	0	0	0	0.0376924297730519	0	0	0	0	0	0	0	0	0	0	0	0	0	0	0	0	0	0	0	0	0	0	0.0257895572131408	0	0	0	0	0	0	0	0	0	0	0.0932391683859705	0	0	0	0	0	0	0	0	0	0	0	0	0	0	0	0	0	0	0.109109665132519	0	0	0	0	0	0	0	0	0	0.0317409934930963	0	0	0	0	0	0	0	0	0	0	0	0	0	0	0	0	0	0	0	0	0	0	0	0	0	0	0	0	0	0	0	0	0	0	0	0	0	0	0	0	0	0	0	0.0138866846532296	0	0	0	0	0	0	0	0	0	0	0	0	0.0178543088398667	0	0	0	0.464212029836534	0	0	0	0	0	0	0	0	0	0	0	0.00793524837327408	0	0	0	0	0	0	0	0	0.380891921917156
ERR6650693	0	0	0	0	0	0	0	0	0	0	0	0	0	0.0241896468311563	0	0	0	0	0	0	0	0	0	0	0	0	0	0	0	0	0	0	0.0276453106641786	0	0	0.107125578823692	0	0	0	0	0	0	0	0	0	0	0	0	0	0.0725689404934688	0.176238855484139	0	0	0	0	0	0	0	0	0	0	0	0	0	0	0	0	0	0	0	0	0	0	0	0	0	0	0	0	0	0	0	0	0	0	0	0	0	0	0	0	0	0	0	0	0	0	0	0.262630451309697	0	0	0	0	0	0	0	0	0	0	0	0	0	0	0	0	0	0	0	0	0	0	0	0	0	0	0	0	0	0	0	0	0	0	0	0	0	0	0	0	0	0	0	0	0	0	0	0	0	0	0	0	0	0	0	0	0	0	0	0	0	0	0	0	0	0	0	0	0	0	0	0	0	0	0	0	0	0	0.0311009744972009	0	0	0	0	0	0	0	0	0	0	0	0	0	0	0	0.0933029234916027	0	0	0	0	0	0	0	0	0	0	0.145137880986938	0	0	0	0	0	0	0	0	0	0	0	0	0	0	0	0	0	0	0	0	0	0	0	0	0	0	0	0	0	0	0	0	0	0	0	0	0	0.0380123021632456	0	0	0	0	0	0	0	0	0	0	0	0	0	0	0	0	0	0	0	0	0	0	0	0	0	0	0	0	0	0	0	0	0	0	0	0	0	0	0	0	0	0	0	0	0	0	0	0	0	0	0	0	0	0	0	0	0	0	0	0	0	0	0	0	0	0.00691132766604465	0	0.172783191651116	0	0	0	0	0	0	0	0	0	0	0	0	0	0	0	0	0	0	0	0	0	0	0	0	0	0	0	0	0	0	0	0	0	0	0	0	0	0	0	0	0	0	0	0	0	0	0.0587462851613795	0	0	0	0	0	0	0.0207339829981339	0	0	0	0	0	0	0	0	0	0	0	0.0311009744972009	0	0	0	0	97.2527472527473	0	0	0	0	0	0	0	0	0	0	0	0	0	0	0	0	0.107125578823692	0	0	0	0	0	0	0	0	0	0	0	0	0	0	0	0	0	0	0	0	0	0	0	0	0	0	0	0	0	0	0	0	0	0	0	0	0	0	0	0	0	0	0	0	0	0	0	0	0	0	0	0	0	0	0	0	0	0	0	0	0	0	0	0	0	0	0	0	0	0	0	0	0	0	0	0	0	0	0.00345566383302232	0	0	0	0	0	0.0829359319925358	0	0	0	0	0	0	0	0	0	0	0	0	0	0	0	0	0	0	0.0587462851613795	0	0	0	0	0	0	0	0	0	0	0	0	0	0	0	0	0	0.00691132766604465	0	0	0	0	0	0	0	0	0	0	0	0	0	0	0	0	0	0	0	0	0	0	0	0	0	0	0	0	0	0	0	0	0	0	0	0	0	0	0	0	0	0	0	0	0	0	0	0	0	0	0	0	0	0	0	0	0	0	0	0	0	0	0	0	0	0	0.00345566383302232	0	0	0	0	0.0172783191651116	0	0	0	0	0	0	0	0	0	0	0	0	0	0	0	0	0	0.933029234916027	0	0	0	0	0	0	0	0	0	0	0	0	0	0	0	0	0	0	0	0	0	0	0	0	0	0	0	0	0	0	0	0	0	0.0207339829981339	0	0	0	0	0	0	0	0	0	0	0.0449236298292902	0	0	0	0	0	0	0	0.0449236298292902	0	0	0	0	0	0.00691132766604465	0	0.0794802681595135	0	0	0	0	0	0	0	0	0	0	0	0	0	0	0	0	0	0	0	0	0	0	0	0	0	0	0	0	0	0	0	0	0	0	0	0	0	0	0	0	0	0	0	0	0	0	0	0	0	0	0	0	0	0	0	0	0	0	0	0	0	0	0	0	0	0	0	0	0	0	0	0	0	0	0	0	0	0	0	0	0	0	0	0.0449236298292902	0	0	0	0	0	0	0	0	0	0	0.0241896468311563
ERR6650694	0	0	0	0	0	0	0	0	0	0	0	0	0	0	0	0	0	0	0	0	0	0	0	0	0	0	0	0	0	0	0	0	0	0	0	0	0	0	0	0	0.0130386596257905	0	0	0	2.71204120216442	0	0	0	0	0	4.21800638894322	0	0	0	0	0	0	0.0260773192515809	0	0	0	0.0391159788773714	0	0	0	0	0	0	0	0	0	0	0	0.156463915509486	0	0	0	0.710606949605581	0	0	0	0	0	0	0.0651932981289523	0.195579894386857	0	0	0	0	0	0	0	0.0586739683160571	0	0	0	0	0	0	0	0	0	0	0.1369059260708	0	0	0	0	0	0	0	0	0	0	0	0	0	0	0	0	0	0.117347936632114	0	0	0	0	0	0	0	0	0	0	0	0	0	0	0.0130386596257905	0	0	0	0.0325966490644762	0	0	0	0	0	0	0	0.339005150270552	0	0	0.162983245322381	0	0	0	0	0	0	0	0.0456353086902666	0	0	0	0	0	0	0	0	0	0	0	0	0	0	0	0	0	0	0	0	0	0	0.123867266445009	0	0	0	0	0	0	0	0	0	0.130386596257905	0	0	0	0	0	0	0	0.0195579894386857	0	0	0.208618554012648	0	0	0	0	0	0	0	0	0	0	0	0	0	0	0	0	0	0	0	0	0	0	0	0	0	0.345524480083447	0	0	0	0	0	0	0	0	0	0	0	1.49292652715301	0	0	0	0	0	0	0	0	0	0	0	0	0	0	0	0	0	0	0	0	0	0	0	0	0	0	0	0.0195579894386857	0.0456353086902666	0	0	0	0.130386596257905	0	0	0	0	0	0	0	0	0	0	0	0.580220353347676	0	0	0	0	0	0	0	1.0952474085664	0	0	0	0	0	0	0	0	0	0	0	0	0.241215203077124	0	0.0521546385031619	0	0	0	0	0	0	0.0260773192515809	0	0.0391159788773714	0	0	0	0	0	0	0	0	0	0	0	0	0	0	0	0	0	0	0	0	0	0	0	0	0	0	0	0	0	0	0	0	0	0	0	0	0	0.0782319577547428	0	0	0	0	0	0	0	0	0	0	0	0	0	0	0	0	0	0	0	0	0	0	0	65.2454527674555	0	0	0	0	0	0	0	0	0	0	0	0	0	0	0	0	0.0651932981289523	0	0	0	0	0	0	0	0	0	0	0	0	0	0	0	0	0	0	0	0	0	0	0	0	0	0	0	0	0	0	0.247734532890019	0	0	0	0	0	0	0	0	0	0	0	0	0	0	0	0	0.182541234761067	0	0	0	0	0	0	0	0	0	0	0	0.117347936632114	0	0	0	0	0	0	0.0977899471934285	0	0	0	0	0	0	0	0	0	0	0	0	0	0	0	0	0	0.260773192515809	0.280331181954495	0	0	0	0	0	0	0	0	0	0	0	0	0	0	0.0325966490644762	0	0	0.475911076341352	0	0	0	0	0	0	0	0	0.117347936632114	0	0	0	0	0	0	0	0	0	0	0.202099224199752	0	0	0	0	0	0	0	0	0	0	0	0	0.0782319577547428	0	0	0	0	0	0	0	0	0	0	0	0	0	0	0	0	0	0	0	0	0	0	0	0	0	0	0	0	0	0	0	0	0	0	0	0	0	0	0	0	0	0	0	0	0	0	0	0	0	0	0	0.0325966490644762	0	0	0	0	0	0	0.0325966490644762	0	0	0	0	0	0	0	0	0	0	0	0	0	0	0	5.41104374470304	0	0	0	0	0	0	0	0	0	0	0	0	0	0	0	0	0	0	0	0	0	0	0	0	0	0	0	0.14994458569659	0	0	0	0	0	0	0	0	0	0	0	0	0	0	0	0	0.221657213638438	0	0	0	0	0	0	0	0.215137883825543	0	0.449833757089771	0	0	0	7.67325118977769	0	1.06917008931482	0.0782319577547428	0	0.0325966490644762	0.169502575135276	0	0	0	0	0	0	0	0.130386596257905	0	0	0	0	0	0	0	0	0	0	0	0	0	0.925744833431123	0	0	0.0782319577547428	0	0	0	0	0	0	0	0	0	0.0782319577547428	0	0	0	0	0	0	0	0	0	0	0	0	0	0	0	0	0	0	0	0	0	0	0	0	0	0	0	0	0	0.0195579894386857	0	0	0	0	0.14994458569659	0	0	0	0	0	0	0	0	0	0	0	0.312927831018971	0	0	0	0	0	0	0	0	1.69502575135276
ERR6650698	0	0	0	0	0	0	0	0	0	0	0	0	0	0	0	0	0	0	0	0	0	0	0	0	0	0	0	0	0	0	0	0	0	0	0.022927015666794	0	0	0	0	0	0	0	0	0	0	0	0	0	0	0	0	0	0	0	0	0	0	0	0	0	0	0	0	0	0	0	0	0	0	0	0	0	0	0.0917080626671762	0	0	0	0	0	0	0	0	0	0	0	0	0	0	0	0	0	0	0	0	0	0	0.0420328620557891	0	0	0	0	0	0	0	0	0	0	0	0	0	0	0	0	0	0	0	0	0	0	0	0	0	0	0	0	0	0	0	0	0	0	0	0	0	0	0	0	0	0	0	0	0	0	0	0	0	0	0	0	0	0	0	0	0	0	0	0	0	0	0	0	0	0	0	0	0	0	0	0	0	0	0	0	0	0	0	0	0	0	0	0	0	0	0	0	0	0	0	0	0	0	0	0	0.0687810470003821	0	0	0	0	0	0	0	0	0	0	0	0	0	0	0	0	0	0	0	0	0	0	0	0	0	0	0	0	0	0	0	0	0	0	0	0	0	0	0.0917080626671762	0	0	0	0	0	0	0	0	0	0	0	0	0	0	0	0	0	0	0	0	0	0	0	0	0	0	0	0	0	0	0.0993504012227742	0	0	0	0	0	0	0	0	0	0	0	0	0	0	0	0	0	0	0	0	0	0	0	0	0	0	0	0	0	0	0	0	0	0	0	0	0	0	0	0	0	0	0	0	0	0	0	0	0	0	0.0726022162781811	0.0649598777225831	0	0	0	0	0	0	0	0	0	0	0	0	0	0	0	0	0	0	0	0	0	0	0	0	0	0	0	0	0	0	0	0	0	0	0	0	0	0	0	0	0	0	0	0	0	0	0	0	0	0	0	0	0	0	0	0	0	0	0	0	0	0	0	0	0	97.2869698127627	0	0	0	0	0	0	0	0	0	0	0	0	0	0	0	0	0	0	0	0	0	0	0	0	0	0	0	0	0	0	0	0	0	0	0.030569354222392	0	0	0	0	0	0	0	0	0	0	0	0	0	0	0	0	0	0	0	0	0	0	0	0	0	0	0	0	0	0	0	0	0	0	0	0	0	0	0	0	0.0687810470003821	0	0	0	0	0	0	0	0	0	0	0	0	0	0	0	0	0	0	0	0.0496752006113871	0	0	0	0	0	0	0	0	0	0	0	0	0	0	0	0	0	0	0	0	0	0	0	0	0	0	0	0	0	0	0	0	0	0.026748184944593	0	0	0	0	0	0	0	0	0	0	0	0	0	0	0	0	0	0	0	0	0	0	0	0	0	0	0	0	0	0	0	0	0	0	0	0	0	0	0	0	0	0	0	0	0	0	0	0	0	0	0	0	0	0	0	0	0	0	0	0	0	0	0	0	0	0	0	0	0	0	0	0	0	0	0	0.0343905235001911	0	0	0	0	0	0	0	0	0.401222774168896	0	0	0	0	0	0	0	0	0	0	0	0	0	0.840657241115781	0	0	0	0	0	0	0	0	0	0	0	0	0	0	0	0	0	0	0	0	0	0	0	0	0	0	0	0	0	0	0	0	0	0	0	0	0	0	0	0	0	0	0	0	0	0	0	0	0	0	0	0	0	0	0	0	0	0	0	0	0	0	0	0	0	0	0	0	0	0	0	0	0	0	0	0	0	0	0	0	0	0	0	0	0	0	0.450897974780283	0	0	0.022927015666794	0	0	0	0	0	0	0	0	0	0	0	0	0	0	0	0	0	0	0	0	0	0	0	0	0	0	0	0	0	0	0	0	0	0	0	0	0	0	0	0	0	0	0	0	0	0	0	0	0	0	0.225448987390141	0	0	0	0	0	0	0	0	0	0	0	0	0	0	0.00764233855559801
ERR6650707	0	0	0	0	0	0	0	0	0	0	0	0	0	0.0147514382652309	0	0	0	0	0	0	0	0	0	0	0	0	0	0	0	0	0	0	0	0	0	0	0	0	0	0	0	0	0	0	0.0147514382652309	0	0	0	0	0	0.0221271573978463	0	0	0	0	0	0	0	0	0	0	0	0	0	0	0	0	0	0	0	0	0	0	0	0	0	0	0	0	0	0	0.390913114028618	0	0	0	0	0	0	0	0	0	0	0	0	0	0	0	0	0	0	0	0	0	0	0	0	0	0	0	0	0	0.0368785956630771	0	0	0	0	0	0	0	0	0	0	0	0	0	0	0	0	0	0	0	0	0	0	0	0	0	0.0147514382652309	0	0	0	0	0	0	0	0	0	0	0	0	0	0	0	0	0	0	0	0	0	0	0	0	0	0	0	0	0	0	0	0	0	0	0	0	0	0	0	0	0	0	0	0	0	0	0	0	0	0	0	0	0	0	0	0	0	0	0	0	0	0	0	0	0	0	0	0	0	0	0	0	0	0	0	0	0	0	0	0	0	0	0	0	0	0	0	0	0	0	0	0	0	0	0	0	0	0	0	0	0	0	0	0	0.00737571913261543	0	0	0	0	0	0	0	0	0	0	0	0	0	0	0	0	0	0	0	0	0	0	0	0	0	0	0	0	0	0	0	0	0	0	0	0	0	0	0	0	0	0	0	0	0.00737571913261543	0	0	0	0	0	0	0	0	0	0	0	0	0	0	0	0	0	0	0	0	0	0	0	0	0	0	0	0.361410237498156	0	0	0	0	0	0	0	0	0	0	0	0	0	0	0	0	0	0	0	0	0	0	0	0.0737571913261543	0	0	0	0	0	0	0	0	0	0	0	0	0	0	0	0	0	0	0	0	0	0	0	0	0	0	0	0	0	0	0	0	0	0	0	0	0.0221271573978463	0	0	0	0	98.0159315533265	0	0	0	0	0	0	0	0	0	0	0	0	0	0	0	0	0.051630033928308	0	0	0	0	0	0	0	0	0	0	0	0	0	0	0	0	0	0	0	0	0	0	0	0	0	0	0	0	0	0	0	0	0	0	0	0	0	0	0	0	0	0	0	0	0	0	0	0	0	0	0	0	0	0	0	0	0	0	0	0	0	0	0	0	0	0	0	0	0.0885086295913852	0	0	0	0	0	0	0	0	0	0	0	0	0	0	0	0.472046024487388	0.0368785956630771	0	0	0	0	0	0	0	0	0	0	0	0	0	0	0	0	0	0	0	0	0	0	0	0	0	0	0.00737571913261543	0	0	0	0	0	0	0	0	0	0	0	0	0	0	0	0	0	0	0	0	0	0	0	0	0	0	0	0	0	0	0	0	0	0	0	0	0	0	0	0	0	0	0	0	0	0	0	0	0	0	0	0	0	0	0	0	0	0	0	0	0	0	0	0	0	0	0	0	0	0	0	0	0	0	0	0	0	0	0	0	0	0	0	0	0	0	0	0	0	0	0	0	0	0	0	0	0	0	0.0221271573978463	0	0	0	0	0	0	0	0	0	0	0	0	0	0	0	0	0	0	0	0	0	0	0	0	0	0	0	0	0	0	0	0	0	0	0	0	0	0	0	0	0	0	0	0	0.0221271573978463	0	0	0	0	0	0	0	0.272901607906771	0	0	0	0	0	0	0	0	0	0	0	0	0	0	0	0	0	0	0	0	0	0	0	0	0	0	0	0	0	0	0	0	0	0	0	0	0	0	0	0	0	0	0	0	0	0	0	0	0	0	0	0	0	0	0	0	0	0	0	0	0	0	0	0	0	0	0	0	0	0	0	0	0	0	0	0	0	0	0	0	0	0	0	0	0	0	0	0	0	0	0	0	0	0	0	0	0	0	0	0	0	0	0.0442543147956926
ERR6650708	0	0	0	0	0	0	0	0	0	0	0.387421383647799	0	0	0	0	0	0.030188679245283	0	0	0	0	0	0	0	0	0	0	0	0	0	0	0	0	0	0.0050314465408805	0	0	0	0	0	0	0	0	0	0.211320754716981	0	0	0	0	0	0.0050314465408805	0	0	0	0	0	0	0	0	0	0	0	0	0	0	0	0	0	0	0	0	0	0	0	0	0	0	0	0	0	0	0	0	0	0	0	0	0	0	0.392452830188679	0	0	0	0	0	0	0	0	0	0	0	0	0	0	0	0	0	0	0	0	0	0	0	0	0	0	0	0	0	0	0.0050314465408805	0	0	0	0	0	0	0	0	0	0	0	0	0	0	0.105660377358491	0	0	0	0	0	0.206289308176101	0	0	0	0	0	0	0	0	0	0	0	0	0	0	0	0	0	0	0	0	0	0	0	0	0	0	0	0	0	0	0	0	0	0	0	0	0	0	0	0	0	0.10062893081761	0	0	0	0	0	0	0	0	0	0.971069182389937	0	0	0	0	0	0	0	0.483018867924528	0	0	0	0	0	0	0	0	0	0	0	0	0	0	0	0	0	0	0	0	0	0	0	0	0	0	0	0	0	0	0	0	0	0	0	0	0	0	0	0	0.387421383647799	0	0	0	0	0	0	0	0	0	0	0	0	0	0	0	0	0	0	0	0	0	0	0	0	0	0	0	0	0	0	0	0	0	0	0	0	0	0	0	0	0	0	0	0	0	0	0	0	0	0	0	0	0	0	0	0	0	0	0	0	0	0	0	0	0	0	0	0	0.322012578616352	0	0	0	0	0	0	0	0.674213836477987	0	0	0	0	0	0	0	0	0	0	0	0	0	0	0	0	0	0	0	0	0	0	0	0	0	0	0	0	0	0	0	0	0	0	0	0	0	0	0	0	0	0	0	0	0	0	0	0	0	0	0	0	0	0	0	0	0	0	0	0	0	86.0528301886792	0	0	0	0	0	0	0	0	0	0	0	0	0	0	0	0	0	0	0	0	0	0	0	0	0	0	0	0	0	0	0	0	0	0	0	0	0	0	0	0	0	0	0	0	0	0	0	0.538364779874214	0	0	0	0	0	0	0	0	0	0	0	0	0	0	0	0	0	0	0	1.29308176100629	0	0	0	0	0	0	0	0	0	0	0	0	0	0	0	0	0	0	0	0	0	0	0	0	0	0	0	0	0	0	0	0	0	3.20503144654088	0.327044025157233	0	0	0	0	0	0	0	0	0	0	0	0	0	0	0	0	0	0.0050314465408805	0	0	0	0	0	0	0	0	0	0	0	0	0	0	0	0	0	0	0	0	0	0	0	0.040251572327044	0	0	0	0	0	0	1.30817610062893	0	0	0	0	0	0	0	0	0	0	0	0	0	0	0	0	0	0	0	0	0	0	0	0	0	0	0	0	0	0	0	0	0	0	0	0	0	0	0	0	0	0	0	0	0	0	0	0	0	0	0	0	0	0	0	0	0	0	0	0	0	0	0	0	0.0150943396226415	0	0	0	0	0	0	0	0	0	0	0	2.1685534591195	0	0	0	0	0.140880503144654	0	0	0	0	0	0	0	0	0	0	0	0	0	0	0	0	0	0	0	0	0	0	0	0	0	0	0	0	0	0	0	0	0	0	0	0	0	0	0	0	0	0	0	0	0	0	0	0	0	0	0	0	0	0	0	0	0	0	0	0	0	0.010062893081761	0	0	0	0	0	0	0	0	0	0	0	0	0	0	0	0	0	0	0	0	0	0	0.135849056603774	0	0	0	0	0	0	0	0	0	0	0	0	0	0	0	0	0	0	0	0	0	0	0	0	0	0	0	0	0	0	0	0	0	0	0	0	0	0	0	0	0	0	0	0	0	0	0	0	0	0	0	0	0	0	0	0	0	0	0	0	0	0	0	0	0	0.472955974842767
ERR6650711	0	0	0	0	0	0	0	0	0	0	0.321627830653101	0	0	0	0	0	0	0	0	0.387266163439449	0	0	0	0	0	0	0	0	0	0	0	0	0	0	0	0	0	0	0	0	0	0	0	0	0	0	0	0	0	0	0	0	0	0	0	0	0	0	0	0	0	0	0	0	0	0	0	0	0	0	0	0	0	0	0	0	0	0	0	0	0	0	0	0	0	0	0	0	0	0	0	0	0	0	0	0	0	0	0	0	0	0	0	0	0	0	0	0	0	0	0	0	0	0	0	0	0	0	0	0	0	0	0	0	0	0	0	0	0	0	0	0	0	0	0	0	0	0.0262553331145389	0	0	0	0	0	0	0	0	0	0	0	0	0	0	0	0	0	0	0	0	0	0	0	0	0	0	0	0	0	0	0	0	0	0	0	0	0	0	0	0	0	0	0	0	0	0	0	0	0	0	0	0	0	0	0	0.308500164095832	0	0	0	0	0	0	0	0	0	0	0	0	0	0	0	0	0	0	0	0	0	0	0	0	0	0	0	0	0	0	0	0	0	0	0	0	0	0	0	0	0	0	0	0	0	0	0	0	0	0	0	0	0	0	0	0	0	0	0	0	0	0	0	0	0	0	0	0	0	0	0	0.0525106662290778	0	0	0	0	0	0	0	0	0	0	0	0	0	0	0	0	0	0	0	0	0	0	0	0	0	0	0	0	0	0	0	0	0	0	0	0	0	0	0	0	0	0	0	0	0	0.0196914998359042	0	0	0	0	0	0	0	0	0	0	0	0	0	0	0	0	0	0	0	0	0	0	0.0393829996718083	0	0	0	0	0	0	0	0	0	0	0	0	0	0	0	0	0	0	0	0	0	0	0	0	0	0	0	0	0	0	0	0	0	0	0	0	0	0	0	0	0	0	0	0	0	0	95.1755825402035	0	0	0	0	0	0	0	0	0	0	0	0	0	0	0	0	0	0	0	0	0	0	0	0	0	0	0	0	0	0	0	0	0	0	0	0	0	0	0	0	0	0	0	0	0	0	0	0	0	0	0	0.00656383327863472	0	0	0	0	0	0	0	0	0	0	0	0	0	0	0	0	0	0	0	0	0	0	0	0	0	0	0	0	0	0	0	0	0	0	0	0	0	0	0	0	0	0	0	0	0	0	0	0	0	1.437479488021	0	0	0	0	0	0	0	0	0	0	0	0	0	0	0	0	0	0	0	0	0	0	0	0	0	0	0	0	0	0	0	0	0	0	0	0	0	0	0	0	0	0	0	0	0	0	0	0	0	0.406957663275353	0	0	0.669510994420742	0	0	0	0	0	0	0	0	0	0	0	0	0	0	0	0	0	0	0	0	0	0	0	0	0	0.118148999015425	0	0	0	0	0	0	0	0	0	0	0	0	0	0	0	0	0	0	0	0.288808664259928	0	0	0	0	0	0	0	0	0	0	0	0	0	0	0	0	0	0	0	0	0	0	0	0	0	0	0	0.249425664588119	0	0	0	0	0	0	0	0	0	0	0	0	0	0	0	0	0	0	0	0	0	0	0	0	0	0	0	0	0	0	0	0	0	0	0	0	0	0	0	0	0	0	0	0	0.0787659993436167	0	0	0.0131276665572694	0	0	0	0	0	0	0	0	0	0	0	0	0	0	0	0	0	0	0	0	0	0	0	0	0	0	0	0	0	0	0	0	0	0	0	0	0	0	0	0	0	0	0	0	0	0	0	0	0	0	0	0	0	0	0	0	0	0	0	0	0	0	0	0	0	0	0	0	0	0	0	0	0	0	0	0	0	0	0	0	0	0	0	0	0	0	0	0	0	0	0	0	0	0	0	0	0	0	0	0	0	0	0	0	0	0	0	0.400393829996718
ERR6650715	0	0	0	0	0	0	0	0	0	0	0	0	0	0	0	0	0	0	0	0	0	0	0	0	0	0	0	0	0	0	0	0	0	0	0.0437445319335083	0	0	0	0	0	0	0	0	0	0	0	0	0	0	0	0.449943757030371	0	0	0	0	0	0	0	0	0	0	0	0	0	0	0	0	0	0	0	0	0	0	0.0749906261717285	0	0	0	0	0	0	0	0	0	0	0.0812398450193726	0.393700787401575	0	0	0	0	0	0	0	0	0	0	0	0.499937507811524	0.0124984376952881	0	0	0	0	0	0	0	0	0	0	0	0	0.712410948631421	0	0	0	0	0	0	0	0	0	0	0	0	0	0	0	0	0	0	0	0	0	0	0	0	0	0.0374953130858643	0	0	0	0	0	0	0	0	0	0	0	0	0	0	0	0	0	0	0	0	0	0	0	0	0.131233595800525	0	0	0	0	0	0	0	0	0	0	0	0	0	0	0	0	0	0	0	0	0	0	0	0	0	0	0	0	0	0	0.58742657167854	0	0	0	0	0	0	0	0	0	0	0	0	0	0	0	0	0	0	0	0	0	0	0	0	0	0	0	0	0	0	0	0	0	0	0.399950006249219	0	0	0	0	0	0	0	0	0	0	0	0	0	0	0	0	0	0	0	0.118735158105237	0	0	0	0	0	0	0	0	0	0	0	0	0	0	0	0	0	0	0	0.0437445319335083	0	0	0	0	0	0	0	0	0.0499937507811524	0	0	0	0	0	0	0	0	0	0.0874890638670166	0	0	0	0	0	0	0	0	0	0	0	0	0	0	0	0	0	0	0	0	0	0	0	0.0437445319335083	0	0	0	0	0	0	0	0.0812398450193726	0	0	0	0	0	0	0	0	0	0	0	0	0	0	0	0	0	0	0	0	0	0	0	0	0	0	0	0	0	0	0	0	0	0	0	0	0	0.0312460942382202	0	0.0124984376952881	0	0	0	0	0	0	0	0	0	0	0	0	0	0	0	0	0	0	0	0	0	83.9770028746407	0	0	0	0	0	0	0	0	0	0	0	0	0.306211723534558	0	0	0	0	0	0	0	0	0	0	0	0	0	0	0	0	0	0	0	0	0	0	0	0	0.0624921884764404	0	0	0	0	0	0	0	0	0	0	0	0	0	0	0	0	0	0	0	0	0	0	0	0	0	0	0	0	0	0	0	0	0	0	0	0	0	0	0	0	0	0	0	0	0	0	0	0	0	0	0	0	0	0.462442194725659	0	0	0	0.112485939257593	0	0	0	0	0	0.0749906261717285	0.381202349706287	0	0	0	0	0	0	0	0	0	0	0	0	0	0	0	0	0	0	0	0	0	0	0	0	0	0	0.0562429696287964	0	0	0	0	0	0	0	0	0.312460942382202	0	0	0.0437445319335083	0	0	0	0	0	0	0	0	0	0.412448443944507	0	0	0	0	0	0	0	0	0	0	0	0	0	0	0	0	0	0	0	0	0	0	0.0124984376952881	0	0	0	0	0	0.0187476565429321	0	0	0	0	0	0	0	0	0	0	0	0	0	0.0124984376952881	0	0	0	0	0	0	0	0	0	0	0.193725784276965	0	0	0	0	0	0	0	0	0	0	0	0	0	0	0	0	0	0	0	0	0	0	0.706161729783777	0	0	0	0	0	0	0	0	0	0	0	0	0	0	0	0	0	0	0	0	0	0	0	0	0	0	0	0.0499937507811524	0	0	0	0	0	0	0	0	8.02399700037495	0	0	0	0	0	0	0	0.181227346581677	0	0	0	0	0	0	0	0	0	0	0	0	0	0	0	0.162479690038745	0	0	0.0249968753905762	0	0	0	0	0	0	0	0	0	0	0	0	0	0	0	0	0.0312460942382202	0	0	0	0	0	0	0	0	0	0	0	0	0	0	0	0	0	0	0	0	0	0	0	0	0	0	0	0	0	0	0	0	0	0	0	0	0	0	0	0	0	0	0	0	0	0	0	0	0	0	0	0	0	0	0	0	0	0	0	0	0	0	0.0937382827146607	0	0	0	0	0	0	0	0	0	0	0	0.393700787401575
ERR6650716	0	0	0	0	0	0	0	0	0	0	0	0	0	0	0	0	0	0	0	0	0	0	0	0	0	0	0	0	0	0	0	0	0	0.0208289939595918	0.130181212247448	0	0	0	0	0	0	0	0	0	0	0	0.0416579879191835	0	0	0	0.00260362424494897	0	0	0	0	0	0	0	0	0	0	0	0	0	0	0	0	0	0	0	0	0	0	0.15101020620704	0	0	0	0	0	0	0	0	0	0	0	0	0	0	0	0	0	0	0	0	0	0.0364507394292856	0	0	0.0442616121641325	0	0.0390543636742345	0	0	0	0	0	0	0	0	0	0	0	0	0	0	0	0	0	0	0	0	0	0	0	0	0	0	0	0	0	0	0	0	0	0	0.221308060820662	0	0.00260362424494897	0	0	0	0.585815455113518	0	0	0	0	0	0	0	0	0	0.0104144969797959	0	0	0	0	0.216100812330764	0	0	0	0	0	0	0	0	0	0	0	0	0	0	0	0	0	0	0	0	0	0	0	0	0	0	0	0	0	0	0	0	0	0	0	0	0.0650906061237242	0	0	0	0	0	0	0	0.0755051031035201	0	0	0.156217454696938	0	0	0	0	0	0	0	0	0	0	0	0	0	0	0	0	0	0	0	0	0	0	0	0	0	0	0	0	0	0	0	0	0	0	0	0	0	0	0	0	0	0	0	0.0104144969797959	0	0	0	0.085919600083316	0	0	0	0	0	0	0	0	0	0	0	0	0	0	0	0	0	0	0	0	0	0	0	0	0.0520724848989794	0	0	0	0	0	0	0	0	0	0	0	0	0	0	0	0	0	0	0	0	0	0	0	0	0	0	0	0	0	0	0	0	0.109352218287857	0	0	0	0	0	0	0	0	0.00260362424494897	0	0	0	0	0	0	0	0	0	0	0	0	0	0	0	0	0	0	0	0	0	0	0	0	0	0	0	0	0	0	0	0	0	0.0338471151843366	0	0	0	0	0	0	0	0	0	0	0	0	0	0	0	0	0	0	0	0	0	0	0	0	0	0	0	95.256196625703	0	0	0	0	0	0	0	0	0	0	0	0	0	0	0	0	0	0	0	0	0	0	0	0	0	0	0	0	0	0	0	0	0	0	0.0156217454696938	0	0	0	0	0	0	0	0	0	0	0	0	0	0	0	0	0	0	0	0	0	0	0	0	0	0	0	0	0	0	0	0	0	0	0.0338471151843366	0	0	0	0	0	0	0	0	0	0	0	0	0	0	0	0	0	0	0	0	0	0	0	0	0	0	0	0	0	0	0	0.268173297229744	0.281191418454489	0	0	0	0	0	0	0	0	0	0	0	0	0	0	0	0	0	0	0	0	0	0	0	0	0	0	0.0546761091439283	0	0	0	0	0	0	0	0	0	0	0	0	0	0	0	0	0	0	0	0	0	0	0	0	0	0	0	0	0	0	0	0	0	0	0	0	0	0	0	0	0	0	0	0	0	0	0	0	0	0	0	0	0	0	0	0	0	0	0	0	0	0	0	0	0	0	0	0	0	0	0	0	0	0	0	0	0	0	0	0	0	0	0	0	0.398354509477192	0	0	0	0	0	0	0	0	0	0	0	0	0	0.950322849406374	0	0	0	0	0	0	0	0	0	0	0	0	0	0	0	0	0	0	0	0	0	0	0	0	0	0	0	0	0	0	0	0	0	0	0	0	0	0	0	0	0	0	0	0	0	0	0	0	0	0	0	0	0.0234326182045407	0	0	0	0	0	0	0	0	0	0	0	0	0	0	0	0	0	0	0	0	0	0	0	0	0	0	0	0	0	0	0	0	0	0.0520724848989794	0	0	0	0	0	0	0	0	0	0	0	0	0	0	0	0	0	0	0	0	0	0	0	0	0	0	0	0	0	0	0.0520724848989794	0	0	0	0	0	0	0	0	0	0	0	0	0	0	0	0	0.262966048739846	0	0	0	0	0	0	0	0	0	0	0	0	0	0	0	0	0	0	0	0	0.257758800249948
ERR6650717	0	0	0	0	0	0	0	0	0	0	0	0	0	0	0	0	0	0	0	0	0	0	0	0	0	0	0	0	0	0	0	0	0	0	12.936061923444	0	0	0	0	0	0	0	0	0	0.424133177817835	0	0	0	0	0	1.29890785706712	0	0	0	0	0	0	0	0	0	0	0	0	0	0	0	0	0	0	0	0	0	0	0	0	0	0	0	0	0	0	0	0	0	0	0	0	0	0	0	0	0	0	0	0	0	0	0	0.858869685081115	0	0	0	0	0	0	0	0	0	0	0	0	0	0	0	0	0	0	0	0	0	0	0	0	0	0	0	0	0	0	0	0	0	0	0	0	1.32011451595801	0	0	0	0	0	7.35871063513943	0	0	0	0	0	0	0	0.789948043685717	0	0	0	0	0	0	0	0	0	0	0	0	0	0	0	0	0	0	0	0	0	0.0636199766726752	0	0	0	0	0	0.212066588908917	0	0	0	0	0	0	0	0	0	0	0	0	0	0	0	0.0159049941681688	0	0	0	0	0	0	0	0	0	0	0	0	0.636199766726752	0	0	0	0	0	0	0	0	0	0	0	0	0	0	0	0	0	0	0	0	0	0	0	0	0	0	0	0	0	0	0	0	0	0	0	0	0	0	0	0	0	0	0	0	0	0	0	0	0	0	0	0	0	0	0	0	0	0	0	0	0	0	0	0	0	0	0	0	0	0	0	0	0	0	0	0	0	0	0	0	0	0	0	0	0	0	0	0	0	0	0	0	0	0	0	0	0	0	0	0.0689216413953982	0	0	0	0	0	0	0	0	0	0.233273247799809	0	0	0	0	0	0	0	0	0	0	0	0	0	0	0	0	0	0	0	0	0	0	0	0	0	0	0	0	0	0	0	0	0	0	0	0	0	0	0	0	0	0	0	0	0	0	0	0	0	0	0	0	0	0	0	0	0	0	0	0	0	0	0	0	52.9053122680522	0	0	0	0	0	0	0	0	0	0	0	0	0	0	0	0	0	0	0	0	0	0	0	0	0	0	0	0	0	0	0	0	0	0	0	0	0	1.45265613402608	0	0	0	0	0	0	0	0	0	0.00530166472272294	0	0	0	0	0	0	0	0	0	0	0	0	0	0	0	0	0	0	0	0	0	0	0	0	0	0	0	0	0	0	0	0	0	0	0	0	0	0	0	0	0	0	0	0	0	0	0	0	0	0	0	0	0	2.15777754214823	2.00933092991199	0	0	0	0	0	0	0	0	0	0	0	0	0	0	0	0	0	0	0	0	0	0	0	0	0	0	0	0	0	0	0	0	0	0	0	0	0	0	0	0	0	0	0	0	0	0	0	0	0.00530166472272294	0	0	0	0	0	0	0	0	0	0	0	0	0	0	0	0	0	0	0	0.0424133177817835	0	0	0	0	0	0	0	0	0	0	0	0	0	0	0	0	0	0	0	0	0	0	0	0	0	0	0	0	0.00530166472272294	0	0	0	0	0	0	0	0	0	0	0	0	0	0.827059696744778	0	0	0	0	0	0	0	0	0	0	0	0	0.0901283002862899	9.1771816350334	0	0	0	0	0	0	0	0	0	0	0	0	0	0	0	0	0	0	0	0	0	0	0	0	0	0	0	0	0	0	0	0	0	0	0	0	0.48775315449051	0	0	0	0	0	0	0	0	0	0	0	0	0	0	0	0	0	0	0	0	0	1.15046124483088	0	0	0	0	0	0	0	0	0	0	0	0	0	0	0	0	0	0	0	0	0.789948043685717	0	0	0	0	0	0	0	0	0	0	0	0	0	0	0	0	0	0	0	0	0	0	0	0	0	0	0	0	0	0	0	0	0	0	1.67002438765772	0	0	0	0	0	0	0	0	0	0	0	0	0	0	0	0	0	0	0	0	0	0	0	0	0	0	0	0	0	0	0	0	0	0	0	0	0	0	0	0	1.00731629731736
ERR6650722	0	0	0	0	0	0	0	0	0	0	0	0	0	0	0	0	0	0	0	0	0	0	0	0	0	0	0.0447560793674474	0	0	0	0	0	0	0	0	0	0	0	0	0	0	0	0	0	0.298373862449649	0	0	0	0	0	0.499776219603163	0	0	0	0	0	0	0	0	0	0	0	0	0	0	0.156646277786066	0	0	0	0	0	0	0	0	0	0	0	0	0	0	0	0.0596747724899299	0	0	0.141727584663583	0	0	0	0	0	0	0	0	0	0	0	0	0.0447560793674474	0.387886021184544	0	0	0	0	0	0	0	0	0	0	0	0	0	0	0	0	0	0	0	0	0	0	0	0	0	0	0	0	0	0	0	0	0	0	0	0	0	0	0.0969715052961361	0	0	0	0.193943010592272	0	0	0	0	0	0	0	0	0	0	0	0	0.164105624347307	0	0	0	0	0	0.126808891541101	0	0	0	0	0	0	0	0	0	0	0	0	0.126808891541101	0	0	0	0	0.0372967328062062	0	0	0	0	0	0	0.111890198418619	0	0	0	0	0.17902431746979	0	0	0.261077129643443	0	0	0	0	0	0	0	0.387886021184544	0	0	0.0671341190511711	0	0	0	0	0	0	0.0372967328062062	0	0	0	0	0	0	0	0	0	0	0	0	0	0	0	0	0.0447560793674474	0	0	0	0	0	0	0	0.0298373862449649	0	0	0	0	0	0.947337013277637	0	0	0	0	0	0	0	0	0	0	0	0	0	0.0149186931224825	0	0	0	0	0	0	0.0596747724899299	0	0	0	0.0298373862449649	0	0	0	0	0	0	0	0	0	0	0	0	0.0969715052961361	0	0	0	0	0	0	0.201402357153513	0	0	0	0	0	0	0	0	0	0	0	0	0	0	0	0	0	0	0	0	0	0	0	0	0.111890198418619	0	0	0	0	0	0	0.626585111144264	0	0	0	0	0	0	0	0	0	0	0	0	0	0	0	0	0	0	0	0	0	0	0	0	0	0	0	0	0	0	0.0149186931224825	0.23869908995972	0	0	0	0	0	0.253617783082202	0	0	0	0	0	0	0	0	0	0	0	0	0	0	0	0	0	0	0	0	0	0	0	87.878561837983	0	0	0	0	0	0	0.0447560793674474	0	0	0	0	0	0	0	0	0	0.0372967328062062	0	0	0	0	0	0	0	0	0	0	0	0	0	0.0372967328062062	0.0223780396837237	0	0.0298373862449649	0	0	0	0.0372967328062062	0	0	0	0	0	0	0	0	0	0.193943010592272	0	0	0	0.268536476204684	0.0298373862449649	0	0	0	0	0	0.0745934656124124	0	0	0	0	0	0	0	0	0	0	0	0	0	0.0895121587348948	0	0	0	0	0	0	0	0	0	0	0	0	0	0	0	0	0	0	0	0	0	0	0	0	0	0	0	0	0.193943010592272	0	0	0	0	0	0	0	0	0	0	0	0	0	0	0	0	0	0	0.164105624347307	0	0.126808891541101	0	0	0	0	0	0	0	0	0	0.0447560793674474	0	0	0	0	0	0	0	0	0	0	0	0	0	0	0	0	0	0.0522154259286886	0	0	0	0.0596747724899299	0	0	0	0	0	0	0	0	0	0	0	0	0	0.0372967328062062	0	0	0.246158436520961	0	0	0	0	0	0	0	0	0	0	0	0	0	0	0	0	0	0	0	0	0	0	0	0	0.0372967328062062	0	0	0	0	0	0	0	0	0	0	0	0	0	0	0	0	0	0	0	0.0596747724899299	0.208861703714755	0	0	0	0	0	0	0	0	0	0	0.0820528121736536	0	0	0	0	0	0	0	0	0	0	0	0	0	0	0	0	0	0	0	0	0	0	0.126808891541101	0	0	0	0	0	0	0	0	0	0	0	0	0	0	0	0	0.0969715052961361	0	0	0	0	0	0	0	0	0	0	0	0	0	0	0.417723407429509	0	0	0	0	0	0.208861703714755	0	0	0.0969715052961361	0	0	0.775772042369088	0	0	0	0	0	0	0	0	0	0	0	0	0	0	0	0	0	0	0	0.0820528121736536	0	0	0	0	0	0	0	0	0	0	0	0	0	0	0	0	0	0	0	0	0	0	0	0	0	0	0	0	0	0	0.350589288378338	0	0	0	0	0	0.0149186931224825	0	0	0	0	0	0	0	0.0447560793674474	0	0	0.48485752648068	0	0.0969715052961361	0	0	0	0	0	0	0.0298373862449649	0	0	0	0.0969715052961361	0	0	0	0	0	0	0	0.924958973593913
ERR6650726	0	0	0	0	0	0	0	0	0	0	0	0	0	0	0	0	0	0	0	0	0	0	0	0	0	0	0	0	0	0	0	0	0	0	0	0	0	0	0	0	0	0	0	0	0	0	0	0	0	0	0.265453166477057	0	0	0	0	0	0	0	0	0	0	0	0	0	0	0	0	0	0	0	0	0	0	0	0	0	0	0	0	0	0	0	0	0	0	0	0	0	0	0	0	0	0	0	0	0	0	0	0	0	0	0	0	0	0	0	0	0	0	0	0	0	0	0	0	0	0	0	0	0	0	0	0	0	0	0	0	0	0	0	0	0	0	0	0	0	0	0	0	0	0	0	0	0	0	0	0	0	0	0	0	0	0	0	0	0	0	0	0	0	0	0	0	0	0	0	0	0	0	0	0	0	0	0	0	0	0	0	0	0	0	0	0	0	0	0	0	0	0	0	0	0	0.00632031348754898	0	0	0	0	0	0	0	0	0	0	0	0	0	0	0	0	0	0	0	0	0	0	0	0	0	0	0	0	0	0	0	0	0	0	0	0	0	0	0	0	0	0	0	0	0	0	0	0	0	0	0	0	0	0	0	0	0	0	0	0	0	0	0	0	0	0	0	0	0	0	0	0	0	0	0	0	0	0	0	0	0	0	0	0	0	0	0	0	0	0	0	0	0	0	0	0	0	0	0	0	0	0	0	0	0	0	0	0	0	0	0	0	0	0	0	0	0	0	0	0	0	0	0	0	0	0	0	0	0	0	0	0	0	0	0	0	0	0	0	0	0	0	0	0	0	0	0	0	0	0	0	0	0	0	0	0	0	0	0	0	0	0	0	0	0	0	0	0	0	0	0	0	0	0	0	0	0	0	0	0	0	0	0	0	0	0	0	0	99.0077107824548	0	0	0	0	0	0	0	0	0	0	0	0	0	0	0	0	0.0758437618505878	0	0	0	0	0	0	0	0	0	0	0	0	0	0	0	0	0	0	0	0	0	0	0	0	0	0	0	0	0	0	0	0	0	0	0	0	0	0	0	0	0	0	0	0	0	0	0	0	0	0	0	0	0	0	0	0	0	0	0	0	0	0	0	0	0	0	0	0	0	0	0	0	0	0	0	0	0	0	0	0	0	0	0	0	0	0	0	0	0	0	0	0	0	0	0	0	0	0	0	0	0	0	0	0	0	0	0	0	0	0	0	0	0	0	0	0	0	0	0	0	0	0	0	0	0	0	0	0	0	0	0	0	0	0	0	0	0	0	0	0	0	0	0	0	0	0	0	0	0	0	0	0	0	0	0	0	0	0	0	0	0	0	0	0	0	0	0	0	0	0	0	0	0	0	0	0	0	0	0	0	0	0	0	0	0	0	0	0	0.12640626975098	0	0	0	0	0	0	0	0	0	0	0	0.107445329288333	0	0	0	0	0	0	0	0	0	0	0	0	0	0	0	0	0	0	0	0	0	0	0	0	0	0	0	0	0	0	0	0	0	0	0	0	0	0	0	0	0.0632031348754898	0	0	0	0	0	0	0	0	0	0	0	0	0	0	0	0	0	0	0	0	0	0	0.120085956263431	0	0	0	0	0	0	0	0	0	0	0	0	0	0	0	0	0	0	0	0	0	0	0	0	0	0	0	0	0	0	0	0	0	0.0821640753381368	0	0	0	0	0	0	0	0	0	0	0	0	0	0	0	0	0	0	0.145367210213627	0	0	0	0	0	0	0	0	0	0	0	0	0	0	0	0	0	0	0	0	0	0	0	0	0	0	0	0	0	0	0	0	0	0	0	0	0	0	0	0	0	0	0	0	0	0	0	0	0	0
ERR6650729	0	0	0	0	0	0	0	0	0	0	0	0	0	0	0	0	0	0	0	0	1.07895824720959	0	0	0	0	0	0	0	0	0	0	0	0	0	0.210830921868541	0	0	0.186027284001654	0	0	0	0	0	0	1.56676312525837	0	0	0	0	0	1.23191401405539	0	0	0	0	0	0	0	0	0	0	0	0	0	0	0	0	0	0	0	0	0	0	0	0	0	0	0	0	0.0744109136006614	0	0	0	0	0	0	0	0	0	0	0	0	0	0	0	0	0	0	0.467135179826375	0	0	0	0	0	0	0	0.111616370400992	0	0	0	0	0	0	0	0	0	0	0	0	0	0	0	0	0	0	0	0	0	0	0	0	0	0	0	0	0.0165357585779248	0	0.0537412153782555	0	0	0	9.1649441918148	0	0	0	0	0	0	0	0	0	0.281107895824721	0.0702769739561802	0	0.305911533691608	0	0	0	0	0	0.0620090946672179	0	0	0	0	0	0	0	0	0	0	0	0	0.830921868540719	0	0	0	0	0	0	0	0	0	0	0	0.285241835469202	0	0	0	0	0.00413393964448119	0.343116990491939	0	17.8379495659363	0	0	0	0	0	0	0	0.0330715171558495	0	0	0.264572137246796	0	0	0	0	0	0	0	0	0	0	0	0	0	0	0	0	0	0	0.124018189334436	0	0	0	0.186027284001654	0	0	0	0	0	0	0	0.0372054568003307	0	0	0	0	0	0	0.351384869780901	0	0	0	0	0	0	0	0	0	0	0	1.07895824720959	0	0	0	0.181893344357172	0	0	0	0	0	0	0	0	0	0	0	0	0	0	0	0	0	0	0	0	0	0	0	0	0	0	0	0	0.913600661430343	0	0	0	0	0	0	0	0	0	0	0	0	0	0	0	0	0	0	0	0	0	0.0289375775113683	0	0.711037618850765	0	0	0	0	0	0	0	0	0	0	0	0	0	0	0	0	0	0	0	0	0	0	0.231500620090947	0	0	0	0	0	0	0	0	0	0	0	0	0	0	0	0	0	0	0	0	0	0	2.23646134766432	0	0	0	0	0	0	0	0	0	0	0	0	0	0	0	0	0	0	0	0	0.463001240181893	0	0	34.9855312112443	0	0	0	0	0	0	0	0	0	0	0	0	0	0	0	0	0.409260024803638	0	0	0	0	0	0	0	0	0	0	0	0	0	0	0	0	0	0.830921868540719	0	0	0	0	0	0	0	0	0	0	1.15336916081025	0	0	0	0	0	0	0	0	0	0	0	1.01281521289789	0	0	0	0	0	0	0	0	0	0	0	0	0	0	0	0	0	0	0	0	0	0	0	0	0	0.620090946672179	0	0.620090946672179	0	0	0	0	0	0	0	0	0	0	0	0	0	0	0	1.1657709797437	0.219098801157503	0	0	0	3.10872261264986	0	0	0	0	0	0	0	0	0	0	0	0	0	0	0	0	0	0	0	0	0	0	2.31087226126499	0	0	0	0	0	0	0	0	0	0	0	0	0	0	0	0	0	0	0	0	0	0	0	0	0	0	0	0	0	0	0	0	0	0	0	0	0	0	0	0.157089706490285	0	0.715171558495246	0	0	0	0	0	0	0	0	0	0	0	0	0	0	0	0	0	0	0	0	0	0	0	0	0	0.0413393964448119	0.0289375775113683	0	0	0.119884249689955	0	0	0	0	0	0	0	0	0	0	0	0	0.97147581645308	0	0	0.190161223646135	0	0	0	0	0	0	0	0	0	0	2.20338983050847	0	0	0	0.31417941298057	0	0	0.152955766845804	0	0	0.549813972715998	2.57544439851178	0	0	0	0	0	0	0	0	0	0	0.10334849111203	0	0	0	0	0	0	0	0.31417941298057	0	0	0	0	0	0	0	0	0	0	0	0	0	0	0	0	0	0	0	0	0	0	0	0	0	0	0	0	0	0	0.483670938404299	0	0.508474576271186	0	0	0	0	0	0	0	0	0	0.148821827201323	0	0	0	0	0	0	0	0	0	0	0	0	0	0.235634559735428	0	0	0	0	0	0	0	0	0	0	0	0	0	0	0	0	0	0	0.0950806118230674	0	0	0	0	0	0.0785448532451426	0	0	0	0	0	0	0	0	0	0	0	0	0	0	0	0	0	0.0785448532451426	0	0	0	0	0.020669698222406	0	0	0	0	0	0	0	0	0	0	0	1.70731707317073	0	0	0	0	0	0	0	0	0.744109136006614
ERR6650732	0	0.463845797041695	0	0	0	0	0	0	0	0	0.0154615265680565	0	0	0	0	0	0	0	0	0	0	0	0	0	0	0	0	0	0	0	0	0	0	0	0	0	0	0	0	0	0	0	0	0	0.597845693964851	0	0	0	0	0	0	0	0	0	0	0	0	0	0	0	0	0	0	0	0	0	0	0	0	0	0	0	0	0	0	0	0	0	0	0	0	0	0	0	0	0	0	0	0	0	0	0	0	0	0	0	0	0	0.154615265680565	0	0	0	0	0	0	0	0	0	0	0	0	0	0	0	0	0	0	0	0	0	0	0	0	0	0	0	0	0	0	0	0	0	0	0	0	0	0	0	0	0	0	0.154615265680565	0	0	0	0	0	0	0	0	0	0	0	0	0	0	0	0	0	0	0	0	0.0566922640828738	0	0	0	0	0	0	0	0	0	0	0	0	0	0	0	0.587538009586147	0	0	0	0	0	0	0	0	0	0	0	0	0	0	5.24145750657115	0	0	0	0	0	0	0	0	0	0	0	0	0	0	0	0	0	0	0	0	0	0	0	0	0	0	0	0	0	0	0	0	0	0	0	0	0	0	0	0	0	0	0	0	0	0	0	0	0	0	0	0	0	0	0.401999690769469	0	0	0	0	0	0	0	0	0	0	0	0	0	0	0	0	0	0	0	0	0	0	0	0	0	0	0	0	0	0	0	0	0	0	0	0	0	0	0	0	0	0	0	0	0	0	0	0	0	0	0	0	0	0	0	0	0	0	0	0	0	0	0.0257692109467608	0	0	0	0	0	0	0	0	0	0	0	0	0	0	0	0	0	0	0	0	0	0	0	0	0	0	0	0	0	0	0	0	0	0	0	0	0	0	0	0	0	0.221615214142143	0	0	0	0.180384476627326	0	0	0	0	0	0	0	0	0	0	0	0	0	0	0	0	0	0	0	0	0	0	0	89.3624697211771	0	0	0	0	0	0	0	0	0	0	0	0	0	0	0	0	0	0	0	0	0	0	0	0	0	0	0	0	0	0	0	0	0	0	0.0618461062722259	0	0	0	0	0	0	0	0	0	0	0.45353811266299	0	0	0	0	0	0	0	0	0	0	0	0	0	0	0	0	0	0	0	0	0	0	0	0	0	0.0721537906509303	0	0	0	0	0	0	0	0	0	0	0	0	0	0	0	0	0	0	0	0	0	0	0	0	0	0	0	0	0	0.726691748698655	0	0	0.103076843787043	0	0	0	0	0	0	0	0	0	0	0	0	0	0	0	0.00515384218935216	0	0	0	0	0	0	0	0	0.0257692109467608	0	0	0	0	0	0	0	0	0	0	0	0	0	0	0	0	0	0	0	0	0	0	0	0	0	0	0	0	0	0	0	0	0	0	0	0	0	0	0	0	0	0	0	0	0	0	0	0	0	0	0	0	0	0	0	0	0	0	0	0	0	0	0	0	0	0	0	0	0	0	0.0669999484615781	0	0	0	0	0	0	0	0	0	0	0	0	0	0	0	0	0.0154615265680565	0	0	0	0	0	0	0	0	0	0	0.747307117456063	0	0	0	0	0	0	0	0	0	0	0	0	0	0	0	0	0	0	0	0	0	0	0	0	0	0	0	0	0	0	0	0	0	0.0206153687574086	0	0	0.0103076843787043	0	0	0	0.0257692109467608	0	0	0	0	0	0	0	0	0	0	0	0	0	0	0	0	0	0	0	0.0257692109467608	0	0	0	0	0	0	0	0	0	0	0	0	0	0	0	0	0	0	0	0	0	0	0.0566922640828738	0	0	0	0	0	0	0	0	0	0	0	0	0	0	0	0	0	0	0	0	0	0	0	0	0	0	0	0	0	0	0	0	0	0	0	0	0	0	0	0	0	0	0	0	0	0	0	0	0	0	0.0566922640828738	0	0	0	0	0	0	0	0	0	0	0	0	0	0	0	0	0	0	0	0	0.0618461062722259
ERR6650735	0	0	0	0	0	0	0	0	0	0	0	0	0	0	0	0	0	0	0	0	0	0	0	0	0	0	0	0	0	0	0	0	0	0	0	0	0	0	0	0	0	0	0	0	0.117181778233485	0	0	0	0	0	0.292954445583712	0	0	0	0	0	0	0	0	0	0	0	0	0	0	0	0	0	0	0	0	0	0	0	0	0	0	0	0	0	0	0	0	0	0	0	0	0	0	0	0	0	0	0	0	0	0	0	1.33294272740589	0	0	0	0	0	0	0	0	0	0	0	0	0	0	0	0	0	0	0	0	0	0	0	0	0	0	0	0	0	0	0	0	0	0	0	0	0	0	0	0	0	0	1.98476636882965	0	0	0	0	0	0	0	0	0	0.937454225867878	2.01406181338802	0	0	0	0	0	0	0	0	0	0	0	0	0	0	0	0	0	0	0	0	0	0	0	0	0	0	0	0	0	0	0	0	0	0	0	0	0	0	0	0	18.2657096821444	0	0	0	0	0	0	0	0	0	0	0	0	0	0	0	0	0	0	0	0	0	0	0	0	0	0	0	0	0	0	0	0	0	0	0	0	0	0	0	0	0	0	0	0	0	0	0	0	0.212391973048191	0	0	0	0	0	0	0	0	0	0	0	0	0	0	0	0	0	0	0	0	0	0	0	0	0	0	0	0	0	0	0	0	0	0	0	0	0	0	0	0	0	0	0	0	0	0	0	0	0	0	0	0	0	0	0	0	0	0	0	0	0	0	0	0	0	0	0	0	0	0	0	0	0	0	0	0	0.695766808261315	0	0	0	0	0	0	0	0	0	0	0	0	0	0	0	0	0	0	0	0	0	0	0	0	0	0	0	0	0	0	0	0	0	0	0	0	0	0	0	0	0	0	0	0	0	0	0	0	0	0	0	0	0	0	0	0	0	0	0	0	0	67.1891020946243	0	0	0	0	0	0	0	0	0	0	0	0	0	0	0	0	0	0	0	0	0	0	0	0	0	0	0	0	0	0	0	0	0	0	0	0	0	0	0	0	0	0	0	0	0	0	0	0	0	0	0	0	0	0	0	0	0	0	0	0	0	0	0	0	0	0	0	0	0	0	0	0	0	0	0	0	0	0	0	0	0	0	0	0	0	0	0	0	0	0	0	0	0	0	0	0	0	0	0	0	0	0.490698696352717	0	0	0	0.424783946096382	0	0	0	0	0.710414530540501	0	0	0	0	0	0	0.651823641423759	0	0	0	0	0	0	0	0	0	0	0	0.0146477222791856	0	0	0	0	0	0	0	0	0	0	0	0	0	0.278306723304526	0	0	0	0	0	0	0	0	0	0	0	0	0	0	0	0	0	0	0	0	0	0	0	0	0	0	0	0	0	0	0	0	0	0	0	0	0.0952101948147063	0	0	0	0	0	0	0	0	0	0	0	0	0	0	0	0	0	0	0	0	0	0	0	0	0	0	0	0	0	0	0	0	0	0	0	0	0	0	0	0	0	0	0	0	0	0	0	3.18587959572287	0	0	0	0	0	0	0	0	0	0	0	0	0	0	0	0	0	0	0	0	0	0	0	0	0	0	0	0	0	0	0	0	0	0	0	0	0	0	0	0	0	0	0	0	0.278306723304526	0	0	0	0	0	0	0	0	0	0	0	0	0	0	0	0.0146477222791856	0	0	0.197744250769005	0	0	0	0	0	0	0	0	0	0	0	0	0	0	0	0	0	0	0	0	0	0	0	0	0	0	0	0	0	0	0	0	0	0	0	0	0	0	0	0	0	0	0	0	0	0	0	0	0	0	0	0	0	0	0	0	0	0	0	0	0	0	0	0	0	0	0	0	0	0	0	0	0	0	0	0	0	0	0	0	0	0	0.190420389629413	0	0	0	0	0	0	0	0	0.424783946096382
ERR6650738	0	0	0	0	0	0	0	0	0	0	0	0	0	0.0240664233283863	0	0	0	0	0	0	0	0	0	0	0	0	0	0	0	0	0	0	0	0	0	0	0	0	0	0	0	0	0	0	0.0481328466567727	0	0	0	0	0	0.830291604829329	0	0	0	0	0	0	0	0	0	0	0	0	0	0	0	0	0	0	0	0	0	0	0	0	0	0	0	0	0	0	0.0320885644378485	0	0	0.942601580361799	0	0	0	0	0	0	0	0	0	0	0	0	0	0.377040632144719	0	0	0	0	0	0	0	0	0	0	0	0	0	0	0	0	0	0	0	0	0	0	0	0	0	0	0	0	0	0	0	0	0	0	0	0	0	0	0.284786009385905	0	0	0	0	0	0	0	0	0	0	0	0	0	1.39585255304641	0	0	0	0	0	0	0	0	0	0	0	0	0	0	0	0	0	0	0	0	0	0	0.854358028157715	0	0	0.794191969836749	0	0	0	0	0	0	0	2.01756848902972	0	0	0	0	0	0	0.0360996349925795	9.79102322409851	0	0	0	0	0	0	0	0.00401107055473106	0	0	0.220608880510208	0	0	0	0	0	0	0	0	0	0	0	0	0	0	0	0	0	0	0	0	0	0	0	0	0	0	0	0	0	0	0	0	0	0	0	0	0	0	0	0	0	0	0	0	0	0	0	0	0	0	0	0	0	0	0	0	0	0	0	0	0	0	0	0	0	0	0	0	0	0	0	0	0	0	0	0	0	0	0	0	0	0	0	0	0	0	0	0	0	0	0	0	0	0	0	0	0	0	0	0	0	0	0	0	0	0	0	0	0	0	0	0	0	0.208575668846015	0.641771288756969	0	0	0	0	0	0	0	0	0	0	0	0	0	0	0	0	0	0	0	0	0	0	0	0	0	0	0	0	0	0	0	0	0	0	0	0	0	0	0	0	0	0	0	0	0	0	0	0	0	0	0	0	0	0	0	0	0	0	0	0	0	77.4417392001925	0	0	0	0	0	0	0	0	0	0	0	0	0	0	0	0	0	0	0	0	0	0	0	0	0	0	0	0	0	0	0	0	0	0.0160442822189242	0	0	0	0	0	0	0	0	0	0	0	0	0	0	0	0	0	0	0	0	0	0	0	0	0	0	0	0	0	0	0	0	0	0	0	0	0	0	0	0	0	0	0	0	0	0	0	0	0	0	0	0	0	0	0	0	0	0	0	0	0	0	0	0	0	0	0	0.356985279371064	0	0	0	0	0	0	0	0	0	0	0	0	0	0	0	0	0	0	0	0	0	0	0	0	0	0	0	0	0	0	0	0	0	0	0	0	0	0	0	0	0	0	0	0	0	0	0	0	0	0	0	0	0	0	0	0	0	0	0	0	0	0	0	0	0	0	0	0	0	0.0601660583209659	0	0	0	0	0	0	0	0	0.0521439172115037	0	0	0	0	0	0	0	0	0	0	0	0	0	0	0	0	0	0	0	0	0	0	0	0	0	0	0	0	0	0	0	0	0	0	0	0	0.926557298142874	0	0	0	0	0	0	0	0	0	0	0.128354257751394	0	0	0	0	0	0	0	0	0	0	0	0	0	0	0	0	0	0	0	0	0	0	0	0	0	0	0	0	0	0	0	0	0	0	0	0	0	0	0	0	0	0	0	0	0	0	0	0	0	0	0	0	0	0	0	0	0	0	0	0	0	0	0	0	0	0	0	0	0	0	0	0	0	0	0	0	0	0	0	0	0	0.132365328306125	0	0	0	0	0.72199269985159	0	0	0	0	0	0	0	0	0	0	0	0	0	0	0	0	0	0	0	0	0	0	0	0.0360996349925795	0	0	0	0	0	0	0	0	0	0	0	0	0	0	0	0	0	0	0.0441217761020416	0	0	0	0	0.0160442822189242	0	0	0	0	0	0	0	0	0	0	0	0	0	0	0	0	0	0	0	0	1.56431751634511
ERR6650746	0	0	0	0	0	0	0	0	0	0	0	0	0	0	0	0	0	0	0	0	0	0	0	0	0	0	0	0	0	0	0	0	0	0	0	0	0	0	0	0	0	0	0	0	0.264983243706648	0	0	0	0	0	0.475411113708986	0	0	0	0	0	0	0	0	0	0	0	0	0	0	0	0	0	0	0	0	0	0	0	0	0	0	0.0233808744447042	0	0	0	0	0	0	0	0.210427870002338	0	0	0	0	0	0	0	0	0	0	0	0	0.568934611487803	0	0	0	0	0	0	0	0	0	0	0	0	0.00779362481490141	0	0	0	0	0	0	0	0	0	0	0	0	0	0	0	0	0	0	0	0	0	0	0	0.0701426233341127	0	0	0	0	0	0	0	0	0	0	0	0	0	0	0	0	0	0	0	0	0	0	0	0	0	0	0	0	0	0	0	0	0	0	0	0	0.0467617488894085	0	0	0	0	0	0	0	0	0	0	0	0	0	0	0	0	0	0	0	0	0.288364118151352	0	0	0	0	0	0	0	0.00779362481490141	0.16366612111293	0	0.0623489985192113	0	0	0	0	0	0	0	0	0	0	0	0	0	0	0	0	0	0	0	0	0	0	0	0	0	0	0	0.241602369261944	0	0	0	0	0	0	0	0	0	0.358506741485465	0	0	0	0	0	0	0	0	0	0	0	0	0	0	0	0	0	0	0	0	0	0	0	0	0	0	0	0	0	0	0	0	0	0	0	0	0	0	0	0	0	0	0	0	0	0	0	0	0	0	0	0	0	0	0	0	0	0	0	0	0	0	0	0	0	0	0	0	0	0	0	0	0	0	0.218221494817239	0	0	0	0	0	0	0	0	0	0	0	0	0	0	0	0	0	0	0	0	0	0	0	0	0	0	0	0	0	0	0	0	0	0	0	0	0	0	0	0	0	0.187046995557634	0	0	0	0	0	0	0	0	0	0	0	0	0	0	0	0	0	0	0	0	0	91.2867274569402	0	0	0	0	0	0	0	0	0	0	0	0	0	0	0	0	0	0	0	0	0	0	0	0	0	0	0	0	0	0	0	0	0	0	0	0	0	0	0	0	0	0	0	0	0	0	0	0.249395994076845	0	0	0	0.101317122593718	0	0	0	0	0	0	0	0	0	0	0	0	0	0	0	0	0	0	0	0	0	0	0	0	0	0	0	0	0	0	0	0	0	0.358506741485465	0	0	0	0	0	0	0	0	0	0	0	0	0	0	0	0.600109110747409	0.148078871483127	0	0	0	0	0	0	0	0	0	0	0	0	0.0779362481490141	0	0	0	0	0	0	0	0	0	0	0	0	0	0	0	0	0	0	0	0	0	0	0	0	0	0	0	0	0	0	0	0	0	0	0	0	0	0	0.428649364819578	0	0	0	0	0	0	0	0	0	0	0	0	0	0	0	0	0	0	0	0	0	0	0	0	0	0	0	0	0	0	0	0	0	0	0	0	0	0	0	0	0	0	0	0	0	0	0	0	0	0	0	0	0	0	0	0	0	0	0	0	0	0	0.124697997038423	0	0	0	0	0	0	0	0	0	0	0.0467617488894085	0	0	0	0	0	0	0	0	0	0.272776868521549	0	0	0	0	0	0	0	0	0	0	0	0	0	0	0	0	0	0	0	0	0	0	0	0	0	0	0	0	0	0	0	0	0	0	0.428649364819578	0	0	0	0	0	0	0	0	0	0	0	0	0	0	0	0	0	0	0	0	0	0	0	0	0	0	0	0	0	0	0	0	0	0	0	0	0	0	0	0	0	0	0	0	0	0	0	0	0	0	0	0	0	0	0	0.0467617488894085	0	0	0	0	0	0	0	0	0	0	0	0	0	0	0	0	0	0	0	0	0	0	0	0	0	0	0	0	0	0	0	0	0	0.44423661444938	0	0	0	0	0	0	0	0	0	0	0	0	0	0	0	0	0	0	0	0	2.1900085729873
ERR6650753	0	0	0	0	0	0	0	0	0	0	0.0144696860078136	0	0	0	0	0	0	0	0	0	0.0241161433463561	0	0	0	0	0	0	0	0	0	0	0	0	0	0	0	0	0	0	0	0	0	0	0	0.265277576809917	0	0	0	0	0	0	0	0	0	0	0	0	0	0	0	0	0	0	0	0	0	0	0	0	0	0	0	0	0.19775237544012	0	0	0	0	0	0	0	0	0	0	0	0.0434090580234409	0	0	0	0	0	0	0	0	0	0	0	0	1.19133748130999	0	0	0	0	0	0	0	0	0	0	0	0	0.0434090580234409	0	0	0	0	0	0	0	0	0	0	0	0	0	0	0	0	0	0	0	0	0	0	0	0.00482322866927121	0	0	0	0	0	0.270100805479188	0	0	0	0	0	0	0	0	0	0	0	0	0.0723484300390682	0	0	0	0	0	0	0	0	0	0	0	0	0	0	0	0	0	0	0	0	0	0	0	0.168813003424492	0	0	0	0	0	0	0	0	0	0	0	0	0	0	5.89880866251869	0	0	0	0	0	0	0	0	0	0	0.125403945401051	0	0	0	0	0	0	0	0	0	0	0	0	0	0	0	0	0	0	0	0	0	0	0	0	0	0	0	0	0	0	0	0	0	0	0	0	0	0.130227174070323	0	0	0	0	0	0	0	0	0	0	0	0	0	0	0	0	0	0	0	0	0	0	0	0	0	0	0	0	0	0	0	0	0	0	0	0	0	0	0	0	0	0	0	0	0.0675252013697969	0	0	0	0	0	0	0	0	0	0	0	0	0	0	0	0	0	0	0	0	0	0	0	0	0	0	0	0	0	0	0	0	0	0	0.0385858293541697	0	0	0.00482322866927121	0	0	0	0	0	0	0	0	2.90840688757054	0	0	0	0	0	0	0	0	0	0	0	0	0	0	0	0	0	0	0	0	0	0	0	0	0	0	0	0	0	0	0	0	0	0	0	0	0	0	0	0	0	0	0	0	0	0	77.3983504557951	0	0	0	0	0	0	0	0	0	0	0	0	0	0	0	0	0	0	0	0	0	0	0	0	0	0	0	0	0	0	0	0.0819948873776106	0	0.00482322866927121	0	0	0	0	0	0	0	0	0	0	0	0	0	0.0482322866927121	0	0	0	0	0	0	0	0	0	0	0	0	0	0	0	0	0	0	0	0	0	0	0	0	0	0	0	0	0	0	0	0	0	0	0	0	0	0	0	0	0	0	0	0	0	0	0	0	0	0	0	0	0	0.274924034148459	0	0	0	0	0	0	0	0	0	0	0	0	0	0	0	0	0	0	0	0.0289393720156273	0	0	0	0	0	0	0	0	0	0	0	0	0	0	0	0	0	0	0	0	0	0	0	0	0	0	0	0	0.0385858293541697	0.0482322866927121	0	0	0	0	0	0	0	0	0	0	0	0	0	0	0	0	0	0	0	0	0	0	0	0	0	0	0	0	0	0	0	0	0	0	0	0	0	0	0	0	0	0	0	0	0	0	0	0	0	0	0	0	0	0.0578787440312545	0	0	0	0	0	0	0	0	0.0192929146770848	0	0	0.0627019727005257	0	0	0	0	0	0	0	0	0	0	0.0482322866927121	0	0	0	0	0	0	0	0	0	0	0	0	0	0	0	0	0	0	0	0	0	0	0	0	0.0144696860078136	0	0	0	0	0	0	0	0	0.00964645733854242	0	0	0.0578787440312545	0	0	0	0	0	0	0	0	0	0	0	0.0771716587083394	0	0	0	0.0578787440312545	0	0	0	0	0	0	0	0.0385858293541697	0	0	0	0	0	0	0	0	0	0	0	0	0	0	0	0	0	0	0	0	0	0	0	0	0	0.294216948825544	0	0	0	0	0	0	0	0	0	0	0	0	0	0	0	0	0	0	0	0	0	0	0	0	0	0	0	0	0	0	0.0144696860078136	0	0	0	0	0	0	0	0	0	0	0	0	0	0	0	0	0.130227174070323	0	0.0530555153619833	0	0	0	0	0	0.0627019727005257	0	0	0	0	0	0.00964645733854242	0	0	0	0	0	0	9.59822505184971
ERR6650755	0	0	0	0	0	0	0	0.0649878147847279	0	0	0	0	0	0	0	0	0	0	0	0	0	0	0	0	0	0	0	0	0	0	0	0	0	0	0	0	0	0	0	0	0	0	0	0	1.05605199025183	0	0	0	0	0	1.75467099918765	0	0	0	0	0	0	0	0	0	0	0	0	0	0	0	0	0	0.00541565123206066	0	0	0	0	0	0	0	0	0	0	0	0	0.135391280801516	0	0	0	0	0	0	0	0	0	0	0	0	0	0	0	0	0.00541565123206066	0	0	0	0	0	0	0	0	0	0	0	0	0	0	0	0	0	0	0	0	0	0	0	0	0.287029515299215	0	0	0	0	0	0	0	0	0	0	0	0	0	0	0	0	0	0	0	0	0	0	0	0	0	0	0	0	0	0	1.99837530463038	0	0	0	0	0	0	0	0	0	0	0	0	0	0	0	0	0	0	0	0	0	0	0	0	0	0	0	0	0	0	0	0	0	0	0	0	0	0	0.503655564581641	0	0	0	0	0	0	0	0	0	0	0	0	0	0	0	0	0	0	0	0	0	0	0	0	0	0	0	0	0	0	0	0	0	0	0	0	0	0	0	0.438667749796913	0	0	0.90982940698619	0	0	0	0	0	0	0	0	0	0	0	0	0	0	0	0	0	0	0	0	0	0	0	0	0	0	0	0.969401570538857	0	0	0	0	0	0	0	0	0	0	0	0	0	0	0	0	0	0	0	0	0	0	0.752775521256431	0	0	0	0	0	0	0	0	0	0	0	0	0	0	0	0	0	0	0	0	0	0	0	0	0	0	0	0	0	0.920660709450311	0	1.17519631735716	0	0	0	0	0	0	0	0	0	0	0.341186027619821	0	0	0	0	0	0	0	0	0	0	0	0	0	0	0	0	0	0	0	0	0	0	0	0	0	0	0	0	0	0	0	0	0	0	0	0	0	0	0	0	0	0.519902518277823	0	0	0	0	0	0	0	0.552396425670187	44.9011643650149	0	0	0	0	0	0	0	0	0	0	0	0	0	0	0	0	0	0	0	0	0	0	0	0	0	0	0	0	0	0	0	0	0	0	0	0	0	0	0	0	0	0	0	0	0	0	0	0.00541565123206066	0	0	0	0	0	0	0	0	0	0	0	0	0	0	0	0	0.503655564581641	0	0	0	0	0	0	0	0	0	0	0	0	0	0	0	0	0	0	0	0	0	0	0	0	0	0	0	0	0	0	0.00541565123206066	0	0	0	0	0	1.93880314107771	0	0	0	0	0	0	0	0	0	0	0	0	0	0	0	0	0	0	0	0	0	0	0	0	0	0	0	0	0	0	0	0	0	0	0	0	0	0	0.259951259138911	0	0	0.57947468183049	0	0	0	0	0	0	4.01299756295695	0	0	0	0	0	0	0	0	0	0	0	0	0	0	0	0	0	0	0	0	0	0	0	0	0	0	0	0	0	0	0	0	0	0	0	0	0	0	0	0	0	0	0	0	0	0	0	0	0	0	0	0	0	0	0	0	0	0	0	0	0	0	0	0	0	0	0	0	0	0	0	0	0	0	0	0	0	0.184132141890062	0	0	0	0	0	0	0	0	0	0	0	0	0	0	0	0	0	0	0	0	0	0	0	0	0	0	0	0	0	0	0	0	0	0	0	0	0	0	0	0	0	0	0	28.0963985919307	0	0	0	0	0	0	0	0	0	0	0	0	0	0	0	0	0	0	0	0.817763336041159	0	0	0	0	0	0	0	0	0	0	0	0	0	0	0	0	0	0	0	0	0	0	0.41158949363661	0	0	0	0	0	0	0	0	0	0	0	0	0	0	0	0	0	0	0.0866504197129705	0	0	0	0	0	0	0	0	0	0	0	0	0	0	0	0	0	0	0	0	0	0	0	0	0	2.07419442187923	0	0	0	0	0	0	0	0	0	0	0	1.89006227998917	0	0	0.0541565123206066	0	0	0	0	0	0	0	0	1.78716490658002
ERR6650757	0	0	0	0	0	0	0	0	0	0	0	0	0	0	0	0	0	0	0	0	0	0	0	0	0	0	0.116980955500445	0	0	0	0	0	0	0	0	0	0	0	0	0	0	0	0	0	0	0	0	0	0	0	0.341584390061298	0	0	0	0	0	0	0	0	0	0	0	0	0	0	0	0	0	0	0	0	0	0	0	0	0	0	0	0	0	0	0	0	0	0.67381030368256	0	0	0	0	0	0	0	0	0	0	0	0	0	0.500678489541903	0	0	0	0	0	0	0	0	0	0	0	0	0	0	0	0	0	0	0	0	0	0	0	0	0	0	0	0	0	0	0	0	0	0	0	0	0.233961911000889	0	0.0327546675401245	0	0	0	0.112301717280427	0	0	0	0	0	0	0	0	0	0	0	0	0	0	0	0	0	0	0	0	0	0	0	0	0	0	0	0	0	0	0	0	0	0	0	0	0	0	0	0	0	0	0	0	0	0	0	0	0	0	0	1.30082822516494	0	0	0	0	0	0	0	0	0	0	0.299471246081138	0	0	0	0	0	0	0	0	0	0.0842262879603201	0	0	0	0	0	0	0	0	0	0	0	0	0	0	0	0	0	0	0	0	0	0	0	0	0	0	0	1.43652613354546	0	0	0	0	0	0	0	0	0	0	0	0	0	0	0	0	0	0	0	0	0	0	0	0	0	0	0	0	0	0	0	0	0	0	0	0	0	0	0	0	0	0	0	0	0.257358102100978	0	0	0	0	0	0	0	0	0	0	0	0	0	0	0	0	0	0	0	0	0	0	0	0	0	0	0	0	0	0	0	3.7621075288943	0	0.0467923822001778	0	0	0	0	0.0374339057601423	0	0	0	0	0	0	0	0	0	0	0	0	0	0	0	0	0	0	0	0	0	0	0	0	0	0	0	0	0	0	0	0	0	0	0	0	0	0	0	0	0	0	0	0	0	0	0.0280754293201067	0	0	0	0	0	0	0	87.1320948949511	0	0	0	0	0	0	0	0	0	0	0	0	0	0	0	0	0.0561508586402134	0	0	0	0	0	0	0	0	0	0	0	0	0	0	0	0	0	0	0	0	0	0	0	0	0	0	0	0	0	0	0.706564971222685	0	0	0	0	0	0	0	0	0	0	0	0	0	0	0	0	0	0	0	0	0	0	0	0	0	0	0	0	0	0	0	0	0	0	0	0.322867437181227	0	0	0	0	0	0	0	0	0	0	0	0	0	0	0	0	0	0.350942866501334	0	0	0	0	0	0	0	0	0	0	0	0	0.0140377146600533	0	0	0	0	0	0	0	0	0	0.243320387440925	0	0	0	0	0.173131814140658	0	0	0	0	0	0	0	0	0	0	0	0	0	0	0	0	0	0	0	0	0	0.0187169528800711	0	0	0	0	0	0	0	0	0	0	0	0	0	0	0	0	0	0	0	0	0	0	0	0	0	0	0	0	0	0	0	0	0	0	0	0	0	0	0	0	0	0	0	0	0	0	0	0	0	0	0	0	0	0	0	0	0	0	0	0	0	0	0.416452201581583	0	0	0	0	0	0	0	0	0	0	0	0	0	0.163773337700622	0	0	0	0	0	0	0	0	0	0	0	0	0	0	0	0	0	0	0	0	0	0	0	0	0	0	0	0	0	0	0	0	0	0	0	0	0	0	0	0	0	0	0	0	0.0374339057601423	0	0	0	0	0	0	0	0	0	0	0	0	0	0	0	0	0	0	0	0	0	0	0	0	0.182490290580693	0	0	0	0	0	0	0	0	0	0	0	0	0	0	0	0	0.486640774881849	0	0	0	0	0	0	0	0	0	0	0	0	0	0	0	0	0	0	0	0	0	0	0	0	0	0	0	0	0	0	0	0	0	0	0	0	0	0	0	0	0	0	0	0	0	0	0	0	0	0	0	0	0	0	0	0	0	0	0	0	0	0	0	0	0	0	0	0	0.430489916241636
ERR6650758	0	0	0	0	0	0	0	0	0	0	0	0	0	0	0	0	0	0	0	0	0	0	0	0.0534473543559594	0	0	0	0	0	0	0	0	0	0	0	0	0	0	0	0	0	0	0	0	1.86174951006592	0	0	0	0	0.089078923926599	0	0	0	0	0	0	0	0	0	0	0	0	0	0	0	0	0	0	0	0	0	0	0	0	0	0	0	0	0	0	0	0	0	0	0.124710493497239	0.0445394619632995	0	0	0.0712631391412792	0	0	0	0	0	0	0	0	0	0.115802601104579	0	0	0	0.0534473543559594	0	0	0	0	0	0	0	0	0	0	0	0	0	0	0	0	0	0	0	0	0	0	0	0	0	0	0	0	0	0	0	0	0	0	0	0	0	0	0.285052556565117	0	0	0	0	0	0	0	0	0	0	0	0	0	0	0	0	0	0	0	0	0	0	0	0	0	0	0	0	0	0	0	0	0	0	0	0	0	0	0	0	0	0	0	0	0	0	0	0	0	0	0.0534473543559594	0.0712631391412792	0	0	0	0	0	0	0	0	0	0	0.142526278282558	0	0	0	0	0	0	0	0	0	0	0	0	0	0	0	0	0	0	0	0	0	0	0	0	0	0	0	0	0	0	0	0	0	0	0	0	0	0.249420986994477	0	0	0	0	0	0	0	0	0	0	0	0	0	0	0	0	0	0	0	0	0	0	0	0.0267236771779797	0	0	0	0	0	0	0	0	0	0	0	0	0	0	0	0	0	0	0	0	0.240513094601817	0	0	0	0	0	0	0	0	0	0	0	0	0	0	0	0	0	0	0	0	0	0	0	0.142526278282558	0	0	0	0	0	0.106894708711919	0	0.089078923926599	0	0	0	0	0	0	0	0	0	0	0	0	0	0	0	0	0	0	0	0	0	0	0	0	0	0	0	0	0	0	0	0	0	0	0	0	0	0.169249955460538	0	0	0	0	0	0	0	0	0	0	0	0	0	0	0	0	0	0.0712631391412792	0.0356315695706396	0	0	0	0	91.6800285052557	0	0	0	0	0	0	0	0	0	0	0	0	0	0	0	0	0	0	0	0	0	0	0	0	0	0	0	0	0	0	0	0	0	0	0.0801710315339391	0	0	0	0	0	0	0	0	0	0	0	0	0	0	0	0	0	0	0	0	0	0	0	0	0	0	0	0	0	0	0	0	0	0	0	0	0	0	0	0	0	0	0	0	0	0	0	0	0	0	0.124710493497239	0	0	0	0	0	0	0	0.0801710315339391	0	0	0	0	0	0	0	0.276144664172457	0.587920897915553	0	0	0	0	0	0	0	0	0	0	0	0	0	0	0	0	0	0	0	0	0	0	0	0	0	0	0	0	0	0	0	0	0	0	0	0	0	0	0.089078923926599	0	0	0	0	0	0	0	0.0356315695706396	0	0	0	0	0	0	0	0	0	0	0	0	0	0	0	0	0	0	0	0	0	0.356315695706396	0	0	0.0356315695706396	0	0	0	0	0	0	0	0	0	0	0	0	0	0	0	0	0	0	0	0	0	0	0	0	0	0	0	0	0	0	0	0	0	0	0	0	0	0	0	0	0	0	0.347407803313736	0	0	0	0	0	0	0	0	0	0	1.83502583288794	0	0	0	0	0.0356315695706396	0	0	0	0	0.0445394619632995	0	0	0	0	0	0	0	0	0	0	0	0	0	0	0	0	0	0	0	0	0	0	0	0.0623552467486193	0	0	0	0	0	0	0	0	0	0	0	0	0	0	0	0	0	0	0	0	0	0	0	0.0623552467486193	0	0	0	0	0	0	0	0	0	0	0	0	0	0	0	0	0	0	0	0	0	0	0	0	0	0	0	0	0.115802601104579	0	0	0	0	0	0	0	0	0	0	0	0	0	0	0	0	0	0	0	0	0	0	0	0	0	0	0	0	0	0	0	0	0	0	0	0	0	0	0	0	0	0	0	0	0	0	0	0	0	0	0	0	0	0	0	0	0	0	0	0	0	0	0	0	0	0	0	0	0.0534473543559594
ERR6650760	0	0	0	0	0	0	0	0	0	0	0	0	0	0	0	0	0	0	0	0	0	0	0	0	0	0	0	0	0	0	0	0	0	0	0	0	0	0	0	0	0	0	0	0	0	0	0	0	0	0	0	0	0	0	0	0	0	0	0	0	0	0	0	0	0	0.0112271247333558	0	0	0	0	0	0	0	0	0	0	0	4.85573144717638	0	0	0	0	0	0	0	0	0	0	0	0	0	0	0	0	0	0	0	0	0	0	0	0	0	0	0	0	0	0	0	0	0	0	0	0	0	0	0	0	0	0	0	0	0	0	0	0	0	0	0	0	0	0	0	0	0	0	0	0	0	0	0	2.94712024250589	0	0	0	0	0	0	0	0	0	0	0	0	0	0	0	0	0	0	0	0	0	0	0	0	0	0	0	0	0	0	0	0	0	0	0	0	0	0	0	0	0	0	0	0	0	0	0	0	0	0	0	7.93196362411586	0	0	0	0	0	0	0	0	0	0	0	0	0	0	0	0	0	0	0	0	0	0	0	0	0	0	0	0	0	0	0	0	0	0	0	0	0	0	0	0	0	0	0	0	0	0	0	0	0	0	0	0	0	0	0	0	0	0	0	0	0	0	0	0	0	0	0	0	0	0	0	0	0	0	0	0	0	0	0	0	0	0	0	0	0	0	0	0	0	0	0	0	0	0	0	0	0	0	0	0	0	0	0	0	0	0	0	0	0	0	0	0	0	0	0	0	0	0	0	0	0	0	0	0	0.392949365667453	0	0	0	0	0	0	0	0	0	0	0	0	0	0	0	0	0	0	0	0	0	0	0	0	0	0	0	0	0	0	0	0	0	0	0	0	0	0	0	0	0	0	0	0	0	0	0	0	0	0	0	0	0	0	0	0	0	0	0	0	0	0	70.4726619512743	0	0	0	0	0	0	0	0	0	0	0	0	0	0	0	0	0	0	0	0	0	0	0	0	0	0	0	0	0	0	0	0	0	0	0	0	0	0	0	0	0	0	0	0	0	0	0	0	0	0	0	0	0	0	0	0	0	0	0	0	0	0	0	0	0	0	0	0	0	0	0	0	0	0	0	0	0	0	0	0	0	0	0	1.83563489390367	0	0	0	0	0	0	0	0	0	0	0	0	0	0	0	0	0	0	0	0	0	0	0	0	0	0	0	0	0	0	0	0	0	0	0	0	0	0	0	0	0	0	0	0	0	0	0	0	0	0	0	0	0	0	0	0	0	0	0	0	0	0	0	0	0	0	0	0	0	0	0	0	0	0	0	0	0	0	0	0	0	0	0	0	0	0	0	0	0	0	0	0	0	0	0	0	0	0	0	0	0	0	0	0	0	0	0	0	0	0	0	0	0	0	0	0	0	0	0	0	0	0	0	0	0	0	0	0	0	0	0	0	0	0	0	0	0	0	0	0	0	0	0	0	4.99607050634333	0	0	0	0	0	0	0	0	0	0	0	0	0	0	0	0	0	0	0	0	0	0	0	0	0	0	0	0	0	0	0	0	0	1.84124845627035	0	0	0	0	0.63994610980128	0	0	0	0	0	0	0	0	0	0	0	0	0	0	0	0	0	0	0	0	0	0	0	0	0	0	0	0	0	0	0	0	0	0	0	0	0	0	0	0	0	0	0	0	0	0	0	0	0	0	0	0	0	0	0	0	0	0	0	0	0	0	0	0	1.5998652745032	0	0	0	0	0	0	0	0	0	0	0	0	0	0	0	0	0	0	0	0	0	0	0	0	0	0	0	0	0	0	0	0	0	0	0	0	1.85808914337038	0	0	0	0	0	0.437857864600876	0	0	0	0	0	0	0	0	0.179633995733693
ERR6650763	0	0	0	0	0	0	0	0	0	0	0	0	0	0	0	0	0	0	0	0	0	0	0	0	0	0	0	0	0	0	0	0	0	0	0	0	0	0	0	0	0	0	0	0	0.212464589235128	0	0	0	0	0	0.527226943657539	0	0	0	0	0	0	0	0	0	0	0	0	0	0	0	0	0	0	0	0	0	0	0	0	0	0	0	0	0	0	0	0	0	0	0	0	0	0	0	0	0	0	0	0	0	0	0	0.767233238904627	0	0	0	0	0.0511488825936418	0	0	0	0	0	0	0	0	0	0	0	0	0	0	0	0	0	0	0	0	0	0	0	0	0	0	0	0.106232294617564	0	0	0	0	0	0.121970412338684	0	0	0	0.613786591123702	0	0	0	0	0	0	0	0	0	0	0	0	0.0236071765816808	0	0	0	0	0	0	0	0	0	0	0	0	0	0	0	0	0	0	0	0	0	0	0.153446647780925	0	0	0	0	0	0	0	0.00393452943028014	0	0	0	0	0	0	0.157381177211206	2.11284230406043	0	0	0	0	0	0	0	0.0747560591753226	0	0	0	0	0	0	0	0	0	0	0	0	0	0	0	0.027541706011961	0	0	0	0	0	0	0	0	0	0	0	0	0	0	0	0	0	0	0	0	0	0	0	0	0.617721120553982	0	0	0	0	0	0	0	0	0	0	0	0	0	0	0.487881649354737	0	0	0	0	0	0	0	0	0	0	0	0	0	0	0	0	0	0	0	0	0	0	0	0	0	0	0	0	0	0	0	0	0	0	0	0	0	0	0	0	0	0	0	0	0	0	0	0	0	0	0	0	0	0	0	0.539030531948379	0	0	0	0	0	0	0	0	0	0	0	0.460339943342776	0	0	0	0	0	0	0	0	0	0	0	0	0	0	0	0	0	0	0	0	0	0	0	0	0	0	0	0.153446647780925	0	0	0	0	0	0	0	0	0	0	0	0	0	0	0	0	0	0	0	0	0	0	0	0	0	0	0	87.3072080579163	0	0	0	0	0	0	0	0	0	0	0	0	0	0	0	0	0	0	0	0	0	0	0	0	0	0	0	0	0	0	0	0	0	0	0	0	0	0	0	0	0	0	0	0	0	0	0	0.00786905886056028	0	0	0	0	0	0	0	0	0	0	0	0	0	0	0	0	0	0	0	0	0	0	0	0	0	0	0	0	0	0	0	0	0	0	0	0	0	0	0	0	0	0	0	0	0	0	0	0	0	0	0	0	0	2.06562795089707	0	0	0	0	0	0	0	0	0	0	0	0	0	0	0	0	0	0	0	0	0	0	0	0	0	0	0	0	0	0	0	0	0	0	0	0	0	0	0	0	0	0	0.0432798237330815	0	0	0	0	0	0	0	0	0	0	0	0	0	0	0	0	0	0	0	0.0590179414542021	0	0	0	0	0	0	0	0	0	0	0	0	0	0	0	0	0	0	0	0	0	0	0	0	0	0	0	0	0	0	0	0	0	0	0	0	0	0	0	0	0.0314762354422411	0	0	0	0	0	0	0	0	0	0	0	1.27872206484105	0	0	0	0	0	0	0	0	0	0	0.365911237016053	0	0	0	0	0	0	0	0	0	0	0	0	0	0	0	0	0	0	0	0	0	0	0	0	0	0	0.165250236071766	0	0	0	0.0944287063267233	0	0	0	0	0	0	0	0	0	0	0	0	0	0.165250236071766	0	0	0	0	0	0	0	0	0	0	0	0	0	0	0	0.27935158954989	0	0	0	0	0	0	0	0	0	0	0	0	0	0	0	0	0	0	0	0	0	0	0	0	0	0	0	0	0	0	0	0	0	0	0	0	0	0	0	0	0	0	0	0	0	0	0	0.102297765187284	0	0	0	0	0	0	0	0	0	0	0	0	0	0	0	0	0	0	0	0	0.0314762354422411	0	0.00393452943028014	0	0	0	0	0	0	0	0	0	0	0	0	0	0	0	0	0	0	0	0	0	0	0	0.786905886056028
ERR6650764	0	0	0	0	0	0	0	0	0	0	0	0	0	0	0	0	0	0	0	0	0	0	0	0	0.0461531361055984	0	0	0	0	0	0	0	0	0	0.00923062722111967	0	0	0	0	0	0	0	0	0	0	0	0	0	0	0	0.119998153874556	0	0	0	0	0	0	0	0	0	0	0	0	0	0	0	0	0	0	0	0	0	0	0	0	0	0	0	0	0	0	0	0	0	0	0	0	0	0	0	0	0	0	0	0	0	0	0	0.101536899432316	0	0	0	0	0	0	0	0	0	0	0	0	0	0	0	0	0	0	0	0	0	0	0	0	0	0	0	0	0	0	0	0	0	0	0	0	0	0	0	0	0	0	0	0	0	0	0	0	0	0	0	0	0	0	0	0	0	0	0	0	0	0	0	0	0	0	0	0	0	0	0	0	0	0	0	0	0	0	0	0	0	0	0	0	0.129228781095675	0	0	0	0	0	0	0	0	0.00923062722111967	0.636913278257258	0	0	0	0	0	0	0	0	0	0	0	0	0	0	0	0	0	0	0	0	0	0	0	0	0	0	0	0	0	0	0	0	0	0	0	0	0.0692297041583976	0	0	0	0	0	0	0	0	0	0	0	0	0	0	0	0	0	0	0	0	0	0	0	0	0	0	0	0	0	0	0	0	0	0	0	0	0	0	0	0	0	0	0	0	0	0	0	0	0	0	0	0	0	0	0	0	0	0	0	0	0	0	0	0	0	0	0	0	0	0	0	0	0	0	0	0	0	0	0	0	0	0	0	0	0	0	0	0.0507684497161582	0	0	0	0	0	0	0	0	0	0	0	0	0	0	0	0	0	0	0	0	0	0	0	0	0	0	0	0	0	0	0	0	0	0	0	0	0	0	0	0	0	0	0	0	0	0	0	0	0	0	0	0	0	0	0	0	0	0	0	0	0	0	98.5923293487792	0	0	0	0	0	0	0	0	0	0	0	0	0	0	0	0	0	0	0	0	0	0	0	0	0	0	0	0	0	0	0	0.0876909586006369	0	0	0	0	0	0	0	0	0	0	0	0	0	0	0	0	0	0	0	0	0	0	0	0	0	0	0	0	0	0	0	0	0	0	0	0	0	0	0	0	0	0	0	0	0	0	0	0	0	0	0	0	0	0	0	0	0	0	0	0	0	0	0	0	0	0	0	0	0	0	0	0	0	0	0	0	0	0	0	0	0	0	0	0	0	0	0	0	0	0	0	0	0	0	0	0	0	0	0	0	0	0	0	0	0	0	0	0	0	0	0	0	0	0	0	0	0	0	0.0369225088844787	0	0	0	0	0	0	0	0	0	0	0	0	0	0	0	0	0	0	0	0	0	0	0	0	0	0	0	0	0	0	0	0	0	0	0	0	0	0	0	0	0	0	0	0	0	0	0	0	0	0	0	0	0	0	0	0	0	0	0	0	0	0	0	0	0	0	0.0599990769372779	0	0	0	0	0	0	0	0	0	0	0.0461531361055984	0	0	0	0	0	0	0	0	0	0	0	0	0	0	0	0	0	0	0	0	0	0	0	0	0	0	0	0	0	0	0	0	0	0	0	0	0	0	0	0	0	0	0	0	0	0	0	0	0	0	0	0	0	0	0	0	0	0	0	0	0	0	0	0	0	0	0	0	0	0	0	0	0	0	0	0	0	0	0	0	0	0	0	0	0	0	0	0	0	0	0	0	0	0	0	0	0	0	0	0	0	0	0	0	0	0	0	0	0	0	0	0	0	0	0	0	0	0	0	0	0	0	0	0	0	0	0	0	0	0	0	0	0	0	0	0	0.00461531361055984	0	0	0	0	0	0	0	0	0	0	0	0	0	0	0	0	0	0	0
ERR6650766	0	0	0	0	0	0	0	0	0	0	0	0	0	0	0	0	0	0	0	0	0	0	0	0	0	0	0	0	0	0	0	0	0	0	0	0	0	0	0	0	0	0	0	0	0.0643997939206594	0	0	0	0	0	0	0	0	0	0	0	0	0	0	0	0	0	0	0	0	0	0	0	0	0	0	0	0	0	0	0	0	0	0	0	0	0	0	0	0	0	0	0	0	0	0	0	0	0	0	0	0	0	0	0	0	0	0	0	0	0	0	0	0	0	0	0	0	0	0	0	0	0	0	0	0	0	0	0	0	0	0	0	0	0	0	0	0	0	0	0.109479649665121	0	0	0	0	0	0	0	0	0	0	0	0	0	0	0	0	0	0	0	0	0	0	0	0	0	0	0	0	0	0	0	0	0	0	0	0	0	0	0	0	0	0	0	0	0	0	0	0	0	0	0	0	0	0	0.109479649665121	0	0	0.00643997939206595	0	0	0	0	0	0	0	0	0	0	0.0643997939206594	0	0	0	0	0	0	0	0	0	0	0	0	0	0	0	0	0	0	0	0	0	0	0	0	0	0	0	0	0	0	0	0	0	0.0579598145285935	0	0	0	0	0	0	0	0	0	0	0	0	0	0	0	0	0	0	0	0	0	0	0	0	0	0	0	0	0	0	0.0128799587841319	0	0	0	0	0	0	0	0	0	0	0	0	0	0	0	0	0	0.0386398763523957	0	0	0	0	0	0	0	0	0	0	0	0	0	0	0	0	0	0	0	0	0.425038639876352	0.0386398763523957	0.0579598145285935	0	0	0	0	0	0	0	0	0	0	0	0	0	0	0	0	0	0	0	0	0	0	0	0	0	0	0	0	0	0	0	0	0	0	0	0	0	0	0	0	0	0	0	0	0	0	0	0	0	0	0	0	0	0	0	0	0	0	0	0	0	0	0	0	0	0	0	0	0	0	97.9778464708913	0	0	0	0	0	0	0	0	0	0	0	0	0	0	0	0	0	0	0	0	0	0	0	0	0	0	0	0	0	0	0	0	0	0	0	0	0	0	0	0	0	0	0	0	0	0	0	0	0	0	0	0	0	0	0	0	0	0	0	0	0	0	0	0	0	0	0	0	0	0	0	0	0	0	0	0	0	0	0	0	0	0	0	0.103039670273055	0	0	0	0	0	0	0	0	0	0	0	0	0	0	0	0	0	0.115919629057187	0	0	0	0	0	0	0	0	0	0	0	0	0	0	0	0	0	0	0	0	0	0	0	0	0	0	0	0.23827923750644	0	0	0	0	0	0	0	0	0	0	0	0	0.225399278722308	0	0	0	0	0	0	0	0	0	0	0	0	0	0	0	0	0	0	0	0	0	0	0	0	0	0	0	0	0	0	0	0	0	0	0	0	0	0	0	0	0	0	0	0	0	0	0	0	0	0	0	0	0	0	0	0	0	0	0	0	0	0	0	0	0	0	0	0	0	0	0	0	0	0	0	0	0	0	0	0	0	0	0	0	0	0	0	0	0	0	0	0	0	0	0	0	0	0	0	0	0	0	0	0	0	0	0	0	0	0	0	0	0	0	0	0	0	0	0	0	0	0	0	0	0	0	0	0	0	0	0	0	0	0	0	0	0	0	0	0	0	0	0	0	0	0	0.0450798557444616	0	0	0	0	0	0	0	0	0	0	0	0	0	0	0	0	0	0	0	0	0	0	0	0	0	0	0	0	0	0	0	0	0	0	0	0	0	0	0	0	0	0	0	0	0	0	0	0	0	0	0	0	0	0	0	0	0	0	0	0	0	0	0	0	0	0	0	0	0	0	0	0	0	0.231839258114374	0	0	0	0	0	0	0	0.0193199381761978	0	0	0	0	0	0	0	0	0	0	0	0	0.0579598145285935
ERR6650767	0	0	0	0	0	0	0	0	0	0	0	0	0	0	0	0	0	0	0	0	0.113597637169147	0	0	0	0	0	0	0	0	0	0	0	0	0	0	0	0	0	0	0	0	0	0	0	0.687265704873339	0	0	0	0	0	1.81188231284789	0	0	0	0	0	0	0	0	0	0	0	0	0	0	0	0	0	0	0	0	0	0	0.0227195274338294	0	0	0	0	0	0	0	0	0	0	0	0	0	0	0	0	0.465750312393502	0	0	0	0	0	0	0	0.25559468363058	0	0	0	0	0	0	0	0	0	0	0	0	0	0.715665114165625	0	0	0	0	0	0	0	0	0	0	0	0	0	0	0	0	0	0	0	0	0	0	0	0	0.017039645575372	0	0	0	0	0	0	0	0	0	0	0	0	0	0	0	0	0	0	0	0	0	0	0	0	0	0	0	0	0	0	0	0	0	0	0	0	0	0	0	0	0	0	0	0	0	0	0	0.0113597637169147	0	0	0	0	0.840622515051687	0	0	0.0340792911507441	0	0	0	0	0	0	0	0	0	0	0	0	0	0	0	0	0	0	0	0	0	0	0	0	0	0	0	0	0	0	0	0	0	0	0	0	0	0	0	0	0	0	0	0	0	0	0	0	0.72702487788254	0	0	0	0	0	0	0	0	0	0	0	0	0	0	0	0	0	0	0	0	0	0	0	0	0	0	0	0	0	0	0	0	0.0397591730092014	0	0	0	0	0	0	0	0	0	0	0	0	0	0	0	0	0	0	0	0	0	0	0	0	0	0	0	0	0	0	0	0	0	0	0	0	0	0	0	0	0	0	0	0.602067476996478	0	0	0	0	0	0	0	0	0	0	0	0	0	0	0	0	0	0	0	0	0	0	0	0	0	0	0	0	0	0	0	0	0	0	0	0	0	0	0.0908781097353175	0	0	0	0	0	0	0	0	0	0	0	0	0	0	0	0	0	0	0	0	0	0	26.5704873338635	0	0	0	0	0	0	0	0	0	0	0	0	0	0	0	0	0	0	0	0	0	0	0	0	0	0	0	0	0	0	0	0	0	0	0.414631375667386	0	0	0	0	0	0	0	0	0	0	0	0	0	0	0	0	0	0	0	0	0	0	0	0	0	0	0	0	0	0	0	0	0	0	0.19311598318755	0	0	0	0	0	0	0	0	0	0	0	0	0	0	0	1.2779734181529	0	0	0	0	0	0	0	0	0	0	0	0	0	0	0	0.64182665000568	0.391911848233557	0	0	0	0	0	0	0	0	0	0	0	0	0	0	0	0	0	0	0	0	0	0	0	0	0	0	1.25525389071907	0	0	0	0	0	0	0	0	0	0	0	0	0	0	0	0	0	0	0	0	0	0	0	0	0	0	0	0	0	0	0	0	0	0	0	0	0	0	0	0	0	0	0	0	0	0	0	0	0	0	0	0	0	0	0	0	0	0	0	0	0	0	0	0	0	0	0	0	0	0	0	0	0	0	0	20.7315687833693	0	0	0	0	0	0	0	0	0.249914801772123	0	0	0	0	0	0	0	0	0	0	0	0	0	0	0	0	0	0	0	0	0	0	0	0	0	0	0	0	0	0	0	0	0.198795865046007	0	0	0	0	0	0	0	0	0	0	0	0	0	0	0	0	0	0	0	0	0	0	0	0	0	0.0227195274338294	0	0	0	0	0	0	0	0	0	0	0	0	0	0	0	0	0	0	0	0	0	0	0	0	0	0	0	0	0	0	0	0	0	0	0	0	0	0	0	0	0	0.36351243894127	0	0	0.0567988185845734	0	0	0	0	0	0	0	0	0	0	0	0	0	0	0	0	0	0	0	0	0	0	0	0	0	0	0.335113029648983	0	0	0	0	0	0	0	0	0	0	0	0	0.0397591730092014	0	0	0	0	0	0	0	0	0	0	0	0	36.4648415312962	0	0	0	0	0	0	0	0	0	0	0	0	4.35646938543678
ERR6650768	0	0	0	0	0	0	0	0	0	0	0	0	0	0	0	0	0	0	0	0	0	0	0	0	0	0	0	0	0	0	0	0	0	0	0	0	0	0	0	0	0	0	0	0	0.0450382825401591	0	0	0	0	0	0	0	0	0	0	0	0	0	0	0	0	0	0	0	0	0	0	0	0	0	0	0	0	0	0	0	0	0	0	0	0	0	0	0	0	0	0	0	0	0	0	0	0	0	0	0	0	0	0	0	0	0	0	0	0	0	0	0	0	0	0	0	0	0	0	0	0	0	0	0	0	0	0	0	0	0	0	0	0	0	0	0	0	0	0	0	0	0	0	0	0	0.245208427163089	0	0	0	0	0	0	0	0.0500425361557324	0	0	0	0	0	0	0	0	0	0	0	0	0	0	0	0	0	0	0	0	0	0	0	0	0	0	0	0	0	0	0	0	0	0	0	0	0	0	0	0	0	0	0	0	0	0	0	0	0	0	0	0	0	0	0	0	0	0	0	0	0	0	0	0	0	0	0	0	0	0	0	0	0	0	0	0	0	0	0	0	0	0	0	0	0	0	0	0	0	0	0	0	0	0	0	0	0	0	0	0	0	0	0	0	0	0	0	0	0	0	0	0	0	0	0	0	0	0	0	0	0	0	0	0	0	0	0	0	0	0	0	0	0	0	0	0	0	0	0	0	0	0	0	0	0	0	0	0	0	0	0	0	0	0	0	0	0	0	0	0	0	0	0	0	0	0	0	0	0	0	0	0	0	0	0	0	0	0	0	0	0	0	0	0	0	0	0	0	0	0	0	0	0	0	0	0	0	0	0	0	0	0	0	0	0	0	0	0	0	0	0	0	0	0	0	0	0	0	0	0	0	0	0	0	0	0	0	0	0	0	0	99.4795576239804	0	0	0	0	0	0	0	0	0	0	0	0	0	0	0	0	0	0	0	0	0	0	0	0	0	0	0	0	0	0	0	0	0	0	0	0	0	0	0	0	0	0	0	0	0	0	0	0.0100085072311465	0	0	0	0	0	0	0.020017014462293	0	0	0	0	0	0	0	0	0	0	0	0	0	0	0	0	0	0	0	0	0	0	0	0	0	0	0	0	0	0	0	0	0	0	0	0	0	0	0	0	0	0	0	0	0	0	0	0	0	0	0	0	0	0	0	0	0	0	0	0	0	0	0	0	0	0	0	0	0	0	0	0	0	0	0.100085072311465	0	0	0	0	0	0	0	0	0	0	0	0	0	0	0	0	0	0	0	0	0	0	0	0	0	0	0	0	0	0	0	0	0	0	0	0	0	0	0	0	0	0	0	0	0	0	0	0	0	0	0	0	0	0	0	0	0	0	0	0	0	0	0	0	0	0	0	0	0	0	0	0	0	0	0	0	0	0	0	0	0	0	0	0	0	0	0	0	0	0	0	0	0	0	0	0	0	0	0.00500425361557324	0	0	0	0	0	0	0	0	0	0	0	0	0	0	0	0	0	0	0	0	0	0	0	0	0	0	0	0	0	0	0	0	0	0	0	0	0	0	0	0	0	0	0	0	0	0	0	0	0	0	0	0	0.0400340289245859	0	0	0	0	0	0	0	0	0	0	0	0	0	0	0	0	0	0	0	0	0	0	0	0	0	0	0	0	0	0	0	0	0	0	0	0	0	0	0	0	0	0	0	0	0	0	0	0	0	0	0	0	0	0	0	0	0	0	0	0	0	0	0	0	0	0	0	0	0	0	0	0	0	0	0	0	0	0	0	0	0	0	0	0	0	0	0	0	0	0.00500425361557324	0	0	0	0	0	0	0	0	0	0	0	0	0
ERR6650769	0	0	0	0	0	0	0	0	0	0	0	0	0	0	0	0	0	0	0	0	0.149772666488366	0	0	0	0	0	0	0	0	0	0	0	0	0	0	0	0	0	0	0	0	0	0	0	0.454667023268254	0	0	0	0	0	0.0267451190157796	0	0	0	0	0	0	0	0	0	0	0	0	0	0	0	0	0	0	0	0	0	0	0	0	0	0	0.358384594811447	0	0	0	0	0	0	0	0	0	0	0	0	0	0	0	0	0	0	0	0	0.700722118213426	0	0	0	0	0	0	0	0	0	0	0	0	0	0	0	0	0	0	0	0	0	0	0	0	0	0	0	0	0	0	0	0	0	0	0	0	0.128376571275742	0	0.14442364268521	0	0	0	0	0	0	0	0	0	0	0	0	0	0	0	0	0	0	0	0	0	0	0	0	0	0	0	0	0	0	0	0	0	0	0	0	0	0	0	0	0	0	0	0	0	0	0	0	0	0	0	0	0	0	0	0	0	0	0	0	0	0	0	0	0	0	0	0	0	0	0	0	0	0	0	0	0	0	0	0	0	0	0	0	0	0	0	0	0	0	0	0	0	0	0	0	0	0	0	0	0	0	0	0	0	0	0	0	0	0	0	0	0	0	0	0	0	0	0	0	0	0	0	0	0	0	0.00534902380315592	0	0	0	0	0	0	0	0	0	0	0	0	0	0	0	0	0	0	0	0	0	0	0.0106980476063118	0	0	0	0	0	0	0	0	0	0	0	0	0	0	0	0	0	0	0	0	0	0	0	0	0	0	0	0	0	0.00534902380315592	0.128376571275742	0.00534902380315592	0	0	0	0	0	0	0	0	0	0	0	0	0	0	0	0	0	0	0	0	0	0	0	0	0	0	0	0	0	0	0	0	0	0	0	0	0	0	0	0	0	0	0	0	0	0	0	0	0	0	0	0	0	0	0.513506285102969	0.123027547472586	0	0	0	0	0	93.7309441027013	0	0	0	0	0	0	0	0	0	0	0	0	0	0	0	0	0	0	0	0	0	0	0	0	0	0	0	0	0	0	0	0	0	0	0	0	0	0	0	0	0	0	0	0	0	0	0	0.556298475528216	0	0	0	0	0	0	0	0	0	0	0	0	0	0	0	0	0	0	0	0	0	0	0	0	0	0	0	0	0	0	0	0	0	0	0	0	0	0	0	0	0	0	0	0	0	0	0	0	0	0	0	0	0	0.561647499331372	0	0	0	0.208611928323081	0	0	0	0	0	0	0	0	0	0	0	0	0	0	0.0374431666220915	0	0	0	0	0	0	0	0	0.235357047338861	0	0	0	0	0	0	0	0	0	0	0	0	0	0	0	0	0	0	0	0	0.0427921904252474	0	0	0	0	0	0	0	0	0	0	0	0	0	0	0	0	0	0	0	0	0	0	0	0	0	0	0	0	0	0	0	0	0	0	0	0	0	0	0	0	0	0	0	0	0	0	0	0	0	0	0	0	0	0	0	0	0	0	0	0	0	0	0	0	0	0	0	0	0	0	0	0	0	0	0	0	0	0.620486761166087	0	0	0	0	0	0	0	0	0	0	0	0	0	0	0	0	0	0	0	0	0	0	0	0	0	0	0	0	0	0	0	0	0	0	0	0	0	0	0	0	0	0	0	0.133725595078898	0	0	0	0	0	0	0	0	0.160470714094678	0	0	0	0	0	0	0	0	0	0	0	0	0	0	0	0	0	0	0	0	0	0	0	0	0	0	0	0	0	0	0	0	0	0.101631452259963	0	0	0	0	0	0	0	0	0	0	0.26210216635464	0	0	0	0	0	0	0	0	0	0	0	0	0	0.101631452259963	0	0	0	0	0	0	0	0	0	0	0	0	0	0	0	0	0	0	0	0	0	0	0	0	0	0	0	0	0	0	0.00534902380315592	0	0	0	0	0	0	0	0	0	0	0	0	0.486761166087189
ERR6650773	0	0	0	0	0	0	0	0	0	0	0	0	0	0	0	2.06991325259813	0	0	0	0	0.244782272610152	0	0	0	0	0	0	0	0	0	0	0	0	0	0.420853731856051	0	0	0	0	0	0	0	0	0	0.837413037876836	0	0	0	0	0	0	0	0	0	0	0	0	0	0	0	0	0.107360645881646	0	0	0	0	0	0	0	0	0	0	0	0	0	0	0	0	0	0	0	0	0	0	0	0	0	0	0	0	0.901829425405823	0	0	0	0	0	0	0	0	0	0	0	0	0	0	0	0	0	0	0	0	0.261959975951215	0	0	0	0	0	0	0	0	0	0	0	0	0	0	0	0	0	0	0	0	0	0	0	0.163188181740101	0	0	0	0	0	0	0	0	0	0	0	0	0	0	0	0	0	0	0	0	0	0	0	0	0	0	0	0	0	0	0	0	0	0	0	0	0	0	0	0	0	0	0	0	0	0	0	0	0	0	0	0	0	0	0	0	0	0.519625526067165	0	0	0	0	0	0	0	0.54539208107876	0	0	0.120243923387443	0	0	0	0	0	0	0	0	0	0	0	0	0	0	0	0	0	0	0	0	0	0	0	0	0	0	0	0	0	0	0	0	0	0	0	0	0	0	0	0	0	0	0	0.957656961264279	0	0	0	0	0	0	0	0.339259640986	0	0	0	0	0	0	0	0	0	0	0	0	0	0	0	0	0	0	1.49016576483724	0	0	0	0	0	0	0	0	0	0	0	0	0	0	0	0	0	0	0	0	0	0	0	0	0	0	0	0	0	0	0	0	0	0	0.115949497552177	0	0	0	0	0	0	1.11225629133385	0	0	0	0	0	0	0	0	0	0	0	0	0.313493085974405	0	0	0	0	0	0	0	0	0	0	0	0	0	0	0	0	0.438031435197114	0	0	0	0	0	0	0	0	0	0	0	0	0	0	0	0	0	0	0	0	0	0	0	0	0	0	0	0	0	0	0	0	0	81.4008417074637	0	0	0	0	0	0	0	0	0	0	0	0	0	0	0	0	0.00429442583526583	0	0	0	0	0	0	0	0	0	0	0	0	0	0	0	0	0	0	0	0	0	0	0	0	0	0	0	0	0	0	0	0	0	0	1.91531392252856	0	0	0	0	0	0	0	0	0	0	0	0	0	0	0	0	0	0	0	0	0	0	0	0	0	0	0	0	0	0	0	0	0	0	0	0	0	0	0	0	0	0	0	0	0	0	0	0	0	0.124538349222709	0.0343554066821266	0	0	0	0	0	0	0	0	0	0	0	0	0	0	0	0	0	0	0	0	0	0	0	0	0	0	1.357038563944	0	0	0	0	0	0	0	0	0	0	0	0	0	0	0	0	0	0	0	0	0	0	0	0	0	0	0	0	0	0	0	0	0	0	0	0	0	0	0	0	0	0	0	0	0	0	0	0	0	0	0	0	0	0	0	0	0	0	0	0	0	0	0	0	0	0	0	0	0	0	0	0	0	0	0	0	0	0	0	0	0	0	0	0	0	0	0	0	0	0	0	0	0	0	0	0	0	0	0.141716052563772	0	0	0	0	0	0	0	0	0	0	0	0	0	0	0	0	0	0	0.257665550115949	0	0	0	0	0	0	0	0	0	0	0	0	0	0	0.00429442583526583	0	0	0.073005239199519	0	0	0	0	0	0	0	0	0	0	0	0	0	0	0	0	0	0	0	0	0	0	0	0.0343554066821266	0	0	0	0	0	0	0	0	0	0	0	0	0	0	0	0	0	0	0	0	0	0	0	0	0	0.622691746113545	0	0	0	0	0	0	0	0	0	0	0	0	0	0	0	0	0	0	0	0	0	0	0	0	0	0	0	0	0	0	0	0	0	0	0	0	0	0	0	0	0	0	0	0	0	0	0	0.188954736751696	0	0	0	0	0	0	0	0	0	0	0	0	0	0	0	0	0	0	0	0	2.88155973546337
ERR6650774	0	0	0	0	0	0	0	0	0	0	0	0	0	0	0	0	0	0	0	0	0	0	0	0	0	0	0	0	0	0	0	0	0	0.124261335395151	0	0	0	0	0	0	0	0	0	0	0.104931794333683	0	0	0	0	0	0.149113602474181	0	0	0	0	0	0	0	0	0	0	0	0	0	0	0	0	0	0	0	0	0	0	0	0	0	0	0	0	0	0	0	0	0	0	0	0	0	0	0	0	0	0	0	0	0	0	0	0	0	0	0	0	0	0	0	0	0	0	0	0	0	0	0	0	0	0	0	0	0	0	0	0	0	0	0	0	0	0	0	0	0	0	0	0	0.541227149721102	0	0	0	0	0	0	0	0	0	0	0	0	0	0	0	0	0	0	0	0	0	0	0	0	0	0	0	0	0	0.0331363561053736	0	0	0	0	0	0	0	0	0	0	0	0.0082840890263434	0	0	0	0	0	0.0524658971668416	0	0.358977191141547	0	0	0	0	0	0	0	0.530181697685978	0	0	0	0	0	0	0	0	0	0	0	0	0	0	0	0	0	0	0	0	0	0	0	0	0	0	0	0	0	0	0	0	0	0	0	0	0	0	0	0	0	0	0	0	0	0	0	0	0	0	0	0	0	0	0	0	0	0	0	0	0	0	0	0	0	0	0	0	0	0	0	0	0	0	0	0	0	0	0	0	0	0	0	0	0	0	0	0	0	0	0	0	0	0	0	0	0	0	0	0	0	0	0	0	0	0	0	0	0	0	0	0	0	0	0	0	0	0	0	0	0	0	0	0	0	0	0	0	0	0	0	0	0	0	0	0	0	0	0	0	0	0	0	0	0	0	0	0	0	0	0	0	0	0	0	0	0	0	0	0	0	0	0	0	0	0	0	0	0	0	0	0	0	0	0	0	0	0	0	0	0	0	0	0	0	0	0	96.4847848898216	0	0	0	0	0	0	0	0	0	0	0	0	0	0	0	0	0	0	0	0	0	0	0	0	0	0	0	0	0	0	0	0	0	0	0	0	0.0690340752195284	0	0	0	0	0	0	0	0	0	0	0	0	0	0	0.104931794333683	0	0	0	0	0	0	0	0	0	0	0	0	0	0	0	0	0	0	0	0.187772684597117	0	0	0	0	0	0	0	0	0	0	0	0	0	0	0	0	0	0	0	0	0	0	0	0	0	0	0	0	0	0.0773181642458718	0	0	0	0	0	0	0	0	0	0	0	0	0	0	0	0	0	0	0	0	0	0	0	0	0	0	0	0	0	0	0	0	0	0	0	0	0	0	0	0	0	0	0	0	0	0	0	0	0	0	0	0	0	0	0	0	0	0	0	0	0	0	0	0	0	0	0	0	0	0.328602198044955	0	0	0	0	0	0	0	0	0	0	0	0	0	0	0	0	0	0	0	0	0	0	0	0	0	0	0	0	0	0	0	0	0	0	0	0	0	0	0	0	0	0	0	0	0	0	0	0	0	0	0	0	0	0	0	0	0	0	0	0	0	0	0	0	0	0	0	0	0	0	0	0	0	0	0	0	0	0	0	0	0	0	0	0	0	0	0	0	0	0	0.245761307781521	0	0	0	0	0	0	0	0	0	0	0	0	0	0	0	0	0	0	0	0	0.0165681780526868	0	0	0	0	0	0	0	0	0	0	0	0.220909040702491	0	0	0	0	0	0	0	0	0	0	0	0	0	0	0	0	0	0	0	0	0	0	0	0	0	0	0	0	0	0	0	0	0	0	0	0	0	0	0	0	0	0	0	0	0	0	0	0	0	0	0	0	0	0	0	0	0	0	0	0	0	0	0	0	0	0	0	0	0	0	0	0	0	0	0	0	0	0	0	0	0	0	0	0	0	0	0	0	0.361738554150329
ERR6650776	0	0	0	0	0	0	0	0	0	0	0	0	0	0	0	0	0	0	0	0	0	0	0	0	0	0	0	0	0	0	0	0	0	0	0	0	0	0	0	0	0	0	0	0	0	0	0	0	0	0	0.00336961283148566	0	0	0	0	0	0	0	0	0	0	0	0	0	0	0	0	0	0	0	0	0	0	0	0	0	0	0	0	0	0	0	0	0	0.185328705731711	0	0	0	0	0	0	0	0	0	0	0	0	0	0	0	0	0	0	0	0	0	0	0	0	0	0	0	0	0	0	0	0	0	0	0	0	0	0	0	0	0	0	0	0	0	0	0	0	0	0	0.0572834181352563	0	0	0	0	0	0	0	0	0	0	0	0	0	0	0	0	0	0	0	0	0	0	0	0	0	0	0.111197223439027	0	0	0	0	0	0	0	0	0	0	0	0	0	0	0	0	0	0	0	0	0	0	0.0876099336186272	0	0	0	0	0	0	0	0.0842403207871416	0	0	0	0	0	0	0	0	0	0	0	0	0	0	0	0	0	0	0	0	0	0	0	0	0	0	0	0	0	0	0	0	0	0	0	0	0	0	0	0	0	0	1.18947332951444	0	0	0	0	0	0	0	0	0	0	0.0707618694611989	0	0	0	0	0	0	0	0	0	0	0	0	0	0	0	0	0	0	0	0	0	0	0	0	0	0	0	0	0	0	0	0	0	0	0	0	0	0	0	0	0	0	0	0.0471745796407993	0	0	0	0	0	0	0	0	0	0	0	0	0	0	0	0	0	0	0	0	0	0	0	0	0	0	0	0	0	0	0	0	0	0	0	0	0	0	0	0.0741314822926846	0	0	0	0	0	0	0	0	0	0	0	0	0	0	0	0	0	0	0	0	0	0	0	0	0	0	0	0	0	0	0	0	0	0	0	0	0	0	0	0	0	0	0	0	0	0	0	0	0	94.4064426997338	0	0	0	0	0	0	0	0	0	0	0	0	0	0	0	0	0	0	0	0	0	0	0	0	0	0	0	0	0	0	0	0	0	0	0	0	0	0	0	0	0	0	0	0	0	0	0	0.141523738922398	0	0	0	0	0	0	0	0	0	0	0	0	0	0	0	0	0	0	0	0	0	0	0	0.0168480641574283	0	0	0	0	0	0	0	0	0	0	0	0	0	0	0	0	0	0	0	0	0	0	0	0	0	0	0	0	0	0.121306061933484	0	0	0	0	0	0	0	0	0	0	0	0	0	0	0	0	0	0	0	0	0	0	0	0	0	0	0	0	0	0	0	0	0	0.0168480641574283	0	0	0	0	0	0	0	0	0.00673922566297132	0	0	0	0	0	0	0	0	0	0	0	0	0	0	0	0	0	0	0	0	0	0	0	0	0	0	0	0	0	0	0	0	0	0	0	0	0	0	0	0	0	0	0	0	0	0	0	0	0	0	0	0	0	0	0	0	0	0	0	0	0	0	0	0	0	0	0	0	0	0	0	0	0	0	0	0	0	0	0	0	0	0	0	0.00673922566297132	0	0	0	0	0	0	0	0	0	0	0	0	0	0	0	0	0	0	0	0	0	0	0	0	0	0	0.0606530309667419	0	0	0	0	0	0	0	0	0	0.0572834181352563	0	0	0	0	0	0	0	0.0168480641574283	0	0	0	0	0	0	0	0	0	0.00336961283148566	0	0	0	0	0	0.0269569026518853	0	0	0	0	0	0	0	0	0	0	0	0	0	0	0	0	0	0	0	0	0	0	0	0	0	0	0	0	0	0	0	0	0	0	0	0	0	0	0	0	0	0	0	0	0	0	0	1.34784513259426	0	0	0	0	0	0	0	0	0	0	0	0	0	0	0	0	0	0	0	0	0	0	0	0	0	0.488593860565421	0	0	0	0	0	0	0	0	0	0	0	0	0	0	0	0	0	0	0	0	1.37143242241466
ERR6650777	0	0	0	0	0	0	0	0	0	0	0	0	0	0	0	0	0	0	0	0.329097083639674	0	0	0.161047509015159	0	0.0770227217029024	0	0	0	0	0	0	0	0	0.297587788397577	0.234569197913384	0	0	0	0	0	0	0	0	0	1.76802156636208	0	0.0770227217029024	0	0.0525154920701607	0	0.0455134264608059	0	0	0	0	0	0	0	0.122536148163708	0	0	0	0	0	0	0	0	0	0	0	0	0	0	0.073521688898225	0	0	0	0.36060637888177	0	0	0	0.42712600217064	0	0	0.168049574624514	0.192556804257256	0	0	0	0	0	0.073521688898225	0	0	0	0	0	0	0	0	0.0455134264608059	0.448132198998705	0	0	0	0	0	0	0	0	0	0.154045443405805	0.136540279382418	0	0	0	0	0	0	0	0	0	0	0	0	0	0	0	0	0	0	0	0	0	0	1.02580261177047	0	0.0875258201169345	0	0	0	0.945278857262893	0	0	0	0	0	0	0	0.857753037145958	0	0	0	0	0	0	0	0	0	0.0210061968280643	0	0	0.0210061968280643	0	0.073521688898225	0	0	0	0	0	0	0	0	0.0770227217029024	0	0.108532016944999	0.0630185904841928	0	0.22756713230403	0	0	0.0105030984140321	0	0.2940867555929	0	0.36060637888177	0.126037180968386	0	0	0	0	0	0	0.385113608514512	0	0	0	0	0	0	0	0.157546476210482	0	0	0.553163183139026	0	0	0	0	0	0	0	0	0	0	0	0	0	0	0	0	0	0	0.00700206560935476	0	0	0	0	0	0	0.0910268529216119	0	0	0	0	0	0	0	0	0	0	0	0.451633231803382	0	0	0	0	0	0.0665196232888702	0	0	0	0	0.0105030984140321	0	0	0.164548541819837	0	0	0	0	0	0	0.0945278857262893	0	0.154045443405805	0	0	0.00700206560935476	0	0	0	0	0	0	0.192556804257256	0	0	0	0	0	0	0	0	0	0	0	0.637187970451283	0	0	0	0	0	0	0	0	0	0	0	0	0	0	0	0	0	0	0	0	0	0	0.112033049749676	0.857753037145958	0	0	0	0	0	0.0175051640233869	0	0	0	0	0	0	0	0	0	0	0	0	0	0	0	0	0.0805237545075797	0	0	0	0	0	0	0	0	0	0	0	0	0	0	0	0	0	0	0.301088821202255	0	0	0	0.028008262437419	0	0.175051640233869	0	0	0	0	0	0	0	0	0	0	0	0	0	0.122536148163708	0	0	0.192556804257256	0	0	0	0	75.7588488604138	0.028008262437419	0	0	0	0	0	0	0	0	0	0	0	0.0175051640233869	0	0	0	0.0315092952420964	0	0.0175051640233869	0	0	0	0	0	0	0	0	0	0	0	0	0	0	0.00350103280467738	0.350103280467738	0	0	0.0525154920701607	0	0	0	0	0	0	0	0	0.00350103280467738	0.21356300108532	0	0	0	0	0	0	0	0	0	0	0	0	0	0	0	0	0	0	0	0	0	0	0	0.00700206560935476	0.0210061968280643	0	0	0	0	0	0	0	0.0875258201169345	0	0	0	0	0	0	0	0	0	0	0	0	0	0	0	0	0	0	0	0	0.595175576795155	0.847249938731926	0	0	0	0	0	0	0	0	0	0	0	0	0	0	0.0945278857262893	0	0	0.122536148163708	0	0	0	0	0	0	0	0.0490144592654833	0.0700206560935476	0	0	0.0630185904841928	0	0	0	0	0	0.0630185904841928	0	0	0	0	0	0.290585722788223	0	0	0	0	0	0	0	0	0	0.00700206560935476	0	0	0	0	0	0	0	0	0	0	0	0	0	0	0	0	0.549662150334349	0.37461051010048	0	0	0	0	0	0	0	0	0	0	0	0	0	0	0	0	0	0	0	0	0	0	0	0	0	0	0	0	0	0	0	0	0.266078493155481	0	0	0	0	0	0	0	0	0.535658019115639	0	0	0.238070230718062	0	0.0840247873122571	0	0	0	0	0	0.0945278857262893	0	0	0.0910268529216119	0	0	0	0	0	0	0	0	0	0	0	0	0	0	0	0	0	0	0.0525154920701607	0	0	0	0	0	0	0.115534082554354	0.0945278857262893	0	0	0	0	0	0	0.126037180968386	0	0.0315092952420964	0	0	0	0	0	0	0	0	0.234569197913384	0	0	0	0	0	0	0	0.343101214858383	0	0.115534082554354	0	0	0	0	0	0.220565066694675	0	0	0.0175051640233869	0	0	0	0	0	0	0	0	0.0420123936561286	0	0	0	0	0	0	0	0.028008262437419	0	0	0	0	0	0.245072296327417	0	0	0	0	0	0	0	0	0	0	0	0	0	0	0	0	0	0	0	0	0	0.0245072296327417	0	0	0	0	0	0	0	1.03980674298918	0	0	0	0	0	0	0	0	0	0	0	0	0.028008262437419	0	0	0	0	1.03280467737983	0	0	0	0	0	0.129538213773063	0	0	0	0	0	0	0	0	0	0	0	0	0	0	0.647691068865315
ERR6650779	0	0	0	0	0	0	0	0	0	0	0	0	0	0	0	0	0	0	0	0	0	0	0	0	0	0	0	0	0	0	0	0	0	0	0	0	0	0	0	0	0	0	0	0	1.05176888403224	0	0	0	0	0	0.0068296680781314	0	0	0	0	0	0	0	0	0	0	0	0	0	0	1.60497199836088	0	0	0	0	0	0	0	0.0136593361562628	0	0	0	0	0	0	0	0.0887856850157082	0	0	0	0	0	0	0	0	0	0	0	0	0	0	0	0	0.553203114328644	0	0	0	0	0	0	0	0	0	0	0	0	0	0	0	0	0	0	0	0	0	0	0	0	0	0	0	0	0	0	0	0	0	0	0	0	1.18836224559486	0	0.0136593361562628	0	0	0	0.0546373446250512	0	0	0	0	0	0	0	0	0	0	0	0	0	0	0	0	0	0	0	0	0	0	0	0	0	0	0	0	0	0	0	0	0.737604152438192	0	0	0	0	0	0	0	0	0	0	0	0	0	0	0	0.669307471656878	0	0	0.601010790875564	0	0	0	0	0	0	0	0	0	0	0	0	0	0	0	0	0	0	0	0	0	0	0	0	0	0	0	0	0	0	0	0	0	0	0	0	0	0	0	0	0	0	0	0	0	0	0	0	0.0887856850157082	0	0	0	0	0	0	0	0	0	0	0	0	0	0	0	0	0	0	0	0	0	0	0	0	0	0	0	0	0	0	0	0	0	0	0	0	0	0	0	0	0	0	0	0	0	0	0	0	0	0	0	0	0	0	0	0	0	0	0	0	0	0	0	0	0	0	0	0	0	0	0	0	0	0	0	0	0	0	0	0	0	0	0	0	0	0	0	0.109274689250102	0	0	0	0	0	0	0	0	0	0	0	0	0	0	0	0	0	0	0	0	0	0	0	0	0	0	0	0	0	0	0	0	0	0	0	0	0	0	0	0	0	0	0	0	0.184401038109548	0	0	0	0	0	75.8912716841962	0	0	0	0	0	0	0	0	0	0	0	0	0	0	0	0	0	0	0	0	0	0	0	0	0	0	0	0	0	0	0	0.423439420844147	0	0.0409780084687884	0	0	0	0	0	0	0	0	0	0	0	0	0.614670127031826	0	0	0	0	0	0	0	0	0	0	0.252697718890862	0	0	0	0	0	0	0	0	0	0	0	0	0	2.72503756317443	0	0	0	0	0	0	0	0	0	0	0	0	0	0	0	0	0	0	0	0	0	0	0	0	0	0	0	0	0	0.0204890042343942	0	0	0	0	0	0	0	0	0	0	0	0	0	0	0	0.314164731594045	0	0	1.09957656057916	0	0	0	0	0	0	0	0	1.01762054364158	0	0	0	0	0	0	0	0	0	0	0	0	0	0	0	0	0	0	0	0	0	0	0	0	0	0	0	0	0	0	0	0	0	0	0	0	0	0	0	0	0	0.0478076765469198	0	0	0	0	0	0	0	0	0	0	0	0	0	0	0	0	0	0	0	0	0	0	1.22934025406365	0	0	0	0	0	0	0	0	0	0	0	0	0	0	0	0	0	0	0	0	0	0	0	0	0	0	0	0	0	0	0	0	0	0.0068296680781314	0	0	0	0	0	0	0	0	0	0	0	0	0	0	0	0	0	0	0	0	0	0	0	0	0	0	2.42453216773665	0	0	0	0	0	0	0	0	0	0.0478076765469198	0	0	0	0	0	0	0	0	0	0	0	0	0	0	0	0	0	0	0	0	0	0	0	0.491736101625461	0	0	0	0	0	1.57082365797022	0	0	0	0	0	0	0	0	0	0	0	0	0	0	0	0	0	0	0	0	0	0	0	0	0	0	0	0	0	0	0	0	0	0	0	0	0	0	0	0	0	0	0	0	0	0	0	0	0	0	0	0	0	0	0	0	0	0	0	0	0	0	0	0	0	0	0	0	0	0	0	0	0	0	0	0	0	0	0	0	0	0	0	0	0	0	0	0	4.81491599508264
ERR6650780	0	0	0	0	0	0	0	0	0	0	0	0	0	0	0	0	0	0	0	0	0	0	0	0	0.0398969932175112	0	0	0	0	0	0	0	0	1.24043378912626	0	0	0	0	0	0	0	0	0	0	0	0	0	0	0	0	0.0145079975336404	0	0	0	0	0	0	0	0	0	0	0	0	0	0	0	0	0	0	0	0	0	0	0	0	0	0	0	0	0	0	0	0	0	0.0181349969170505	0	0	0	0	0	0	0	0	0	0	0	0	0	0.163214972253455	0	0	0	0	0	0	0	0	0	0	0	0	0	0	0	0	0	0	0	0	0	0.0652859889013819	0	0	0	0	0	0	0	0	0	0	0	0	0	0	0.126944978419354	0	0.0108809981502303	0	0	0	0.0145079975336404	0	0	0	0	0	0	0	0	0	0	0	0	0	0	0	0	0	0	0	0	0	0	0	0	0	0	0	0	0	0	0	0	0	0	0	0	0	0	0	0	0	0	0	0	0	0.0471509919843314	0	0	0	0	0	0	0	0	0	0	0	0	0	0.645605890246999	0	0	0.0326429944506909	0	0	0	0	0	0	0	0	0	0	0	0	0	0	0	0	0	0	0	0	0	0	0	0	0	0	0	0	0	0	0	0	0	0	0	0	0	0	0	0	0	0	0	0	0	0	0	0	0	0	0	0	0	0	0	0	0	0	0	0	0	0	0	0	0	0	0	0	0	0	0	0	0	0	0	0	0	0	0	0	0	0	0	0	0	0	0	0	0	0	0	0	0	0	0	0	0	0	0	0	0	0	0	0	0	0	0.036269993834101	0	0	0	0	0	0	0.0797939864350223	0	0	0	0	0	0	0	0	0	0	0	0	0	0	0	0.0181349969170505	0	0	0	0	0	0	0	0	0	0	0	0	0	0	0.0145079975336404	0	0	0	0	0	0	0	0	0	0	0	0	0	0	0	0	0	0	0	0	0	0	0	0	0	0	0	0	0	0	0	92.0532443509485	0	0	0	0	0	0	0	0	0	0	0	0	0	0	0	0	0	0	0	0	0	0	0	0	0	0	0	0	0	0	0	0	0	0.105182982118893	0	0	0	0	0	0	0	0	0	0	0	0	0	0	0	0	0	0.0036269993834101	0	0	0	0	0	0	0	0	0	0	0	0	0	0	0	0	0	0	0	0	0	0	0	0	0	0	0	0	0	0	0	0	0	0	0	0	0	0	0	0	0	0	0	0	0	0	0	0	0	0.116063980269123	0	0	0	0	0	0	0	0	0	0	0	0	0	0	0	0	0	0	0	0	0	0	0	0	0	0	0	0	0	0	0	0	0	0	0	0	0	0	0	0	0	0	0	0	0	0	0	0	0	0	0	0	0	0	0	0	0	0.0616589895179718	0	0	0	0	0	0	0	0	0	0	0	0	0	0	0	0	0	0	0	0	0	0	0	0	0	0	0	0	0	0	0	0	0	0	0	0	0	0	0	0	0	0	0	0	0	0	0	0	0	0	0	0	0	0	0	0	0	0	0	0	0	0	0	0	0	0	0	0	0.0471509919843314	0	0	0	0	0	0	0	0	0	0	0	0	0	0	0	0	0	0	0	0	0	0	0	0	0	0	0.0725399876682021	0	0	0	0	0	0	0	0	0	0	0	0	0	0	0	0	0	0.0507779913677415	0	0	0	0	0	0	0	0.221246962388016	0	4.69696420151609	0	0	0	0	0	0	0	0	0	0	0	0	0	0	0	0	0	0	0	0	0	0	0	0	0	0	0	0	0	0	0	0	0	0	0	0	0	0	0	0	0	0	0	0	0	0	0	0	0	0	0	0	0	0	0	0	0	0	0	0	0	0	0	0	0	0	0	0	0	0	0	0	0	0	0.0036269993834101	0	0	0	0	0	0	0	0	0	0	0	0	0	0	0	0	0	0	0	0	0	0	0	0	0	0
ERR6650783	0	0	0	0	0	0	0	0	0	0	0	0	0	0	0	0	0	0	0	0	0	0	0	0	0	0	0	0	0	0	0	0	0	0	0	0	0	0	0	0	0	0	0	0	0.703594156135162	0	0.734964596217621	0	0	0	0.501927041319351	0	0	0	0	0	0	0	0	0	0	0	0	0	0	0	0	0	0	0	0	0	0	1.20552119745451	0	0	0	0	0	0	0	0.143407726091243	0	0	0	0	0	0	0	0	0	0	0	0	0	0	0	0	2.76956171013713	0	0	0	0	0	0	0	0	0	0	0	0	0	0	0	0	0	0	0	0	0	0	0	0	0	0	0	0	0	0	0	0	0	0	0	0	0	0	0	0	0	0	0	0	0	0	0	0	0	0	0	0	0	0	0	0.0717038630456216	0	0	0	0	0	0	0	0	0	0	0	0	0	0	0	0	0	0	0	0	0	0	0	0	0	0	0	0	0.542260464282513	0	0.318185892264946	0	0	0	0	0	0	0	0.147889217531595	0	0	0	0	0	0	0	0	0	0	1.91807833647038	0	0	0	0	0	0	0	0	0	0	0	0	0	0	0	0	0	0	0	0	0	0	0	0	0	0.0089629828807027	0	0	0	0	0	0	0	0	0	0	0	0.255445012100027	0	0	0	0	0	0.672223716052702	0	0	0	0.0448149144035135	0	0	0	1.43407726091243	0	0	0	0	0	0	0	0	0	0	0	7.25553464192883	0	0	0	0.206148606256162	0	0	0	0	0	0	0	0	0	0	0	0	0	0	0	0	0	0	0	0	0	0	0	0	0	0	0	0	0	0	0	0	0	0	0	0	0	0	0	0.121000268889486	0	0	0	0	1.35789190642646	0	0	0	0	0	0	0	0	0	0	0	0	0	0	0	0	0	0	0	0	0	0	0	0	0	0	0	0	0	0	0	0	0	0	0	0	0	0	0	0.174778166173703	0	0	0	0	0	0	0	0	0	0	0	0	0	0	0	0	0	0	0	0	0	0	0	58.698574885722	0	0	0	0	0	0	0.089629828807027	0	0	0	0	0	0	0.475038092677243	0	0	0	0	0	0	0	0	0	0	0	0	0	0	0	0	0	0	0	0.0089629828807027	0	0	0	0	0	0	0	0	0	0	0	0	0	0	0	0	0	0.954557676794837	0	0	0	0	0	0.815631442143946	0	0	0	0	0	0	0	0	0	0	0	0	0	0.0179259657614054	0	0	0	0	0	0	0	0	0	0	0	0	0	0	0	0	0	0	0	0	0	0	0	1.12037286008784	0	0	0	0	0	0.73048310477727	0	0	0	0	0	0	0	0	0	0	0	0	0	0	0	0	0	0	0	0	0	0	0	0	0	0	0	0	0	0	0	0	0	0	0	0	0	0	0	0	0	0	0	0	0.0313704400824594	0	0	0	0	0	0	0	9.3035762301694	0	0	0	0	0	0	0	0	0	0	0	0	0	0	0	0	0.0179259657614054	0	0	0	0	0	0	0	0	0	0	0	0	0	0	0	0	0	0	0	0	0	0	0	0	0	0	0	0	0	0	0	0	0	0	0	0	0	0	0	0	0	0	0	0	0	1.30859550058259	0	0	0	0	0	0	0	0	0	0	0.013444474321054	0	0	0	0	0	0	0	0	0	0	0	0	0	0	0	0	0	0	0	0	0	0	0	0	0	0	0	0	0	0	0	0	0	0	0	0	0.0313704400824594	0	0	0	0	0	0	0	0	0	0	0	0	0	0	0	0	0	0	0	0	0	0	0	0.0492964058438648	0	0	0	0	0	0	0	0	0	0	0	0	0	0	0	0	0	0	0	0	0	0	0	0	0	5.51671596307251	0	0	0	0	0	0	0	0	0	0	0	0	0	0	0	0	0	0	0.0268889486421081	0	0	0	0	0	0	0	0	0	0	0	0	0	0	0	0	0	0	0	0	0	0	0	0	0	0	0	0	0	0	0	0	0	0	0	0	0	0	0	0	0	0	0	0	0	0	0	0	0	0.201667114815811
ERR6650784	0	0	0	0	0	0	0	0	0	0	0	0	0	0	0	0	0	0	0	0	0	0	0	0	0	0	0	0	0	0	0	0	0	0	0	0	0	0	0	0	0	0	0	0	0	0	0	0	0	0	0	0	0	0	0	0	0	0	0	0	0	0	0	0	0	0	0	0	0.221103995120464	0	0	0	0	0	0	0	0	0	0	0	0	0.270661787130223	0	0	0	0	0	0	0	0	0	0	0	0	0	0	0	0	0.0152485513876182	0	0	0	0	0	0	0	0	0	0	0	0	0	0	0	0	0	0	0	0	0	0	0	0	0	0	0	0	0	0	0	0	0	0	0	0	0	0	0	0	0	0	0	0	0	0	0	0	0	0	0	0	0	0	0	0	0	0	0	0	0	0	0	0	0	0	0	0	0	0	0	0	0	0	0	0	0	0	0	0	0	0	0	0	0	0	0.270661787130223	0	0	0	0	0	0	0	0	0	0	0	0	0	0	0	0	0	0	0	0	0	0	0	0	0	0	0	0	0	0	0	0	0	0	0	0	0	0	0	0	0	0	0	0	0	0	0	0	0	0	0	0	0	0	0	0	0	0	0	0	0	0	0	0	0	0	0	0	0	0	0	0	0	0	0	0	0	0	0	0	0	0	0	0	0	0	0	0	0	0	0	0	0	0	0	0	0	0	0	0	0	0	0	0	0	0	0	0	0	0	0	0	0	0	0	0	0	0	0	0	0	0	0	0	0	0	0.54513571210735	0	0	0	0	0	0	0	0	0	0	0	0	0	0	0	0	0	0	0	0	0	0	0	0	0	0	0	0	0	0	0	0	0	0	0	0	0	0	0	0	0	0	0	0	0	0	0	0	0	0	0	0	0	0	0	0	0	0	0	0	0	0	0	0	0	0	0	0	96.7063129002745	0	0	0	0	0	0	0	0	0	0	0	0	0	0	0	0	0	0	0	0	0	0	0	0	0	0	0	0	0	0	0	0	0	0	0	0	0	0	0	0	0	0	0	0	0	0	0	0	0	0	0	0	0	0	0	0	0	0	0	0	0	0	0	0	0	0	0	0	0	0	0	0	0	0	0	0	0	0	0	0	0	0	0	0	0	0	0	0	0	0	0	0	0	0	0	0	0	0	0	0	0	0.568008539188777	0	0	0	0	0	0	0	0	0	0	0	0	0	0	0	0	0	0	0	0	0	0	0	0	0	0	0	0	0	0	0	0	0	0	0	0	0	0	0	0	0	0	0	0	0	0	0	0	0	0	0	0	0.651875571820677	0	0	0	0	0	0	0	0	0	0	0	0	0	0	0	0	0	0	0	0	0	0	0	0	0	0	0	0	0	0	0	0	0	0	0	0	0	0	0	0	0	0	0	0	0	0	0	0	0	0	0	0	0	0	0	0	0	0	0	0	0	0	0	0	0	0	0	0	0	0	0	0	0	0	0	0	0	0	0	0	0	0	0	0	0	0	0	0	0	0	0	0	0	0	0	0	0	0	0	0	0	0	0	0	0	0	0	0	0	0	0	0	0	0	0	0	0	0	0.00381213784690454	0	0	0	0	0	0	0	0	0	0	0	0	0	0	0	0	0	0	0	0	0	0	0	0	0	0	0	0	0	0	0	0	0	0	0	0	0	0	0	0	0	0	0	0	0	0	0	0	0	0	0	0	0	0	0	0	0	0	0	0	0	0	0	0	0	0	0	0	0	0	0	0	0	0	0	0	0	0	0	0	0	0	0	0	0	0	0	0	0	0	0	0	0	0	0	0	0	0	0	0	0	0	0	0	0	0	0	0	0	0	0.747179017993291
ERR6650789	0	0	0	0	0	0	0	0	0	0	0	0	0	0	0	0	0	0	0	0	0	0	0	0	0	0	0	0	0	0	0	0	0	0	0	0	0	0.0939219106400107	0	0	0	0	0	0	1.1002280960687	0	0	0	0	0	2.61639608211458	0	0	0	0	0	0	0	0	0	0	0	0	0	0	0	0	0	0	0	0	0	0	0	0	0	0	0	0	0	0	0	0	0	21.9374748423454	0	0	0	0	0	0	0	0	0	0	0	0	0	0	0	0	0	0	0	0	0	0	0	0	0	0	0	0	0	0	0	0	0	0	0	0	0	0.389105058365759	0	0	0	0	0	0	0	0	0	0	0	0	0	0	0.32201797933718	0	0	0	0	0	0	0	0	0	0	0	0	0	0	0	0	0	0	0	0	0	0	0	0	0	0	0	0	0	0	0	0	0	0	0	0	0	0	0	0	0	0	0	0	0	0.174426405474306	0	0	0	0	0	0	0	0	0	0	0	0	0	0	0	0	0	0.228096068697169	0	0	0	0	0	0	0	0	0	0	0	0	0	0	0	0	0	0	0	0	0	0	0	0	0	0	0	0	0	0	0	0	0	0	0	0	0	0	0	0	2.95183147725748	0	0	0	0	0	0.697705621897223	0	0	0	0	0	0	0	0	0	0	0	0	0	0	0	0	0	0	0	0	0	0	0	0	0	0	0	0	0	0	0	0	0	0	0	0	0	0	0	0	0	0	0	0	0	0	0	0	0	0	0	0	0	0	0	0	0	0	0	0	0	0.442774721588622	0.362270226754327	0	0	0	0	0	0	0	0	0	0	0	0	0	0	0	0	0	0	0	0	0	0	0.254930900308601	0	0	0	0	0	0	0	0	0	0	0	0	0	0	0	0	0	0	0	0	0	1.79793371796592	0	0	0.0536696632228633	0	0	0	0	0	0	0	0	0	0	0	0	0	0	0	0	0.295183147725748	0	0	0	0	59.1976385348182	0	0	0	0	0	0	0	0	0	0	0	0	0	0	0	0	0	0	0	0	0	0	0	0	0	0	0	0	0	0	0	0	0	0	0	0	0	0	0	0	0	0	0	0	0	0	0	0.939219106400107	0	0	0	0	0	0	0	0	0	0	0	0	0	0	0	0	0	0	0	0	0	0	0	0	0	0	0	0	0	0	0	0	0	0	0	0	0	0	0	0	0	0	0	0	0	0	0	0	0	0	0	0	0	0.0939219106400107	0	0	0	0	0	0	0	0	0	0	0	0	0	0	0	0.375687642560043	0	0	0	0	0	0	0	0	0	0	0	0	0	0	0	0	0	0	0	0	0	0	0	0	0	0	0	0	0	0	0	0	0	0	0	0	0	0	0	0	0	0	0	0	0	0	0	0	0.939219106400107	0	0	0	0	0	0	0.107339326445727	0	0	0	0	0	0	0	0	0	0	0	0	0	0	0	0	0	0	0	0	0	0	0	0	0	0	0	0	0	0	0	0	0	0	0	0	0.241513484502885	0	0	0	0	0	0	0.456192137394338	0	0	0	0	0	0	0	0	0	0	0	0	0	0	0	0	0	0	0	0	0	0	0	0	0	0	0	0	0.335435395142895	0	0	0	0	0	0	0	0	0	0	0	0	0	0	0	0	0	0	0	0	0	0	0	0	0	0	0	0	0	0	0	0	0	0	0	0	0	0	0	0	0	0	0.483026969005769	0	0	0.187843821280021	0	0	0	0	0	0	0	0	0	0	0	0	0	0	0	0	0	0	0	0	0	0	0.228096068697169	0	0	0	0	0	0	0	0	0	0	0	0	0	0	0	0	0	0	0	0	0	0	0	0	0	0	0	0	0	0	0	0.362270226754327	0	0	0	0	0	0	0	0	0	0	0	0	0	0	0	0.509861800617201	0	0	0	0	0	0.281765731920032	0	0	0	0	0	0	0	0	0	0	0	0	0	0	1.54300281765732
ERR6650792	0	0	0	0	0	0	0	0	0	0	0	0	0	0	0	0	0	0	0	0	0	0	0	0	0	0	0	0	0	0	0	0	0	0	0	0	0	0	0	0	0	0	0	0	0	0	0	0	0	0	0.208536076741276	0	0	0	0	0	0	0	0	0	0	0	0	0	0	0	0	0	0	0	0	0	0	0	0	0	0	0	0	0	0	0	0	0	0.125121646044766	0	0	0	0	0	0	0	0	0	0	0	0	0	0.236340886973446	0	0	0	0	0	0	0	0	0	0	0	0	0	0	0	0	0	0	0	0	0	0	0	0	0	0	0	0	0	0	0	0	0	0	0	0	0	0	0	0	0	0	0	0	0	0	0	0	0	0	0	0	0	0	0	0	0	0	0	0	0	0	0	0	0	0	0	0	0	0.0695120255804254	0	0	0	0	0	0	0	0	0	0	0	0	0	0	0.166828861393021	0	0	0	0	0	0	0	0	0	0.305852912553872	0	0	0	0	0	0	0	0	0	0	0.0556096204643403	0	0	0	0	0	0	0	0	0	0	0	0	0	0	0	0	0	0	0	0	0	0	0	0	0	0	0	0	0	0	0	0	0	0	0	0	0	0.987070763242041	0	0	0	0	0	0	0	0	0	0	0	0	0	0	0	0	0	0	0	0	0	0	0	0	0	0	0	0	0	0	0	0	0	0	0	0	0	0	0	0	0	0	0	0	0	0	0	0	0.222438481857361	0	0	0	0	0	0	0	0	0	0	0	0	0	0	0	0	0	0	0	0	0	0	0	0	0	0	0	0	0	0	0	0	0	0	0	0	0	0	0	0	0	0	0	0	0	0	0	0	0	0	0	0	0	0	0	0	0	0	0	0	0	0	0	0	0.125121646044766	0	0	0	0	0	0	0	0	0	0	0	0	0	0	0	0	0	0	0	0	0	0	0	0	95.745864034478	0	0	0	0	0	0	0	0	0	0	0	0	0	0	0	0	0	0	0	0	0	0	0	0	0	0	0	0	0	0	0	0	0	0	0	0	0	0	0	0	0	0	0	0	0	0	0	0	0	0	0	0	0	0	0	0	0	0	0	0	0	0	0	0	0	0	0	0	0	0	0	0	0	0	0	0	0	0	0	0	0	0	0	0	0	0	0	0	0	0	0	0	0	0	0	0	0	0	0	0	0	0	0	0	0	0	0	0	0	0	0	0	0	0	0	0	0	0	0	0	0	0	0	0	0	0	0	0	0	0	0	0	0	0	0	0	0	0	0	0	0	0	0	0	0	0	0	0	0	0	0	0	0	0	0	0	0	0	0	0	0	0	0	0	0	0	0	0	0	0	0	0	0	0	0	0	0	0	0	0	0	0	0	0.222438481857361	0	0	0	0	0	0	0	0	0	0	0	0	0	0	0	0	0	0	0	0	0	0	0	0	0	0	0	0	0	0	0	0	0	0	0	0	0	0	0	0	0	0	0	0	0	0	0	0	0	0	0	0	0	0	0	0	0	0	0	0	0	0	0	0	0	0	0	0	0	0	0	0	0	0	0	0	0	0	0.0695120255804254	0	0	0	0	0	0	0	0	0	0	0.0139024051160851	0	0	0	0	0	0	0	0	0	0	0	0	0	0	0	0	0	0	0.0695120255804254	0	0	0	0	0	0	0	0	0	0	0	0	0	0	0	0	0	0	0	0	0	0	0	0	0	0	0	0	0	0	0	0	0	0	0	0	0	0	0	0	0	0	0	0	0	0	0	0	0	0	0	0	0	0	0	0	0	0	0	0	0	0	0	0	0	0	0	0	0	0	0.458779368830808	0	0	0	0	0	0	0	0	0	0	0	0	0	0	0	0	0	0	0	0	0.917558737661615
ERR6650794	0	0	0	0	0	0	0	0	0	0	0.0746380056724884	0	0	0.149276011344977	0	0	0	0	0	0.0895656068069861	0	0	0	0	0	0	0	0	0	0	0	0	0	0	0	0	0	0	0	0	0	0	0	0	0	0	0	0	0	0	0.134348410210479	0	0	0	0	0	0	0	0	0	0	0	0	0	0	0	0	0	0	0	0	0	0	0	0	0	0	0	0	0	0	0	0	0	0.104493207941484	0.134348410210479	0	0	0	0.0746380056724884	0	0	0	0	0	0	0	0	0	0	0	0	0	0	0	0	0	0	0	0	0	0	0	0	0	0	0	0	0	0	0	0	0	0	0	0	0	0	0	0	0	0	0	0	0	0	0	0	0	0	0	0	0	0	0	0	0	0	0	0	0	0	0	0	0	0	0	0	0	0	0	0	0	0	0	0	0	0	0	0	0	0	0	0	0	0	0	0.403045230631438	0	0	0	0	0	0	0	0	0	0	0	0	0.0895656068069861	0	0	1.10464248395283	0	0	0	0	0	0	0	0	0	0	0.626959247648903	0	0	0	0	0	0	0	0	0	0	0	0	0	0	0	0	0	0	0	0	0	0	0	0	0	0	0	0	0	0	0	0	0	0	0	0	0	0.373190028362442	0	0	0	0	0	0	0	0	0	0	0	0	0	0.0895656068069861	0	0	0	0	0	0	0	0	0	0	0	0.791162860128377	0	0	0	0	0	0	0	0	0	0	0	0	0	0	0	0	0	0	0	0	0	0	0.0895656068069861	0	0	0	0	0	0	0	0	0	0	0	0	0	0	0	0	0	0	0	0.283624421555456	0	0	0	0	0	0	0	0	0	0	0	0	0	0	0	0	0	0	0	0	0	0	0.104493207941484	0	0	0	0	0	0	0	0	0	0	0	0	0	0	0	0	0	0	0	0	0	0	0	0	0	0	0	0	0	0	0	0	0	0	0	0	0	0	0	0	0	0	0	0	0	0	80.3702045081355	0	0	0	0	0	0	0	0	0	0	0	0	0	0	0	0	0	0	0	0	0	0	0	0	0	0	0	0	0	0	0	0	0	0	0	0	0	0.0597104045379907	0	0	0	0	0	0	0	0	0	0	0	0	0	0	0	0	0	0	0	0	0	0	0	0	0	0	0	0	0	0	0	0	0	0	0	0	0	0	0	0	0	0	0	0	0	0	0	0	0	0	0	0	0	0	0	0	0	0	0	0	0	0	0	0	0.0597104045379907	0	0	0	0	0	0	0	0	0	0	0	0	0	0	0	0	0	0.373190028362442	0	0	0	0	0	0	0	0	0.119420809075981	0	0	0	0	0	0	0	0	0	0	0	0	0	0	0	0	0	0	0	0	0	0	0	0	0	0	0	0	0	0	0	0	0	0	0	0	0	0	0	0.149276011344977	0	0	0	0	0	0	0	0	0	0	0	0	0	0	0	0	0	0	0	0	0	0	0	0	0	0	0	0	0	0	0	0	0	0	0	0	0	0	0	0	0	0	0	0	0	0	0	0.0746380056724884	0	0	0	0	0	0	0	0	0	0	0	0	0	0	0	0	0	0	0	0	0	0	0	0	0	0	0	0	0	0	0	0	0	0	0	0	0	0	0	0	0	0	0	0	0	0	0	0	0	0	0	0	0	0	0	0.223914017017465	0	0	0	0	0	0	0	0	0	0	0	0	0	0	0	0.0746380056724884	0	0	0.238841618151963	0	0	0	0	0	0	0	0	0	0	0	0	0	0	0	0	0	0	0	0	0	0	0.0597104045379907	0	0	0	0	0	0	0	0	0	0	0	0	0	0	0	0	0	0	0	0.0746380056724884	0	0	0	0	0	0	0	0	0	0	0	0	0	0	0	0	0	0	0	0	0	0	0	0	0	0	0	12.1510673234811	0	0	0	0	0	0	0	0	0	0	0	0	0	0	0	0	0	0	0	0	1.25391849529781
ERR6650795	0	0	0	0	0	0	0	0	0	0	0	0	0	0	0	0	0	0	0	71.1474632527264	0	0	0	0	0	0	0	0	0	0	0	0	0	0	0.568990042674253	0	0	0	0	0	0	0	0	0	3.34281650071124	0	0	0	0	0	0.237079184447606	0	0	0	0	0	0	0	0	0	0	0	0	0	0	0	0	0	0	0	0	0	0	0	0	0	0	0	0	0	0	0	0	0	0	0	0	0	0	0	0	0	0	0	0	0	0	0	0	0	0	0	0	0	0	0	0	0	0	0	0	0	0	0	0	0	0	0	0	0	0	0	0	0	0	0	0	0	0	0	0	0	0	0	0	0	0	0	0	0	0	0	0	0	0	0	0	0	0	0	0	0	0	0	0	0	0	0	0	0	0	0	0	0	0	0	0	0	0	0	0	0	0	0	0	0	0	0	0	0	0	0	0	0	0	0	0	0	0	0	0	0	0	1.5647226173542	0	0	0	0	0	0	0	0	0	0	0.995732574679943	0	0	0	0	0	0	0	0	0	0	0	0	0	0	0	0	0	0	0	0	0	0	0	0	0	0	0	0	0	0	0	0	0	0	0	0	0	0	0	0	0	0	0	0	0	0	0	0	0	0	0	0	0	0	0	0	0	0	0	0	0	0	0	0.995732574679943	0	0	0	0	0	0	0	0	0	0	0	0	0	0	0	0	0	0	0	0	0	0	0	0	0	0	0	0	0	0	0	0	0	0	0	0	0	0	0	0	0.497866287339972	0.308202939781887	0	0	0	0	0	0	0	0	0	0	0	0	0	0	0	0	0	0	0	0	0	0	0	0	0	0	0	0	0	0	0	0	0	0	0	0	0	0	0	0	0	0	0	0	0	0	0	0	0	0	0	0	0	0	0	0	0	0	0	0	0	0	0	0	0	0.260787102892366	0	0	0	0	8.48743480322428	0	0	0	0	0	0	0	0	0	0	0	0	0	0	0	0	0	0	0	0	0.142247510668563	0	0	0	0	0	0	0	0	0	0	0	0	0	0	0	0	0	0	0	0	0	0	0	0	0	0	0.0237079184447605	0	0	0	0	0	0	0	0	0	0	0	0	0	0	0	0	0	0	0	0	0	0	0	0	0	0	0	0	0	0	0	0	0	0	0	0	0	0	0	0	0	0	0	0	0	0	0	0	0	0	0	0	0	0	0	0	0	0	0	0	0	0	0	0	0	0	0	0	0	0	0	0	0	0	0	0	0	0	0	0	0	0	0	0	0	0	0	0	0	0	0	0	0	0	0	0	0	0	0	0	0	0	0	0	0	0	0	0	0	0	0	0	0	0	0	0	0	0	0	0	0	0	0	0	0	0	0	0	0	0	0	0	0	0	0	0	0	0	0	0	0	0	0	0	0	0	0	0	0	0	0	0	0	0	0	0	0	0	0	0	0	0	0	0	0	0	0	0	0	0.331910858226648	0	0	0	0	0	0	0	0	0	0	0	0	0	0	0	0	0	0	0	0	0	0	0	0	0	0	0	0	0	0	0	0	0	0	0	0	0	0	0	0	0	0	0	0	0	1.73067804646752	0	0	0	0	0	0	0	0	0	0	0	0	0	0	0	0	0	0	0	0	0	0	0	0	0	0	0	0	0	0	0	0	0	0	0	0	0	0	0	0	0	0	0	0	0	0	0	0	0	0	0	0.474158368895211	0	0	0	0	0	0	0	0	0	0	0	0	0	0	0	0	1.04314841156946	0	0	0	0	0	0	0	0	0	0	0	0	0	0	0	0	0	0	0	0	0	0	0	0	0	0	0	0	0	0	5.57136083451873	0	0	0	0	0	0	0	0	0	0	0	0.711237553342816	0	0	0	0	0	0	0	0	1.5647226173542
ERR6650796	0	0	0	0	0	0	0	0	0	0	0	0	0	0	0	0	0	0	0	0	0	0	0	0	0	0	0	0	0	0	0	0	0	0	0	0	0	0	0	0	0	0	0	0	0	0	0	0	0	0	1.5959026128266	0	0	0	0	0	0	0	0	0	0	0	0	0	0	0	0	0	0	0	0	0	0	0	0	0	0	0	0	0	0	0	0	0	0	0	0	0	0	0	0	0	0	0	0	0	0	0	0	0	0	0	0	0	0	0	0	0	0	0	0	0	0	0	0	0	0	0	0	0	0	0	0	0	0	0	0	0	0	0	0	0	0	0	0	0	0	0	0	0	0	0	0	0	0	0	0	0	0	0	0	0	0	0	0	0	0	0	0	0	0	0	0	0	0	0	0	0	0	0	0	0	0	0	0	0	0	0	0	0	0	0	0	0.452790973871734	0	0	0	0	0	0	0	0	0	1.93735154394299	0	0	0	0	0	0	0	0	0	0	0	0	0	0	0	0	0	0	0	0	0	0	0	0	0	0	0	0	0	0	0	0	0	0	0	0	0	0	0	0	0	0	0	0	0	0	0	0	0	0	0	0	0	0	0	0	0	0	0	0	0	0	0	0	0	0	0	0	0	0	0	0	0	0	0	0	0	0	0	0	0	0	0	0	0	0	0	0	0	0	0	0	0	0	0	0	0	0	0	0	0	0	0	0	0	0	0	0	0	0	0	0	0	0	0	0	0	0	0	0	0	0	0	0	0	0	0	0	0	0	0	0	0	0	0	0	0	0	0	0	0	0	0	0	0	0	0	0	0	0	0	0	0	0	0	0	0	0	0	0	0	0	0	0	0	0	0	0	0	0	0	0	0	0	0	0	0	0	0	0	0	0	0	0	0	0	0	92.0056413301663	0	0	0	0	0	0	0	0	0	0	0	0	0	0	0	0	0	0	0	0	0	0	0	0	0	0	0	0	0	0	0	0	0	0	0	0	0	0	0	0	0	0	0	0	0	0	0	0	0	0	0	0	0	0	0	0	0	0	0	0	0	0	0	0	0	0	0	0	0	0	0	0	0	0	0	0	0	0	0	0	0	0	0	0	0	0	0	0	0	0	0	0	0	0	0	0	0	0	0	0	0	0	0	0	0	0	0	0	0	0	0	0	0	0	0	0	0	0	0	0	0	0	0	0	0	0	0	0	0	0	0	0	0	0	0	0	0	0	0	0	0	0	0	0	0	0	0	0	0	0	0	0	0	0	0	0	0	0	0	0	0	0	0	0	0	0	0	0	0	0	0	0	0	0	0	0	0	0	0	0	0	0	0	0	0	0	0	0	0	0	0	0	0	0	0	0	0	0	0	0	0	0	0	0	0	0	0	0	0	0	0	0	0	0	0	0	0	0	0	0	0	0	0	0	0	0	0	0	0	0	0	0	0	0	0	0	0	0	0	0	0	0	0	0	0	0	0	0	0	0	0	0	0	0	0	0	0	0	0	0	0	0	0	0	0	0	0	0	0	0	0	0	0	0	0	0	0	0	0	0	0	0	0	0	0	0	0	0	0	0	0	0	1.54394299287411	0	0	0	0	0	0	0	0	0	0	0	0	0	0	0	0	0	0	0	0	0	0	0.972387173396675	0	0	0	0	0	0	0	0	0	0	0	0	0	0	0	0	0	0	0	0	0	0	0	0	0	0	0	0	0	0	0	0	0	0	0	0	0	0	0	0	0	0	0	0	0	0	0	1.49198337292162	0	0	0	0	0	0	0	0	0	0	0	0	0	0	0	0	0	0	0	0	0
ERR6650801	0	0	0	0	0	0	0	0	0	0	0	0	0	0	0	0	0	0	0	0	0	0	0	0	0	0	0	0	0	0	0	0	0	0	0.0983929157100689	0	0	0	0	0	0	0	0	0	0	0	0	0	0	0	0	0	0	0	0	0	0	0	0	0	0	0	0	0	0	0	0	0	0	0	0	0	0	0	0	0	0	0	0	0	0	0	0	0	0	0	0	0	0	0	0	0	0	0	0	0	0	0	0	0	0	0	0	0	0	0	0	0	0	0	0	0	0	0	0	0	0	0	0	0	0	0	0	0	0	0	0	0	0	0	0	0	0	0	0	0	0	0	0	0	0	0	0	0	0	0	0	0	0	0	0	0	0	0	0	0	0	0	0	0	0	0	0	0	0	0	0	0	0	0	0	0	0	0	0	0	0	0	0	0	0	0	0	0	0	0	0	0	0	0	0	0	0	0	0	0	0	0	0	0	0	0	0	0	0	0	0	0	0	0	0	0	0	0	0	0	0	0	0	0	0	0	0	0	0	0	0	0	0	0	0	0	0	0	0	0	0	0	0	0	0	0	0	0	0	0	0	0	0	0	0	0	0	0	0	0	0	0	0	0	0	0	0	0	0	0	0	0	0	0	0	0	0	0	0	0	0	0	0	0	0	0	0	0	0	0	0	0	0	0	0	0	0	0	0	0	0	0	0	0	0	0	0	0	0	0	0	0	0	0	0	0	0	0	0	0	0	0	0	0	0	0	0	0	0	0	0	0	0	0	0	0	0	0	0	0	0	0	0	0	0	0	0	0	0	0	0	0	0	0	0	0	0	0	0	0	0	0	0	0	0	0	0	0	0	0	0	0	0	0	0	0	0	0	0	0	0	0	0	0	0	99.7950147589374	0	0	0	0	0	0	0	0	0	0	0	0	0	0	0	0	0	0	0	0	0	0	0	0	0	0	0	0	0	0	0	0	0	0	0	0	0	0	0	0	0	0	0	0	0	0	0	0.106592325352575	0	0	0	0	0	0	0	0	0	0	0	0	0	0	0	0	0	0	0	0	0	0	0	0	0	0	0	0	0	0	0	0	0	0	0	0	0	0	0	0	0	0	0	0	0	0	0	0	0	0	0	0	0	0	0	0	0	0	0	0	0	0	0	0	0	0	0	0	0	0	0	0	0	0	0	0	0	0	0	0	0	0	0	0	0	0	0	0	0	0	0	0	0	0	0	0	0	0	0	0	0	0	0	0	0	0	0	0	0	0	0	0	0	0	0	0	0	0	0	0	0	0	0	0	0	0	0	0	0	0	0	0	0	0	0	0	0	0	0	0	0	0	0	0	0	0	0	0	0	0	0	0	0	0	0	0	0	0	0	0	0	0	0	0	0	0	0	0	0	0	0	0	0	0	0	0	0	0	0	0	0	0	0	0	0	0	0	0	0	0	0	0	0	0	0	0	0	0	0	0	0	0	0	0	0	0	0	0	0	0	0	0	0	0	0	0	0	0	0	0	0	0	0	0	0	0	0	0	0	0	0	0	0	0	0	0	0	0	0	0	0	0	0	0	0	0	0	0	0	0	0	0	0	0	0	0	0	0	0	0	0	0	0	0	0	0	0	0	0	0	0	0	0	0	0	0	0	0	0	0	0	0	0	0	0	0	0	0	0	0	0	0	0	0	0	0	0	0	0	0	0	0	0	0	0	0	0	0	0	0	0	0	0	0	0	0	0	0	0	0	0	0	0	0	0	0	0	0	0	0	0	0	0	0	0	0	0
ERR6650802	0	0	0	0	0	0	0	0	0	0	0	0	0	0	0	0	0	0	0	0	0	0	0	0	0	0	0	0	0	0	0	0	0	0	0.20463112547119	0	0	0	0	0	0	0	0	0	0	0	0	0	0	0	0.366182014001077	0	0	0	0	0	0	0	0	0	0	0	0	0	0	0	0	0	0	0	0	0	0	0	0	0	0	0	0	0	0	0	0	0	0	0	0	0	0	0	0	0	0	0	0	0	0	0	0	0	0	0	0	0	0	0	0	0	0	0	0	0	0	0	0	0	0	0	0	0	0	0	0	0	0	0	0	0	0	0	0	0	0	0	0	0	0	0	0	0	0	0	0	0	0	0	0	0	0	0	0	0	0	0	0	0	0	0	0	0	0	0	0	0	0	0	0	0	0.053850296176629	0	0	0	0	0	0	0	0	0	0	0	0	0	0	0	0	0	0	0	0	0	0	0	0	0.527732902530964	0	0	0	0	0	0	0	0	0	0	0.0646203554119548	0	0	0	0	0	0	0	0	0	0	0	0	0	0	0	0	0	0	0	0	0	0	0	0	0	0	0	0	0	0	0	0	0	0	0	0	0	0.0969305331179321	0	0	0	0	0	0.12924071082391	0	0	0	0	0	0	0	0.150780829294561	0	0	0	0	0	0	0	0	0	0	0	0	0	0	0	0	0	0	0	0	0	0	0	0	0	0	0	0	0	0	0.0430802369413032	0	0	0	0.140010770059235	0	0	0	0	0	0	0	0	0	0	0	0	0	0	0	0	0	0	0.183091007000538	0.20463112547119	0	0	0	0	0	0	0	0	0	0	0	0	0	0	0	0	0	0	0	0	0	0	0	0	0	0	0	0	0	0	0	0	0	0	0	0	0	0	0	0	0	0	0	0	0	0	0	0	0	0	0	0.0969305331179321	0	0	0	0	0	0	0	0	0	0	0	0	0	0	0	0	0	92.8702207862143	0	0	0	0	0	0	0	0	0	0	0	0	0	0	0	0	0	0	0	0	0	0	0	0	0	0	0	0	0	0	0	0.140010770059235	0	0	0.484652665589661	0	0	0	0	0	0	0	0	0	0	0	0	0.398492191707054	0	0	0	0	0	0	0	0	0	0	0	0	0	0	0	0	0	0	0	0	0	0	0	0	0	0.269251480883145	0	0	0	0	0	0	0	0	0	0	0	0	0	0	0	0	0	0	0	0	0	0	0	0	0	0	0	0	0.150780829294561	0	0	0	1.60473882606354	0	0	0	0	0	0	0	0	0	0	0	0	0	0.107700592353258	0	0	0	0	0	0	0	0	0	0	0	0	0	0	0	0	0	0	0	0	0.0430802369413032	0	0	0	0	0	0	0	0	0	0	0	0	0	0	0	0	0	0	0	0.376952073236403	0	0	0	0	0	0	0	0	0	0	0	0	0	0	0	0	0	0	0	0	0	0	0	0	0	0	0	0	0.301561658589122	0	0	0	0	0	0	0	0	0	0	0	0	0	0	0.20463112547119	0	0	0	0	0	0	0	0	0	0	0	0.161550888529887	0	0	0	0	0	0	0	0	0	0	0.118470651588584	0	0	0	0	0	0	0	0	0	0	0	0	0	0	0	0	0	0	0	0	0	0	0	0	0	0	0	0	0	0	0	0	0	0	0.140010770059235	0	0	0	0	0	0	0	0	0	0.0215401184706516	0	0	0	0	0	0	0	0	0	0	0	0	0	0	0	0.290791599353796	0	0	0	0	0	0	0	0	0	0	0	0	0	0	0	0	0	0	0	0	0	0	0	0	0	0	0	0	0	0	0	0	0	0	0	0	0	0	0	0	0	0	0	0	0	0	0	0	0	0	0	0	0	0	0	0	0	0	0	0	0	0	0	0	0	0	0	0	0	0	0	0	0	0.053850296176629	0	0	0	0	0	0	0	0	0	0	0	0	0	0	0	0	0	0	0	0	0
ERR6650803	0	0	0	0	0	0	0	0	0	0	0	0	0	0	0	0	0	0	0	0	0	0	0	0	0	0	0	0	0	0	0	0	0	0	0.474514005816623	0	0	0	0	0	0	0	0	0	0.122455227307516	0	0	0	0	0	2.40318383591	0	0	0	0	0	0	0	0	0	0	0	0	0	0	0	0	0	0	0	0	0	0	0.198989744374713	0	0	0	0	0	0	0	0	0	0	0.0459207102403184	0.0612276136537578	0	0	0	0	0	0	0	0	0	0	0	0	0	0	0.122455227307516	0	0	0	0	0	0	0	0	0	0	0	0.214296647788152	0	0	0	0	0	0	0	0	0	0	0	0	0	0	0	0	0.168375937547834	0	0	0	0	0	0	0	0.0306138068268789	0	0	0.153069034134395	0	0	0	0	0	0	0	0	0	0	0	0	0	0	0	0	0	0	0	0	0	0	0	0	0	0	0	0	0	0	0	0	0.153069034134395	0	0	0	0.719424460431655	0	0	0	0	0	0	0	0	0	0	0	0	0	0	0	0.489820909230063	0	0	0	0	0	0	0	0	0.0459207102403184	0	0	0	0	0	0	0	0	0	0	0	0	0	0	0	0	0	0	0	0	0	0	0	0	0	0	0	0	0	0	0	0	0	0	0	0	0	0	0	0.459207102403184	0	0	0	0	0	0	0	0	0	0	0	0	0	0	0	0	0	0	0	0	0	0	0	0	0	0	0	0	0	0	0	0.153069034134395	0	0	0	0	0	0	0	0	0	0	0	0	0	0	0	0	0	0	0.229603551201592	0	0	0	0	0	0	0	0	0	0	0	0	0	0	0	0	0.336751875095668	0.688810653604776	0	0	0	0	0	0	0	0	0	0	0	0	0	0	0	0	0	0	0	0	0.27552426144191	0	0	0	0	0	0.29083116485535	0	0	0	0	0	0	0	0	0	0	0	0	0	0.0459207102403184	0	0	0	0	0	0	0	0	0	0	0	0	0	0	0	0	0	0	0	0	0	0	0.198989744374713	0	0	0	0	0	79.5346701362314	0	0	0	0	0	0	0	0	0	0	0	0	0	0	0	0	0	0	0	0	0	0	0	0	0	0	0	0	0	0	0	0	0	0	0	0	0	0	0	0	0	0	0	0	0	0	0	0.642889943364457	0	0	0	1.56130414817083	0	0	0	0	0	0	0	0	0	0	0	0	0	0	0	0	0	0	0	0	0	0	0	0	0	0	0	0	0	0	0	0	0	0	0	0	0	0	0	0	0	0	0	0	0	0	0	0	0	0.0459207102403184	1.05617633552732	0	0	0	0	0	0	0	0	0	0	0	0	0	0	0	0	0	0	0	0	0	0	0	0	0	0	0.0459207102403184	0	0	0	0	0	0	0	0	0	0	0	0	0	0	0	0	0	0	0	0	0	0	0	0	0	0	0	0	0	0	0	0	0	0	0	0	0	0	0	0	0	0	0.168375937547834	0	0	0	0	0	0	0	0	0	0	0	0	0	0	0	0	0	0	0	0	0	0	0	0	0	0	0	0	0	0	0	0	0.0612276136537578	0	0	0	0	0	0	0	0	0	0	0	1.33170059696923	0	0	0	0	0	0	0	0	0	0	0	0.658196846777897	0	0	0	0.137762130720955	0	0	0	0	0	0	0	0	0	0	0	0	0	0	0	0	0	0	0	0	0	0	0	0	0	0	0	0	0.0459207102403184	0.0918414204806368	0	0	0	0	0	0	0	0	0	0	0	0	0	0	0	0	0	0	0	0.183682840961274	0	0	0	0	0	0	0	0	0.27552426144191	0	0	0	0	0	0	0	0	0	0	0	0	0	0	0	0	0	0	0	0	0	0	0	0	0	0	0	0	0	0	0	0.306138068268789	0	0	0	0	0	0	0	0	0	0	0	0	0	0	0	0	0	0	0	0	0	0	0	0	0	0	0	0	0	0	0	0	0	0	0	0	0	0	0.811265880912291	0	0	0	0	0	0	0	0	0	0	0	0	0	0	0	0	0	0	0	0	4.95943670595439
ERR6650807	0	0	0	0	0	0	0	0	0	0	0.0618156128576475	0	0	0.0529848110208407	0	0	0	0	0	0.0883080183680678	0	0	0	0	0	0	0	0	0	0	0	0	0	0	0.512186506534793	0	0	0	0	0	0	0	0	0	0	0	0	0	0	0	0.353232073472271	0	0	0	0	0	0	0	0	0	0	0	0	0	0	0.123631225715295	0	0	0	0	0	0	0	0	0	0	0	0	0	0	0	0	0	0	0	0.750618156128577	0	0	0	0	0	0	0	0	0	0	0	0	0.0883080183680678	0	0	0	0	0	0	0	0	0	0	0	0	0	0	0	0	0	0	0	0	0	0	0	0	0	0	0	0	0	0	0	0	0	0	0	0	0	0	0	0	0	0	0.141292829388908	0	0	0	0	0	0	0	0	0	0	0	0	0	0	0	0	0	0	0	0	0	0	0	0	0	0	0	0	0	0	0	0	0	0	0	0	0	0	0	0	0	0	0	0	0	0	0	0	0	0	0	0.662310137760509	0	0	0	0	0	0	0	0	0	0	0	0	0	1.11268103143765	0	0	0	0	0	0	0	0	0	0	0	0	0	0	0	0	0	0	0	0	0	0	0	0	0	0	0	0	0	0	0	0	0	0	0.114800423878488	0	0	0	0	0	0	0	0	0	0	0	0	0	0.706464146944543	0	0	0	0	0	0	0	0	0	0	0	0	0	0	0	0	0	0	0	0	0	0	0	0	0	0	0	0	0	0	0.0883080183680678	0	0	0	0	0	0	0	0	0	0	0	0	0	0	0	0	0	0	0	0	0	0	0	0.662310137760509	0	0	0	0	0	0	0	0	0	0	0	0	0	0	0	0	0	0	0	0	0	0	0	0	0	0	0	0	0	0	0	0	0	0	0	0	0	0	0	0	0	0	0	0	0	0	0	0	0	0	0	0	0	0	0	0	0	0	0	0	0	0	0	0	0	0	0	0	0	93.2444365948428	0	0	0	0	0	0	0.0706464146944542	0	0	0	0	0	0	0	0	0	0	0	0	0	0	0	0	0	0	0	0	0	0	0	0	0	0	0	0	0	0	0.167785234899329	0	0	0	0	0	0	0	0	0	0	0	0	0	0	0	0	0	0	0	0	0	0	0	0	0	0	0	0	0	0	0	0	0	0	0	0	0	0	0	0	0	0	0	0	0	0	0	0	0	0	0	0	0	0	0	0	0	0	0	0	0	0	0	0	0.27375485694101	0	0	0	0	0	0	0	0	0	0	0	0	0	0	0	0	0	0.203108442246556	0	0	0	0	0	0	0	0	0	0	0	0	0	0	0	0	0	0	0	0	0	0	0	0	0	0	0	0	0	0	0	0	0	0	0	0	0	0	0	0	0	0	0	0	0	0	0	0	0	0	0	0	0	0	0	0	0	0	0	0	0	0	0	0	0	0	0	0	0	0	0	0	0	0	0	0	0	0	0	0	0	0	0	0	0	0	0	0	0	0	0	0	0	0	0	0	0	0	0	0	0	0	0	0	0	0	0	0	0	0	0	0	0	0	0	0	0	0	0	0	0	0	0	0	0	0	0	0	0	0	0	0	0	0	0	0	0	0	0	0	0	0	0	0	0	0	0	0	0	0	0	0	0	0	0	0	0	0	0	0	0	0	0	0	0	0	0	0	0	0	0	0.132462027552102	0	0	0	0	0	0	0	0	0	0	0	0	0	0	0	0	0	0	0	0	0	0	0	0	0	0	0	0	0	0	0	0	0	0	0	0	0	0	0	0	0	0	0	0	0	0	0	0	0	0	0	0	0.0176616036736136	0	0	0	0	0	0	0	0	0	0	0	0	0	0	0	0	0	0.256093253267397	0	0	0	0	0	0	0	0	0	0	0	0	0	0	0	0	0	0	0	0	0.114800423878488
ERR6650811	0	0	0	0	0	0	0	0	0	0	0	0	0	0	0	0	0	0	0	0	0	0	0	0	0	0	0	0	0	0	0	0	0	0	0.19657399606852	0	0	0	0	0	0	0	0	0	0	0	0	0	0	0	0.02808199943836	0	0	0	0	0	0	0	0	0	0	0	0	0	0	0	0	0	0	0	0	0	0	0	0	0	0	0	0	0	0	0	0	0	0	0	0	0	0	0	0	0	0	0	0	0	0	0	1.404099971918	0	0	0	0	0	0	0	0	0	0	0	0	0	0	0	0	0	0	0	0	0	0	0	0	0	0	0	0	0	0	0	0	0	0	0	0	0	0	0	0	0	0	0	0	0	0	0	0	0	0	0	0	0	0	0	0	0	0	0	0	0	0	0	0	0	0	0	0	0	0	0	0	0	0	0	0	0	0	0	0	0	0	0	0	0	0	0	0	0	0	0	0	0	0	0.01404099971918	0	0	0	0	0	0	0	0	0	0	0	0	0	0	0	0	0	0	0	0	0	0	0	0	0	0	0	0	0	0	0	0	0	0	0	0	0	0	0	0	0	0	0	0	0	0	0	0	0.5616399887672	0	0	0	0	0	0	0	0	0	0	0	0	0	0	0	0	0	0	0	0	0	0	0	0	0	0	0	0	0	0	0	0	0	0	0	0	0	0	0	0	0	0	0	0	0	0	0	0	0	0	0	0	0	0	0	0	0	0	0	0	0	0	0	0	0	0	0	0	0	0	0	0	0	0	0	0	0	0	0	0	0	0	0	0	0	0	0	0	0	0	0	0	0	0	0	0	0	0	0	0	0	0	0	0	0	0	0	0	0	0	0.50547598989048	0	0	0	0	0	0	0	0	0	0	0	0	0	0	0	0	0	0	0	0	0	0	0	0	0	0	0	96.096602078068	0	0	0	0	0	0	0	0	0	0	0	0	0	0	0	0	0.19657399606852	0	0	0	0	0	0	0	0	0	0	0	0	0	0	0	0	0	0	0	0	0	0	0	0	0	0	0	0	0	0	0	0	0	0	0	0	0	0	0	0	0	0	0	0	0	0	0	0	0	0	0	0	0	0	0	0	0	0	0	0	0	0	0	0	0	0	0	0	0	0	0	0	0	0	0	0	0	0	0	0	0	0	0	0	0	0	0	0	0	0	0	0	0	0	0	0	0	0	0	0	0	0	0	0	0	0	0	0	0	0	0	0	0	0	0	0	0	0	0	0	0	0	0	0	0	0	0	0	0	0	0	0	0	0	0	0	0	0	0	0	0	0	0	0	0	0	0	0	0	0	0	0	0	0	0	0	0	0	0	0	0	0	0	0	0	0	0	0	0	0	0	0	0	0	0	0	0	0	0	0	0	0	0	0	0	0	0	0	0	0	0	0	0	0	0	0	0	0	0	0	0	0	0	0	0	0	0	0	0	0	0	0.73013198539736	0	0	0	0	0	0	0	0	0	0	0	0	0	0	0	0	0	0	0	0	0	0	0	0	0	0	0	0	0	0	0	0	0	0	0	0	0	0	0	0	0	0	0	0	0.18253299634934	0	0	0	0	0	0	0	0	0	0	0	0	0	0	0	0	0	0	0	0	0	0	0	0	0	0	0	0	0	0	0	0	0	0	0	0	0	0	0	0	0	0	0	0	0	0	0	0	0	0	0	0	0	0	0	0	0	0	0	0	0	0	0	0	0	0	0	0	0	0	0	0	0	0	0	0	0	0	0	0	0	0	0	0	0	0	0	0	0	0	0	0	0	0	0	0	0	0	0	0	0	0	0	0	0.08424599831508	0	0	0	0	0	0
ERR6650814	0	0	0	0	0	0	0	0	0	0	0	0	0	0	0	0	0	0	0	0.08058017727639	0	0	0	0	1.95406929895246	0	0	0	0	0	0	0	0	0	1.39000805801773	0	0	0	0	0	0	0	0	0	0	0	0	0	0	0	1.32957292506044	0	0	0	0	0	0	0	0	0	0	0	0	0	0	0	0	0	0	0	0	0	0	0	0	0	0	0	0	0	0	0	0	0	0	0	0	0	0	0	0	0	0	0	0	0	0	0	1.24899274778405	0	0	0	0	0	0	0	0	0	0	0	0	0	0	0	0	0	0	0.100725221595487	0	0	0	0	0	0	0	0	0	0	0	0	0	0	0	0	0	0	0	0	0.32232070910556	0	0	0	0	0	0	0	0.523771152296535	0	0	0	0	0.221595487510073	0	0	0.16116035455278	0	0	0	0	0	0	0	0	0	0	0	0	0	0	0	0	0	0	0	0	0	0	0	0	0	0	0	0	0	0	0	0	0	0	0	0	0	0	0.503626107977438	0	0	0	0	0	0	0	0.56406124093473	0	0	0.32232070910556	0	0	0	0	0	0	0	0	0	0	0	0	0	0	0	0	0	0	0	0	0	0	0	0	0	0	0	0	0	0	0	0	0	0	0	0	0	0	0	0	0	0	0	0	0	0	0	0	0	0	0	0	0	0	0	0	0	0	0	0	0	0	0	0	0	0	0	0	0	0	0	0	0	0	0	0	0	0	0	0	0	0	0	0	0	0	0	0	0	0	0	0	0	0	0	0	0	0	0	0	0	0	0	0	0	0	0	0	0	0	0	0	0	0	0.342465753424658	0	0	0	0	0	0	0	0	0	0	0	0	0	0	0	0	0	0	0	0	0	0	0	0	0	0	0	0	0	0	0	0	0	0	0	0	0	0	0	0	0	0	0	0	0	0	0	0	0	0	0	0	0	0	0	0	0.342465753424658	0	0	0	0	86.5028203062047	0	0	0	0	0	0	0	0	0	0	0	0	0	0	0	0	0	0	0	0	0	0	0	0	0	0	0	0	0	0	0	0	0	0	0	0	0	0	0	0	0	0	0	0	0	0	0	0	0	0	0	0	0	0	0	0	0	0	0	0	0	0	0	0	0	0	0	0	0	0	0	0	0	0	0	0	0	0	0	0	0	0	0	0	0	0	0	0	0	0	0	0	0	0	0	0.141015310233683	0	0	0	0	0	0.16116035455278	0	0	0	0	0	0	0	0	0	0	0	0	0	0	0	0	0	0	0	0	0	0	0	0	0	0	0	0	0	0	0	0	0	0	0	0	0	0	0	0	0	0	0	0.282030620467365	0	0	0	0	0	0	0	0	0	0	0	0	0	0	0	0	0	0	0	0	0	0	0	0	0	0	0.221595487510073	0	0	0	0	0	0	0	0	0	0	0	0	0	0	0	0	0	0	0	0	0	0	0	0	0	0	0	0	0	0	0	0	0	0	0	0	0	0	0	0	0	0	0	0	0.604351329572925	0	0	0	0	0	0	0	0	0	0	0.040290088638195	0	0	0	0	0	0	0	0	0	0	0	0	0	0	0	0	0	0	0	0	0	0	0	0	0	0	0	0	0	0	0	0	0	0	0	0	0	0	0	0	0	0	0	0	0	0	0	0	0	0	0	0	0	0	0	0	0	0	0	0	0	0	0	0.946817082997583	0	0	0	0	0	0	0	0	0	0	0	0	0	0	0	0	0	0	0	0	0	0	0.302175664786463	0	0	0	0	0	0	0	0	0	0	0	0	0	0	0	0	0	0	0	0	0	0	0	0	0	0	0	0	0	0	0	0	0	0	0	0	0	0	0	0	0	0	0	0	0	0	0	0	0	0	0	0	0	0.100725221595487	0	0	0	0	0	0	0	0	0	0	0	0	0	0	1.28928283642224
ERR6650817	0	0	0	0	0	0	0	0	0	0	0	0	0	0	0	0	0	0	0	0	0	0	0	0	0	0	0	0	0	0	0	0	0	0	0.690985055439499	0	0	0	0	0	0	0	0	0	0	0	0.514221436606139	0	0	0	3.35850875783384	0	0	0	0	0	0	0	0	0	0	0	0	0	0	0	0	0	0	0	0	0	0	0.321388397878837	0	0	0	0	0	0	0	0	0	0	0	0.35352723766672	0	0	0	0	0	0	0	0	0	0	0	0	0.160694198939418	0	0	0	0	0	0	0	0	0	1.73549734854572	0	0	0	0	0	0	0	0	0	0	0	0	0	0	0	0	0	0	0	0	0	0	0	0	0	0	0	0	0.128555359151535	0	0	0	0.35352723766672	0	0	0	0	0	0	0	0	0	0	0	0	0	0	0	0	0	0	0	0	0	0	0	0	0	0	0	0	0	0	0	0	0	0	0	0	0.17676361883336	0	0	0	0	0	0	0	0	0	0	0	0	0	0	0.257110718303069	0	0	0	0	0	0	0	0	0	0	1.04451229310622	0	0	0	0	0	0	0	0	0	0	0	0	0	0	0	0	0	0	0	0	0	0	0	0	0	0	0	0	0	0	0	0	0	0	0	0	0	0.0803470994697091	0	0	0	0	0	0	0	0	0	0	0	0	0	0	0	0	0	0	0	0	0	0	0	0	0	0	0	0	0	0	0	0	0	0	0	0	0	0	0	0	0	0	0	0	0	0	0	0	0	0	0	0	0	0	0	0	0	0	0	0	0	0	0	0	0	0	0	0	1.86405270769725	0	0	0	0	0	0	0	0	0	0	0	0	0	0	0	0	0	0	0	0	0	0	0	0	0	0	0	0	0	0	0	0	0	0	0	0	0	0	0	0	0	0	0	0	0	0	0	0	0	0	0	0	0	0	0	0	0	0	0	0	0	0	1.43017837056082	0	0	0	0	0	0	84.3483850233007	0	0	0	0	0	0	0	0	0	0	0	0	0	0.160694198939418	0	0	0	0	0	0	0	0	0	0	0	0	0	0	0	0	0	0	0	0	0	0	0	0.192833038727302	0	0	0	0	0	0	0	0	0	0	0	0	0	0	0	0	0	0	0	0	0	0	0	0	0	0	0	0	0	0	0	0	0	0	0	0	0	0	0	0	0	0	0	0	0	0	0	0	0	0	0	0	0	0	0	0	0	0	0	0	0	0	0	0.369596657560662	0	0	0	0	0	0	0	0	0	0	0	0	0	0	0	0	0	0	0	0	0	0	0	0	0	0	0	0	0	0	0	0	0	0	0	0	0	0	0	0	0	0	0	0	0	0	0	0	0	0	0	0	0	0	0	0	0	0	0	0	0	0	0	0	0	0	0	0	0	0	0	0	0	0	0	0	0	0	0	0	0	0	0	0	0	0	0	0	0	0	0	0	0	0	0	0	0	0	0	0	0	0	0	0	0.208902458621244	0	0	0	0	0	0	0	0	0	0	0	0	0	0	0	0	0	0	0	0	0	0.273180138197011	0	0	0	0	0	0	0	0	0	0	0	0	0	0	0	0	0	0	0	0	0	0	0	0	0	0	0	0	0	0	0	0	0	0	0	0	0	0	0	0	0	0	0	0	0	0	0	0	0	0	0	0	0	0	0.61063795596979	0	0	0	0	0	0	0	0	0	0	0	0	0	0	0	0	0	0	0	0	0	0	0	0	0	0	0	0	0	0	0	0	0	0	0	0	0	0	0	0	0	0	0	0	0	0	0	0	0	0	0	0	0	0	0	0	0	0	0	0	0	0	0	0	0	0	0	0	0	0	0	0	0	0	0	0	0	0	0	1.36590069098506	0	0	0	0	0	0	0	0	0	0	0	0	0	0	0	0	0	0	0	0	0
ERR6650818	0	0	0	0	0	0	0	0	0	0	0	0	0	0	0	0	0	0	0	0	0	0	0	0	0	0	0	0	0	0	0	0	0	0	0	0	0	0	0	0	0	0	0	0	0	0	0	0	0	0	0.375058602906704	0	0	0	0	0	0	0	0	0	0	0	0	0	0	0	0	0	0	0	0	0	0	0	0	0	0	0	0	0	0	0	0	0	0	0	0	0	0	0	0	0	0	0	0	0	0	0	0.562587904360056	0	0	0	0	0	0	0	0	0	0	0	0	0	0	0	0	0	0	0	0	0	0	0	0	0	0	0	0	0	0	0	0	0	0	0	0	0	0	0	0	0	0	0	0	0	0	0	0	0	0	0	0	0	0	0	0	0	0	0	0	0	0	0	0	0	0	0	0	0	0	0	0	0	0	0	0	0	0	0	0	0	0	0	0	0	0	0	0	0	0	0	0	0	0	2.9535864978903	0	0	0	0	0	0	0	0	0	0	0	0	0	0	0	0	0	0	0	0	0	0	0	0	0	0	0	0	0	0	0	0	0	0	0	0	0	0	0	0	0	0	0	0	0	0	0	0	3.42240975152368	0	0	0	0	0	0	0	0	0	0	0	0	0	0	0	0	0	0	0	0	0	0	0	0	0	0	0	0	0	0	0	0	0	0	0	0	0	0	0	0	0	0	0	0	0	0	0	0	0	0	0	0	0	0	0	0	0	0	0	0	0	0	0	0	0	0	0	0	0	0	0	0	0	0	0	0	0	0	0	0	0	0	0	0	0	0	0	0	0	0	0	0	0	0	0	0	0	0	0	0	0	0	0	0	0	0	0	0	0	0	0	0	0	0	0	0	0	0	0	0	0	0	0	0	0	0	0	0	0	0	0	0	0	0	0	0	0	0	91.6783872480075	0	0	0	0	0	0	0	0	0	0	0	0	0	0	0	0	0	0	0	0	0	0	0	0	0	0	0	0	0	0	0	0	0	0	0	0	0	0.726676043131739	0	0	0	0	0	0	0	0	0	0	0	0	0	0	0	0	0	0	0	0	0	0	0	0	0	0	0	0	0	0	0	0	0	0	0	0	0	0	0	0	0	0	0	0	0	0	0	0	0	0	0	0	0	0	0	0	0	0	0	0	0	0	0	0	0	0	0	0	0	0	0	0	0	0	0	0	0	0	0	0	0	0	0	0	0	0	0	0	0	0	0	0	0	0	0	0	0	0	0	0	0	0	0	0	0	0	0	0	0	0	0	0	0	0	0	0	0	0	0	0	0	0	0	0	0	0	0	0	0	0	0	0	0	0	0	0	0	0	0	0	0	0	0	0	0	0	0	0	0	0	0	0	0	0	0	0	0	0	0	0	0	0	0	0	0	0	0	0	0	0	0	0	0	0	0	0	0	0	0	0	0	0	0	0	0	0	0	0	0	0	0	0	0	0	0	0	0	0	0	0	0	0	0	0	0	0	0	0	0	0	0	0	0	0	0	0	0	0	0	0	0	0	0	0	0	0	0	0	0	0	0	0	0	0	0	0	0	0	0	0	0	0	0	0	0	0	0	0	0	0	0	0	0	0	0	0	0	0	0	0	0	0	0	0	0	0	0	0	0	0	0	0	0	0	0	0	0	0.281293952180028	0	0	0	0	0	0	0	0	0	0	0	0	0	0	0	0	0	0	0	0	0	0	0	0	0	0	0	0	0	0	0	0	0	0	0	0	0	0	0	0	0	0	0	0	0	0	0	0	0	0	0	0	0	0	0	0	0	0	0	0	0	0	0	0	0	0	0	0	0
ERR6650821	0	0	0	0	0	0	0	0	0	0	0	0	0	0	0	0	0	0	0	0	0	0	0	0	0	0	0	0	0	0	0	0	0	0	0.518881522052465	0	0	0	0	0	0	0	0	0	0.172960507350822	0	0	0	0	0	2.36379360046123	0	0	0	0	0	0	0	0	0	0	0	0	0	0	0	0	0	0	0	0	0	0	0.461228019602191	0	0	0	0	0	0	0	0	0	0	0	0	0	0	0	0	0	0	0	0	0	0	0	0	0.807149034303834	0	0.144133756125685	0	0	0	0	0	0	0	0	0	0	0.317094263476506	0	0	0	0	0	0	0	0	0	0	0	0	0	0	0	0	0	0	0	0	0	0	0	0	0	0	0	0	0	0.317094263476506	0	0	0	0	0	0	0	0	0	0	0	0	0	0	0	0	0	0	0	0	0	0	0	0	0	0	1.38368405880657	0	0	0	0	0	0	0	0	0	0.461228019602191	0	0	0	0	0	0	0	0	0	0	0	0	0	0	0.893629287979245	0	0	0	0	0	0	0	0	0	0	0.518881522052465	0	0	0	0	0	0	0	0	0	0	0	0	0	0	0	0	0	0	0	0	0	0	0	0	0	0	0	0	0	0	0	0	0	0	0	0	0	10.9253387143269	0	0	0	0	0	0	0	0	0	0	0	0	0	0	0	0	0	0	0	0	0	0	0.230614009801095	0	0	0	0	0	0	0	0	0	0	0	0	0	0	0	0	0	0	0	0	0	0.144133756125685	0	0	0	0	0	0	0	0	0	0	0	0	0	0	0	0	0	0	0	0	0	0.980109541654655	0	0	0	0	0	0	0	0	0	0.345921014701643	0	0	0	0	0	0	0	0	0	0	0	0	0	0	0	0	0	0	0	0	0	0.115307004900548	0	0	0	0	0	0	0	0	0	0	0	0	0	0	0	0	0	0	0	0	0	0	0	0	0	0	0	0	0	0	0	0	0	0	0.288267512251369	0	0	0	0	73.5082156240992	0	0	0	0	0	0	0	0	0	0	0	0	0	0.288267512251369	0	0	0	0	0	0	0	0	0	0	0	0	0	0	0	0	0	0	0	0	0	0	0	0	0	0	0	0	0	0	0	0	0	1.23955030268089	0	0	0	0	0	0	0	0	0	0	0	0	0	0	0	0	0	0	0	0	0	0	0	0	0	0.230614009801095	0	0	0	0	0	0	0	0	0	0	0	0	0	0	0	0	0	0	0	0	0	0	0	0	0	0	0	0.115307004900548	0	0	0	0	0	0	0	0	0	0	0	0	0	0	0	0	0	0	0	0	0	0	0	0	0	0	0	0	0	0	0	0	0	0	0	0	0	0	0	0	0	0	0	0	0	0	0	0	0	0	0	0	0	0	0	0	0	0	0	0	0	0	0	0	0	0	0	0	0	0	0	0	0	0	0	0	0	0	0	0	0	0	0	0	0	0	0	0	0	0	0	0	0	0	0	0	0	0	0	0	0	0	0	0	0	0	0	0	0	0	0	0	0	0	0	0	0	0	0	0	0	0	0	0	0	0	0.490054770827328	0	0	0	0	0	0	0	0	0	0	0	0	0	0	0	0	0	0	0	0	0	0	0	0	0	0	0	0	0	0	0	0	0	0	0.172960507350822	0	0	0	0	0	0	0	0	0	0.518881522052465	0	0	0	0	0	0	0	0	0	0.663015278178149	0	0	0	0	0	0	0	0	0	0	0	0	0	0	0	0	0	0	0	0	0	0	0	0	0	0	0	0	0	0	0	0.230614009801095	0	0	0	0	0	0	0	0	0	0	0	0	0	0	0	0	0	0	0	0	0	0	0	0	0	0	0	0	0	0	0	0	0	0	0	0	0	0	0	0	0	0	0	0	0	0	0	1.15307004900548	0	0	0	0	0	0	0	0	0	0	0	0	0	0	0	0	0	0	0	0	0
ERR6650822	0	0	0	0	0	0	0	0	0	0	0	0	0	0	0	0	0	0	0	0	0	0	0	0	0	0	0	0	0	0	0	0	0	0	0	0	0	0	0	0	0	0	0	0	0	0	0	0	0	0	25.6599788806758	0	0	0	0	0	0	0	0	0	0	0	0	0	0	0	0	0	0	0	0	0	0	0	0	0	0	0	0	0	0	0	0	0	0	0	0	0	0	0	0	0	0	0	0	0	0	0	2.4991200281591	0	0	0	0	0	0	0	0	0	0	0	0	0	0	0	0	0	0	0	0	0	0	0	0	0	0	0	0	0	0	0	0	0	0	0	0	0	0	0	0	0	0	0	0	0	0	0	0	0	0	0	0	0	0	0	0	0	0	0	0	0	0	0	0	0	0	0	0	0	4.22386483632524	0	0	0	0	0	0	0	0	0	0	0	0	0	0	0.211193241816262	0	0	0	0	0	0	0	0	0	9.99648011263639	0	0	0	0	0	0	0	0	0	0	0.0351988736360436	0	0	0	0	0	0	0	0	0	0	0	0	0	0	0	0	0	0	0	0	0	0	0	0	0	0	0	0	0	0	0	0	0	0	0	0	0	0.0351988736360436	0	0	0	0	0	0	0	0	0	0	0	0	0	0	0	0	0	0	0	0	0	0	0	0	0	0	0	0	0	0	0	0	0	0	0	0	0	0	0	0	0	0	0	0	0	0	0	0	0	0	0	0	0	0	0	0	0	0	0	0	0	0	0	0	0	0	0	0	0	0.246392115452306	0	0	0	0	0	0	0	0	0	0	0	0	0	0	0	0	0	0	0	0	0	0	0	0	0	0	0	0	0	0	0	0	0	0	0	0	0	0	0	0	0	0	0	0	0	0	0.211193241816262	0	0	0	0	0	0	0	0	0	0	0	0	0	0	0	0	0	0	0	0	0	43.5058078141499	0	0	0	0	0	0	0	0	0	0	0	0	0	0	0	0	0	0	0	0	0	0	0	0	0	0	0	0	0	0	0	0.38718760999648	0	0	0	0	0	0	0	0	0	0	0	0	0	0	0	2.35832453361492	0	0	0	0	0	0	0	0	0	0	0	0	0	0	0	0	0	0	0	0	0	0	0	0.527983104540655	0	0	0	0	0	0	0	0	0	0	0	0	0	0	0	0	0	0	0	0	0	0	0	0	0	0	0	0	0	1.47835269271383	0	0	0	0	0	0	0	0	0	0	0	0	0	0	0	0	0	0	0	0	0	0	0	0	0	0	0	0	0	0	0	0	0	0	0	0	0	0	0	0	0	0	0	0	0	0	0	0	0	0	0	0	0	0	0	0	0	0	0	0	0	0	0	0	0	0	0	0	0	0	0	0	0	0	0	0	0	0	0	0	0	0	0	0	0	0	0	0	0	0	0	0	0	0	0	0	0	0	0	0	0	0	0	0	0	0	0	0	0	0	0	0	0	0	0	7.21576909538895	0	0	0	0	0	0	0	0	0	0	0.739176346356917	0	0	0	0	0	0	0	0	0	0	0	0	0	0	0	0	0	0	0	0	0	0	0	0	0	0	0	0	0	0	0	0	0	0	0	0	0	0	0	0	0	0	0	0	0	0	0	0	0	0	0	0	0	0	0	0	0	0	0	0	0.0703977472720873	0	0	0	0	0	0	0	0	0	0	0	0	0	0	0	0	0	0	0	0	0	0	0	0	0	0	0	0	0	0	0	0	0	0	0	0	0	0	0	0	0	0	0	0	0	0	0	0	0	0	0	0	0	0	0	0	0	0	0	0	0	0	0	0	0	0	0	0	0	0	0	0	0	0	0	0	0	0	0	0	0	0	0	0	0	0	0	0	0	0	0	0	0	0	0.598380851812742
ERR6650824	0	0	0	0	0	0	0	0	0	0	0	0	0	0	0	0	0	0	0	0	0	0	0	0	0	0	0	0	0	0	0	0	0	0	0	0	0	0	0	0	0	0	0	0	0	0	0	0	0	0	4.3212890625	0	0	0	0	0	0	0	0	0	0	0	0	0	0	0	0	0	0	0	0	0	0	0	0	0	0	0	0	0	0	0	0	0	0	0	0	0	0	0	0	0	0	0	0	0	0	0	2.4169921875	0	0	0	0	0	0	0	0	0	0	0	0	0	0	0	0	0	0	0	0	0	0	0	0	0	0	0	0	0	0	0	0	0	0	0	0	0	0	0	0	0	0	0	0	0	0	0	0	0	0	0	0	0	0	0	0	0	0	0	0	0	0	0	0	0	0	0	0	0	0.2685546875	0	0	0	0	0	0	0	0	0	0	0	0	0	0	0	0	0	0	0	0	0	0	0	0	2.4658203125	0	0	0	0	0	0	0	0	0	0	0.1220703125	0	0	0	0	0	0	0	0	0	0	0	0	0	0	0	0	0	0	0	0	0	0	0	0	0	0	0	0	0	0	0	0	0	0	0	0	0	0	0	0	0	0	0	0.09765625	0	0	0	0	0	0	0	0	0	0	0	0	0	0	0	0	0	0	0	0	0	0	0	0	0	0	0	0	0	0	0	0	0	0	0	0	0	0	0	0	0	0	0	0	0	0	0	0	0	0	0	0	0	0	0	0	0	0	0	0	0	0	0	0.1220703125	0	0	0	0	0	0	0	0	0	0	0	0	0	0	0	0	0	0	0	0	0	0	0	0	0	0	0	0	0	0	0	0	0	0	0	0	0	0	0	0	0	0	0	0	0	0	0	0	0	0	0	0	0	0	0	0	0	0	0	0	0	0	0	0	0	0	0	0	87.451171875	0	0	0	0	0	0	0	0	0	0	0	0	0	0.0732421875	0	0	0	0	0	0	0	0	0	0	0	0	0	0	0	0	0	0	0	0	0	0	0	0	0	0	0	0	0	0	0	0	0	0.09765625	0	0	0	0	0	0	0	0	0	0	0	0	0	0	0	0	0	0	0	0	0	0	0	0.1220703125	0	0	0	0	0	0	0	0	0	0	0	0	0	0	0	0	0	0	0	0	0	0	0	0	0	0	0	0	0	0	0	0	0	0	0	0	0	0	0	0	0	0	0	0	0	0	0	0	0	0	0	0	0	0	0	0	0	0	0	0	0	0	0	0	0	0	0	0	0	0	0	0	0	0	0	0	0	0	0	0	0	0	0	0	0	0	0	0	0	0	0	0	0	0	0	0	0	0	0	0	0	0	0	0	0	0	0	0	0	0	0	0	0	0	0	0	0	0	0	0	0	0	0	0	0	0	0	0	0	0	0	0	0	0	0	0	0	0	0	0	0	0	0	0	0	1.1962890625	0	0	0	0	0	0	0	0	0	0	0.48828125	0	0	0	0	0	0	0	0	0	0	0	0	0	0	0	0	0	0	0	0	0	0	0	0	0	0	0	0	0	0	0	0	0	0	0	0	0	0	0	0	0	0	0	0	0.2197265625	0	0	0	0	0	0	0	0	0	0	0	0	0	0	0	0	0	0	0	0	0	0	0	0	0	0	0	0	0	0	0	0	0	0	0	0	0	0	0	0	0	0.146484375	0	0	0	0	0	0	0	0	0	0	0	0	0	0	0	0	0	0	0	0	0	0	0	0	0	0	0	0	0	0	0	0	0	0	0	0	0	0	0	0	0	0	0	0	0	0	0	0.29296875	0	0	0	0	0	0	0	0	0	0	0	0	0	0	0	0	0	0	0	0	0.09765625
ERR6650825	0	0	0	0	0	0	0	0	0	0	0	0	0	0	0	0	0.0745897563401293	0	0	0	0	0	0	0	0	0	0	0	0	0	0	0	0	0	0.248632521133764	0	0	0	0	0	0	0	0	0	0	0	0	0	0	0	6.83739433117852	0	0	0	0	0	0	0	0	0	0	0	0	0	0	0	0	0	0	0	0	0	0	0	0	0	0	0	0	0	0	0	0	0	0	0.124316260566882	0	0	0	0	0	0	0	0	0	0	0	0	5.04724017901542	0	0	0	0	0	0	0	0	0	0	0	0	0	0	0	0	0	0	0	0	0	0	0	0	0	0	0	0	0	0	0	0	0	0	0	0	0	0	0	0	0	0	0	0	0	0	0	0	0	0	0	0	0	0	0	0	0	0	0	0	0	0	0	0	0	0	0	0	0	0	0	0	0	0	0	0	0	0	0	0	0	0	0	0	0	0	0	0	0	0	0	0	0	0	3.13276976628543	0	0	0	0	0	0	0	2.06364992541024	0	0	0	0	0	0	0	0	0	0	0	0	0	0	0	0	0	0	0	0	0	0	0	0	0	0	0	0	0.397812033814023	0	0	0	0	0	0	0	0	0	0	0	0.472401790154152	0	0	0	0	0	0.149179512680259	0	0	0	0	0	0	0	0	0	0	0	0	0	0	0	0	0	0	0	0	0	0	0	0	0	0	0	0	0	0	0	0	0	0	0	0	0	0	0	0	0	0	0	0	0	0	0	0	0	0	0	0	0	0	0	0	0	0	0	0	0	0	0	0	0	0	0	0	0	0	0	0	0	0	0	0	0	0	0	0	0	0	0	0	0	0	0	0	0	0	0	0	0	0	0	0	0	0	0	0	0	0	0	0	0	0	0	0	0	0	0	0	0	0	0.422675285927399	0	0	0	0	0	0	0	0	0	0	0	0	0	0	0	0	0	70.7608155146693	0	0	0	0	0	0	0	0	0	0	0	0	0	0	0	0	0	0	0.298359025360517	0	0	0	0	0	0	0	0	0	0	0	0	0	0	0	0.472401790154152	0	0	0	0	0	0	0	0	0	0	0	0	0.571854798607658	0	0	0	0.596718050721034	0	0	0	0	0	0	0	0	0	0	0	0	0	0	0	0	0	0	0	0	0	0	0	0	0.223769269020388	0	0	0	0	0	0	0	0	0	0	0	0	0	0	0	0	0	0	0	0	0	0	0	0	0.69617105917454	0.69617105917454	0	0	0	0	0	0	0	0	0	0	0	0	0	0	0	0	0	0	0	0	0	0	0	0	0	0	0.422675285927399	0	0	0	0	0	0	0	0	0	0	0	0	0	0	0	0	0	0	0	0	0	0	0	0	0	0	0	0	0	0	0	0	0	0	0	0	0	0	0	0	0	0	0	0	0	0	0	0	0	0	0	0	0	0	0	0	0	0	0	0	0	0	0	0	0	0	0	0	0	0	0	0	0	0	0.248632521133764	0	0	0	0	0	0	0	0	0	0	0	0	1.41720537046246	0	0	0	0	0	0	0	0	0	0	0	0	0	0	0	0	0	0	0	0	0	0	0	0	0	0	0	0	0	0	0	0	0	0	0	0	0	0	0	0	0	0	0	0	0.397812033814023	0	0	0	0	0	0	0	0	0	0	0	0	0	0	0	0	0	0	0	0	0	0	0	0	0	0	0	0	0	0	0	0	0	0	0	0	0	0	0.447538538040776	0	0	0	0	0	0	0	0	0	0	0	0	0	0	0	0	0	0	0	0	0	0	0	0	0	0	0	0	0	0	0	0	0	0	0	0	0	0	0	0	0	0	0	0	0	0	0	0	0	0	0	0	0	0	0	0	0	0	0	0	0	0.124316260566882	0	0	0	0	0	0	0	0	0	0	0	0	0	0	0	0	0	0	0	0	3.65489806066634
ERR6650827	0	0	0	0	0	0	0	0	0	0	0	0	0	0	0	0	0	0	0	0	0	0	0	0	0	0	0	0	0	0	0	0	0	0	0	0	0	0	0	0	0	0	0	0	0	0	0	0	0	0	0.0666222518321119	0	0	0	0	0	0	0	0	0	0	0	0	0	0	0	0	0	0	0	0	0	0	0	0	0	0	0	0	0	0	0	0	0	0.288696424605818	0	0	0	0	0	0	0	0	0	0	0	0	0	0.33311125916056	0	0	0	0	0	0	0	0	0	0	0	0	0	0	0	0	0	0	0	0	0	0	0	0	0	0	0	0	0	0	0	0	0	0	0	0	0	0	0.177659338218965	0.71063735287586	0	0	0.488563180102154	0	0	0	0	0	0	0	0	0	0	0	0	0	0	0	0	0	0	0	0	0	0	0	0	0	0	0	0	0	0	0	0	0	0	0	0	0	0	0	0	0	0	0	0	0	0	0	0	0	0	0	0	0	0	0	0	0	0	0	0.133244503664224	0	0	0.932711525649567	0	0	0	0	0	0	0	0	0	0	0	0	0	0	0	0	0	0	0	0	0	0	0	0	0	0	0	0	0	0	0	0	0	0	0	0	0	0	0	0	0	0	0	0	0	0	0	0	0	0	0	0	0	0	0	0	0	0	0	0	0	0	0	0	0	0	0	0	0	0	0	0	0	0	0	0	0	0	0	0	0	0	0	0	0	0	0	0	0	0	0	0	0	0	0	0	0	0	0	0	0	0	0	0	0	0	0	0	0	0	0	0	0	0	0	0	0	0	0	0	0	0	0	0	0	0	0	0	0	0	0	0	0	0	0	0	0	0	0	0	0	0	0	0	0	0	0	0	0	0	0	0	0	0	0	0	0	0	0	0	0	0	0	0	0	0	0	0	0	0	0	0	0	0	0	0	77.2818121252498	0	0	0	0	0	0	0	0	0	0	0	0	0	0	0	0	0	0	0	0	0	0	0	0	0	0	0	0	0	0	0	0	0	0	0	0	0	0	0	0	0	0	0	0	0	0	0	0	0	0	0	0	0	0	0	0	0	0	0	0	0	0	0	0	0	0	0	0	0	0	0	0	0	0	0	0	0	0	0	0	0	0	0	0	0	0	0	0	0	0	0	0	0	0	0	0	0	0	0	0	0	0	2.19853431045969	0	0	0	0	0	0	0	0	0	0	0	0	0	0	0	0	0	0.133244503664224	0	0	0	0	0	0	0	0	0.399733510992672	0	0	0	0	0	0	0	0	0	0	0	0	0	0	0	0	0	0	0	0	0	0	0	0	0	0	0	0	0	0	0	0	0	0	0	0	0	0	0	0	0	0	0	0	0	0	0	0	0	0	0	0	0	0	0	0	0	0	0	0	0	0	0	0	0	0	0	0	0	0	0	0	0	0	0	5.39640239840107	0	0	0	0	0	0	0	0	0	0	0	0.133244503664224	0	0	0	0	0	0	0	0	0	0	0	0	0	0	0	0	0	0	0	0	0	0	0	0	0	0	0	0	0	0	0	0	0	0	0	0	0	0	0	0	0	0	0	0	0	0	0	0	0	0	0	0	0	0	0	0.999333777481679	0	0	0	0	0	0	0	0	0	0	0	0	0	0	0	0	0	0	0.910504108372196	0	0	0	0	0	0	0	0	0	0	0	0	0	0	0	0	0	0	0	0	0	0	0.399733510992672	0	0	0	0	0	0	0	0	0	0	0	0	0	0	0	0	0	0	0	0	0	0	0	0	0	0	0	0	0	0	0	0	0	0	0	0	0	0	0	0	0	0	0	0	0	0	0	1.02154119475905	0	0.68842993559849	0	0	0	0	0	0	0	0	0	0	0	0	0	0	0	0	0	0	7.30624028425494
ERR6650828	0	0	0	0	0	0	0	0	0	0	0	0	0	0	0	0	0	0	0	0	0	0	0	0	0	0	0	0	0	0	0	0	0	0	0	0	0	0	0	0	0	0	0	0	0	0	0	0	0	0	0	0	0	0	0	0	0	0	0	0	0	0	0	0	0	0	0	0	0	0	0	0	0	0	0	0	0	0	0	0	0	0	0	0	0	0	0	0	0	0	0	0	0	0	0	0	0	0	0.273495773247141	0	0	0	0	0	0	0	0	0	0	0	0	0	0	0	0	0	0	0	0	0	0	0	0	0	0	0	0	0	0	0	0	0	0	0	0	0	0	0	0	0	0	0	0	0	0	0	0	0	0	0	0	0.0994530084535057	0	0	0	0	0	0	0	0	0	0	0	0	0	0	0	0	0	0	0	0	0	0	0	0	0	0	0	0	0	0	0	0	0	0	0	0	0	0	0.223769269020388	0	0	0	0	0	0	0	0	0	0	0	0	0	0	0	0	0	0	0	0	0	0	0	0	0	0	0	0	0	0	0	0	0	0	0	0	0	0	0	0	0	0	0	0	0	0	0	0	0	0	0	0	0	0	0	0	0	0	0	0	0	0	0	0	0	0	0	0	0	0	0	0	0	0	0	0	0	0	0	0	0	0	0	0	0	0	0	0	0	0	0	0	0	0	0	0	0	0	0	0	0.0745897563401293	0	0	0	0	0	0	0	0	0	0	0	0	0	0	0	0	0	0	0	0	0	0	0	0	0	0	0	0.372948781700646	0	0	0	0	0	0	0	0	0	0	0	0	0	0	0	0	0	0	0	0	0	0	0	0	0	0	0	0	0	0	0	0	0	0	0	0	0	0	0	0	0	0	0	0	0	0	0	0	0	0	0	0	0	0	0	0	0	0	0	0	0	98.6822476379911	0	0	0	0	0	0	0	0	0	0	0	0	0	0	0	0	0	0	0	0	0	0	0	0	0	0	0	0	0	0	0	0	0	0	0	0	0	0	0	0	0	0	0	0	0	0	0	0	0	0	0	0	0	0	0	0	0	0	0	0	0	0	0	0	0	0	0	0	0	0	0	0	0	0	0	0	0	0	0	0	0	0	0	0	0	0	0	0	0	0	0	0	0	0	0	0	0	0	0	0	0	0	0	0	0	0	0	0	0	0	0	0	0	0	0	0	0	0	0	0	0	0	0	0	0	0	0	0	0	0	0	0	0	0	0	0	0	0	0	0	0	0	0	0	0	0	0	0	0	0	0	0	0	0	0	0	0	0	0	0	0	0	0	0	0	0	0	0	0	0	0	0	0	0	0	0	0	0	0	0	0	0	0	0	0	0	0	0	0	0	0	0	0	0	0	0	0	0	0	0	0	0	0	0	0	0	0	0	0	0	0	0	0	0	0	0	0	0	0	0	0	0	0	0	0	0	0	0	0	0	0	0	0	0	0	0	0	0	0	0	0	0	0	0	0	0	0	0.161611138736947	0	0	0	0	0	0	0	0	0	0	0	0	0	0	0	0	0	0	0	0	0	0	0	0	0	0	0	0	0	0	0	0	0	0	0	0	0	0	0	0	0	0	0	0	0	0	0	0	0	0	0	0	0	0	0	0	0	0	0	0	0	0	0	0	0	0	0	0	0	0	0	0	0	0	0	0	0	0	0	0	0	0	0	0	0	0	0	0	0	0	0	0	0	0	0	0	0	0	0	0	0	0	0	0	0	0	0	0	0	0	0	0	0	0	0	0	0	0	0	0	0	0	0	0	0	0	0	0	0	0	0	0	0	0	0	0	0.111884634510194
ERR6650829	0	0	0	0	0	0	0	0	0	0	0	0	0	0	0	0	0	0	0	0	0	0	0	0	0	0	0	0	0	0	0	0	0	0	0.0514933058702369	0	0	0	0	0	0	0	0	0	8.71953312736011	0	0	0	0	0	0.0343288705801579	0	0	0	0	0	0	0	0	0	0	0	0	0	0	0	0	0	0	0	0	0	0	0	0	0	0	0	0	0	0	0.17164435290079	0	0	0	0.343288705801579	0	0	0	0	0	0	0	0	0	0	0	0	0.944043940954343	0	0	0	0	0	0	0	0	0	0	0	0	0	0	0	0	0	0	0.394782011671816	0	0	0	0	0	0	0	0	0	0	0	0	0	0	0	0	0	0	0	0	0	0	0	0.738070717473395	0	0	0	0	0	0	0	0	0	0	0	0	0	0	0	0	0	0	0	0	0	0	0	0	0	0	0	0	0	0	0	0	0	0	0	0	0	0	0	0	0	0	0	0	0	0	0	0	0	0	0	0.789564023343632	0	0	0	0	0	0	0	0	0	0	2.43734981119121	0	0	0	0	0	0	0	0	0	0	0	0	0	0	0	0	0	0	0	0	0	0	0	0	0	0	0	0	0	0	0	0	0	0	0	0	0	1.47614143494679	0	0	0	0	0	0	0	0	0	0	0	0	0	0	0	0	0	0	0	0	0	0	0	0	0	0	0	0	0	0	0	0	0	0	0	0	0	0	0	0	0	0	0	0	0	0	0	0	0	0	0	0	0	0	0	0	0	0	0	0	0	0	0	0	0	0	0	0	0.0343288705801579	0	0	0	0	0	0	0	0	0	0	0	0	0	0.188808788190869	0	0	0	0	0	0	0	0	0	0	0	0	0	0	0	0	0	0	0	0	0	0	0	0	0	0	0	0	0	0	0	0	0	0	0	0	0	0	0	0	0	0	0	0	0	0	0	0	0	0	0	0	0	0	0	72.8801922416752	0	0	0	0	0	0	0	0	0	0	0	0	0	0	0	0	0	0	0	0	0	0	0	0	0	0	0	0	0	0	0	0	0	0	0.205973223480947	0	0	0	0	0	0	0	0	0	0	0	0	0	0	0	0	0	0	0	0	0	0	0	0	0	0	0	0	0	0	0	0	0	0	0	0	0	0	0	0	0	0	0	0	0	0	0	0	0	0	0	0	0	0	0	0	0	0	0	0	0	0	0	0	0	0	0	0	0	0	0	0	0	0	0	0	0	0	0	0	0	0	0	0	0	0	0	0	0	0	0	0	0	0	0.49776862341229	0	0	0	0	0	0	0	2.84929625815311	0	0	0	0	0	0	0	0	0	0	0	0	0	0	0	0	0	0	0	0	0	0	0	0	0	0	0	0	0	0	0	0	0	0	0	0	0	0	0	0	0	0	0	0	0	0	0	0	0	0	0	0	0	0	0	0	0	0	0	0	0	0	0	0	0	0	0.291795399931342	0	0	0	0	0	0	0	0	0	0	0	0	0.188808788190869	0	0	0	0	0	0	0	0	0	0	0	0	0	0	0	0	0	0	0	0	0	0	0	0	0	0	0	0	0	0	0	0	0	0	0	0	0	0	0	0	0	0	0	0	0	0	0	0	0	0	0	0	0	0	0	0	0	0	0	0	0	0	0	0	0	0	0	0	0	0	0	0.0514933058702369	0	0	0	0	0	0	0	0	0	0	0	0	0	0	0	0	0	0	0	0	0	0	0	0	0	0	0	0	0	0	0	0	0	0	0	0	0	0	0	0	0	0	0	0	0	0	0	0	0	0	0	0	0	0	0	0	0	0	0	0	0	0	0	0	0	0	0	0	0	0	0	0	0	0.806728458633711	0	3.93065568142808	0	0	0	0	0	0	0	0	0	0	0	0	0	0	0	0	0	0	1.97391005835908
ERR6650830	0	0	0	0	0	0	0	0	0	0	0	0	0	0	0	0	0	0	0	0	0	0	0	0	0	0	0	0	0	0	0	0	0	0	2.49643366619116	0	0	0	0	0	0	0	0	0	1.52163575844032	0	0	0	0	0	0.404184498335711	0	0	0	0	0	0	0	0	0	0	0	0	0	0	0	0	0	0	0	0	0	0	0.594388968140751	0	0	0	2.99572039942939	0	0	0	0	0	0	0	0.832144555397052	0	0	0	0	0	0	0	0	0	0	0	0	0.0951022349025202	0	0	0	0	0	0.951022349025202	0	0	0	0	0	0	0	0	0	0	0	0	0	0	0	0.11887779362815	0	0	0	0	0	0	0	0	0	0	0	0	0	0	0	0	0	0	0	0	0	0	0	0	0	0	0	0	0	0	0	0	0	0	0	0	0	0	0	0	0	0	0	0	0	0	0	0	0	0	0	0.21398002853067	0	0	0	0	0	0	0	0	0	0	0	0	0.927246790299572	0	0	0	0	0	0	0	0.689491203043271	0	0	0	0	0	0	0	0	0	0	0.641940085592011	0	0	0	0	0	0	0	0	0	0	0	0	0	0	0	0	0	0	0	0	0	0	0	0	0	0	0	0	0	0	0	0	0	0	0	0	0	0	0	0	0	0	0	0	0	0	0	0	0	0	0	0	0	0	0	0	0	0	0	0	0	0	0	0	0	0	0	0	0	0	0	0	0	0	0	0	0	0	0	0	0	0	0	0	0	0	0	0	0	0	0	0	0	0	0	0	0	0	0	0	0	0	0	0	0	0	0	0	0	0	0	0	0	0	0.499286733238231	0	0	0	0	0	0	0	0	0	0	0	0	0	0	0	0	0	0	0	0	0	0	0	0	0	0	0	0	0	0	0	0	0	0	0	0	0	0	0	0	0	0	0	0	0	0	0	0	0	0	0	0	0	0	0	0	0	0	0	0	0	78.8159771754636	0	0	0	0	0	0	0	0	0	0	0	0	0	0	0	0	0.0237755587256301	0	0	0	0	0	0	0	0	0	0	0	0	0	0	0	0	0	0	0	0	0	0	0	0	0	0	0	0	0	0	0	0	0	0	3.06704707560628	0	0	0	0	0	0	0	0	0	0	0	0	0	0	0	0	0	0	0	0	0	0	0	0	0	0	0	0	0	0	0	0	0	0	0	0	0	0	0	0	0	0	0	0	0	0	0	0	0	0	0	0	0	0	0	0	0	0	0	0	0	0	0	0	0	0	0	0	0	0	0	0	0	0	0	0	0	0	0	0	0	0	0	0	0	0	0	0	0	0	0	0	0	1.33143128863528	0	0	0	0	0	0	0	0	0	0	0	0	0	0	0	0	0	0	0	0	0	0	0	0	0	0	0	0	0	0	0	0	0	0	0	0	0	0	0	0	0	0	0	0	0	0	0	0	0	0	0	0	0	0	0	0	0	0	0.0951022349025202	0.21398002853067	0	0	0	0	0	0	0	0	0	0	0	0	0	0	0	0	0	0	0	0	0	0	0	0	0	0	0	0	0	0	0	0	0	0	0	0	0	0	0	0	0	0	0	0	0	0	0	0	0	0	0	0	0	0	0	0	0	0	0	0	0	0	0	0	0	0	0	1.23632905373276	0	0	0	0	0	0	0	0	0	0	0	0	0	0	0	0	0	0	0	0	0	0	0	0	0	0	0	0	0	0	0	0	0	0	0	0	0	0	0	0	0	0	0	0	0	0	0	0	0	0	0	0	0	0	0	0	0	0	0	0	0	0	0	0	0	0	0	0	0	0	0	0	0	0	0	0	0	0	0	0	0	0	0	0	0	0	0	0	0	0	0	0	0	0	0	0	0	0	0	0	0	0	0	0	0	0	0	0	0	0	2.23490252020922
ERR6650831	0	0	0	0	0	0	0	0	0	0	0.0332409972299169	0	0	0	0	0	0	0	0	0	0	0	0	0	0	0	0	0	0	0	0	0	0	0	0.43213296398892	0	0	0	0	0	0	0	0	0	0	0	0	0	0	0	0	0	0	0	0	0	0	0	0	0	0	0	0	0	0	0	0	0	0	0	0	0	0	0	0	0	0	0.354570637119114	0	0	0	0	0	0	0	0	0	0	0	0	0	0	0	0	0	0	0	0	0	0	0	0	0	0	0	0	0	0	0	0	0	0	0	0	0	0	0	0	0	0	0	0	0	0	0	0	0	0	0	0	0	0	0	0	0	0	0	0	0	0	0	0	0	0	0	0	0	0	0	0	0	0	0	0	0	0	0	0	0	0	0	0	0	0	0	0	0	0	0	0	0	0	0	0	0	0	0	0	0	0	0	0	0	0	0	0	0	0	0	0	0	0	0	0.121883656509695	0	0	0	0	0	0	0	1.22991689750693	0	0	0.786703601108033	0	0	0	0	0	0	0	0	0	0	0	0	0	0	0	0	0	0	0	0	0	0	0	0	0	0	0	0	0	0	0	0	0	0	0	0	0	0	0	0	0	0	0	0	0	0	0	0	0	0	0	0	0	0	0	0	0	0	0.842105263157895	0	0	0	0	0	0	0	0	0	0	0	0	0	0	0	0	0	0	0	0	0	0	0	0	0	0	0	0	0	0	0	0	0	0	0	0	0	0	0	0	0	0	0	0	0	0	0	0	0.0664819944598338	0	0	0	0	0	0	7.14681440443213	0	0	0	0	0	0	0	0	0	0	0	0	0	0	0.0554016620498615	0	0.742382271468144	0	0	0	0	0	0	0	0	0	0	0	0	0	0	0	0	0	0	0	0	0	0	0	0	0	0	0	0	0	0	0	0	0	0	0	0	0	0	0	0	0	0	0	0	60.8310249307479	0	0	0	0	0	0	0	0	0	0	0	0	0	0	0	0	0.177285318559557	0	0	0	0	0	0	0	0	0	0	0	0	0	0	0	0	0	0.14404432132964	0	0	0	0	0	0	0	0	0	0	0	0	0	0	0	0	0	0	0	0	0	0	0	0	0	0	0	0	0	0	0	0	0	0	0	0	0	0	0	0	0	0	0	0	0	0	0	0	0	0	0	0	0	0	0	0	0	0	0	0	0	0	0	0	0	0	0	0	0	0	0	0	0	0	0	0	0	0	0	0	0	0	0	0	0	1.13019390581717	0	0	0	0	0	0	0	0	0	0	0	0	0	0	0	0	0	0	0	0	0	0	0	0	0	0	0	0	0	0	0	0	0	0	0	0	0	0	0	0	0	0	0	0	0	0	0	0	0	0	0	0	0	0	0	0	0	0	0	0	0	0	0	0	0	0	0	0	0	0	0	0	0	0	0	0	0	0	0	0	0	0	0	0	0	0	0	0	0	0.0997229916897507	0	0	0	0	0	3.2797783933518	0	0	0	0	0	0	0	0	0	0	0	0	0	0	0	0	0	0	0	0	0	0.110803324099723	0	0	0	0	0	0	0	0	0	0	0	0	0	0	0	0	0	0	0	0	0	0	0	0	0	0	0	0	0	0	0	0	0	0	0	0	0	0	0	0	0	0	0	0	3.601108033241	0	0	0	0	0	0.0554016620498615	0	0	0.166204986149584	0	0	0	0	0	0	0	0	0	0	0	0	0	0	0	0	0	0	0	0	0	0	0.376731301939058	0	0	0	0	0	0	0	0	0	0	0	0	0	0	0	0	0	0	0	0	0	0	0	0	0	0	0	0	0	0	0	0	0	0	0	0	0	0	0	0	0	0	0	0	0	0	0	0	0	0	0	0	0	0	0	0	0	0	0.277008310249307	0	0	0	0	0	0	0	0	0	17.9390581717452
ERR6650832	0	0	0	0	0	0	0	0	0	0	0	0	0	0	0	0	0	0	0	0	0	0	0	0	0	0	0	0	0	0	0	0	0	0	0	0	0	0	0	0	0	0	0	0	0	0	0	0	0	0	0	0	0	0	0	0	0	0	0	0	0	0	0	0	0	0	0	0	0	0	0	0	0	0	0	0	0	0	0	0	0	2.11988304093567	0	0	0	0	0	0	0	0	0	0	0	0	0	0	0	0	0	0	0	0	0	0	0	0	0	0	0	0	0	0	0	0	0	0	0	0	0	0	0	1.33040935672515	0	0	0	0	0	0	0	0	0	0	0	0	0	0	0	0	0	0	0	0	0	0	0	0	0	0	0	0	0	0	0	0	0	0	0	0	0	0	0	0	0	0	0	0	0	0	0	0	0	0	0	0	0	0	0	0	0	0	0	0	0	0	0	0	0	0	0	0	0	0	0	0	0	0	0	0	0	0	0	0	0	0	0	0	0	0	0	0	0	0	0	0	0	0	0	0	0	0	0	0	0	0	0	0	0	0	0	0	0	0	0	0	0	0	0	0	0	0	0	0	3.75730994152047	0	0	0	0	0	0	0	0	0	0	0	0	0	0	0	0	0	0	0	0	0	0	0	0	0	0	0	0	0	0	0	0	0	0	0	0	0	0	0	0	0	0	0	0	0	0	0	0	0.964912280701754	0	0	0	0	0	0	0	0	0	0	0	0	0	0	0	0	0	0	0	0	0	0	0	0	0	0	0	0	0	0	0	0	0	0	0	0	0	0	0	0	0	0	0	0	0	0	0	0	0	0	0	0	0	0	0	0	0	0	0	0	0	0	0	0	0	0	0	0	0	0	0	0	0	0	0	0	0	0	0	0	0	0	0	0	0	0	0	0	0	74.546783625731	0	0	0	0	0	0	0	0	0	0	0	0	0	0	0	0	0	0	0	0	0	0	0	0	0	0	0	0	0	0	0	0	0	0	0	0	0	0	0	0	0	0	0	0	0	0	0	0	0	0	0	0	0	0	0	0	0	0	0	0	0	0	0	0	0	0	0	0	0	0	0	0	0	0	0	0	0	0	0	0	0	0	0	0	0	0	0	0	0	0	0	0	0	0	0	0	0	0	0	0	0	0	0	0	0	0	0	0	0	0	0	0	0	0	0	0	0	0	0	0	0	0	0	0	0	0	0	0	0	0	0	0	0	0	0	0	0	0	0	0	0	0	0	0	0	0	0	0	0	0	0	0	0	0	0	0	0	0	0	0	0	0	0	0	0	0	0	0	0	0	0	0	0	0	0	0	0	0	0	0	0	0	0	0	0	0	0	0	0	0	0	0	0	0	0	0	0	0	0	0	0	0	0	0	0	0	0	0	0	0	0	0	0	0	0	0	0	1.30116959064327	0	0	0	0	0	0	0	0	0	0	0	0	0	0	0	0	0	0	0	0	0	0	0	0	0	0	0	0	0	0	0	0	0	0	0	0	0	0	0	0	0	0	0	0	0.570175438596491	0	0	0	0	0	0	0	0	0	0	0	0	0	0	0	0	0	0	0	0	4.10818713450292	0	0	0	0	0	0	0	0	0	0	0	0	0	0	0	0	0	0	0	0	0	0	0	0	0	0	0	0	0	0	0	8.61111111111111	0	0	0	0	0	0	0	0	0	0	0	0	0	0	0	0	0	0	0	0	0	0	0	0	0	0	0	0	0	0	0	0	0	0	0	0	0	0	0	0	0	0	0.964912280701754	0	0	0	0	0	0	0	0	0	0	0	0	0	0	0	0	0	0	0	0	0	0	0	0	0	1.72514619883041
ERR6650834	0	0	0	0	0	0	0	0	0	0	0	0	0	0	0	0	0	0	0	0	0	0	0	0	0	0	0	0	0	0	0	0	0	0	0	0	0	0	0	0	0	0	0	0	0	0	0	0	0	0	0.930494854081489	0	0	0	0	0	0	0	0	0	0	0	0	0	0	0	0	0	0	0	0	0	0	0.0704920344001128	0	0	0	0	0	0	0	0	0	0	0	0	0	0	0	0	0	0	0	0	0	0	0	0	0.902298040321444	0	0	0	0	0	0	0	0	0	0	0	0	0	0	0	0	0	0	0	0	0	0	0	0	0	0	0	0	0	0	0	0	0	0	0	0	0	0	0	0	0	0	0	0	0	0	0	0	0	0	0	0	0	0	0	0	0	0	0	0	0	0	0	0	0	0	0	0	0	0	0	0	0	0	0	0	0	0	0	0	0	0	0	0	0.0140984068800226	0	0	0	0	0	0	0	0	0	0.888199633441421	0	0	0	0	0	0	0	0	0	0	0	0	0	0	0	0	0	0	0	0	0	0	0	0	0	0	0	0	0	0	0	0	0	0	0	0	0	0	0	0	0	0	0	0	0	0	0	0	0	0	0	0	0	0	0	0	0	0	0	0	0	0	0	0	0	0	0	0	0	0	0	0	0	0	0	0	0	0	0	0	0	0	0	0	0	0	0	0	0	0	0	0	0	0	0	0	0	0	0	0	0	0	0	0	0	0	0	0	0	0	0	0	0	0	0	0	0	0	0.563936275200902	0	0	0	0	0	0	3.83476667136614	0	0	0	0	0	0	0	0	0	0	0	0	0	0	0	0	0	0	0	0	0	0	0	0	0	0	0	0	0	0	0	0	0	0	0	0	0	0	0	0.126885661920203	0	0	0	0	0	0	0	0	0	0	0	0	0	0	0	0	0	0	0	0	0	88.2419286620612	0	0	0	0	0	0	0	0	0	0	0	0	0	0	0	0	0	0	0	0	0	0	0	0	0	0	0	0	0	0	0	0	0	0	0	0	0	0	0	0	0	0	0	0	0	0	0	0	0	0	0	0	0	0	0	0	0	0	0	0	0	0	0	0	0	0	0	0	0	0	0	0	0	0	0	0	0	0	0	0	0.451149020160722	0	0	0	0	0	0	0	0	0	0	0	0	0	0	0	0	0	0	0	0	0	0	0	0	0	0	0	0	0	0	0	0	0	0	0	0	0	0	0	0	0	0	0	0	0	0	0	0	0	0	0	0	0	0	0	0	0	0	0	0	0	0	0	0	0	0	0	0	0	0	0	0	0	0	0	0	0	0	0	0	0	0	0	0	0	0	0	0	0	0	0	0	0	0	0	0	0	0	0	0	0	0	0	0	0	0	0	0	0	0	0	0	0	0	0	0	0	0	0	0	0	0	0	0	0	0	0	0	0	0	0	0	0	0	0	0	0.324263358240519	0	0	0	0	0	0	0	0	0	0	0	0	0	0	0	0	0	0	0	0	0.465247427040744	0	0	0	0	0	0	0	0	0	0	0	0	0	0	0	0	0	0	0	0	0	0	0	0	0	0	0	0	0	0	0	0	0	0	0	0	0	0	0	0	0	0	0	0	2.53771323840406	0	0	0	0	0	0	0	0	0	0	0	0	0	0	0	0	0	0	0	0	0	0	0	0	0	0	0	0	0	0	0	0	0	0	0	0	0	0	0	0	0	0	0	0	0	0	0	0	0	0	0	0	0	0	0	0	0	0	0	0	0	0	0	0	0	0	0	0	0	0	0	0	0	0	0	0	0	0	0	0	0	0.648526716481038	0	0	0	0	0	0	0	0	0	0	0	0	0	0	0	0	0	0	0
ERR6650838	0	0	0	0	0	0	0	0	0	0	0	0	0	0	0	0	0	0	0	0	0	0	0	0	0	0	0	0	0	0	0	0	0	0	0	0	0	0	0	0	0	0	0	0	0	0	0	0	0	0	0.110723107060727	0	0	0	0	0	0	0	0	0	0	0	0	0	0	0	0	0	0	0	0	0	0	0	0	0	0	0	0	0	0	0	0	0	0	0	0	0	0	0	0	0	0	0	0	0	0	0	0	0	0	0	0	0	0	0	0	0	0	0	0	0	0	0	0	0	0	0	0	0	0	0	0	0	0	0	0	0	0	0	0	0	0	0	0	0	0	0.0340686483263777	0	0	0	0	0	0	0	0	0	0	0	0	0	0	0	0	0	0	0	0	0	0	0	0	0	0	0	0	0	0	0	0	0	0	0	0	0	0	0	0	0	0	0	0	0	0	0	0	0	0	0	0	0	0	0	0.110723107060727	0	0	0	0	0	0	0	0	0	0	0	0	0	0	0	0	0	0	0	0	0	0	0	0	0	0	0	0	0	0	0	0	0	0	0	0	0	0	0	0	0	0	0	0	0	0	0	0	0.315134997018993	0	0	0	0	0	0	0	0	0	0	0	0	0	0	0	0	0	0	0	0	0	0	0	0	0	0	0	0	0	0	0	0	0	0	0	0	0	0	0	0	0	0	0	0	0	0	0	0	0	0	0	0	0	0	0	0	0	0	0	0	0	0	0	0	0	0	0	0	0.451409590324504	0	0	0	0	0	0	0	0	0	0	0	0	0	0	0	0	0	0	0	0	0	0	0	0	0	0	0	0	0	0	0	0	0	0	0	0	0	0	0	0	0	0	0	0	0	0	0	0	0	0	0	0	0	0	0	0	0	0	0	0	0	0	0	0	0	0	0	0	0	96.6442381398518	0	0	0	0	0	0	0	0	0	0	0	0	0	0	0	0	0	0	0	0	0	0	0	0	0	0	0	0	0	0	0	0	0	0	0	0	0	0	0	0	0	0	0	0	0	0	0	0.187377565795077	0	0	0	0	0	0	0	0	0	0	0	0	0	0	0	0	0	0	0	0	0	0	0	0	0	0	0	0	0	0	0	0	0	0	0	0	0	0	0	0	0	0	0	0	0	0	0	0	0	0	0	0	0	0	0	0	0	0	0	0	0	0	0	0	0	0	0	0	0	0	0	0	0	0	0	0	0	0	0	0	0	0	0	0	0	0	0	0	0	0	0	0	0	0	0	0	0	0	0	0	0	0	0	0	0	0	0	0	0	0	0	0	0	0	0	0	0	0	0	0	0	0	0	0	0	0	0	0	0	0	0	0	0	0	0	0	0	0	0	0	0	0	0	0	0	0	0	0	0	0	0	0	0.110723107060727	0	0	0	0	0.144791755387105	0	0	0	0	0	0	0	0	0	0	0	0.272549186611021	0	0	0	0	0	0	0.204411889958266	0	0	0	0.613235669874798	0	0	0	0	0	0	0	0	0	0	0	0	0	0	0	0	0	0	0	0	0	0	0	0	0	0	0	0	0	0	0	0	0	0	0	0	0	0	0	0	0	0	0	0	0	0	0	0	0	0	0	0	0	0	0.740993101098714	0	0	0	0	0	0	0	0	0	0	0	0	0	0	0	0	0	0	0	0	0	0	0	0	0	0	0	0	0	0	0	0	0	0	0	0	0	0	0	0	0	0	0	0	0	0	0	0	0	0	0	0	0	0	0	0	0	0	0	0	0	0	0	0	0	0	0	0	0	0	0	0	0	0	0	0	0	0	0	0	0	0	0	0	0	0	0	0	0	0	0	0	0	0	0	0	0	0	0	0	0.0596201345711609
ERR6650843	0	0	0	0	0	0	0	0	0	0	0	0	0	0	0	0	0	0	0	0	0	0	0	0	0	0	0	0	0	0	0	0	0	0	0	0	0	0	0	0	0	0	0	0	0.217129071170084	0	0	0	0	0	1.13389626055489	0	0	0	0	0	0	0	0	0	0	0	0	0	0	0	0	0	0	0	0	0	0	0	0	0	0	0	0	0	0	0	0	0	0	0.482509047044632	0	0	0	0	0	0	0	0	0	0	0	0	6.0313630880579	0	0	0	0	0	0	0	0	0	0	0	0	0	0	0	0	0	0	0	0	0	0	0	0	0	0	0	0	0	0	0	0	0	0	0	0	0	0	0	0	0	0	0.506634499396864	0	0	0	0	0	0	0	0	0	0	0	0	0	0	0	0	0	0	0	0	0	0	0	0	0	0	0	0	0	0	0	3.76357056694813	0.120627261761158	0	0	0	0	0	0	0	0	0	0	0	0	0	0	0	0	0	0	3.03980699638118	0	0	0	0	0	0	0	0	0	0	5.33172496984318	0	0	0	0	0	0	0	0	0	0	0	0	0	0	0	0	0	0	0	0	0	0	0	0	0	0	0	0	0	0	0	0	0	0	0	0	0	1.51990349819059	0	0	0	0	0	0	0	0	0	0	0	0	0	0	0	0	0	0	0	0	0	0	0	0	0	0	0	0	0	0	0	0	0	0	0	0	0	0	0	0	0	0	0	0	0	0	0	0	0	0	0	0	0	0	0	0	0	0	0	0	0	0	0	0	0	0	0	0	0	0	0	0	0	0	0	0	4.17370325693607	0	0	0	0	1.42340168878166	0	0	0	0	0	0	0	0	0	0	0	0	0	0	0	0	0	0	0	0	0	0	0	0	0	0	0	0	0.554885404101327	0	0	0	2.62967430639324	0	0	0	0	0	0	0	0	0	0	0	0	0	0	0	0	0	0	0	0	0	0	0	50.108564535585	0	0	0	0	0	0	0	0	0	0	0	0	0	0	0	0	0	0	0	0	0	0	0	0	0	0	0	0	0	0	0	0	0	0	0	0	0	0.193003618817853	0	0	0	0	0	0	0	0	0	0.530759951749095	0	0	0	0.0965018094089264	0	0	0	0	0	0	0	0	0	0	0	0	0	0	0	0	0	0	0	0	0	0	0	0	0	0	0	0	0	0	0	0	0	0.989143546441496	0	0	0	0	0	0	0	0	0	0	0	0	0	0	1.23039806996381	2.09891435464415	0	0	0	0	0	0	0	0	0	0	0	0	0	0	0	0	0	0	0	0	0	0	0	0	0	0	0	0	0	0	0	0	0	0	0	0	0	0	1.06151990349819	0	0	0	0.0723763570566948	0.965018094089264	0	0	0	0	0	0	0	0	0	0	0	0	0	0	0	0	0	0	0	0	0	0	0	0	0	0	0	0	0	0	0	0	0	0	0	0	0	0	0	0	0	0	0	0	0	0	0	0	0	0	0	0	0	0	0	0	0	0	0	0.627261761158022	0	0	0	0.989143546441496	0	0	0	0	0	0	0	0	0	0	0	0	0	0	0	0	0	0	0.14475271411339	0	0	0	0	0	0	0	0	0	0	0.699638118214716	0	0	0	0	0	0	0	0	0	0	0	0	0	0	0	0	0	0	0	0	0	0	0	0	0	0	0	0	0	0	0	0	0	0.289505428226779	0	0	0	0	0	0	0	0	0	0	0	0	0	0	0	0.193003618817853	0	0	0.530759951749095	0	0	0	0	0	0	0	0	0	0	0	0	0	0	0	0	0.193003618817853	0	0	0	0	0	1.3751507840772	0	0	0	0	0	0	0	0	1.25452352231604	0	0	0	0	0	0	0	0	0	0	0	0	0	0	0	0	0	0	0	0	0	0	0	0	0	0	0	0	0	0	0	0	0	0	0	0	0	0	0	0	1.13389626055489	0	0	0	0	0	0	0	0	0	1.03739445114596	0	0	0	0	0	0	0	0	3.25693606755127
ERR6650849	0	0	0	0	0	0	0	0	0	0	0	0	0	0	0	0	0	0	0	0	0	0	0	0	0	0	0	0	0	0	0	0	0	0	0.710441334768568	0	0	0	0	0	0	0	0	0	0.818083961248654	0	0	0	0	0	0.452099031216362	0	0	0	0	0	0	0	0	0	0	0	0	0	0	0	0	0	1.89451022604952	0	0	0	0	1.05489773950484	0	0	0	0	0	0	0	0	0	0	0	0	0	0	0	0	0	0	0	0	0	0	0	0	0.581270182992465	0	0	0	0	0	0	0	0	0	0	0	0	0	0	0	0	0	0	0	0	0	0	0	0	0	0	0	0	0	0	0	0	0	0	0	0	0	0	0.990312163616792	0	0	0	0.958019375672766	0	0	0	0	0	0	0	0	0	0	0	0	0	0	0	0	0	0	0	0	0	0	0	0	0	0	57.6103336921421	0	0	0	0	0	0	0	0	0	0	0	0	0	0	0.570505920344456	0	0	0	0	0	0	0	0	0	0	0	0	0	0	0	0	0	0	0	0	0	0	0	0	0	0	0	0	0	0	0	0	0	0	0	0	0	0	0	0	0	0	0	0	0	0	0	0	0	0	0	0	0	0	0	0	0	0	1.36706135629709	0	0	0	0	0	0	0	0	0	0	0	0	0	0	0	0	0	0	0	0	0.656620021528525	0	0	0	0	0	0	0	0	0	0	0	0	0	0	0	0	0	0	0	0	0	0	0	0	0	0	0	0	0	0	0	0	0	0	0	0	0	0	0	0	0	0	0	0	0	0	0	0	0	0	0	0	0	0	0	0	0	0	0	0	0	0	0	0	0	0	0	0	0	0	0	0	0	0	0	0	0	0	0	0	0	0	0	0	0	0	0	0	0	0	0	0	0	0	0	0.129171151776103	0	0	0	0	0	0	0	0	0	0	0	0	0	0	0	0	0	0	0	0	0	15.6404736275565	0	0	0	0	0	0	0	0	0	0	0	0	0	0	0	0	0.505920344456405	0	0	0	0.0430570505920344	0	0	0	0	0	0	0	0	0	0	0	0	0	0	0	0	0	0	0	0	0	0	0	0	0	0	0	0	0	0	0	0	0	0	0	0	0	0	0	0	0	0	0	0	0	0	0	0	0	0	0	0	0	0	0	0	0	0	0	0	0	0	0	0	0	0	0	0	0	0	0	0	0	0	0	0	0	0	0	0	11.248654467169	0	0	0	0	0	0	0	0	0	0	0	0	0	0	0	0	0	0	0	0	0	0	0	0	0	0	0	0	0	0	0	0	0	0	0	0	0	0	0	0	0	0	0	0	0	0	0	0	0	0	0	0	0	0	0	0	0	0	0	0	0	0	0	0	0	0	0	0	0	0	0	0	0	0	0	0	0	0	0	0	0	0	0	0	0	0	0	0	0	0	0	0	0	0	0	0	0	0	0	0	0	0	0	0	0	0	0	0	0	0	0	0	0	0	0	0	0	0	0	0	0	0	0	0	0	0	0	0	0	0	0	0.904198062432723	0	0	0	0	0	0	0	0	0	0	0	0	0	0	0	0	0	0	0	0	0	0	0	0	0	0	0	0	0.548977395048439	0	0	0	0	0	0	0	0	0	0	0	0	0	0	0	0	0	0	0	0	0	0	0	0	0	0	0	0	0	0	0	0	0	0	0	0	0	0	0	0	0	0	0	0	0	0	0	0	0	0	0	0	1.17330462863294	0	0	0	0	0	0	0	0	0	0	0	0	0	0	0	0	0	0	0	0	0	0	0	0	0.355220667384284	0	0	0	0	0	0	0	0	0	0	0	0	0	0	0	0	0	0	0	0	0	0	0	0	0	0	0	0	0	0	0	0	0	0	0	0	0	1.78686759956943	0	0	0	0	0	0
ERR6650850	0	0	0	0	0	0	0	0	0	0	0	0	0	0.158447217270747	0	0	0	0	0	0	0	0	0	0	0	0	0	0	0	0	0	0	0	0	0	0	0	0	0	0	0	0	0	0	0	0	0	0	0	0	0.485244602891662	0	0	0	0	0	0	0	0	0	0	0	0	0	0	0	0	0	0.158447217270747	0	0	0	0	0.336700336700337	0	0	0	0.693206575559517	0	0	0	0	0	0	0.604080015844722	0	0	0	0	0	0	0	0	0	0	0	0	0	4.65438700732818	0	0	0	0	0	0	0	0	0	0	0	0	0	0	0	0	0	0	0	0	0	0	0	0	0	0	0	0	0	0	0	0	0	0	0	0	0	0	0	0	0	0	0	0	0	0	0	0	0	0	0	0	0	0	0	0	0	0	0	0	0	0	0	0	0	0	0	0	0	0.0396118043176867	0	0	0	0	0	0	0	0	0	0	0	0	0	0	0	0	0	0	0	0	0	0	0	0.029708853238265	2.92137056842939	0	0	0	0	0	0	0	0	0	0	0.217864923747277	0	0	0	0	0	0	0	0	0	0	0	0	0	0	0	0	0	0	0	0	0	0	0	0	0	0.168350168350168	0	0	0	0	0	0	0	0	0	0	0	0	0	0	0	0	0	0.802139037433155	0	0	0	0	0	0	0	0	0	0	0	0	0	0	0	0	0	0	0	0	0	0	0	0	0	0	0	0	0	0	0	0	0	0	0	0	0	0	0	0	0	0	0.0990295107942167	0	0	0	0	0	0	0	0	0	0	0	0	0	0	0	0	0	0	0	0	0	0	0	0	0	0	0	0	0	0	0	0	0	0	0	0	0	0	0	0	0	0	0	0	0	0	0	0	0	0	0	0	0	0	0	0	0	0	0	0	0	0	0	0	0	0	0	0	0	0	0	0	0	0	0	0	0	0	0	0	0	0	0	0	0	0	0	0	0	70.2416320063379	0	0	0	0	0	0	0	0	0	0	0	0	0	0	0	0	0	0	0	0	0	0	0	0	0	0	0	0	0	0	0	0	0	0	0	0	0	0	0	0	0	0	0	0	0	0	0	0	0	0	0	0	0	0	0	0	0	0	0	0	0	0	0	0	0	0	0	0	0	0	0	0	0	0	0	0	0	0	0	0	0	0	0	0	0	0	0	0	0	0	0	0	0	0	0	0	0	0	0	0	0	13.6165577342048	0	0	0	0	0	0	0	0	0	0	0	0	0	0	0	0	0	0	0	0	0	0	0	0	0	0	0	0.188156070509012	0	0	0	0	0	0	0	0	0	0	0	0	0	0	0	0	0	0	0	0	0	0	0	0	0	0	0	0	0	0	0	0	0	0	0	0	0	0	0	0	0	0	0	0	0	0	0	0	0	0	0	0	0	0	0	0	0	0.623885918003565	0	0	0	0	0	0	0.00990295107942167	0	0	0	0	0	0	0	0	0	0	0	0	0	0	0	0	0	0	0	0	0	0	0.287185581303228	0	0	0	0	0	0	0	0	0	0	0.267379679144385	0	0	0	0	0	0	0	0	0	0	0	0	0	0	0	0	0	0	0	0	0	0	0	0	0	0	0	0	0	0	0	0	0	0	0	0	0	0	0	0	0	0	0	0	0	0	0	0	0	0	0	0	0	0	0.198059021588433	0	0	0	0	0	0.683303624480095	0	0	0	0	0	0	0	0	0	0	0	0	0	0	0	0	0	0	0	0	0	0	0	0	0	0.386215092097445	0	0	0	0	0	0	0	0	0	0	0	0	0	0	0	0	0	0	0	0	0	0	0	0	0	0	0	0	0	0	0	0	0	0	0	0	0	0	0	0	0	0	0	0	0	0	0	0.732818379877203	0	0	0	0	0	0	0	0	0	0	0	0	0	0	0	0	0	0	0	0	1.39631610219846
ERR6650851	0	0	0	0	0	0	0	0	0	0	0	0	0	0	0	0	0	0	0	0.0077930174563591	0	0	0	0	0	0	0	0	0	0	0	0	0	0	0	0	0	0	0	0	0	0	0	0	0	0	0	0	0	0	0.13150716957606	0	0	0	0.0214307980049875	0	0	0	0	0	0	0	0	0	0	0	0	0	0.460762157107232	0	0	0	0	0	0	0	0	0	0	0	0	0	0	0	0.0740336658354115	0	0	0	0	0	0	0	0	0	0	0	0	0	1.59269794264339	0	0	0	0	0	0	0	0	0	0	0	0	0	0	0	0	0	0	0	0	0	0	0	0	0	0	0	0	0	0	0	0	0	0	0	0	0	0	0	0	0	0	0	0	0	0	0	0	0	0	0	0	0	0	0	0	0	0	0	0	0	0	0	0	0	0	0	0	0	0	0	0	0	0	0	0	0	0	0	0	0	0	0	0.0574735037406484	0.233790523690773	0	0	0	0	0	0	0	0	0	0.138326059850374	0	0	0	0	0	0	0	0	0	0	0	0	0	0	0	0	0	0	0	0	0	0	0	0	0	0	0	0	0	0	0	0	0	0	0	0	0	0	0	0	0	0	0	0	0	0	0	0	1.07543640897756	0	0	0	0	0	0.0506546134663342	0	0	0	0	0	0	0	0.0389650872817955	0	0.211385598503741	0	0	0	0	0	0	0	0	0	0	0	0	0	0	0	0	0	0	0	0	0	0	0	0	0	0	0	0	0	0.0399392144638404	0	0	0	0	0	0	0	0	0	0	0	0	0	0	0	0	0	0	0	0	0	0	0	0	0	0	0	0	0	0	0	0	0	0	0	0	0	0	0	0	0	0	0	0	0	0	0	0	0	0	0	0	0	0	0	0	0	0.0224049251870324	0	0.0311720698254364	0	0	0	0	0	0	0	0	0	0	0	0	0	0	0	0	0	0	0	0	0	0	0	0	0	0	0	0	0	0	0	0	93.3467113466334	0	0	0	0	0	0	0	0	0	0	0	0	0	0	0	0	0	0	0	0	0	0	0	0	0	0	0	0	0	0	0	0	0	0	0	0	0	0	0	0	0	0	0	0	0	0	0	0	0	0	0	0	0	0	0	0	0	0	0	0	0	0	0	0	0	0	0	0	0	0	0	0.035068578553616	0	0	0	0	0	0	0	0	0	0	0	0	0	0	0	0	0	0	0	0	0	0	0	0.0204566708229426	0	0	0	0	0	0.987764962593516	0.0077930174563591	0	0	0	0	0	0	0	0	0	0	0	0	0	0	0	0	0	0	0	0	0	0	0	0	0	0	0	0	0	0	0	0	0	0	0	0	0	0	0	0	0	0	0	0	0	0	0	0	0	0	0	0	0	0	0	0	0	0	0	0	0	0	0	0	0	0	0	0	0	0	0	0	0	0	0	0	0	0	0	0	0	0	0	0	0	0	0	0	0	0	0	0	0	0	0	0	0	0	0	0	0	0	0	0	0	0	0	0	0	0	0	0	0	0	0.286393391521197	0	0	0	0	0	0	0	0	0	0	0	0	0	0	0	0	0	0	0	0	0	0	0	0	0	0	0	0	0	0	0	0	0	0	0	0	0	0	0	0	0	0	0	0	0	0	0	0	0	0	0	0	0	0	0	0.385754364089776	0	0	0	0	0	0	0	0	0	0.12761066084788	0	0	0	0	0	0.296134663341646	0	0	0	0	0	0	0	0	0	0	0	0	0	0	0	0	0	0	0	0	0	0	0	0	0	0	0	0	0	0	0	0	0	0	0	0	0	0	0	0	0	0	0	0	0	0	0	0	0	0	0	0	0	0	0	0	0	0	0	0	0	0	0	0	0	0	0	0	0.0448098503740648	0	0	0	0	0.0155860349127182	0	0	0	0	0	0	0	0	0	0	0	0	0	0	0	0	0	0	0	0	0.258143703241895
ERR6650853	0	0	0	0	0	0	0	0	0	0	0	0	0	0	0	0	0	0	0	0	0	0	0	0	0	0	0	0	0	0	0	0	0	0	0.206149848419229	0	0	0	0	0	0	0	0	0	0	0	0	0	0	0	0.00692940666955392	0	0	0	0	0	0	0	0	0	0	0	0	0	0	0	0	0	0	0	0	0	0	0.043308791684712	0	0	0	0	0	0	0	0	0	0	0	0.043308791684712	0	0	0	0	0	0	0	0	0	0	0	0	0.209614551754006	0	0	0	0	0	0	0	0	0	0	0	0	0	0	0	0	0	0	0	0.0242529233434387	0	0	0	0	0	0	0	0	0	0	0	0	0	0	0	0	0	0	0	0	0	0	0.265049805110437	0	0	0	0	0	0	0	0	0	0	0	0	0	0	0	0	0.0623646600259853	0	0	0	0	0	0	0	0	0	0	0	0	0	0	0	0	0	0	0	0.0519705500216544	0	0	0	0	0	0	0	0	0	0	0	0	0	0	0.0502381983542659	0	0	0	0	0	0	0	0	0	0	0.0744911216977046	0	0	0	0	0	0	0	0	0	0	0	0	0	0	0	0	0	0	0	0	0	0	0	0	0	0	0	0	0	0	0	0	0	0	0	0	0	0.0883499350368125	0	0	0	0	0	0	0	0	0	0	0	0	0	0.254655695106107	0	0	0	0	0	0	0	0	0.0554352533564314	0	0	0	0	0	0	0	0	0.0554352533564314	0	0	0.162841056734517	0	0	0	0	0	0	0	0	0	0.0138588133391078	0	0	0	0	0	0	0	0	0	0	0	0	0	0	0	0	0	0	0	0	0	0	0	0.0294499783456042	0	0	0	0	0	0	0	0	0	0	0	0	0	0	0	0	0	0	0	0.0225205716760502	0.129926375054136	0	0	0	0	0	0	0	0	0	0	0	0	0	0	0	0	0.0173235166738848	0	0	0	0.0900822867042009	0	0	0	0.0814205283672585	0	0	0	0	0	0	0	0	0	0	0	0	0	0	0	0	0	0	0.0848852317020355	0	0	0	0	96.0970116933738	0	0	0	0	0	0	0	0	0	0	0	0	0	0	0	0	0.0225205716760502	0	0	0	0	0	0	0	0	0	0	0	0	0	0	0	0	0	0.265049805110437	0	0	0.0242529233434387	0	0	0	0	0	0	0	0	0	0.0658293633607622	0	0	0	0	0	0	0	0	0	0	0	0	0	0	0	0	0.148982243395409	0	0	0	0	0	0	0	0	0	0	0	0	0	0	0	0	0	0	0	0	0	0	0	0	0	0	0	0	0	0	0	0	0	0	0	0	0	0.039844088349935	0	0	0	0	0	0	0	0	0	0	0	0	0	0	0	0	0	0	0	0	0	0	0	0	0	0	0.0173235166738848	0	0	0	0	0	0	0	0	0.0138588133391078	0	0	0	0	0	0	0	0	0	0	0	0	0	0	0	0	0	0	0	0	0	0	0	0	0	0	0	0	0	0	0	0	0	0	0	0	0	0	0	0	0	0	0	0	0	0	0	0	0	0	0	0	0	0	0	0	0	0	0	0	0	0	0	0	0	0	0.18189692507579	0	0	0	0	0	0	0	0	0.0918146383715894	0	0	0	0	0	0	0	0	0	0	0	0	0	0	0	0	0	0	0	0	0	0	0	0	0	0	0	0	0	0	0	0	0	0	0	0	0	0.0103941100043309	0	0	0	0	0	0	0	0	0	0	0	0	0	0	0	0	0	0	0	0.0762234733650931	0.00519705500216544	0	0	0	0.0935469900389779	0	0	0	0.039844088349935	0	0.0381117366825466	0	0	0	0	0	0	0	0	0.0155911650064963	0	0	0	0	0	0	0	0	0	0	0	0	0	0	0	0	0	0	0	0	0	0	0.313555651797315	0	0	0	0	0	0	0	0	0	0	0.0571676050238198	0	0	0	0	0	0.086617583369424	0	0	0	0	0	0	0	0	0	0	0	0	0.043308791684712	0	0	0	0	0	0	0	0	0	0	0	0	0.039844088349935	0	0	0	0	0	0	0	0	0	0	0.0502381983542659	0	0	0	0	0	0	0	0	0	0	0	0	0	0	0.0381117366825466
ERR6650858	0	0	0	0	0	0	0	0	0	0	0	0	0	0	0	0	0	0	0	0	0	0	0	0	0	0	0	0	0	0	0	0	0	0	0	0	0	0	0	0	0	0	0	0	0.459981600735971	0	0	0	0	0	0.118280983046392	0	0	0	0	0	0	0	0	0	0	0	0	0	0	0	0	0	0	0	0	0	0	0.275988960441582	0	0.0525693257983966	0	0	0	0	0	0	0	0	0	0	0	0	0	0	0	0	0	0	0	0	0	0	3.86384544618215	0	0	0	0	0	0	0	0	0	0	0	0	0.643974241030359	0.643974241030359	0	0.197134971743987	0	0	0	0	0	0	0	0	0	0	0.0919963201471941	0	0	0	0	0	0	0	0	0	0	0	0	0	0	0	0.078853988697595	0	0	0	0	0	0.131423314495992	0	0	0	0	0	0	0.565120252332764	0	0	0.328558286239979	0	0	0.170850308844789	0	0	0	0	0	0	0	1.6427914311999	0	0	0	0	0	0	0	0	0	0	0	0	0	0	0.341700617689578	0	0	0	0	0	0	0.959390195820738	0	0	7.99053752135629	0	0	0	0	0	0	0	0	0	0	1.02510185306873	0	0	0	0	0	0	0	0	0	0	0	0	0	0	0	0	0	0	0	0	0	0	0	0	0	0	0	0	0	0	0	0	0	0	0	0	0	1.37994480220791	0	0	0	0	0	0.643974241030359	0	0	0	0.0525693257983966	0	0	0	0.459981600735971	0	0	0	0	0	0	0	0	0	0	0	0	0	0	0	0	0	0	0.47312393218557	0	0	0	0	0	0.197134971743987	0	0	0	0	0	0	0	0	0	0.381127612038376	0	0	0	8.45051912209226	0	0	0	0	0	0	0	0	0	0	0	0	0	0	0	0	0	0	0	0	0	0.565120252332764	0	1.24852148771192	0	0	0	0	0	0.144565645945591	0	0	0	0	0	0	0	0	0.328558286239979	0	0	0	0	0	0	0	0	0	0	0	0	0	0	0	0	0	0	0	0	0	0	0.223419634643186	0	0	0	0	0	0.512550926534367	0	0	0	0	0	0	0	0	0	0	0	0	0.170850308844789	0	0	0	0	44.4079379681956	0	0	0	0	0	0	0	0	0	0	0	0	0	0	0	0	0.525693257983966	0	0	0	0	0	0	0	0	0	0	0	0	0	0	0	0	0	0.749112892627152	0	0	0	0	0	0	0	0	0	0	0	0	0	0	0	0	2.14220002628466	0	0	0	0	0	0	0	0	0	0	0	0	0	0	0	0	0	0	0	0.657116572479958	0.0657116572479958	0	0	0	0	0	0	0	0	0	0	0	0	0	0	0	0.525693257983966	0	0	0	0	0	0	0	0	0	0	0	0	1.31423314495992	0.170850308844789	0	0	0	0	0	0	0	0	0	0	0	0	0	0	0	0	0	3.1410172164542	0	0	0	0.381127612038376	0	0	0	0	0.210277303193587	0	0	0	0	0	0	0	0	0	0	0.236561966092785	0	0	0	0	0	0	0	0	0	0	0	0	0	0	0	0	0	0	0	0	0	0	0	0	0	0	0	0	0	0	0	0	0	0	0	0	0	0	0	0	0	0	0	0	0	0	0	0	0	0	0	0	0	0.381127612038376	0	0	0	0	0	0	0	0	0	0	0.0919963201471941	0	0	0	0	0	0	0	0.854251544223945	0	0	0	0	0	0	0	0	0	0	0	0	0	0	0	0	0	0	0	0	0	0	0	0	0	0	0	0	0	0	0	0	0	0	0	0	0	0	0	0	0	0	0	0	0	0	0	0	0	0	0	0	0	0	0	0	0	0	0	0.972532527270338	0	0	0	0	0	0	0	0	0	0	0	0	0	0	0	0.657116572479958	0	0.525693257983966	0	0	0	0	0	0	0	0	0	0.959390195820738	0	0	0	0	0	0	0	0	0	0	0	0	0	2.28676567223025	0	0	0	0	0	0	0	0	0	0	0	0	0	0	0	0	0.15770797739519	0	0	0	0	0	0	0	0	0	0	0	0	0	0	0	0	0	0	0	0	0	0	0	0	0	0	0	0	0	0	0.31541595479038	0	0.249704297542384	0	0	0	0	0	0	0	0	0	0	0	0	0	0	0	0	0	0	3.2067288737022
ERR6650859	0	0	0	0	0	0	0.108932461873638	0	0	0	0	0	0	0	0	0	0	0	0	0	0	0	0	0	0	0	0	0	0	0	0	0	0	0	0	0	0	0	0	0	0	0	0	0	0	0	0	0	0	0	0	0	0	0	0	0	0	0	0	0	0	0	0	0	0	0	0	0	0	0	0	0	0	0.065359477124183	0	0	0	0	0	0	0	0	0	0	0	0	0	0	0	0	0	0	0	0	0	0	0	0	3.00653594771242	0	0	0	0	0	0	0	0	0	0	0	0	0.174291938997821	0.762527233115468	0	0	0	0	0	0	0	0	0	0	0	0	0	0	0	0	0	0	0	0	0	0	0	0	0.0871459694989107	0	0	0	0	0	0	0	0	0	0	0	0	0	0	0	0	1.74291938997821	0	0	0	0	0	0	0	0	0	1.32897603485839	0	0	0	5.92592592592593	0	0	0	0	0	0	0	0	0	0	0	0	0	0	0.196078431372549	0	0	0	0.130718954248366	0	0	0	0.130718954248366	0	9.58605664488017	0	0	0	0	0	0	0	0	0	0	1.17647058823529	0	0	0	0	0	0	0	0	0	0	0	0	0	0	0	0	0	0	0	0	0	0	0	0	0	0.0871459694989107	0	13.681917211329	0	0	0	0	0	0	0	0	0	0.196078431372549	0	0	0	0	0	0	0	0	0	0	0	0	0	0	0	0	0	0	0	0	0	0	0	0	0	0	0	0	0	0	0	0	0	0	0	0	0	0	0	0	0	0	0	0	0.152505446623094	0	0	0	0	0	0	0	0	0	0	0	0	0	0	0	0	0	0	0	0	0	0	0	0.501089324618736	0	0	0	0	0	0.413943355119826	0	0.501089324618736	0	0	0	0	0	0	0	0	0	0	0	0	0	0	0	0	0	0	0	0	0	0	0	0	0	0	0	0	0	0	0	0	0	0	0	0	0	0.108932461873638	0	0	0	0	0	0	0	0	0	0	0	0	0	0	0	0	0	0	0	0	0	0	0	48.9760348583878	0	0	0	0	0	0	0	0	0	0	0	0	0	0	0	0	0	0	0	0	0	0	0	0	0	0	0	0	0	0	0	0	0	0	0	0	0	0	0	0	0	0	0	0	0	0	0	0	0	0	0	0	0	0	0	0	0	0	0	0.435729847494553	0	0	0	0	0	0	0	0	0	0	0	0	0	0	0	0.305010893246187	0	0	0	0	0	0	0	0	0	0	0	0	0	0	0	0	0	0	0	0	0	0	0	0	0	0.108932461873638	0.261437908496732	0	0	0	0	0	0	0	0	0	0	0	0	0	0	0	0	0	0.348583877995643	0	0	0	0	0	0	0	0	0.457516339869281	0	0	0	0	0	0	0	0	0	0	0.261437908496732	0	0	0	0	0	0	0	0	0	0	0	0	0	0	0	0	0.326797385620915	0	0	0	0	0	0	0	0	0	0	0.544662309368192	0	0	0	0	0	0	0	0	0	0	0	0	0	0	0	0	0	0	0	0	0	0	0	0	0	0	0	0	0	0	0	0	0	0	0	0	0	0	0	0	0	0	0	0	0	0	0	1.0239651416122	0.348583877995643	0	0	0	0	0	0	0	0	0	0	0.435729847494553	0	0	0	0	0	0	0	0	0	0	0.196078431372549	0	0	0	0	0	0	0	0.196078431372549	0	0	0	0	0	0	0	0	0	0	0	0	0	0	0.217864923747277	0	0	0	0	0	0	0	0	0	0	1.15468409586057	0	0	0	0	0	0	0	0	0	0.130718954248366	0	0	0	0	0	0.0435729847494553	0	0	0	0	0	0	0	0	0	0	0	0.196078431372549	0.522875816993464	0	0	0	0	0	0	0	0	0	0	0	0	0.849673202614379	0	0	0	0	0	0	0	0	0	0	0	0	0	0	0	0	0	0	0	0	0	0	0	0	0	0	0	0	0	0	0	0	0	0	0	0	0	0	0	0	0	0	0	0	0	0	0	0.130718954248366	0	0.305010893246187	0	0	0	0	0	0	0	0	0	0.37037037037037	0	0	0.239651416122004	0	0	0	0	0	1.54684095860566
ERR6650861	0	0	0	0	0	0	0	0	0	0	0	0	0	0.0389144133966006	0	0	0	0	0	0	0	0	0	0	0	0	0	0	0	0	0	0	0	0	0	0	0	0	0	0	0	0	0	0	0	0	0	0	0	0	0.0527227536341041	0	0	0	0	0	0	0	0	0	0	0	0	0	0	0	0	0	0	0	0	0	0	0	0	0	0	0	0	0	0	0.0414250207125104	0	0	0	0	0	0	0	0	0	0	0	0	0	0	0	0	0.173231904797771	0	0	0	0	0	0	0	0	0	0	0	0	0	0.00125530365795486	0	0	0	0	0	0	0	0	0	0	0	0	0	0	0	0	0	0	0	0	0	0	0	0	0	0	0	0	0	0	0	0	0	0	0	0	0	0	0	0	0	0	0	0	0	0	0	0	0	0	0	0	0	0	0	0.00376591097386458	0	0	0	0	0	0	0	0	0	0	0	0	0	0	0	0	0.0414250207125104	0	0	0	0	0	0	0.0401697170545555	0.284953930355753	0	0	0	0	0	0	0	0	0	0	0	0	0	0	0	0	0	0	0	0	0	0	0	0	0	0	0	0	0	0	0	0	0	0	0	0	0	0	0	0	0	0	0	0	0	0	0	0	0.0238507695011423	0	0	0	0	0	0	0	0	0	0	0	0	0	0	0	0	0	0	0	0	0	0	0	0	0	0	0	0	0	0	0	0	0	0	0	0	0	0	0	0	0	0	0	0	0	0	0	0	0	0	0	0	0	0	0	0	0	0	0	0	0	0	0	0	0	0	0	0	0	0	0	0	0	0	0	0	0	0	0	0	0	0	0	0	0	0	0	0	0	0	0	0	0	0	0	0	0	0	0	0	0	0	0	0	0	0.00502121463181944	0	0.0138083402375035	0	0	0	0	0	0	0	0	0.00502121463181944	0	0	0	0	0	0	0	0	0	0	0	0	0	0	0	0	0	0	0	0	0	96.0420275664683	0	0	0	0	0	0	0	0	0	0	0	0	0	0	0	0	0.00376591097386458	0	0	0	0	0	0	0	0	0	0	0	0	0	0	0	0	0	0	0	0	0	0	0	0	0	0	0	0	0	0	0	0	0	0	0	0	0	0.00376591097386458	0	0	0	0	0	0	0	0	0	0	0	0	0	0	0	0	0	0	0	0	0	0	0	0	0	0	0	0	0	0	0	0	0	0	0	0	0	0	0	0	0	0	0	0	0	0	0.0451909316863749	0	0	0	0	0	0	0	0	0	0	0	0	0	0	0	0	0	0	0	0	0	0	0	0	0	0	0	0	0	0	0	0	0	0	0	0	0	0	0	0	0	0	0	0	0	0	0	0	0.0125530365795486	0	0	0	0	0	0	0	0	0	0	0	0	0	0	0	0	0	0	0	0	0	0	0	0	0	0	0	0.0589992719238784	0	0	0	0	0	0	0	0	0	0	0	0	0	0	0	0	0	0	0	0	0	0	0	0	0	2.74785970726319	0.0062765182897743	0	0	0	0	0	0	0	0	0	0	0	0.00251060731590972	0	0	0	0	0	0	0	0	0	0	0.0100424292636389	0	0	0	0	0.00753182194772915	0	0	0	0	0	0	0	0	0	0	0	0	0	0	0	0	0	0	0	0	0	0	0	0	0	0	0	0	0	0.00125530365795486	0	0	0	0	0	0	0	0	0	0.0163189475534132	0	0	0	0	0	0	0	0	0	0	0	0	0	0	0	0.101679596294344	0	0	0	0	0	0	0	0	0	0	0	0.0062765182897743	0	0	0	0	0	0	0	0	0	0	0	0	0	0	0	0	0	0	0	0	0	0	0	0	0	0	0	0	0	0	0	0	0	0	0	0	0	0	0	0	0	0	0	0	0	0	0	0	0	0	0	0	0	0	0	0	0	0	0.0991689889784339	0	0	0.0828500414250207	0	0	0	0	0	0	0	0	0	0	0	0	0	0	0	0	0	0	0	0	0.026361376817052
ERR6650862	0	0	0	0	0	0	0	0	0	0	0	0	0	0.0234281196005506	0	0	0	0	0	0.0409992093009635	0	0	0	0	0	0	0	0	0	0	0	0	0	0	0	0	0	0	0	0	0	0	0	0	0	0	0	0	0	0	0	0	0	0	0	0	0	0	0	0	0	0	0	0	0	0	0	0	0	0	0	0	0	0	0	0	0	0.0146425747503441	0	0	0	0	0	0	0	0	0	0	0	0	0	0	0	0	0	0	0	0	0.354350308958327	0	0	0	0	0	0	0	0	0	0	0	0	0	0.0102498023252409	0	0	0	0	0	0	0	0	0	0	0	0	0	0	0	0	0	0	0	0	0	0	0	0	0	0	0	0	0	0	0	0	0	0	0	0	0	0	0	0.0190353471754473	0	0	0	0	0	0	0	0	0	0	0	0	0	0	0	0.0585702990013764	0	0	0	0	0	0	0	0	0	0	0	0	0	0	0	0	0	0	0	0	0	0	0	0.0658915863765484	0.614988139514452	0	0	0	0	0	0	0	0	0	0	0	0	0	0	0	0	0	0	0	0	0	0	0	0	0	0	0	0	0	0	0	0	0	0	0	0	0	0	0	0	0	0	0	0	0	0	0	0	0.0131783172753097	0	0	0	0	0	0.0336779219257914	0	0	0	0	0	0	0	0	0	0	0	0	0	0	0	0	0	0	0	0	0	0	0	0	0	0	0	0	0	0	0	0	0	0	0	0	0	0	0	0	0	0	0	0	0	0	0	0	0	0	0	0	0	0	0	0	0	0	0	0	0	0	0	0	0	0	0	0	0	0	0	0	0	0	0	0	0.0117140598002753	0	0	0	0	0	0	0	0	0	0	0	0	0	0	0	0	0	0	0	0	0	0	0	0	4.59044718423288	0	0	0	0	0	0	0	0	0	0	0	0	0	0	0	0	0	0	0	0	0	0	0	0	0	0	0	0	0	0	93.4972325533722	0	0	0	0	0	0	0	0	0	0	0	0	0	0	0	0	0	0	0	0	0	0	0	0	0	0	0	0	0	0	0	0	0	0	0	0	0	0	0	0	0	0	0	0	0	0	0	0.0117140598002753	0	0	0	0.0541775265762732	0	0	0	0	0	0	0	0	0	0	0	0	0	0	0	0	0	0	0	0	0	0	0	0	0	0	0	0	0	0	0	0	0	0	0	0	0	0	0	0	0	0	0	0	0	0	0	0	0	0	0	0	0	0	0	0	0	0	0	0	0	0	0	0	0	0	0	0	0	0	0	0	0	0	0	0	0	0	0	0	0	0	0	0	0	0	0	0	0	0	0	0	0	0	0	0	0	0	0	0	0	0	0	0	0	0	0	0	0	0	0	0	0	0	0	0	0	0	0	0	0	0	0	0	0	0	0.0336779219257914	0	0	0	0	0	0	0	0	0	0	0	0	0	0	0	0	0	0	0	0	0	0	0	0	0	0.289922980056813	0	0	0	0	0	0	0	0	0	0	0	0	0	0	0	0	0	0	0	0	0	0	0	0	0	0	0	0	0	0	0	0	0	0	0	0	0	0	0	0	0	0	0	0	0	0	0	0	0	0	0	0	0	0	0	0	0	0	0	0	0	0	0	0	0	0	0.0204996046504817	0	0.0204996046504817	0	0	0	0	0	0	0	0	0	0	0	0	0	0	0	0.0219638621255162	0	0	0	0	0	0.0336779219257914	0	0	0	0	0	0	0	0	0	0	0	0	0	0	0	0	0	0	0	0	0	0	0	0	0	0	0	0	0	0	0	0	0	0	0	0	0	0	0	0	0	0	0	0	0	0	0	0	0	0	0	0	0	0	0	0	0	0	0	0	0	0	0.00732128737517205	0	0	0	0	0.0234281196005506	0	0	0	0	0	0.109819310627581	0	0	0	0	0	0	0	0	0	0	0	0	0	0	0.024892377075585
ERR6650863	0	0	0	0.0300352519009153	0	0	0	0	0	0	0	0	0	0.012646421853017	0	0	0	0	0	0	0	0	0	0	0	0	0	0	0	0	0	0	0	0	0	0	0	0	0	0	0	0	0	0	0.00632321092650848	0	0	0	0	0	0	0	0.00632321092650848	0	0	0	0	0	0	0	0	0	0	0	0	0	0	0	0	0	0	0	0	0.0142272245846441	0	0	0	0	0	0	0	0.0079040136581356	0	0	0	0	0	0	0	0	0	0	0	0	0	0	0	0	0.210246763306407	0	0	0	0	0	0	0	0	0	0	0	0	0	0.0079040136581356	0	0	0	0	0	0	0	0	0	0	0	0	0	0	0	0	0	0	0	0	0	0	0	0	0.00948481638976272	0	0	0	0	0	0	0	0	0	0.0221312382427797	0	0	0	0	0	0	0.0411008710223051	0	0	0	0	0	0	0	0	0	0	0	0	0	0.0205504355111526	0	0	0	0.0079040136581356	0	0	0	0	0	0	0	0	0	0	0.00632321092650848	0	0.00316160546325424	0	0	0	0	0	0	0.026873646437661	0.953224047171153	0	0	0	0	0	0	0	0	0	0	0.0142272245846441	0	0	0	0	0	0	0	0	0	0	0	0	0	0	0	0	0	0	0	0	0	0	0	0	0	0	0	0	0	0	0	0	0	0	0	0	0	0.0758785311181018	0	0	0	0	0	0	0.0079040136581356	0	0	0	0	0	0	0.0284544491692882	0	0	0	0	0	0	0	0	0	0	0	0	0	0	0	0	0	0	0	0	0	0	0	0	0	0	0	0	0	0	0.00474240819488136	0	0	0	0	0	0	0	0	0	0	0	0	0	0	0	0	0	0	0	0	0	0.0079040136581356	0	0	0	0	0	0	0	0	0	0	0	0	0	0	0	0.0347776600957966	0	0	0	0	0	0	0	0	0	0	0	0	0	0	0	0	0	0	0	0	0	0	0	0	0	0	0	0	0	0	0	0	0	0.00948481638976272	0	0	0	0.0252928437060339	0	0	0	0	0	0	0	0	0	0	0	0	0	0	0	0	0	95.4520305411088	0	0	0.0158080273162712	0	0	0	0	0	0	0	0	0	0	0	0	0	0	0	0	0	0	0	0	0	0	0	0	0	0	0	0	0.00632321092650848	0	0	0	0	0	0	0	0.0300352519009153	0	0	0	0	0	0	0	0	0	0	0	0.0347776600957966	0	0	0	0	0	0	0	0	0	0	0	0	0	0	0	0	0	0	0	0	0	0	0	0	0	0	0	0	0	0	0	0	0	0	0	0	0	0	0	0	0	0	0	0.00632321092650848	0	0	0	0	0	0	0	0	0	0	0	0	0	0	0	0	0	0	0	0	0	0	0	0	0	0	0	0	0	0	0	0	0	0	0	0	0	0	0	0	0	0	0	0	0.00158080273162712	0	0	0	0	0	0	0	0	0	0	0	0	0	0	0	0	0	0	0	0	0	0	0	0	0	0	0	0	0	0	0	0	0	0	0	0	0	0	0	0	0	0	0	0	0	0	0	0	0	0	0	0	0	0	0	0	0	0	0	0	0	0	0	2.45024423402204	0.0110656191213898	0	0	0	0	0.0142272245846441	0	0	0	0	0	0	0.00632321092650848	0	0	0	0	0	0	0	0	0	0	0	0	0	0	0	0	0	0	0	0	0.0284544491692882	0	0	0	0	0	0	0	0	0	0	0	0	0	0	0	0	0	0	0	0	0	0	0	0	0.0411008710223051	0	0	0	0	0	0	0	0	0	0.0347776600957966	0	0	0	0	0	0	0	0	0	0.00158080273162712	0	0	0	0	0	0.0490048846804407	0	0	0.0316160546325424	0	0	0	0	0	0	0	0	0.0411008710223051	0	0	0	0	0	0	0	0	0	0	0	0	0	0	0	0	0	0	0	0	0	0	0	0	0	0	0	0	0	0	0	0	0	0	0	0	0	0	0	0	0	0	0	0	0	0	0	0	0	0	0	0	0	0	0	0	0	0	0	0	0	0.0806209393129831	0	0	0	0	0	0	0	0	0	0	0	0.0158080273162712	0	0	0.052166490143695	0	0	0	0	0	0
ERR6650866	0	0	0	0	0	0	0	0	0	0	0	0	0	0.39647577092511	0	0	0	0	0	0	0	0	0	0	0	0	0	0	0	0	0	0	0	0	0	0	0	0	0	0	0	0	0	0	0	0	0	0	0	0	0	0	0	0	0	0	0	0	0	0	0	0	0	0	0	0	0	0	0	0	0	0	0	0	0	0	0	0	0	0	0	0	0	0	0	0	0	0	0	0	0	0	0	0	0	0	0	0	2.0704845814978	0	0	0	0	0	0	0	0	0	0	0	0	0	0	0	0	0	0	0	0	0	0	0	0	0	0	0	0	0	0	0	0	0	0	0	0	0	0	0.616740088105727	0	0	0	0	0	0	0	0	0	0	0	0	0	0	0	0	0	0	0	0	0	0	0	0	0	0	0	0	0	0	4.14096916299559	0	0	0	0	0	8.72246696035242	0	0	0	0	0	0	0	0	1.8942731277533	0	0	0	0	0	0	0	0	0	33.2599118942731	0	1.76211453744493	0	0	0	0	0	0	0	0	0.39647577092511	0	0	0	0	0	0	0	0	0	0	0	0	0	0	0	0	0	0	0	0	0	0	0	0	0	0	0	0	0	0	0	0	0	0	0	0	0	0	0	0	0	0	0	0	0	0	0	0	0	0	0	0.440528634361234	0	0	0	0	0	0	0	0	0	0	0	0	0	0	0	0	0	0	0	0	0	0	0	0	0	0	0	0	0	0	0	0	0	0	0	0	0	0	0	0	0	0	0	0	0	0	0	0	0	0	0	0	0	0.616740088105727	0	0	0	0	0	0	0.308370044052863	0	0	0	0	0	0	0	0	0	0	0	0	0	0	0	0	0	0	0	0	0	0	0	0	0	0	0	0	0	0	0	0	0	0	0	0	0	0	0	0	0	0	0	0	0	0	0	0	0	0	0	0	0	0	0	0	0	0	0	0	0	0	0	29.4273127753304	0	0	0	0	0	0	0	0	0	0	0	0	0	0	0	0	0.308370044052863	0	0	0	0	0	0	0	0	0	0	0	0	0	0	0	0	0	0	0	0	0	0	0	0	0	0	0	0	0	0	0.484581497797357	0	0	0	0	0	0	0	0	0	0	0	0	0	0	0	0	0.26431718061674	0	0	0	0	0	0	0	0	0	0	0	0	0	0	0	0	0	0	0	0	0	0	0	0	0	0	0	0	0	0	0	0	0	0	0	0	0	0	0	0	0	0	0	0	0	0	0	0	0	0	0	0	1.45374449339207	0	0	0	0	0	0	0.79295154185022	0	0	0	0	0	0	0	0	0	0	0	0	0	0	0	0	0	0	0	0	0	0	0	0	0	0	0	0	0	0	0	0	0	0	0	0	0	0	0	0	0	0	0	0	0	0	0	0	0	0	0	0	0	0	0	0	0	0	0	0	0	0	0	0	0	0	0	0	0	0	0	0	0	0	0	0	0	0	0	0	0	0	0	0	0	0	0	0	0	0	0	0	0	0	0	0	0	0	0	0	0	0	0	1.36563876651982	0	0	0	0	0.572687224669604	0	0	0	0	0	0	0	0	0	0	0	0	0	0	0	0	0	0	0	0	0	0	0	0	0	0	0	0	0	0	0	0	0	0	0	0	0	0	0	0	0	0	0	0	0	0	0	0	0	0	0	0	0	0	0	0	0	0	0	0	0	1.01321585903084	0	0	0	0	0	0	0	0	0	0	0	0	0	0	0	0	0	0	0	0	0	0	0	0	0	0	0	0	0	0	0	0	0	0	0	0	0	0	0	0	0	0	0	0	0	0	0	0	0	0	0	0	0	0	0	0	0	0	0	0	0	0	0	0	0	0	0	1.3215859030837	0	0.0440528634361234	0	0	0	0	0	0	0	0	0	0	0	0	0.39647577092511	0	0	0	0	0	7.9295154185022
ERR6650872	0	0	0	0	0	0	0	0	0	0	0	0	0	0.0439367311072056	0	0	0	0	0	0	0	0	0	0	0	0	0	0	0	0	0	0	0	0	0	0	0	0	0	0	0	0	0	0	0	0	0	0	0	0	0	0	0	0	0	0	0	0	0	0	0	0	0	0	0	0	0	0	0	0	0	0	0	0	0	0	0	0	0	0	0	0	0	0	0	0	0	0	0	0	0	0	0	0	0	0	0	0	0.164762741652021	0	0	0	0	0	0	0	0	0	0	0	0	0	0	0	0	0	0	0	0	0	0	0	0	0	0	0	0	0	0	0	0	0	0	0	0	0	0	0.109841827768014	0	0	0	0	0	0	0	0	0	0	0	0	0	0	0	0	0	0	0	0	0	0	0	0	0	0	0	0	0	0	0	0	0	0	0	0	0	0	0	0	0	0	0	0	0	0	0	0	0	0	0	0	0	0	0	0	0	0	0	0	0	0	0	0	0	0	0	0	0	0	0	0	0	0	0	0	0	0	0	0	0	0	0	0	0	0	0	0	0	0	0	0	0	0	0	0	0	0	0	0	0	0	0	0	0	0	0	0	0	0	0	0	0	0	0	0	0	0	0	0	0	0	0	0	0	0	0	0	0	0	0	0	0	0	0	0	0	0	0	0.252636203866432	0	0	0	0	0	0	0	0	0	0	0	0	0	0	0	0	0	0	0	0	0	0	0	0	0	0	0	0	0	0	0	0	0	0	0	0	0	0	0	0	0	0.47231985940246	0	0	0	0	0	0	0	0	0	0	0	0	0	0	0	0	0	0	0	0	0	0	0	0	0	0	0	0	0	0	0	0	0	0	0	0	0	0	0	0	0	0	0	0	0	0	0	0	0	0	0	0	0	0	0	0	0	0	0	0	0	98.5171353251318	0	0	0	0	0	0	0	0	0	0	0	0	0	0	0	0	0	0	0	0	0	0	0	0	0	0	0	0	0	0	0	0	0	0	0	0	0	0	0	0	0	0	0	0	0	0	0	0	0	0	0	0	0	0	0	0	0	0	0	0	0	0	0	0	0	0	0	0	0	0	0	0.0329525483304042	0	0	0	0	0	0	0	0	0	0	0	0	0	0	0	0	0	0	0	0	0	0	0	0	0	0	0	0	0	0	0	0	0	0	0	0	0	0	0	0	0	0	0	0	0	0	0	0	0	0	0	0	0	0	0	0	0	0	0	0	0	0	0	0	0	0	0	0	0.142794376098418	0	0	0	0	0	0	0	0	0	0	0	0	0	0	0	0	0	0	0	0	0	0	0	0	0	0	0	0	0	0	0	0	0	0	0	0	0	0	0	0	0	0	0	0	0	0	0	0	0	0	0	0	0	0	0	0	0	0	0	0	0	0	0	0	0	0	0	0	0	0	0	0	0	0	0	0	0	0	0	0	0	0	0	0	0	0	0	0.208699472759227	0	0	0	0	0	0	0	0	0	0	0	0	0	0	0	0	0	0	0	0	0	0	0	0	0	0	0	0	0	0	0	0	0	0	0	0	0	0	0	0	0	0	0	0	0	0	0	0	0	0	0	0	0	0	0	0	0	0	0	0	0.054920913884007	0	0	0	0	0	0	0	0	0	0	0	0	0	0	0	0	0	0	0	0	0	0	0	0	0	0	0	0	0	0	0	0	0	0	0	0	0	0	0	0	0	0	0	0	0	0	0	0	0	0	0	0	0	0	0	0	0	0	0	0	0	0	0	0	0	0	0	0	0	0	0	0	0	0	0	0	0	0	0	0	0	0	0	0	0	0	0	0	0	0	0	0	0	0	0
ERR6650873	0	0	0	0	0	0	0	0	0	0	0	0	0	0	0	0	0	0	0	0	0	0	0	0	0	0	0	0	0	0	0	0	0	0	0.0211573045593991	0	0	0	0	0	0	0	0	0	0	0	0	0	0	0	0	0	0	0	0	0	0	0	0	0	0	0	0	0	0	0	0	0	0	0	0	0	0	0	0	0	0	0	0	0	0	0.116365175076695	0	0	0	0	0	0	0	0	0	0	0	0	0	0	0	0	0	0	0	0	0	0	0	0	0	0	0	0	0	0	0	0	0	0	0	0	0	0	0	0	0	0	0	0	0	0	0	0	0	0	0	0	0	0	0	0	0	0	0	0	0	0	0	0	0	0	0	0	0	0	0	0	0.0423146091187983	0	0	0	0	0	0	0	0	0	0	0	0	0	0	0	0	0	0	0	0	0	0	0	0	0	0	0	0	0	0	0	0	0	0	0	0	0	0	0	0	0	0	0	0	0	0	0	0	0	0.0317359568390987	0	0	0	0	0	0	0	0	0	0	0	0	0	0	0	0	0	0	0	0	0	0	0	0	0	0	0	0	0	0	0	0	0	0	0	0	0	0.0105786522796996	0	0	0	0	0	0.0528932613984978	0	0	0	0	0	0	0	0	0	0	0	0	0	0	0	0	0	0	0	0	0	0	0	0	0	0.148101131915794	0	0	0	0	0	0	0	0	0	0	0	0	0	0	0	0	0.0211573045593991	0	0	0	0	0	0	0	0	0	0	0	0	0	0	0	0	0	0	0	0	0	0	0	0	0	0	0	0	0	0	0	0	0	0	0	0	0	0	0	0	0	0	0	0	0	0	0	0	0	0	0	0	0	0	0	0	0	0	0	0	0	0	0	0	0	0	0	0	0	0	0	0	0	0	0	0	0	0	0	0	0	0	0	0	0	0	0	0	0	99.5239606474135	0	0	0	0	0	0	0	0	0	0	0	0	0	0	0	0	0	0	0	0	0	0	0	0	0	0	0	0	0	0	0	0	0	0	0	0	0	0	0	0	0	0	0	0	0	0	0	0	0	0	0	0	0	0	0	0	0	0	0	0	0	0	0	0	0	0	0	0	0	0	0	0	0	0	0	0	0	0	0	0	0	0	0	0	0	0	0	0	0	0	0	0	0	0	0	0	0	0	0	0	0	0	0	0	0	0	0	0	0	0	0	0	0	0	0	0	0	0	0	0	0	0	0	0	0	0	0	0	0	0	0	0	0	0	0	0	0	0	0	0	0	0	0	0	0	0	0	0	0	0	0	0	0	0	0	0	0	0	0	0	0	0	0	0	0	0	0	0	0	0	0	0	0	0	0	0	0	0	0	0	0	0	0	0	0	0	0	0	0	0	0	0	0	0	0	0	0	0	0	0	0	0	0	0	0	0	0	0	0	0	0	0	0	0	0	0	0	0	0	0	0	0	0	0	0	0	0	0	0	0	0	0	0	0	0	0	0	0	0	0	0	0	0	0	0	0	0	0	0	0	0	0	0	0	0	0	0	0	0	0	0	0	0	0	0	0	0	0	0	0	0	0	0	0	0	0	0	0	0	0	0	0	0	0	0	0	0	0	0	0	0	0	0	0	0	0	0	0	0	0	0	0	0	0	0	0	0	0	0	0	0	0	0	0	0	0	0	0	0	0	0	0	0	0	0	0	0	0	0	0	0	0	0	0	0	0	0	0	0	0	0	0	0	0	0	0	0	0	0	0	0	0	0	0	0	0	0	0	0	0	0	0	0	0	0	0	0	0	0	0	0	0	0	0	0	0	0	0	0	0	0	0	0	0	0.0317359568390987
ERR6650875	0	0	0	0	0	0	0	0	0	0	0	0	0	0	0	0	0	0	0	0	0	0	0	0	0	0	0	0	0	0	0	0	0	0	0	0	0	0	0	0	0	0	0	0	0.0861491337225998	0	0	0	0	0	0.076577007753422	0	0	0	0	0	0	0	0	0	0	0	0	0	0	0	0	0	0	0	0	0	0	0	0	0	0	0	0	0	0	0	0	0	0	0	0	0	0	0	0	0	0	0	0	0	0	0	0	0	0	0	0	0	0	0	0	0	0	0	0	0	0	0	0	0	0	0	0	0	0	0	0	0	0	0	0	0	0	0	0	0	0	0	0	0	0	0	0	0	0	0	0	0	0	0	0	0	0	0	0	0	0	0	0	0	0	0	0	0	0	0	0	0	0	0	0	0	0	0	0	0	0	0	0	0	0	0	0	0	0	0	0	0	0	0	0	0	0	0	0	0	0	0.0287163779075333	0	0	0	0	0	0	0	0	0	0	0	0	0	0	0	0	0	0	0	0	0	0	0	0	0	0	0	0	0	0	0	0	0	0	0	0	0	0	0	0	0	0	0	0	0	0	0	0	0	0.0574327558150665	0	0	0	0	0	0	0	0	0	0	0	0	0	0	0	0	0	0	0	0	0	0	0	0	0	0	0	0	0	0	0	0	0	0	0	0	0	0	0	0	0	0	0	0	0	0	0	0	0	0	0	0	0	0	0	0	0	0	0	0	0	0	0	0	0	0	0	0	0	0	0	0	0	0	0	0	0	0	0	0	0	0	0	0	0	0	0	0	0	0	0	0	0	0	0	0	0	0	0	0	0	0	0	0	0.229731023260266	0	0	0	0	0	0	0	0	0	0	0	0	0	0	0	0	0	0	0	0	0	0	0	0	0	0	0	0	0	0	0	0	99.2150856705274	0	0	0	0	0	0	0	0	0	0	0	0	0	0	0	0	0	0	0	0	0	0	0	0	0	0	0	0	0	0	0	0	0	0	0	0	0	0	0	0	0	0	0	0	0	0	0	0	0	0	0	0	0	0	0	0	0	0	0	0	0	0	0	0	0	0	0	0	0	0	0	0	0	0	0	0	0	0	0	0	0	0	0	0	0	0	0	0	0	0	0	0	0	0	0	0	0	0	0	0	0	0	0	0	0	0	0	0	0	0	0	0	0	0	0	0	0	0	0	0	0	0	0	0	0	0	0	0	0	0.00957212596917775	0	0	0	0	0	0	0	0	0	0	0	0	0	0	0	0	0	0	0	0	0	0	0	0	0	0	0	0	0	0	0	0	0	0	0	0	0	0	0	0	0	0	0	0	0	0	0	0	0	0	0	0	0	0	0	0	0	0	0	0	0	0	0	0	0	0	0	0	0	0	0	0	0	0	0	0	0	0	0	0	0	0	0	0	0.124437637599311	0	0	0	0	0	0	0	0	0	0	0	0	0	0	0	0	0	0	0	0	0	0	0	0	0	0	0	0	0	0	0	0	0	0	0	0	0	0	0	0	0	0	0	0	0	0	0	0	0	0	0	0	0	0	0	0	0	0	0	0	0	0	0	0	0	0	0	0	0	0	0	0	0	0	0.0861491337225998	0	0	0	0	0	0	0	0	0	0	0	0	0	0	0	0	0	0	0	0	0	0	0	0	0	0	0	0	0	0	0	0	0	0	0	0	0	0	0	0	0	0	0	0	0	0	0	0	0	0	0	0	0	0	0	0	0	0	0	0	0	0	0	0	0	0	0	0	0	0	0	0	0	0	0	0	0	0	0	0	0	0	0	0	0	0	0	0	0	0	0	0	0	0	0.0861491337225998
ERR6650883	0	0	0	0	0	0	0	0	0	0	0	0	0	0	0	0	0.156067108856808	0	0	0	0	0	0	0	0	0	0	0	0	0	0	0	0	0	0.0390167772142021	0	0	0	0	0	0	0	0	0	0.390167772142021	0	0	0	0	0	7.17908700741319	0	0	0	0	0	0	0	0	0	0	0	0	0	0	0	0	0	0	0	0	0	0	0	0	0.624268435427234	0	0	0	0	0	0	0	0	0	0.624268435427234	0	0	0	0	0	0	0	0	0	0	0	0	0	0	0	0	0	0	0	0	0	0	0	0	0	0	0	0	0	0	0	0	0	0	0	0	0	0	0	0	0	0	0	0.858369098712446	0	0	0	0	0	0	0	0.312134217713617	0	0	0	0	0	0	0	0	0	0	0	0	0	0	0	0	0	0	0	0	0	0	0	0	0	0	0	0	0	0	0.273117440499415	0	0	0	0	0	0	0	0	0	0.234100663285213	0	0	0	0	0	0	0	0	0	0	0	0	0	0	0	0	0	0	0	0	0	0	0	0	0	1.56067108856808	0	0	0	0	0	0	0	0	0	0	0	0	0	0	0	0	0	0	12.6024190401873	0	0	0	0	0	0	0	0	0	0	0	0	0	0	0	0.0780335544284042	0	0	3.12134217713617	0	0	0	0	0	0	0	0	0.0780335544284042	0	0	0	0	0.429184549356223	0	0	0	0	0	0	0	0	0	0	0	0	0	0	0	0	0	0	0	0	0	0	0	0	0	0	0	0	0	0	0	0	0	0	0	0	0	0	0	0	0	0	0	0	0	0	0	0	0	0	0	0	0	0	0	0	0	0	0	0	0	0	0	0	0	0	0	0	0	0	0	0	0	0	0	0	0	0	0	0	0	0	0	0	0	0	0	0	0	0	0	0	0	0	0	0	0	0	0	0	0.117050331642606	0	0	0.273117440499415	0	0	0	0	0	0	0	0	0	0	0	0	0	0	0	0.117050331642606	0	0	0	0	33.0472103004292	0	0	0	0	0	0	0	0	0	0	0	0	0	0	0	0	0	0	0	0	0	0	0	0	0	0	0	0	0	0	0	0	0	0	0	0	0	0.0780335544284042	0	0	0	0	0	0	0	0	0	0.156067108856808	0	0	0	8.66172454155287	0	0	0	0	0	0	0	0	0	0	0	0	0	0	0	0	0	0	0	0	0	0	0	0	0	0	0	0	0	0	0	0	0	0	0	0	0	0	0	0	0	0	0	0.195083886071011	0	0	0	0	0	0	0.117050331642606	0	0	0	0	0	0	0	0	0	0	0	0	0	0	0.234100663285213	0	0	1.28755364806867	0.0390167772142021	0	0	0	0	0	0	0	0	0	0	0	0	0	0	0	0	0	0	0	0	0	0	0	0	0	0	0	0.117050331642606	0	0	0	0	0	0	0	0	0	0	0	0	0	0	0	0	0	0	0	0	0	0	0	0	0	0	0	0	0	0	0	0	0	0	0	0	0	0	0	0	0	0	0	0	0	0	0	0	0	0	0	0	0	0	0	0	0	0	0	0	0	0	0	0	0	0	0	4.13577838470542	0	0	0	0	0	0	0	0	0	0	0	0	0	0	0.156067108856808	0.390167772142021	0	0	0	0	0	0	0	0	0	0	0	0	0	0	0	0	0	0	0	0	0	0	0.312134217713617	0	0	0	0	0	0	0	0	0	0	0	0	0	0	0	0	2.02887241513851	0	0	0	0	0	0	0	0	0	0	0	0	0	0	0	0.780335544284042	0	0	0	0	0	0	0	0	0	0	0	0	0	0	0	0	0	0	0	0	0	0	0	0	0	0	0	0	0	0	0	0	0	0	2.57510729613734	0	0	0	0	0	0	0	0	0	0	0	0	0	0	0	0	0	0	0	0	0	0	0	0	0	0	0	0	0	0	0	0	0	0.156067108856808	0	0	0	0	0.468201326570425	0	0	0	0	0	0	0	0	0.624268435427234	0	0	0.585251658213032	0	0	0	0	0	0.195083886071011	0	0	14.5922746781116
ERR6650884	0	0	0	0	0	0	0	0	0	0	0	0	0	0	0	0	0	0	0	0	0	0	0	0	0	0	0	0	0	0	0	0	0	0	0	0	0	0	0	0	0	0	0	0	0	0	0	0	0	0	0.0599760095961615	0	0	0	0	0	0	0	0	0	0	0	0	0	0	0	0	0	0	0	0	0	0	0	0	0	0	0	0	0	0	0	0	0	0	0.739704118352659	0	0	0	0	0	0	0	0	0	0	0	0	2.03918432626949	0	0	0	0	0	0	0	0	0	0	0	0	0	0	0	0	0	0	0	0	0	0	0	0	0	0	0	0	0	0	0	0	0	0	0	0	0	0	0.119952019192323	0	0	0	0	0	0	0	0	0	0	0	0	0	0	0	0	0.159936025589764	0	0	0	0	0	0	0	0	0	0.37984806077569	0	0	0	1.15953618552579	0	0	0	0	0	0	0	0	0	0	0	0	0	0	0	0	1.15953618552579	0	0	0	0	0	0	0	0.039984006397441	0	0	0	0	0	0	0	0	0	0	1.43942423030788	0	0	0	0	0	0	0	0	0	0	0	0	0	0	0	0	0	0	0.239904038384646	0	0	0	0	0	0	0	0	0	0	0	0	0	0	0	0	0	0	3.15873650539784	0	0	0	0	0	0	0	0	0	0	0	0	0	0.0799680127948821	0	0	0	0	0	0	0	0	0	0	0	0	0	0	0	0	0	0	0	0	0	0	0	0	0	0	0	0	0	0	0	0	0	0	0.339864054378249	0	0	0	0	0	0	0	0	0	0	0	0	0	0	0	0	0	0	0	0	0	0	0	0	0	0	0	0	0	0	0	0	0	0	0	0	0	0	0	0	0	0	0	0	0	0	0	0	0	0.219912035185926	0	0	0	0	0	0	0	0	0	0	0	0	0	0	0	0	0	0	0	0	0	0	0	0	0	0	0	0	0	0	0	0	0	0	0	0	0	0	0	82.686925229908	0	0	0	0	0	0	0	0	0	0	0	0	0	0	0	0	0	0	0	0	0	0	0	0	0	0	0	0	0	0	0	0	0	0	0	0	0	0	0	0	0	0	0	0	0	0	0	0	0	0	0	0.999600159936026	0	0	0	0	0	0	0	0	0	0	0	0	0	0	0	0	0	0	0	0	0	0	0	0	0	0	0	0	0	0	0	0	0	0	0	0	0	0	0	0	0	0	0	0.499800079968013	0	0	0	0	0	0	0	0	0	0	0	0	0	0	0	0	0	0	0	0	0	0.319872051179528	0	0	0	0	0	0	0	0	0	0	0	0	0	0	0	0	0	0	0	0	0.199920031987205	0	0	0	0	0	0	0	0	0	0	0	0	0	0	0	0	0	0	0	0	0	0	0	0	0	0	0	0	0	0	0	0	0	0	0	0	0	0	0	0	0	0	0	0	0	0	0	0	0	0	0	0	0	0	0	0	0	0	0	0	0	0.199920031987205	0	0	0	0	0.0799680127948821	0	0	0	0	0	0	0	0	0	0	0.37984806077569	0.439824070371851	0	0	0	0	0	0	0	0	0	0	0	0	0	0.179928028788485	0.119952019192323	0	0	0	0	0	0.039984006397441	0	0	0	0	0	0	0	0	0	0	0	0	0	0	0	0	0	0	0	0	0	0	0	0	0	0	0	0	0	0	0	0	0	0	1.13954418232707	0	0	0	0	0	0	0	0	0	0	0	0	0	0	0	0	0	0	0	0	0	0	0	0	0	0	0	0	0	0	0	0	0	0	0	0	0	0	0	0	0	0	0	0	0	0	0	0	0	0	0	0	0	0	0	0	0	0	0	0	0	0	0	0	0	0	0	0	0	0	0	0	0	0	0	0	0	0	0	0	0	0	0	0	0	0	0	0	0	0	0	0	0	0	0	0	0	0	0.339864054378249	0	0	0.0599760095961615	0	0	0	0	0	0	0	0	0.979608156737305
ERR6650886	0	0	0	0	0	0	0	0	0	0	0	0	0	0	0	0	0	0	0	0	0	0	0	0	0	0	0	0	0	0	0	0	0	0	0	0	0	0	0	0	0	0	0	0	0.199345009255304	0	0	0	0	0	0	0	0	0	0	0	0	0	0	0	0	0	0	0	0	0	0	0	0	0	0	0	0	0	0	0	0	0	0	0	0	0	0	0	0	0.0427167876975651	0	0	0	0	0	0	0	0	0	0	0	0	1.08215862167165	0	0	0	0	0	0	0	0	0	0	0	0	0.313256443115478	0	0	0	0	0	0	0	0	0	0	0	0	0	0	0	0	0	0	0	0	0	0	0	0	0	0	0	0	0	0	0	0	0	0	0	0	0	0	0	0	0	0	0	0	0	0	0	0	0	0	0	0	0	0	0	0	0.41292894774313	0	0	0	0	0	0.0142389292325217	0	0	0	0	0	0	0	0	0	0	0	0	0	0	0	0	0	0	0.0284778584650434	0	0	0	0	0	0	0	0	0	0	0.0711946461626086	0	0	0	0	0	0	0	0	0	0	0	0	0	0	0	0	0	0	1.70867150790261	0	0	0	0	0	0	0	0	0	0	0	0	0	0	0	0	0	0	0.313256443115478	0	0	0	0	0	0	0	0	0	0	0	0	0	0	0	0	0	0	0	0	0	0	0	0	0	0	0	0	0	0	0	0	0	0	0	0	0	0	0	0	0	0	0	0	0	0	0	0	0	0	0	0	0	0	0	0	0	0	0	0	0	0	0	0	0	0	0	0	0	0	0	0	0	0	0	0	0	0	0	0	0	0	0	0	0	0	0	0	0	0	0	0	0	0	0	0	0	0	0	0	0	0	0	0	0	0	0	0	0	0	0	0	0	0	0	0	0	0	0	0	0	0	0	0	0	0	0	0	0	0	0	0	0	0	0	0	0	0	91.3712088850918	0	0	0	0	0	0	0	0	0	0	0	0	0	0	0	0	0	0	0	0	0	0	0	0	0	0	0	0	0	0	0	0	0	0	0	0	0	0	0	0	0	0	0	0	0	0	0	0	0	0	0	0.113911433860174	0	0	0	0	0	0	0	0	0	0	0	0	0	0	0	0	0	0	0	0	0	0	0	0	0	0	0	0	0	0	0	0	0	0	0	0	0	0	0	0	0	0	0	0	0	0	0	0	0	0	0	0	0	0	0	0	0	0	0	0	0	0	0	0	0	0	0	0	0.142389292325217	0	0	0	0	0	0	0	0	0	0	0	0	0	0	0	0	0	0	0	0	0	0	0	0	0	0	0	0	0	0	0	0	0	0	0	0	0	0	0	0	0	0	0	0	0	0	0	0	0	0	0	0	0	0	0	0	0	0	0	0	0	0	0.0427167876975651	0	0	0	0	0	0	0	0	0	0	0	0	0	0	0	0	0	0	0	0	0	0	0	0	0	0	0	0	0	0	0	0	0	0.341734301580521	0	0	0	0	0	0	0	0	0	0	0	0	0	0	0	0	0	0	0	0	0	0	0	0	0	0	0	0	0	0	0	0	0	0	0	0	0	0	0	0	0	0	0	0	0	0	0	0	0	0	0	0	0	0	0	0	0	0	0	0	0	0	0	0	0	0	0	0	0	0	0	0	0	0	0	0	0	0	0	0	0	0	0	0	0	0	0	0	0	0	0	0	0	0	0	0	0	0	0	0	0	0	0	0	0	0	0.099672504627652	0	0	0	0	0	0	0	0	0	0	0	0	0	0	0	0	0	0	0	0	0	0	0	0	0	0	0	0	0	0	0	0	0	0	0	0	0	0	3.04713085575965	0	0	0	0	0	0	0	0	0	0	0	0	0	0	0	0	0	0	0	0	0.654990744695999
ERR6650892	0	0	0	0	0	0	0	0	0	0	0	0	0	0	0	0	0	0	0	0	0	0	0	0	0	0	0	0	0	0	0	0	0	0	0	0	0	0	0	0	0	0	0	0	0.108298361987275	0	0	0	0	0	1.40787870583457	0	0	0	0	0	0	0	0	0	0	0	0	0	0	0	0	0	0	0	0	0	0	0	0	0.379044266955462	0.0947610667388656	0	0	0	0	0	0	0	0.41965615270069	0	0	0	0	0	0	0	0	0	0	0	0	0	0.162447542980912	0	0	0	0	0	0	0	0	0	0	0	0	0	0	0	0	0	0	0	0	0	0	0	0	0	0	0	0	0	0	0	0	0	0	0	0	0	0	0	1.92229592527413	0	0	0	0	0	0	0	0	0	0	0	0	0	0	0	0	0	0	0	0	0	0	0	0	0	0	0	0	0	0.0947610667388656	0	0	0	0	0	0	0	0	0	0	0	0	0	0	0.148910247732503	0	0	0	0	0	0	0	0	0	0.0541491809936375	0	0	0	0	0	0	0	0	0	0	0	0	0	0	0	0	0	0.270745904968187	0	0	0	0	0	0	0	0	0	0	0	0	0	0	0	0	0	0	0	0	0	0	0	0	0	0	0	0	0	0	2.38256396372005	0	0	0	0	0	0	0	0	0	0	0	0	0	0	0	0	0	0	0	0	0	0	0	0	0	0	0	0	0	0	0	0	0	0	0	0	0	0	0	0	0	0	0	0	0	0	0	0	0	0	0	0	0	0	0	0	0	0	0	0	0	0	0	0	0	0	0	0	0	0	0	0	0	0	0	0	0.162447542980912	0	0	0	0	0	0	0	0	0	0	0	0	0	0	0.0406118857452281	0	0	0	0	0	0	0	0	0	0	0	0	0	0	0	0	0	0	0	0	0	0	0	0	0	0	0	0	0	0	0	0	0	0	0	0	0	0	0	0	0	0	0	0	0	0	88.1142547718966	0	0	0	0	0	0	0	0	0	0	0	0	0	0	0	0	0	0	0	0	0	0	0	0	0	0	0	0	0	0	0.203059428726141	0	0	0	0	0	0	0	0	0	0	0	0	0	0	0	0	0.460268038445919	0	0	0	0.974685257885475	0	0	0	0	0	0	0	0	0	0	0	0	0	0	0	0	0	0	0	0	0	0	0	0	0	0	0	0	0	0	0	0	0	0	0	0	0	0.162447542980912	0	0	0	0.0676864762420468	0	0	0	0	0	0	0	0	0	0	0	0	0	0	0	0	0	0	0	0	0	0	0	0	0	0	0.0812237714904562	0	0	0	0	0	0	0	0	0	0	0	0	0	0	0	0	0	0	0	0	0	0	0	0	0	0	0	0	0	0	0	0	0	0	0	0	0	0	0	0	0	0	0	0	0	0	0	0	0	0	0	0	0	0	0	0	0	0	0	0	0	0	0	0	0	0	0	0	0	0	0	0	0	0	0	0	0	0	0	0	0	0	0	0	0	0	0	0	0	0	0	0	0	0	0	0.0947610667388656	0	0	0	0	0	0	0	0	0	0	0	0	0	0	0	0	0	0	0	0	0	0	0	0	0	0	0	0	0	0	0	0	0	0	0	0	0	0	0	0	0	0	0	0	0	0	0	0	0	0	0	0	0	0	0	0	0.243671314471369	0	0.189522133477731	0	0	0	0	0	0	0	0	0	0	0	0	0	0.21659672397455	0	0	0	0	0	0	0	0	0	0	0	0	0	0	0	0	0	0	0	0	0	0	0	0	0	0	0	0	0	0	0	0	0	0	0.189522133477731	0	0	0	0	0	0	0	0	0	0	0	0	0	0	0	0	0	0	0	0	0	0	0	0	0	0	0	0	0	0	0	0	0	0	0	0.257208609719778	0	0	0.717476648165697	0	0	0	0	0	0	0	0	0	0	0	0.0676864762420468	0	0	0	0	0	0	0	0	0.311357790713415
ERR6650894	0	0	0	0	0	0	0	0	0	0	0	0	0	0	0	0	0	0	0	0	0	0	0	0	0	0	0	0	0	0	0	0	0	0	0	0	0	0	0	0	0	0	0	0	0	0	0	0	0	0	0	0	0	0	0	0	0	0	0	0	0	0	0	0	0	0	0	0	0	0	0	0	0	0	0	0	0	0	0	0	0	0	0	0	0	0	0	0	0	0	0	0	0	0	0	0	0	0	0	0	0	0	0	0	0	0	0	0	0	0	0	0	0	0	0	0	0	0	0	0	0	0	0	0	0	0	0	0	0	0	0	0	0	0	0	0	0	0	0	0	0	0	0	0	0	0	0	0	0	0	0	0	0	0	0	0	0	0	0	0	0	0	0	0	0	0	0	0	0	0	0	0	0	0	0	0	0	0	0	0	0	0	0	0	0	0	0	0	0	0	0	0	0	0	0	0	0	0	0	0	0	0	0	0	0	0	0	0	0	0	0	0	0	0	0	0	0	0	0	0	0	0	0	0	0	0	0	0	0	0	0	0	0	0	0	0	0	0	0	0	0	0	0	0	0	0	0	0	0	0	0	0	0	0	0	0	0	0	0	0	0	0	0	0	0	0	0	0	0	0	0	0	0	0	0	0	0	0	0	0	0	0	0	0	0	0	0	0	0	0	0	0	0	0	0	0	0	0	0	0	0	0	0	0	0	0	0	0	0	0	0	0	0	0	0	0	0	0	0	0	0	0	0	0	0	0	0	0	0	0	0	0	0	0	0	0	0	0	0	0	0	0	0	0	0	0	0	0	0	0	0	0	0	0	0	0	0	0	0	0	0	0	0	0	0	0	0	0	0	0	0	0	0	0	0	0	0	0	0	0	0	100	0	0	0	0	0	0	0	0	0	0	0	0	0	0	0	0	0	0	0	0	0	0	0	0	0	0	0	0	0	0	0	0	0	0	0	0	0	0	0	0	0	0	0	0	0	0	0	0	0	0	0	0	0	0	0	0	0	0	0	0	0	0	0	0	0	0	0	0	0	0	0	0	0	0	0	0	0	0	0	0	0	0	0	0	0	0	0	0	0	0	0	0	0	0	0	0	0	0	0	0	0	0	0	0	0	0	0	0	0	0	0	0	0	0	0	0	0	0	0	0	0	0	0	0	0	0	0	0	0	0	0	0	0	0	0	0	0	0	0	0	0	0	0	0	0	0	0	0	0	0	0	0	0	0	0	0	0	0	0	0	0	0	0	0	0	0	0	0	0	0	0	0	0	0	0	0	0	0	0	0	0	0	0	0	0	0	0	0	0	0	0	0	0	0	0	0	0	0	0	0	0	0	0	0	0	0	0	0	0	0	0	0	0	0	0	0	0	0	0	0	0	0	0	0	0	0	0	0	0	0	0	0	0	0	0	0	0	0	0	0	0	0	0	0	0	0	0	0	0	0	0	0	0	0	0	0	0	0	0	0	0	0	0	0	0	0	0	0	0	0	0	0	0	0	0	0	0	0	0	0	0	0	0	0	0	0	0	0	0	0	0	0	0	0	0	0	0	0	0	0	0	0	0	0	0	0	0	0	0	0	0	0	0	0	0	0	0	0	0	0	0	0	0	0	0	0	0	0	0	0	0	0	0	0	0	0	0	0	0	0	0	0	0	0	0	0	0	0	0	0	0	0	0	0	0	0	0	0	0	0	0	0	0	0	0	0	0	0	0	0	0	0	0	0	0	0	0	0	0	0	0	0	0	0	0
ERR6650899	0	0	0	0	0	0	0	0	0	0	0	0	0	0	0	0	0	0	0	0	0	0	0	0	0	0	0	0	0	0	0	0	0	0	0	0	0	0	0	0	0	0	0	0	0	0	0	0	0	0	0	0	0	0	0	0	0	0	0	0	0	0	0	0	0	0	0	0	0	0	0	0	0	0	0	0	0	0	0	0	0	0	0	0	0.147022788532223	0	0	0	0	0	0	0	0	0	0	0	0	0	0.78412153883852	0	0	0	0	0	0	0	0	0	0	0	0	0	0	0	0	0	0	0	0.0122518990443519	0	0	0	0	0	0	0	0	0	0	0	0	0	0	0	0	0	0	0.0490075961774075	0	0	0	0	0	0	0	0	0	0	0	0	0	0	0	0	0	0	0	0	0	0	0	0	0	0	0	0	0	0	0	0	0	0	0	0	0	0	0	0.19603038470963	0	0	0	0	0	0	0	0	0	0	0	0	0	0	0	0.0735113942661113	0	0	0	0	0	0	0	0	0	0	0	0	0	0	0	0	0	0	0	0	0	0	0	0	0	0	0	0	0	0	0	0	0	0	0	0	0	0	0	0	0	0	0	0	0	0	0	0	0.343053173241852	0	0	0	0	0	0	0	0	0	0	0	0	0	0	0	0	0	0	0	0	0	0	0	0	0	0	0	0	0	0	0	0	0	0	0	0	0	0	0	0	0	0	0	0	0	0	0	0	0	0	0	0	0	0	0	0	0	0	0	0	0	0	0	0	0	0	0	0	0	0	0	0	0	0	0	0	0.0490075961774075	0	0	0	0	0	0	0	0	0	0	0	0	0	0	0	0	0	0	0	0	0	0	0	0	0	0	0	0	0	0	0	0	0	0	0	0	0	0	0	0	0	0	0	0	0	0	0	0	0	0	0	0	0	0	0	0	0	0	0	0	0	51.6295025728988	0	0	0	0	0	0	0	0	0	0	0	0	0	0	0	0	0	0	0	0	0	0	0	0	0	0	0	0	0	0	0	0	0	0	0	0	0	0	0	0	0	0	0	0	0	0	0	0.134770889487871	0	0	0	0.122518990443519	0	0	0	0	0	0	0	0	0	0	0	0	0	0	0	0	0	0	0	0	0	0	0	0	0	0	0	0	0	0	0	0	0	0	0	0	0	0	0	0	0	0.245037980887038	0	0	0	0	0	0	0	0	0	0	0	0	0	0	0	0	0	0	0	0	0	0	0	0	0	0	0	0	0	0	0	0	0	0	0	0	0	0	0	0	0	0	0	0	0	0	0	0	0	0	0	0	0	0	0	0	0	0	0	0	0.894388630237687	0	0	0	0	0	0	0	0	0	0	0	0	0	0	0	0	0	0	0	0	0	0	0	0	0	0	0	0	0	0	0	0	0	0	0	0	0	0	0	0.220534182798334	0	0	0	0	0	0	0	0	0	0	0.0612594952217594	0	0	0	0	0	0	0	0	0	0	0.0857632933104631	0	0	0	0	0	0	0	0	0	0	0	0.208282283753982	0	0	0	0	0	0	0	0	0	0	0	0	0	0	0	0	0	0	0.183778485665278	0	0	0	0	0	0	0	0	0	0.110267091399167	0	0	0	0	0	0	0	0	0	0	0	0	0	0	0	0	0	0	0	0	0	0	0	0	0	0	0	0	0	0	0	0.686106346483705	0	0	0	0	0	0	0	0	0	0	0	0	0	0	0	0	0	0	0	0	0	0	0	0	0	0	0	0	0	0	0	0	0	0	0	0	0	0	0	0	0	0	0	0	0	0	0	0	0	0	0	0	0	0	0	0	0	0	0	0	0	0	0	0	0	0	0	0	0	0	0	0	0	0.355305072286204	0	0	0	0	0	0	0	0	0	0	0	0	0	0	0	0	0	0	0	0	43.4084783141387
ERR6650900	0	0	0	0	0	0	0	0	0	0	0	0	0	0	0	0	0	0	0	0.187644341801386	0	0	0	0	0	0	0	0	0	0	0	0.0505196304849885	0	0	0	0	0	0	0	0	0	0	0	0	0.418591224018476	0	0	0	0	0	0.23094688221709	0	0.144341801385681	0	0	0	0	0	0	0	0	0	0	0	0	0	0	0	0	0	0	0	0	0	0	0	0	0	0	0	0	0	0	0	0	0	0	0	0	0	0	0	0	0	0	0	0	0	0.245381062355658	0	0	0	0	0	0	0	0	0	0	0	0	0	0	0	0	0	0	0	0	0	0	0	0	0	0	0	0	0	0	0	0	0	0	0	0	0	0	0.0793879907621247	0	0	0	0	0	0	0	0	0	0	0	0	0	0	0	0	0	0	0	0	0	0	0	0	0	0	0	0	0	0	0.101039260969977	0	0	0	0	0	0	0	0	0.101039260969977	0	0	0	0	0	0.0360854503464203	0	0.0505196304849885	0	0	0	0	0	0	0	0.606235565819861	0	0	0	0	0	0	0	0	0.65675519630485	0	0	0	0	0	0	0	0	0	0	0	0	0	0	0	0	0	0	0	0	0	0	0	0	0	0	0	0	0	0	0	0	0	0	0	0	0	0	0	0.0793879907621247	0	0	0	0	0	0	0	0	0	0	0	0	0	0	0	0	0	0	0	0	0	0	0	0	0	0	0	0	0	0	0	0	0	0	0	0	0	0	0	0	0	0	0	0	0	0	0	0	0	0	0	0	0	0	0	0	0	0	0	0	0	0	0	0	0	0	0	0	0	0	0	0	0	0	0	0	0.0288683602771363	0	0	0	0	0	0	0	0	0	0	0	0	0	0	0	0	0	0	0	0	0	0	0	0	0	0	0	0	0	0	0	0	0	0	0	0	0	0	0	0	0	0	0	0	0	0	0	0	0	0	0	0	0	0	0	0	0	0	0	0	0	91.058025404157	0	0	0	0	0	0	0	0	0	0	0	0	0	0	0	0	0	0	0	0	0	0	0	0	0	0	0	0	0	0	0	0	0	0	0	0	0	0	0	0	0	0	0	0	0	0	0	1.08978060046189	0	0	0	0.548498845265589	0	0	0	0.0938221709006928	0	0	0	0	0	0	0	0	0	0	0	0	0	0	0	0	0	0	0	0	0	0	0	0	0	0	0	0	0	0	0	0	0	0	0	0	0	0	0	0	0	0	0	0	0	0.151558891454965	0	0	0	0	0	0	0	0	0	0	0	0	0	0	0	0	0	0	0	0	0	0	0	0	0	0	0	0	0	0	0	0	0	0	0	0	0	0	0	0	0	0	0	0	0	0	0	0	0	0	0	0	0	0	0	0	0	0	0	0	0	0	0	0	0	0	0	0	0	0	0	0	0	0	0	0	0	0	0	0	0	0	0	0	0	0	0	0	0	0	0	0.0866050808314088	0	0	0	0	0	0	0	0	0	0	0	0.151558891454965	0	0	0	0	0	0	0	0	0	0	0	0.151558891454965	0	0	0	0	0	0	0	0	0	0	0.404157043879908	0	0	0	0	0	0	0	0	0	0	0	0	0	0	0	0	0	0	0	0	0	0	0	0	0	0	0	0	0	0	0	0	0	0	0	0	0	0	0	0	0	0	0	0	0.252598152424942	0	0	0	0	0	0	0	0	0	0	0	0	0	0	0	0.0721709006928406	0	0	0.129907621247113	0	0	0	0	0	0	0	0	0	0	0	0	0	0	0	0	0	0	0	0	0	0	0	0	0	0	0	0	0	0	0	0	0	0	0	0	0	0	0	0	0	0	0	0	0	0	0	0	0	0	0	0	0	0	0	0	0	0	0	0	0	0	0	0	0	0	0	0	0	0	1.06091224018476	0	0	0	0	0	0	0	0	0	0	0	0	0	0	0	0	0	0	0	0	1.73210161662818
ERR6650901	0	0	0	0	0	0	0	0	0	0	0	0	0	0	0	0	0	0	0	1.34272689598011	0	0	0	0	0	0	0	0	0	0	0	0	0	0	0	0	0	0	0	0	0	0	0	0	1.43389970990468	0	0	0	0	0	4.91504351429755	0	0	0	0	0	0.530460008288438	0	0	0	0	0	0	0	0	0	0	0	0	0	0	0	0	0.240364691255698	0	0	0	0	0	0	0	0	0	0	0	0	0	0	0	0	0	0	0	0	0	0	0	0	0.953170327393286	0	0	0	0	0	0	0	0	0	0	0	0	0	0	0	0	0	0	0	0	0	0	0	0	0	0	0	0	0	0	0	0	0	0	0	0	0	0	0.538748445917944	0	0	0	0	0	0	0	0	0	0	0	0	0	0	0	0	0.306672192291753	0	0	0	0	0	0	0	0	0	0	0	0	0	0.364691255698301	0	0	0	0	0	0	0	0	0.0911728139245752	0	0	0	0	0	0	0	0.870285951098218	0	0	0	0	0	0	0	2.40364691255698	0	0	0	0	0	0	0	0.049730625777041	0	0	0	0	0	0	0	0	0	0	0	0	0	0	0	0	0	0	0	0	0	0.571902196435972	0	0	0	0	0	0	0	0	0	0	0	0	0	0	0	0	0	0	2.19643597181931	0	0	0	0	0	0	0	0	0	0	0	0	0	0.298383754662246	0.381268130957315	0	0	0	0	0	0	0	0	0	0	0	0	0	0	0	0	0	0	0	0	0	0	0	0	0	0	0	0	0	0	0	0	0	0	0	0	0	0	0	0	0	0	0	0	0	0	0	0	0	0	0	0	0	0	0.140903439701616	0	0	0	0	0	0	0.149191877331123	0	0	0	0	0	0	0	0	0	0	0	0	0	0	0	0	0	0	0	0	0	0	0	0.754247824285122	0	0	0	0	0	0	0	0	0	0	0	0	0	0.439287194363862	0	0	0	0.165768752590137	0	0.381268130957315	0	0	0	0	0	0	0	0	0	0	0	0	0	0	0	0	0	53.0294239535848	0	0	0	0	0	0	0	0	0	0	0	0	0	0	0	0	0	0.0580190634065479	0	0	0	0	0	0	0	0	0	0	0	0	0	0.33982594280978	0	0	0	0	0	0	0	0	0	0	0	0	0	0	0	1.43389970990468	0	0	0	3.71322005801906	0	0	0	0	0	0	0	0	0	0	0	0	0.0745959386655615	0	0	0	0	0	0	0.215499378367178	0	0	0	0	0	0	0	0	0	0	0	0	0	0.0663075010360547	0	0	0	0	0	0	0	0.248653128885205	0	0	0	0	0	0	0	0.596767509324492	0	0	0.0580190634065479	0	0	0	0	0	0	0	0	0	0	0	0	0	0	0	0.256941566514712	0	0	0	0	0	0	0	0	0	0	0	0	0	0	0	0	0	0	0	0.140903439701616	0	0	0	0	0	0	0	0	0	0	0	0	0	0	0	0	0	0	0	0	0	0	0	0	0	0	0	0	0	0	0	0	0	0	0	0	0	0	0	0	0	0.174057190219644	5.04765851636966	0	0	0	0	0	0	0	0	0	0	0.281806879403233	0	0	0	0	0	0	0	0	0	0	0	0	0	0	0	0.0828843762950684	0	0.0663075010360547	0	0	0	0.331537505180274	0.306672192291753	0	0	0	0	0	0	0	0	0	0	0	0	0	0	0	0.165768752590137	0	0	0	0	0	0	0	0	0	0	0	0	0	0.0580190634065479	0	0	0	0	0	0	0	0	0	0	0	0	0	0	0.439287194363862	0	0	0	0	0	0	0	0	0	0	0	0	0	0	0	0	0	0	0.273518441773726	0	0	0	0	0	0	0	0.522171570658931	0	0	0	0	0	0	0	0	0	0	0	0.00828843762950684	0.455864069622876	0	0	0	0	0	0	0	0	0	0	0	0	0	0	0	0	0	0	0	0	0	0	0	0	0	0	0	0	0	0.215499378367178	0	0	0	0	0	0	0	0	0	0	0	0	0	0	0	0	0	0	0	0	0	0	0	0	0	0.15748031496063	0	0.613344384583506	0	0	9.14214670534604	0	0	0	0	0	0.348114380439287	0	0	0	0	0	0	0	0	0.0745959386655615	0	0	0	0	0	1.48363033568172
ERR6650902	0	0	0	0	0	0	0	0	0	0	0	0	0	0	0	0	0.0221975582685905	0	0	0	0	0	0	0	0	0	0	0	0	0	0	0	0	0	0	0	0	0	0	0	0	0	0	0	0.0147983721790603	0	0	0	0	0	0	0	0	0	0	0	0	0	0	0	0	0	0	0	0	0	0	0	0	0	0	0	0	0	0	0	0	0	0	0	0	0	0	0	0	0	0	0	0	0	0	0	0	0	0	0	0	0	0.0147983721790603	0	0	0	0	0	0	0	0	0	0	0	0	0	0	0	0	0	0	0	0	0	0	0	0	0	0	0	0	0	0	0	0	0	0	0	0	0	0	0	0	0	0	0	0	0	0	0	0	0	0	0	0	0	0	0	0	0	0	0	0	0	0	0	0	0	0	0	0	0	0	0	0	0	0	0	0	0	0	0	0	0	0	0	0	0	0	0	0	0	0	0	0	0	0	0	0	0	0	0	0	0	0	0	0	0	0.162782093969663	0	0	0	0	0	0	0	0	0	0	0	0	0	0	0	0	0	0	0	0	0	0	0	0	0	0	0	0	0	0	0	0	0	0	0	0	0	0	0	0	0	0	0	0	0	0	0	0	0	0	0	0	0	0	0	0	0	0	0	0	0	0	0	0	0	0	0	0	0	0	0	0	0	0	0	0	0	0	0	0	0	0	0	0	0	0	0	0	0	0	0	0	0	0	0	0	0	0	0	0	0	0	0	0	0	0	0	0	0	0	0	0	0	0	0	0	0	0	0	0	0	0	0	0	0	0	0	0	0	0	0	0	0	0	0	0	0	0	0	0	0	0	0	0	0	0	0	0	0	0	0	0	0	0	0.0295967443581206	0	0	0	0	0	0	0	0	0	0	0	0	0	0	0	0	0	0	0	0	0	99.385867554569	0	0	0	0	0	0	0	0	0	0	0	0	0	0	0	0	0	0	0	0	0	0	0	0	0	0	0	0	0	0	0	0	0	0	0	0	0	0	0	0	0	0	0	0	0	0	0	0	0	0	0	0.0665926748057714	0	0	0	0	0	0	0	0	0	0	0	0	0	0	0	0	0	0	0	0	0	0	0	0	0	0	0	0	0	0	0	0	0	0	0	0	0	0	0	0	0	0	0	0	0	0	0	0	0	0	0	0	0	0	0	0	0	0	0	0	0	0	0	0	0	0	0	0	0	0	0	0	0	0	0	0	0	0	0	0	0	0	0	0	0	0	0	0	0	0	0	0	0	0	0	0	0	0	0	0	0	0	0	0	0	0	0	0	0	0	0	0	0	0	0	0	0	0	0	0	0	0	0	0	0	0	0	0	0	0.103588605253422	0	0	0	0	0	0	0	0	0	0	0	0	0	0	0	0	0	0	0	0	0	0	0	0	0	0	0	0	0	0	0	0	0	0	0	0.0739918608953015	0	0	0	0	0	0	0	0	0	0	0	0	0	0	0	0	0	0	0	0	0	0	0	0	0	0	0	0	0	0	0	0	0	0	0	0	0	0	0	0	0	0	0	0	0	0	0	0	0	0	0	0	0	0	0	0	0	0	0	0	0	0	0	0	0	0	0	0	0	0	0	0	0	0	0	0	0	0	0	0	0	0	0	0	0	0	0	0	0	0	0	0	0	0	0	0	0	0	0	0	0	0	0	0	0	0	0	0	0	0	0	0	0	0	0	0	0	0	0	0	0	0	0	0	0	0	0	0	0	0	0	0	0	0	0	0	0	0	0	0	0	0	0	0	0	0	0	0	0	0	0	0	0	0	0	0	0	0	0	0	0	0	0	0	0	0	0.125786163522013
ERR6650903	0	0	0	0	0	0	0	0	0	0	0	0	0	0	0	0	0	0	0	0	0	0	0	0	0	0	0	0	0	0	0	0	0	0	0	0	0	0	0	0	0	0	0	0	0.216880534971986	0	0	0	0	0	2.26820892824869	0	0	0	0	0	0	0	0	0	0	0	0	0	0	0	0	0	0	0	0	0	0	0	0	0	0	0	0	0	0	0	0	0	0	0	0	0	0	0	0	0	0	0	0	0	0	0	0.234953912886318	0	0	0	0	0	0	0	0	0	0	0	0	0	0	0	0	0	0	0	0	0	0	0	0	0	0	0	0	0	0	0	0	0	0	0	0	0	0	0.442797758901139	0	0	0	0	0	0	0	0	0	0	0	0	0	0	0	0	0	0	0	0	0	0	0	0	0	0	0	0	0	0	0.189770468100488	0	0	0	0	0	0	0	0	0	0	0	0	0	0	0.117476956443159	0	0	0	0	0	0	0	0	0	1.15669618651726	0	0	0	0	0	0	0	0.243990601843485	0	0	0.180733779143322	0	0	0	0	0	0	0	0	0	0	0	0	0	0	0	0	0	0	0.099403578528827	0	0	0	0	0	0	0	0	0	0	0	0	0	0	0	0	0	0	3.27128140249413	0	0	0	0	0	0	0	0	0	0.0632568227001627	0	0	0	0.153623712271824	0	0	0	0	0	0	0	0	0	0	0	0	0	0	0	0	0	0	0	0	0.0451834447858305	0	0	0	0	0	0	0	0	0	0	0	0	0	0	0	0	0	0	0	0	0	0	0	0	0	0	0	0	0	0	0	0	0	0	0	0	0	0	0	0	0	0	0	0	0	0	0	0	0	0	0	0	0	0	0	0	0.144587023314658	0	0	0	0	0	0	0	0	0	0	0	0	0	0	0	0	0	0	0	0	0	0	0	0	0.144587023314658	0	0	0	0	0	0	0	0	0	0	0	0	0	0	0	0	0	0	0	0	0	73.6580516898608	0	0	0	0	0	0	0	0	0	0	0	0	0	0	0	0	0	0	0	0	0	0	0	0	0	0	0	0	0	0	0.198807157057654	0.289174046629315	0	0	0	0	0	0	0	0	0	0	0	0	0	0	0	0.713898427616121	0	0	0	1.13862280860293	0	0	0	0	0	0	0	0	0	0	0	0	0.406651003072474	0	0	0	0	0	0	0	0	0	0.307247424543647	0.0361467558286644	0	0	0	0	0	0	0	0	0	0.551238026387132	0	0	0	0	0	0	0	0.198807157057654	0	0	0	0	0	0	0	0.0903668895716609	0	0	0	0	0.117476956443159	0	0.108440267485993	0	0	0	0	0	0	0	0	0.153623712271824	0	0	0.325320802457979	0	0.0180733779143322	0	0	0	0	0	0	0	0	0	0	0	0	0	0	0	0	0	0.0813302006144948	0	0	0	0	0	0	0	0	0	0	0	0	0	0.478944514729803	0	0	0	0	0	0	0	0	0	0	0	0	0	0	0	0	0	0	0	0	0	0	0	0	0	0	0	0	0.153623712271824	0	0	0	0	0	0	0	0	0	0	0	0	0	0	0	0	0	0	0	0	0	0.0451834447858305	0	0	0	0	0	0	0	0	0	0	0	0.623531538044461	0	0	0	0	0	0	0	0	0	0	1.64467739020423	0	0	0.0722935116573288	0	0	0	0	0	0	0.0903668895716609	0	0	0	0	0	0	0	0	0	0	0	0	0	0	0	0	0	0	0	0	0	0	0	0	0	0	0	0	0	0	0	0	0	0	0.0903668895716609	0	0	0	0	0	0	0	0	0	0.0722935116573288	0	0	0	0	0	0.352430869329478	0	0	0.243990601843485	0	0	0	0	0	0	0.234953912886318	0	0.253027290800651	0	0	0	0	0	4.97017892644135	0	0	0	0	0	0	0	0.108440267485993	0	0	0	0	0	0	0	0	0	0	0	0	0	0	0	0	0.0361467558286644	0	0	0	0	0	0	0	0	0	0	0	0	0	0	0	0	0	0	0	0	0	0	0	0	0	0.0722935116573288	0	0	0	0	1.04825591903127	0	0	0	0	0	0	0	0	0.153623712271824	0	0	0	0	0	0	0	0	0	0	0	1.88866799204771
ERR6650904	0	0	0	0	0	0	0	0	0	0	0	0	0	0	0	0	0	0	0	0	0	0	0	0	0	0	0	0	0	0	0	0	0	0	0	0	0	0	0	0	0	0	0	0	0	0	0	0	0	0	0.254425951447048	0	0.031803243930881	0	0	0	0	0	0	0	0	0	0	0	0	0	0	0	0	0	0	0	0	0	0	0	0	0	0	0	0	0	0	0	0.11661189441323	0.148415138344111	0	0	0	0	0	0	0	0	0	0	0	0	0.0530054065514683	0	0	0	0	0	0	0	0	0	0	0	0	0	0	0	0	0	0	0	0	0	0	0	0	0	0	0	0	0	0	0	0	0	0	0	0	0	0	0	0	0	0	0	0	0	0	0	0	0	0	0	0	0	0	0	0.23322378882646	0	0	0	0	0	0	0	0	0	0	0	0	0	0.159016219654405	0	0	0	0	0	0	0	0	0	0	0	0	0	0	0	0	0	0	0	0	0	0	0	0	43.9308809498569	0	0	0	0	0	0	0	0.0530054065514683	0	0	0.31803243930881	0	0	0	0	0	0	0	0	0	0	0	0	0	0	0	0	0	0	0	0	0	0	0	0	0	0	0	0	0	0	0	0	0	0	0	0	0	17.9900349835683	0	0	0	0	0	0	0	0	0	0	0	0	0	0	0	0	0	0	0	0	0	0	0	0	0	0	0	0	0	0	0	0	0	0	0	0	0	0	0	0	0	0	0	0	0	0	0	0	0	0	0	0	0	0	0	0	0	0	0	0	0	0	0	0	0	0	0	0	0	0	0	0	0	0	0	0	0	0	0	0	0	0	0	0	0	0	0	0	0	0	0	25.8878405597371	0	0	0	0	0	0	0	0	0	0	0	0	0	0	0	0	0	0	0	0	0	0	0	0	0	0	0	0	0	0	0	0	0	0	0	0	0	0	0	0	0	0	0	0	0	0	7.27234177886144	0	0	0	0	0	0	0	0	0	0	0	0	0	0	0	0	0	0	0	0	0	0	0	0	0	0	0	0	0	0	0	0	0	0	0	0	0	0.0742075691720556	0	0	0	0	0	0	0	0	0	0	0	0	0	0.90109191137496	0	0	0	0	0	0	0	0	0	0	0	0	0.0212021626205873	0	0	0	0	0	0	0	0	0	0	0	0	0	0	0	0	0	0	0	0	0.0742075691720556	0	0	0	0	0	0	0	0	0	0.275628114067635	0	0	0	0	0	0	0.0954097317926429	0	0	0	0	0	0	0	0	0	0	0	0	0	0	0	0	0	0.0636064878617619	0.0424043252411746	0	0	0.0848086504823492	0	0	0	0	0.0530054065514683	0	0	0	0	0	0	0	0	0	0	0.031803243930881	0	0	0	0	0	0	0	0	0	0	0	0	0	0	0	0	0	0	0	0	0	0	0	0	0	0	0	0	0	0	0	0	0	0	0	0	0	0	0	0	0	0	0	0	0	0	0	0	0	0	0	0	0	0	0	0	0	0	0	0	0	0	0	0	0.159016219654405	0	0	0	0	0.0424043252411746	0	0	0	0	0	0	0.0636064878617619	0	0	0	0	0	0	0	0	0	0	0.159016219654405	0	0	0	0	0	0	0	0	0	0.180218382274992	0.0424043252411746	0	0	0	0	0	0	0	0	0	0	0	0	0	0	0	0	0	0	0	0	0	0	0.0212021626205873	0	0	0	0	0	0	0	0	0	0	0.636064878617619	0	0	0	0	0	0	0	0	0	0	0	0	0	0	0	0.159016219654405	0	0	0	0	0	0	0	0	0	0	0	0.0106010813102937	0	0	0	0	0	0	0	0	0	0	0	0	0	0.11661189441323	0	0	0	0	0	0	0	0	0.0106010813102937	0	0	0	0	0	0	0	0	0	0	0	0	0	0	0	0	0	0	0	0	0	0	0	0	0	0	0	0	0	0	0	0	0	0	0	0.0424043252411746	0	0	0	0	0	0	0	0	0	0	0	0	0	0	0	0	0	0	0	0	0	0	0	0.190819463585286
ERR6650905	0	0	0	0	0	0	0	0	0	0	0	0	0	0	0	0	0	0	0	0	0	0	0	0	0	0	0	0	0	0	0	0	0	0	0	0	0	0	0	0	0	0	0	0	0.503637381085618	0	0	0	0	0	0.21264689423615	0	0	0	0	0	0	0	0	0	0	0	0	0	0	0	0	0	0	0	0	0	0	0	0	1.60044767767208	0	0	0	0	0	0	0	0	0	0.25741466144376	0	0	0	0	0	0	0	0	0	0	0	0	0.0783435926133184	0	0	0	0	0	0	0	0	0	0	0	0	2.67487409065473	0	0	0	0	0	0	0	0	0	0.380526021264689	0	0	0	0	0	0	0	0	0	0	0	0	0	0	0	0.0447677672076105	0	0	0	0	0	0	0	0	0	0	0	1.09681029658646	0	0	0	0	0.503637381085618	0	0	0	0	0	0	0	0	0	0	0	0	0	0	0	0	0	0	0.593172915500839	0	0	0	0	0	0	0	0	0	0	0	0	0	0	0	0	0	0	0	1.7011751538892	0	0.0671516508114158	0	0	0	0	0	1.02965864577504	0	0	2.73083379966424	0	0	0	0	0	0	0	0	0	0.0783435926133184	0	0	0	0	0	0	0	0	0.190263010632345	0	0	0	0	0	0	0	0	0	0	0	0	0	0	0	0	0	0	2.79798545047566	0	0	0	0	0	0.25741466144376	0	0	0	0.313374370453274	0	0	0	0.828203693340795	0	0	0	0	0	0	0	0	0	0	0	0	0	0	0	0	0	0	0	0	0	0	0	0	0	0	0	0	0	0	0	0	0	0	0	0	0	0	0	0	0	0	0	0	0	0	0	0	0	0	0	0	0	0	0.0447677672076105	0.805819809736989	0	0	0	0	0.167879127028539	0	0.201454952434247	0	0	0.335758254057079	0	0	0	0	0	0	0	0	0	0.313374370453274	0	1.21992165640739	0	0	0	0	0	0	0	0	0	0	0	0	0	0	0	0	0	0	0	0	0	0	0.380526021264689	0	0.111919418019026	0	0	0	0	0	0	0	0	0	0	0	0	0	0	0	0	0	0	0	0	0	50.3189703413542	0	0	0	0	0	0	0	0	0	0	0	0	0	0	0	0	0	0	0	0	0	0	0	0	0	0	0	0	0	0	0	0	0	0	0.380526021264689	0	0	0	0	0	0	0	0	0	0	0	0	0.984890878567431	0	0	0	1.52210408505876	0	0	0	0	0	0	0	0	0	0	0	0	0.134303301622832	0	0	0	0	0	0	0	0	0	0	0	0	0	0	0	0	0	0	0	0	0.145495243424734	0	0	0	0	0	0	0	0	0	0	0	0	0	0	0	1.56687185226637	1.08561835478456	0	0	0	0	0	0	0	0	0	0	0	0	0	0	5.17067711247901	0	0	0.346950195858982	0	0	0	0.246222719641858	0	0	0	0	0.123111359820929	0	0	0	0	0	0	0	0	0	0	0	0	0	0	0	0	0	0	0	0	0	0	0	0	0	0	0	0	0	0	0	0	0	0	0	0	0	0	0	0	0	0	0	0	0	0	0	0	0	0	0	0	0.0671516508114158	0	0	0	0	0	0	0	0	0	0	0	0	0	0	0	0	0	0	0	0	0	0	0.134303301622832	0	0	0	0	0	0	0	0	0	0	0	0	0	0	0	0	0	0	0	0	0	0	0.414101846670397	0	0	0.0223838836038053	0	0.447677672076105	0	0	0	0	0.626748740906547	0	0	0	0	0.0671516508114158	0	0	0	0.63794068270845	0	0	0	0	0.111919418019026	0	0	0	0	0	0	0	0	0	0.223838836038053	0	0.190263010632345	0	0	0	0	0	0	0	0	2.74202574146614	0	0	0	0	0	0	0	0.335758254057079	0	0	0	0	0	0	0	0.8505875769446	0	0	1.00727476217124	0	0	0	0	0	0	0	0	0.123111359820929	0	0	0	0	0	0	0	0	0	0	0	0	0	1.89143816452154	0	0	0	0	0	0	0	0	0.0559597090095132	0	0	0	0	0	0	0	0	0	0	0	0	0	0	0	0	0	0	0	0	0	0	0	0	0	0	0	0	0	0	0	0	0	0.100727476217124	0	0	0	0	0.436485730274203	0	0	0	0	0	0.559597090095131	0	0	0	0	0	1.7011751538892	0	0	0	0	0	0	0	0	3.70453273642977
ERR6650909	0	0	0	0	0	0	0	0	0	0	0	0	0	0	0	0	0	0	0	0	0	0	0	0	0	0	0	0	0	0	0	0	0	0	0.081547064305685	0.128145386766076	0	0	0	0	0	0	0	0	0.16309412861137	0	0	0	0	0	1.45619757688723	0	0	0	0	0	0	0	0	0	0	0	0	0	0	0	0	0	0	0	0	0	0	1.0950605778192	0	0	0	0.314538676607642	0	0	0	0	0	0	0.0465983224603914	0.675675675675676	0	0	0	0	0	0	0	0	0	0	0	0	0.16309412861137	0	0	0	0	0	0	0	0	0	0	0	0	0.454333643988816	0	0	0	0	0	0.104846225535881	0	0	0	0	0	0	0	0	0	0	0	0.32618825722274	0	0	0	0	0	0	0	0.104846225535881	0	0	0	0	0	0	0	0	0	0.850419384902144	0	0	0	0	0	0	0	0	0	0	0	0	0	0	0.186393289841566	0	0	0	0.862068965517241	0	0	0	0	0	0	0	0	0	0	0	0	0	0	0	0	0.32618825722274	0	0	0	0	0	0	0	0	0	1.98042870456664	0	0	0	0	0	0	0	0	0	0	0.337837837837838	0	0	0	0	0	0	0	0	0	0	0	0	0	0	0	0	0	0	0	0	0	0	0	0	0	0	0	0.361136999068034	0	0	0	0	0	0	0.372786579683131	0	0	0.827120223671948	0	0	0	0	0	0.081547064305685	0	0	0	0	0	0	0	0.244641192917055	0	0	0	0	0	0	0	0	0	0	0	0	0	0	0	0	0	0	0	0	0	0	0	0	0	0	0	0	0	0	0.302889095992544	0	0	0	0	0	0	0	0	0	0	0	0	0	0	0	0	0	0	0	0	0	0.722273998136067	0.0698974836905871	0	0	0	0	0	0	0	0	0.337837837837838	0	0	0	0	0	0	0	0	0	0	0	0	0	0	0.372786579683131	0	0	0	0	0	0	0	0	0	0	0	0	0	0	0	0	0	0	0	0	0	0	0	0	0	0	0	0	0	0	0	0	0	0	0	0.0232991612301957	0	0	0	0	0	0.104846225535881	0	0	0	0	58.4342963653309	0	0	0	0	0	0	0	0	0	0	0	0	0.0698974836905871	0	0	0	0	0	0	0	0	0	0	0	0	0	0	0	0	0	0	0	0	0	1.6076421248835	0	0	0.594128611369991	0	0	0	0	0	0	0	0	0	0	0	0	0	0.198042870456664	0	0	0	0	0	0	0	0	0	0	0	0	0	0	0	0	0.302889095992544	0	0	0	0	0	0	0	0	0	0	0	0	0	0	0	0	0	0	0	0	0	0	0	0	0.221342031686859	0	0	0	0	0	0	0	0.0232991612301957	2.32991612301957	0	0	0	0	0	0	0	0.0349487418452936	0	0	0	0	0	0	0	0	0	0.442684063373719	0	0	0	0	0	0	0	0	0.221342031686859	0	0	0	0	0	0	0	0	0.617427772600186	0	0	0	0	0	0	0	0	0	0	0	0	0	0	0.139794967381174	0	0	0	0	0	0	0.431034482758621	0	0	0	0	0	0	0	0	0	0	0	0	0	0	0	0	0	0	0	0	0	0	0	0	0	0	0	0	0	0	0	0	0	0	0	0	0	0	0	0	0	0	0	0	0.745573159366263	0	0	0	0	0	0	0	0	0	0	0	0.291239515377446	0	0	0	0	0	0	0	0	0	0	0	0	0	0	0	0	0	0	0	0	0.104846225535881	0	0	0	0	0	0	0	0	0.0349487418452936	0	0	0	0	0	0	0	0	0	0	0	0	0	0	0.733923578751165	0	0.32618825722274	0	0	0	0	0	0	0	0	1.30475302889096	0	0	0.291239515377446	0	0	0	0	0	0	0	0	0	0	0	0	0.0232991612301957	0	0	0.221342031686859	0	0	0	0	0	0	0	0	0.512581547064306	0	0	0	0	0	0	0	0	0	0	0	0	0	0.850419384902144	0	0	0	0	0	0	0	0	0	0	0	0	0	0	0	0	0	0	0	0	0	0	0	0	0	0	0	0	0	0	0	0	0	0	0	0	0	0	0	0	0	0	0	0	0	0	0	0.710624417520969	0	0	0	0	0	0.349487418452936	0	0	0	0	0	0.512581547064306	0	0	0	0	0	0	0	0	13.8397017707363
ERR6650910	0	0	0	0	0	0	0	0	0	0	0.325732899022801	0	0	0.0542888165038002	0	0	0	0	0	0	0	0	0	0	0	0	0	0	0	0	0	0	0	0	0.380021715526602	0	0	0	0	0	0	0	0	0	1.42508143322476	0	0	0	0	0	1.54723127035831	0	0	0	0	0	0	0	0	0	0	0	0	0	0	0	0	0	0	0	0	0	0	0	0	0	0	0	0	0	0	0	0	0	0	0	0	0	0	0	0	0	0	0	0	0	0	0	0.515743756786102	0	0	0	0	0	0	0	0	0	0	0	0	0	0	0	0	0	0	0	0	0	0	0.298588490770901	0	0	0	0	0	0	0	0	0	0	0	0	0	0	0.1085776330076	0.271444082519001	0	0	0	0	0	0	0.339305103148751	0	0	0	0	0	0	0	0	0	0	0	0	0	0	0	0	0	0	0.190010857763301	0	0	0	0	0	0	0	0	0	0	0	0	0.285016286644951	0.393593919652552	0	0	0	0	0	0	0	0	0	0	0	0	0.1085776330076	0	0	5.42888165038002	0	0	0	0	0	0	0	0.0950054288816504	1.2214983713355	0	0.909337676438654	0	0	0	0	0	0	0	0	0	0	0	0	0	0	0	0	0	0	0.312160694896851	0	0	0	0	0	0	0	0	0	0	0	0	0	0	0	0	0	0	0.339305103148751	0	0	0	0	0	0.244299674267101	0	0	0	0	0	0	0	0	0	0	0	0	0	0	0	0	0	0	0	0	0	0	0	0	0.1085776330076	0	0	0	0	0	0	0	0	0	0	0	0	0	0	0	0	0	0	0	0	0	0	0	0	0	0	0	0	0	0	0	0	0	0.12214983713355	0	0	1.18078175895765	0	0.665038002171553	0	0	0	0	0	0	0.0271444082519001	0	0	0	0	0	0	0	0	0	0	0	0	0	0	1.47937024972856	0	0	0	0	0	0	0	0	0	0	0	0	0	0	0	0	0	0	0	0	0	0	0	0	0.312160694896851	0	0	0	0	0	0	0	0	0	0	0	0	0	0	0	0	0	0	0	0	0	51.6150922909881	0	0	0.665038002171553	0	0	0	0	0	0	0	0	0	0	0	0	0	0	0	0	0	0	0	0	0	0	0	0	0	0	0	0	0	0	0	0.149294245385451	0	0	0	0	0.407166123778502	0	0	0	0	0	0	0	0	0	0	0	2.06297502714441	0	0	0	0	0	0	0	0	0	0	0	0	0	0	0	0	0	0	0	0	0	0	0	0	0	0	0	0	0	0	0	0	0	0	0	0	0	0	0	0	0	0	0	0.190010857763301	0	0	0	0	0	0.597176981541802	1.34364820846906	0	0.380021715526602	0	0	0	0	0	0	0	0	0	0	0	0	0.678610206297503	0	0	1.69652551574376	0	0	0	0.393593919652552	0	0	0	0	0.0950054288816504	0	0	0	0	0	0	0	0	1.43865363735071	0	0.0271444082519001	0	0	0	0	0	0	0.0678610206297503	0	0	0	0	0	0	0	0	0	0	0	0	0	0	0	0	0.325732899022801	0	0	0	0	0	0	0	0	0	0	0	0	0	0	0	0	0	0	2.26655808903366	0	0.366449511400651	0	0	0	0	0	0	0	0	0	0	0	0	0	0	0	0	0	0	0	0	0	0	0	0	0	0	0	0	0.244299674267101	0	0	0.732899022801303	0	0	0	0	0	0	0	0	0	0	0	0	0	0	0	0	0	0	0	0	0.149294245385451	0.583604777415852	0	0	0	0	0	0	0	0.610749185667752	0	0	0	0	0	0	0	0	0	0	0	0	0	0	0.352877307274701	0	0.203583061889251	0	0	0	0	0	0	0	0	1.45222584147666	0	0	0	0	0	0	0	0.977198697068404	0	0	0	0	0	0	0	0.760043431053203	0	0	0	0	0	0	0	0	0	0	0	1.45222584147666	0	0	0	0	0	0	0	0	0	0	0	0	0	0.257871878393051	0	0	0	0	0	0	0	0	0	0	0	0	0	0	0	0	0	0	0	0	0	0	0	0	0	0	0	0	0	0	0	0	0	0	0	0	0	0	0	0	0	0	0	0	0	0	0	1.50651465798046	0	0	0	0	0	0.0678610206297503	0	0	0	0	0	0.895765472312704	0	0	0	0	0	0	0	0	6.29750271444083
ERR6650914	0	0	0	0	0	0	0	0	0	0	0.0388500388500388	0	0	0.067987567987568	0	0	0	0	0	0	0	0	0	0	0	0	0	0	0	0	0	0	0	0	0.475912975912976	0	0	0	0	0	0	0	0	0	0	0	0	0	0	0	0	0	0	0	0	0	0	0	0	0	0	0	0	0	0	0	0	0	0	0	0	0	0	0	0	0	0	0	0	0	0	0	0	0	0.0194250194250194	0	0	0	0	0	0	0	0	0	0	0	0	0	0.0291375291375291	0	0	0	0	0	0	0	0	0	0	0	0	0	0	0	0	0	0	0	0	0	0	0	0	0	0	0	0	0	0	0	0	0	0	0	0	0	0	0	0	0	0.00971250971250971	0.33993783993784	0	0	0	0	0	0	0	0	0	0	0	0	0	0	0	0	0	0	0	0	0	0	0	0	0	0	0	0	0	0	0	0	0	0	0	0	0.0971250971250971	0	0	0	0	0	0	0	0	0	0	0	0	0	0	0.135975135975136	0	0	0	0	0	0	0	0	0	0	0.0485625485625486	0	0	0	0	0	0	0	0	0	0	0	0	0	0	0	0	0	0	0	0	0	0	0	0	0	0	0	0	0	0	0	0	0	0	0	0	0	0.00971250971250971	0	0	0	0	0	0	0	0	0	0	0	0	0	0.0485625485625486	0	0	0	0	0	0	0	0	0.194250194250194	0	0	0	0	0	0	0	0	0	0	0	0	0	0	0	0	0	0	0	0	0	0	0	0	0	0.0388500388500388	0	0	0	0	0	0	0	0	0	0	0	0	0	0	0	0	0	0	0	0	0	0	0	0	0	0	0	0	0	0	0	0	0	0	0	0	0	0	0	0	0.145687645687646	0	0	0	0	0	0	0	0	0	0	0	0	0	0	0	0	0	0	0	0	0.466200466200466	0	0	0	0	0	0	0	0	0	0	0	0	0	0	0	0	0	0	0	0	0	0	0	0	0	0	0	95.6973581973582	0	0	0.0291375291375291	0	0	0	0	0	0	0	0	0	0	0	0	0	0	0	0	0	0	0	0	0	0	0	0	0	0	0	0	0	0	0	0.621600621600622	0	0	0	0	0	0	0	0	0	0	0	0	0	0	0	0	0.0194250194250194	0	0	0	0	0	0	0	0	0	0	0	0	0	0	0	0	0	0	0	0	0	0	0	0	0	0	0	0	0	0	0	0	0	0	0	0	0	0	0	0	0	0	0	0	0	0	0	0	0	0	0.252525252525253	0	0	0	0	0	0	0	0	0	0	0	0	0	0	0	0	0	0	0	0	0	0	0	0	0	0	0	0	0	0	0	0	0	0	0	0	0	0.067987567987568	0	0	0	0	0	0	0	0	0	0	0	0	0	0	0	0	0	0	0	0	0	0	0	0	0	0	0	0	0	0	0	0.0874125874125874	0	0	0	0	0	0	0	0	0	0	0	0	0	0	0	0	0	0	0	0	0	0	0	0	0	0	0	0	0	0	0	0	0.524475524475524	0	0	0	0	0	0	0	0	0	0	0	0.0485625485625486	0	0	0	0	0	0	0	0	0	0	0	0	0	0	0	0	0	0	0	0	0	0	0	0	0	0	0	0	0	0	0	0	0	0	0	0	0	0	0	0	0	0	0	0	0	0	0	0	0	0	0	0	0	0	0	0	0	0	0	0	0	0	0	0	0	0.067987567987568	0	0	0	0	0	0.0388500388500388	0	0	0	0	0	0	0	0	0	0	0	0	0	0	0	0	0	0	0	0	0	0	0	0	0	0.116550116550117	0	0	0	0	0	0	0	0	0	0	0.0777000777000777	0	0	0	0	0	0	0	0	0	0	0	0	0	0	0	0	0	0	0	0	0	0	0	0	0	0	0	0	0	0	0	0.155400155400155	0	0	0	0	0	0	0	0	0	0	0	0	0	0	0	0	0	0	0	0	0	0	0	0	0	0.0291375291375291
