genus	Kingdom	Phylum	Class	Order	Family	mean_rel_abund_pct
g__Malassezia	k__Fungi	p__Basidiomycota	c__Malasseziomycetes	o__Malasseziales	f__Malasseziaceae	58.0826
g__Candida	k__Fungi	p__Ascomycota	c__Saccharomycetes	o__Saccharomycetales	f__Saccharomycetales_fam_Incertae_sedis	4.4581
Unassigned	k__Fungi	p__Basidiomycota	c__Exobasidiomycetes			3.2797
g__Cladosporium	k__Fungi	p__Ascomycota	c__Dothideomycetes	o__Cladosporiales	f__Cladosporiaceae	3.177
g__Brassica	k__Viridiplantae	p__Anthophyta	c__Eudicotyledonae	o__Brassicales	f__Brassicaceae	3.0348
g__Aspergillus	k__Fungi	p__Ascomycota	c__Eurotiomycetes	o__Eurotiales	f__Aspergillaceae	2.9536
g__Cutaneotrichosporon	k__Fungi	p__Basidiomycota	c__Tremellomycetes	o__Trichosporonales	f__Trichosporonaceae	2.7325
g__Manihot	k__Viridiplantae	p__Anthophyta	c__Eudicotyledonae	o__Malpighiales	f__Euphorbiaceae	2.4317
g__Rhodotorula	k__Fungi	p__Basidiomycota	c__Microbotryomycetes	o__Sporidiobolales	f__Sporidiobolaceae	1.5998
g__Allium	k__Viridiplantae	p__Anthophyta	c__Monocotyledonae	o__Asparagales	f__Amaryllidaceae	1.2706
g__Lactuca	k__Viridiplantae	p__Anthophyta	c__Eudicotyledonae	o__Asterales	f__Asteraceae	1.2176
g__Wallemia	k__Fungi	p__Basidiomycota	c__Wallemiomycetes	o__Wallemiales	f__Wallemiaceae	0.981
g__Aureobasidium	k__Fungi	p__Ascomycota	c__Dothideomycetes	o__Dothideales	f__Saccotheciaceae	0.6981
g__Naganishia	k__Fungi	p__Basidiomycota	c__Tremellomycetes	o__Filobasidiales	f__Filobasidiaceae	0.6181
g__Meyerozyma	k__Fungi	p__Ascomycota	c__Saccharomycetes	o__Saccharomycetales	f__Debaryomycetaceae	0.5604
g__Musa	k__Viridiplantae	p__Anthophyta	c__Monocotyledonae	o__Zingiberales	f__Musaceae	0.5562
g__Cystobasidium	k__Fungi	p__Basidiomycota	c__Cystobasidiomycetes	o__Cystobasidiales	f__Cystobasidiaceae	0.5408
g__Alternaria	k__Fungi	p__Ascomycota	c__Dothideomycetes	o__Pleosporales	f__Pleosporaceae	0.4745
g__Penicillium	k__Fungi	p__Ascomycota	c__Eurotiomycetes	o__Eurotiales	f__Aspergillaceae	0.458
g__Zingiber	k__Viridiplantae	p__Anthophyta	c__Monocotyledonae	o__Zingiberales	f__Zingiberaceae	0.4248
g__Solanum	k__Viridiplantae	p__Anthophyta	c__Eudicotyledonae	o__Solanales	f__Solanaceae	0.4201
g__Pichia	k__Fungi	p__Ascomycota	c__Saccharomycetes	o__Saccharomycetales	f__Pichiaceae	0.3973
g__Yarrowia	k__Fungi	p__Ascomycota	c__Saccharomycetes	o__Saccharomycetales	f__Saccharomycetales_fam_Incertae_sedis	0.3919
g__Toxicocladosporium	k__Fungi	p__Ascomycota	c__Dothideomycetes	o__Cladosporiales	f__Cladosporiaceae	0.3649
g__Saturnispora	k__Fungi	p__Ascomycota	c__Saccharomycetes	o__Saccharomycetales	f__Pichiaceae	0.2775
g__Sterigmatomyces	k__Fungi	p__Basidiomycota	c__Agaricostilbomycetes	o__Agaricostilbales	f__Agaricostilbaceae	0.2302
g__Trichosporon	k__Fungi	p__Basidiomycota	c__Tremellomycetes	o__Trichosporonales	f__Trichosporonaceae	0.2283
g__Nigrospora	k__Fungi	p__Ascomycota	c__Sordariomycetes	o__Amphisphaeriales	f__Apiosporaceae	0.2087
g__Cucurbitaceae_gen_Incertae_sedis	k__Viridiplantae	p__Anthophyta	c__Eudicotyledonae	o__Cucurbitales	f__Cucurbitaceae	0.2036
g__Cucumis	k__Viridiplantae	p__Anthophyta	c__Eudicotyledonae	o__Cucurbitales	f__Cucurbitaceae	0.2025
g__Vishniacozyma	k__Fungi	p__Basidiomycota	c__Tremellomycetes	o__Tremellales	f__Bulleribasidiaceae	0.2006
g__Raphanus	k__Viridiplantae	p__Anthophyta	c__Eudicotyledonae	o__Brassicales	f__Brassicaceae	0.1941
g__Hortaea	k__Fungi	p__Ascomycota	c__Dothideomycetes	o__Mycosphaerellales	f__Teratosphaeriaceae	0.1803
g__Pisum	k__Viridiplantae	p__Anthophyta	c__Eudicotyledonae	o__Fabales	f__Fabaceae	0.1793
g__Daucus	k__Viridiplantae	p__Anthophyta	c__Eudicotyledonae	o__Apiales	f__Apiaceae	0.1627
g__Benincasa	k__Viridiplantae	p__Anthophyta	c__Eudicotyledonae	o__Cucurbitales	f__Cucurbitaceae	0.1365
g__Filobasidium	k__Fungi	p__Basidiomycota	c__Tremellomycetes	o__Filobasidiales	f__Filobasidiaceae	0.132
g__Cystofilobasidium	k__Fungi	p__Basidiomycota	c__Tremellomycetes	o__Cystofilobasidiales	f__Cystofilobasidiaceae	0.1238
g__Sporobolomyces	k__Fungi	p__Basidiomycota	c__Microbotryomycetes	o__Sporidiobolales	f__Sporidiobolaceae	0.1232
g__Fusarium	k__Fungi	p__Ascomycota	c__Sordariomycetes	o__Hypocreales	f__Nectriaceae	0.1217
g__Prunus	k__Viridiplantae	p__Anthophyta	c__Eudicotyledonae	o__Rosales	f__Rosaceae	0.1107
g__Papiliotrema	k__Fungi	p__Basidiomycota	c__Tremellomycetes	o__Tremellales	f__Rhynchogastremaceae	0.1099
g__Citrus	k__Viridiplantae	p__Anthophyta	c__Eudicotyledonae	o__Sapindales	f__Rutaceae	0.1086
g__Tausonia	k__Fungi	p__Basidiomycota	c__Tremellomycetes	o__Cystofilobasidiales	f__Mrakiaceae	0.0985
g__Apium	k__Viridiplantae	p__Anthophyta	c__Eudicotyledonae	o__Apiales	f__Apiaceae	0.0959
g__Cynodon	k__Viridiplantae	p__Anthophyta	c__Monocotyledonae	o__Poales	f__Poaceae	0.0955
g__Cephaloascus	k__Fungi	p__Ascomycota	c__Saccharomycetes	o__Saccharomycetales	f__Cephaloascaceae	0.0924
g__Eidernor	k__Fungi	p__Basidiomycota	c__Exobasidiomycetes	o__Exobasidiales	f__Exobasidiales_fam_Incertae_sedis	0.0912
g__Lolium	k__Viridiplantae	p__Anthophyta	c__Monocotyledonae	o__Poales	f__Poaceae	0.0874
g__Cyberlindnera	k__Fungi	p__Ascomycota	c__Saccharomycetes	o__Saccharomycetales	f__Phaffomycetaceae	0.076
g__Cryptococcus	k__Fungi	p__Basidiomycota	c__Tremellomycetes	o__Tremellales	f__Cryptococcaceae	0.0725
g__Coriandrum	k__Viridiplantae	p__Anthophyta	c__Eudicotyledonae	o__Apiales	f__Apiaceae	0.0719
g__Kwoniella	k__Fungi	p__Basidiomycota	c__Tremellomycetes	o__Tremellales	f__Cryptococcaceae	0.0711
g__Jaminaea	k__Fungi	p__Basidiomycota	c__Exobasidiomycetes	o__Microstromatales	f__Microstromatales_fam_Incertae_sedis	0.0679
g__Cucurbita	k__Viridiplantae	p__Anthophyta	c__Eudicotyledonae	o__Cucurbitales	f__Cucurbitaceae	0.0668
g__Lentinula	k__Fungi	p__Basidiomycota	c__Agaricomycetes	o__Agaricales	f__Omphalotaceae	0.0663
g__Auricularia	k__Fungi	p__Basidiomycota	c__Agaricomycetes	o__Auriculariales	f__Auriculariaceae	0.0657
g__Lycium	k__Viridiplantae	p__Anthophyta	c__Eudicotyledonae	o__Solanales	f__Solanaceae	0.0641
g__Robbauera	k__Fungi	p__Basidiomycota	c__Exobasidiomycetes	o__Robbauerales	f__Robbaueraceae	0.0616
g__Diutina	k__Fungi	p__Ascomycota	c__Saccharomycetes	o__Saccharomycetales	f__Saccharomycetales_fam_Incertae_sedis	0.0602
g__Cyphellophora	k__Fungi	p__Ascomycota	c__Eurotiomycetes	o__Chaetothyriales	f__Cyphellophoraceae	0.0599
g__Neodevriesia	k__Fungi	p__Ascomycota	c__Dothideomycetes	o__Mycosphaerellales	f__Neodevriesiaceae	0.0594
g__Starmerella	k__Fungi	p__Ascomycota	c__Saccharomycetes	o__Saccharomycetales	f__Trichomonascaceae	0.0588
g__Symmetrospora	k__Fungi	p__Basidiomycota	c__Cystobasidiomycetes	o__Cystobasidiomycetes_ord_Incertae_sedis	f__Symmetrosporaceae	0.0573
g__Capsicum	k__Viridiplantae	p__Anthophyta	c__Eudicotyledonae	o__Solanales	f__Solanaceae	0.0572
g__Schizophyllum	k__Fungi	p__Basidiomycota	c__Agaricomycetes	o__Agaricales	f__Schizophyllaceae	0.0567
g__Acremonium	k__Fungi	p__Ascomycota	c__Sordariomycetes	o__Hypocreales	f__Bionectriaceae	0.0552
g__Hyphopichia	k__Fungi	p__Ascomycota	c__Saccharomycetes	o__Saccharomycetales	f__Saccharomycetales_fam_Incertae_sedis	0.0548
g__Nasturtium	k__Viridiplantae	p__Anthophyta	c__Eudicotyledonae	o__Brassicales	f__Brassicaceae	0.0533
g__Moesziomyces	k__Fungi	p__Basidiomycota	c__Ustilaginomycetes	o__Ustilaginales	f__Ustilaginaceae	0.0509
g__Rhodosporidiobolus	k__Fungi	p__Basidiomycota	c__Microbotryomycetes	o__Sporidiobolales	f__Sporidiobolaceae	0.0495
g__Ustilaginales_gen_Incertae_sedis	k__Fungi	p__Basidiomycota	c__Ustilaginomycetes	o__Ustilaginales	f__Ustilaginales_fam_Incertae_sedis	0.0495
g__Hannaella	k__Fungi	p__Basidiomycota	c__Tremellomycetes	o__Tremellales	f__Bulleribasidiaceae	0.0493
g__Oligophagozyma	k__Fungi	p__Ascomycota	c__Saccharomycetes	o__Saccharomycetales	f__Saccharomycetaceae	0.0483
g__Apiotrichum	k__Fungi	p__Basidiomycota	c__Tremellomycetes	o__Trichosporonales	f__Trichosporonaceae	0.0466
g__Zea	k__Viridiplantae	p__Anthophyta	c__Monocotyledonae	o__Poales	f__Poaceae	0.0465
g__Mangifera	k__Viridiplantae	p__Anthophyta	c__Eudicotyledonae	o__Sapindales	f__Anacardiaceae	0.0456
g__Phaeosphaeria	k__Fungi	p__Ascomycota	c__Dothideomycetes	o__Pleosporales	f__Phaeosphaeriaceae	0.0451
g__Meira	k__Fungi	p__Basidiomycota	c__Exobasidiomycetes	o__Exobasidiales	f__Brachybasidiaceae	0.0445
g__Dimocarpus	k__Viridiplantae	p__Anthophyta	c__Eudicotyledonae	o__Sapindales	f__Sapindaceae	0.0409
g__Rigidoporus	k__Fungi	p__Basidiomycota	c__Agaricomycetes	o__Polyporales	f__Meripilaceae	0.0405
g__Macaranga	k__Viridiplantae	p__Anthophyta	c__Eudicotyledonae	o__Malpighiales	f__Euphorbiaceae	0.0396
g__Acacia	k__Viridiplantae	p__Anthophyta	c__Eudicotyledonae	o__Fabales	f__Fabaceae	0.0394
g__Debaryomyces	k__Fungi	p__Ascomycota	c__Saccharomycetes	o__Saccharomycetales	f__Debaryomycetaceae	0.0394
g__Gymnopus	k__Fungi	p__Basidiomycota	c__Agaricomycetes	o__Agaricales	f__Omphalotaceae	0.0386
g__Wickerhamiella	k__Fungi	p__Ascomycota	c__Saccharomycetes	o__Saccharomycetales	f__Trichomonascaceae	0.0376
g__Cercozoa_gen_Incertae_sedis	k__Rhizaria	p__Cercozoa	c__Cercozoa_cls_Incertae_sedis	o__Cercozoa_ord_Incertae_sedis	f__Cercozoa_fam_Incertae_sedis	0.0373
g__Saitozyma	k__Fungi	p__Basidiomycota	c__Tremellomycetes	o__Tremellales	f__Trimorphomycetaceae	0.0371
g__Sertulicium	k__Fungi	p__Basidiomycota	c__Agaricomycetes	o__Trechisporales	f__Trechisporales_fam_Incertae_sedis	0.0371
g__Thyridium	k__Fungi	p__Ascomycota	c__Sordariomycetes	o__Diaporthomycetidae_ord_Incertae_sedis	f__Thyridiaceae	0.0365
g__Preussia	k__Fungi	p__Ascomycota	c__Dothideomycetes	o__Pleosporales	f__Sporormiaceae	0.036
g__Clavispora	k__Fungi	p__Ascomycota	c__Saccharomycetes	o__Saccharomycetales	f__Metschnikowiaceae	0.0356
g__Stereum	k__Fungi	p__Basidiomycota	c__Agaricomycetes	o__Russulales	f__Stereaceae	0.0353
g__Lyomyces	k__Fungi	p__Basidiomycota	c__Agaricomycetes	o__Hymenochaetales	f__Schizoporaceae	0.0334
g__Glycine	k__Viridiplantae	p__Anthophyta	c__Eudicotyledonae	o__Fabales	f__Fabaceae	0.033
g__Xeromyces	k__Fungi	p__Ascomycota	c__Eurotiomycetes	o__Eurotiales	f__Aspergillaceae	0.0329
g__Phlebia	k__Fungi	p__Basidiomycota	c__Agaricomycetes	o__Polyporales	f__Meruliaceae	0.0324
g__Xylodon	k__Fungi	p__Basidiomycota	c__Agaricomycetes	o__Hymenochaetales	f__Schizoporaceae	0.031
g__Peniophora	k__Fungi	p__Basidiomycota	c__Agaricomycetes	o__Russulales	f__Peniophoraceae	0.0304
g__Rhinocladiella	k__Fungi	p__Ascomycota	c__Eurotiomycetes	o__Chaetothyriales	f__Herpotrichiellaceae	0.0298
g__Leucosporidium	k__Fungi	p__Basidiomycota	c__Microbotryomycetes	o__Leucosporidiales	f__Leucosporidiaceae	0.0296
g__Phaeophleospora	k__Fungi	p__Ascomycota	c__Dothideomycetes	o__Mycosphaerellales	f__Mycosphaerellaceae	0.0296
g__Agaricus	k__Fungi	p__Basidiomycota	c__Agaricomycetes	o__Agaricales	f__Agaricaceae	0.0279
g__Pseudopithomyces	k__Fungi	p__Ascomycota	c__Dothideomycetes	o__Pleosporales	f__Didymosphaeriaceae	0.0274
g__Rozellomycota_gen_Incertae_sedis	k__Fungi	p__Rozellomycota	c__Rozellomycota_cls_Incertae_sedis	o__Rozellomycota_ord_Incertae_sedis	f__Rozellomycota_fam_Incertae_sedis	0.0269
g__Kurtzmaniella	k__Fungi	p__Ascomycota	c__Saccharomycetes	o__Saccharomycetales	f__Debaryomycetaceae	0.0264
g__Spissiomyces	k__Fungi	p__Ascomycota	c__Dothideomycetes	o__Tubeufiales	f__Wiesneriomycetaceae	0.0254
g__Wickerhamomyces	k__Fungi	p__Ascomycota	c__Saccharomycetes	o__Saccharomycetales	f__Phaffomycetaceae	0.0241
g__Blastobotrys	k__Fungi	p__Ascomycota	c__Saccharomycetes	o__Saccharomycetales	f__Trichomonascaceae	0.0239
g__Mimosa	k__Viridiplantae	p__Anthophyta	c__Eudicotyledonae	o__Fabales	f__Fabaceae	0.023
g__Piskurozyma	k__Fungi	p__Basidiomycota	c__Tremellomycetes	o__Filobasidiales	f__Piskurozymaceae	0.023
g__Ascotricha	k__Fungi	p__Ascomycota	c__Sordariomycetes	o__Xylariales	f__Xylariaceae	0.0227
g__Eichleriella	k__Fungi	p__Basidiomycota	c__Agaricomycetes	o__Auriculariales	f__Auriculariaceae	0.0225
g__Mrakia	k__Fungi	p__Basidiomycota	c__Tremellomycetes	o__Cystofilobasidiales	f__Mrakiaceae	0.0221
g__Pseudogymnoascus	k__Fungi	p__Ascomycota	c__Leotiomycetes	o__Thelebolales	f__Pseudeurotiaceae	0.0214
g__Geotrichum	k__Fungi	p__Ascomycota	c__Saccharomycetes	o__Saccharomycetales	f__Dipodascaceae	0.0212
g__Pyrenochaetopsis	k__Fungi	p__Ascomycota	c__Dothideomycetes	o__Pleosporales	f__Pyrenochaetopsidaceae	0.0209
g__Poaceae_gen_Incertae_sedis	k__Viridiplantae	p__Anthophyta	c__Monocotyledonae	o__Poales	f__Poaceae	0.0207
g__Trema	k__Viridiplantae	p__Anthophyta	c__Eudicotyledonae	o__Rosales	f__Cannabaceae	0.0207
g__Periconia	k__Fungi	p__Ascomycota	c__Dothideomycetes	o__Pleosporales	f__Periconiaceae	0.0203
g__Epicoccum	k__Fungi	p__Ascomycota	c__Dothideomycetes	o__Pleosporales	f__Didymellaceae	0.0198
g__Simplicillium	k__Fungi	p__Ascomycota	c__Sordariomycetes	o__Hypocreales	f__Cordycipitaceae	0.0193
g__Geopyxis	k__Fungi	p__Ascomycota	c__Pezizomycetes	o__Pezizales	f__Tarzettaceae	0.0192
g__Puccinia	k__Fungi	p__Basidiomycota	c__Pucciniomycetes	o__Pucciniales	f__Pucciniaceae	0.0192
g__Chaetomium	k__Fungi	p__Ascomycota	c__Sordariomycetes	o__Sordariales	f__Chaetomiaceae	0.0189
g__Hydnomerulius	k__Fungi	p__Basidiomycota	c__Agaricomycetes	o__Boletales	f__Boletales_fam_Incertae_sedis	0.0187
g__Peronospora	k__Stramenopila	p__Oomycota	c__Oomycetes	o__Peronosporales	f__Peronosporaceae	0.0186
g__Curvularia	k__Fungi	p__Ascomycota	c__Dothideomycetes	o__Pleosporales	f__Pleosporaceae	0.0182
g__Irpex	k__Fungi	p__Basidiomycota	c__Agaricomycetes	o__Polyporales	f__Irpicaceae	0.0176
g__Phanerochaete	k__Fungi	p__Basidiomycota	c__Agaricomycetes	o__Polyporales	f__Phanerochaetaceae	0.0176
g__Populomyces	k__Fungi	p__Ascomycota	c__Leotiomycetes	o__Helotiales	f__Helotiales_fam_Incertae_sedis	0.0174
g__Taraxacum	k__Viridiplantae	p__Anthophyta	c__Eudicotyledonae	o__Asterales	f__Asteraceae	0.0173
g__Ipomoea	k__Viridiplantae	p__Anthophyta	c__Eudicotyledonae	o__Solanales	f__Convolvulaceae	0.0172
g__Torula	k__Fungi	p__Ascomycota	c__Dothideomycetes	o__Pleosporales	f__Torulaceae	0.0172
g__Wisteria	k__Viridiplantae	p__Anthophyta	c__Eudicotyledonae	o__Fabales	f__Fabaceae	0.0171
g__Vigna	k__Viridiplantae	p__Anthophyta	c__Eudicotyledonae	o__Fabales	f__Fabaceae	0.0169
g__Trametes	k__Fungi	p__Basidiomycota	c__Agaricomycetes	o__Polyporales	f__Polyporaceae	0.0166
g__Lodderomyces	k__Fungi	p__Ascomycota	c__Saccharomycetes	o__Saccharomycetales	f__Debaryomycetaceae	0.0165
g__Pseudocercospora	k__Fungi	p__Ascomycota	c__Dothideomycetes	o__Mycosphaerellales	f__Mycosphaerellaceae	0.0164
g__Eleocharis	k__Viridiplantae	p__Anthophyta	c__Monocotyledonae	o__Poales	f__Cyperaceae	0.0163
g__Zygosaccharomyces	k__Fungi	p__Ascomycota	c__Saccharomycetes	o__Saccharomycetales	f__Saccharomycetaceae	0.016
g__Knufia	k__Fungi	p__Ascomycota	c__Eurotiomycetes	o__Chaetothyriales	f__Trichomeriaceae	0.0158
g__Maudiozyma	k__Fungi	p__Ascomycota	c__Saccharomycetes	o__Saccharomycetales	f__Saccharomycetaceae	0.0156
g__Zoothamnium	k__Alveolata	p__Ciliophora	c__Oligohymenophorea	o__Oligohymenophorea_ord_Incertae_sedis	f__Zoothamniidae	0.0154
g__Coniochaetaceae_gen_Incertae_sedis	k__Fungi	p__Ascomycota	c__Sordariomycetes	o__Coniochaetales	f__Coniochaetaceae	0.0152
g__Odontoefibula	k__Fungi	p__Basidiomycota	c__Agaricomycetes	o__Polyporales	f__Phanerochaetaceae	0.0152
g__Sympodiomycopsis	k__Fungi	p__Basidiomycota	c__Exobasidiomycetes	o__Microstromatales	f__Microstromatales_fam_Incertae_sedis	0.0152
g__Triticum	k__Viridiplantae	p__Anthophyta	c__Monocotyledonae	o__Poales	f__Poaceae	0.015
g__Neocucurbitaria	k__Fungi	p__Ascomycota	c__Dothideomycetes	o__Pleosporales	f__Cucurbitariaceae	0.0149
g__Tricholoma	k__Fungi	p__Basidiomycota	c__Agaricomycetes	o__Agaricales	f__Tricholomataceae	0.0145
g__Acanthophysellum	k__Fungi	p__Basidiomycota	c__Agaricomycetes	o__Russulales	f__Stereaceae	0.0143
g__Perenniporia	k__Fungi	p__Basidiomycota	c__Agaricomycetes	o__Polyporales	f__Polyporaceae	0.0143
g__Trigonella	k__Viridiplantae	p__Anthophyta	c__Eudicotyledonae	o__Fabales	f__Fabaceae	0.0143
g__Ceriporia	k__Fungi	p__Basidiomycota	c__Agaricomycetes	o__Polyporales	f__Irpicaceae	0.0141
g__Pyrus	k__Viridiplantae	p__Anthophyta	c__Eudicotyledonae	o__Rosales	f__Rosaceae	0.014
g__Thelebolus	k__Fungi	p__Ascomycota	c__Leotiomycetes	o__Thelebolales	f__Thelebolaceae	0.0138
g__Exophiala	k__Fungi	p__Ascomycota	c__Eurotiomycetes	o__Chaetothyriales	f__Herpotrichiellaceae	0.0136
g__Moniliella	k__Fungi	p__Basidiomycota	c__Moniliellomycetes	o__Moniliellales	f__Moniliellaceae	0.0135
g__Erythrobasidium	k__Fungi	p__Basidiomycota	c__Cystobasidiomycetes	o__Erythrobasidiales	f__Erythrobasidiaceae	0.0128
g__Graphiola	k__Fungi	p__Basidiomycota	c__Exobasidiomycetes	o__Exobasidiales	f__Graphiolaceae	0.0122
g__Sistotrema	k__Fungi	p__Basidiomycota	c__Agaricomycetes	o__Cantharellales	f__Hydnaceae	0.0122
g__Dioszegia	k__Fungi	p__Basidiomycota	c__Tremellomycetes	o__Tremellales	f__Bulleribasidiaceae	0.0117
g__Efibula	k__Fungi	p__Basidiomycota	c__Agaricomycetes	o__Polyporales	f__Irpicaceae	0.0116
g__Exidia	k__Fungi	p__Basidiomycota	c__Agaricomycetes	o__Auriculariales	f__Auriculariaceae	0.0116
g__Neopestalotiopsis	k__Fungi	p__Ascomycota	c__Sordariomycetes	o__Amphisphaeriales	f__Sporocadaceae	0.0115
g__Blumeria	k__Fungi	p__Ascomycota	c__Leotiomycetes	o__Helotiales	f__Erysiphaceae	0.0114
g__Persea	k__Viridiplantae	p__Anthophyta	c__Eudicotyledonae	o__Laurales	f__Lauraceae	0.0108
g__Corynespora	k__Fungi	p__Ascomycota	c__Dothideomycetes	o__Pleosporales	f__Corynesporascaceae	0.0107
g__Exserohilum	k__Fungi	p__Ascomycota	c__Dothideomycetes	o__Pleosporales	f__Pleosporaceae	0.0107
g__Diaporthe	k__Fungi	p__Ascomycota	c__Sordariomycetes	o__Diaporthales	f__Diaporthaceae	0.0106
g__Beta	k__Viridiplantae	p__Anthophyta	c__Eudicotyledonae	o__Caryophyllales	f__Amaranthaceae	0.0105
g__Golubevia	k__Fungi	p__Basidiomycota	c__Exobasidiomycetes	o__Golubeviales	f__Golubeviaceae	0.0105
g__Melampsora	k__Fungi	p__Basidiomycota	c__Pucciniomycetes	o__Pucciniales	f__Melampsoraceae	0.0104
g__Urtica	k__Viridiplantae	p__Anthophyta	c__Eudicotyledonae	o__Rosales	f__Urticaceae	0.0101
g__Aleurodiscus	k__Fungi	p__Basidiomycota	c__Agaricomycetes	o__Russulales	f__Stereaceae	0.01
g__Tamaricicola	k__Fungi	p__Ascomycota	c__Dothideomycetes	o__Pleosporales	f__Pleosporaceae	0.01
g__Castanopsis	k__Viridiplantae	p__Anthophyta	c__Eudicotyledonae	o__Fagales	f__Fagaceae	0.0098
g__Curvibasidium	k__Fungi	p__Basidiomycota	c__Microbotryomycetes	o__Microbotryomycetes_ord_Incertae_sedis	f__Microbotryomycetes_fam_Incertae_sedis	0.0098
g__Sampaiozyma	k__Fungi	p__Basidiomycota	c__Microbotryomycetes	o__Microbotryomycetes_ord_Incertae_sedis	f__Microbotryomycetes_fam_Incertae_sedis	0.0098
g__Hyphoderma	k__Fungi	p__Basidiomycota	c__Agaricomycetes	o__Polyporales	f__Hyphodermataceae	0.0096
g__Ceratocystis	k__Fungi	p__Ascomycota	c__Sordariomycetes	o__Microascales	f__Ceratocystidaceae	0.0095
g__Macadamia	k__Viridiplantae	p__Anthophyta	c__Eudicotyledonae	o__Proteales	f__Proteaceae	0.0094
g__Ascobolus	k__Fungi	p__Ascomycota	c__Pezizomycetes	o__Pezizales	f__Ascobolaceae	0.0093
g__Cerinosterus	k__Fungi	p__Basidiomycota	c__Dacrymycetes	o__Dacrymycetales	f__Dacrymycetaceae	0.0093
g__Cerrena	k__Fungi	p__Basidiomycota	c__Agaricomycetes	o__Polyporales	f__Cerrenaceae	0.0093
g__Peroneutypa	k__Fungi	p__Ascomycota	c__Sordariomycetes	o__Xylariales	f__Diatrypaceae	0.0093
g__Entyloma	k__Fungi	p__Basidiomycota	c__Exobasidiomycetes	o__Entylomatales	f__Entylomataceae	0.0091
g__Linum	k__Viridiplantae	p__Anthophyta	c__Eudicotyledonae	o__Malpighiales	f__Linaceae	0.0089
g__Talaromyces	k__Fungi	p__Ascomycota	c__Eurotiomycetes	o__Eurotiales	f__Trichocomaceae	0.0089
g__Scytalidium	k__Fungi	p__Ascomycota	c__Leotiomycetes	o__Helotiales	f__Helotiaceae	0.0088
g__Kondoa	k__Fungi	p__Basidiomycota	c__Agaricostilbomycetes	o__Agaricostilbales	f__Kondoaceae	0.0087
g__Sakaguchia	k__Fungi	p__Basidiomycota	c__Cystobasidiomycetes	o__Sakaguchiales	f__Sakaguchiaceae	0.0086
g__Lopharia	k__Fungi	p__Basidiomycota	c__Agaricomycetes	o__Polyporales	f__Polyporaceae	0.0085
g__Resinicium	k__Fungi	p__Basidiomycota	c__Agaricomycetes	o__Hymenochaetales	f__Rickenellaceae	0.0085
g__Trichoderma	k__Fungi	p__Ascomycota	c__Sordariomycetes	o__Hypocreales	f__Hypocreaceae	0.0082
g__Ganoderma	k__Fungi	p__Basidiomycota	c__Agaricomycetes	o__Polyporales	f__Ganodermataceae	0.0081
g__Peniophorella	k__Fungi	p__Basidiomycota	c__Agaricomycetes	o__Hymenochaetales	f__Rickenellaceae	0.0081
g__Podosphaera	k__Fungi	p__Ascomycota	c__Leotiomycetes	o__Helotiales	f__Erysiphaceae	0.0081
g__Pistacia	k__Viridiplantae	p__Anthophyta	c__Eudicotyledonae	o__Sapindales	f__Anacardiaceae	0.008
g__Botrytis	k__Fungi	p__Ascomycota	c__Leotiomycetes	o__Helotiales	f__Sclerotiniaceae	0.0079
g__Phaeococcomyces	k__Fungi	p__Ascomycota	c__Arthoniomycetes	o__Lichenostigmatales	f__Phaeococcomycetaceae	0.0079
g__Araliaceae_gen_Incertae_sedis	k__Viridiplantae	p__Anthophyta	c__Eudicotyledonae	o__Apiales	f__Araliaceae	0.0078
g__Yamadazyma	k__Fungi	p__Ascomycota	c__Saccharomycetes	o__Saccharomycetales	f__Debaryomycetaceae	0.0076
g__Coprinellus	k__Fungi	p__Basidiomycota	c__Agaricomycetes	o__Agaricales	f__Psathyrellaceae	0.0075
g__Lasiodiplodia	k__Fungi	p__Ascomycota	c__Dothideomycetes	o__Botryosphaeriales	f__Botryosphaeriaceae	0.0073
g__Nelumbo	k__Viridiplantae	p__Anthophyta	c__Eudicotyledonae	o__Proteales	f__Nelumbonaceae	0.0073
g__Sarcinomyces	k__Fungi	p__Ascomycota	c__Eurotiomycetes	o__Chaetothyriales	f__Chaetothyriales_fam_Incertae_sedis	0.0071
g__Aphananthe	k__Viridiplantae	p__Anthophyta	c__Eudicotyledonae	o__Rosales	f__Cannabaceae	0.007
g__Marasmius	k__Fungi	p__Basidiomycota	c__Agaricomycetes	o__Agaricales	f__Marasmiaceae	0.007
g__Sinapis	k__Viridiplantae	p__Anthophyta	c__Eudicotyledonae	o__Brassicales	f__Brassicaceae	0.0068
g__Solicoccozyma	k__Fungi	p__Basidiomycota	c__Tremellomycetes	o__Filobasidiales	f__Piskurozymaceae	0.0068
g__Ustilago	k__Fungi	p__Basidiomycota	c__Ustilaginomycetes	o__Ustilaginales	f__Ustilaginaceae	0.0068
g__Pleurotus	k__Fungi	p__Basidiomycota	c__Agaricomycetes	o__Agaricales	f__Pleurotaceae	0.0067
g__Cinereomyces	k__Fungi	p__Basidiomycota	c__Agaricomycetes	o__Polyporales	f__Gelatoporiaceae	0.0066
g__Juglans	k__Viridiplantae	p__Anthophyta	c__Eudicotyledonae	o__Fagales	f__Juglandaceae	0.0066
g__Dirkmeia	k__Fungi	p__Basidiomycota	c__Ustilaginomycetes	o__Ustilaginales	f__Ustilaginaceae	0.0065
g__Proxiovicillium	k__Fungi	p__Ascomycota	c__Sordariomycetes	o__Hypocreales	f__Bionectriaceae	0.0064
g__Pseudozyma	k__Fungi	p__Basidiomycota	c__Ustilaginomycetes	o__Ustilaginales	f__Ustilaginaceae	0.0064
g__Eupenidiella	k__Fungi	p__Ascomycota	c__Dothideomycetes	o__Mycosphaerellales	f__Teratosphaeriaceae	0.0063
g__Pinaceicola	k__Fungi	p__Ascomycota	c__Dothideomycetes	o__Venturiales	f__Sympoventuriaceae	0.0063
g__Protosiphon	k__Viridiplantae	p__Chlorophyta	c__Chlorophyceae	o__Chlamydomonadales	f__Protosiphonaceae	0.0063
g__Vuilleminia	k__Fungi	p__Basidiomycota	c__Agaricomycetes	o__Corticiales	f__Vuilleminiaceae	0.0063
g__Bullera	k__Fungi	p__Basidiomycota	c__Tremellomycetes	o__Tremellales	f__Bulleraceae	0.0062
g__Favolus	k__Fungi	p__Basidiomycota	c__Agaricomycetes	o__Polyporales	f__Polyporaceae	0.0061
g__Hericium	k__Fungi	p__Basidiomycota	c__Agaricomycetes	o__Russulales	f__Hericiaceae	0.0061
g__Buckleyzyma	k__Fungi	p__Basidiomycota	c__Cystobasidiomycetes	o__Buckleyzymales	f__Buckleyzymaceae	0.006
g__Claviceps	k__Fungi	p__Ascomycota	c__Sordariomycetes	o__Hypocreales	f__Clavicipitaceae	0.006
g__Zygosporium	k__Fungi	p__Ascomycota	c__Sordariomycetes	o__Xylariales	f__Zygosporiaceae	0.006
g__Deconica	k__Fungi	p__Basidiomycota	c__Agaricomycetes	o__Agaricales	f__Strophariaceae	0.0059
g__Desmodesmus	k__Viridiplantae	p__Chlorophyta	c__Chlorophyceae	o__Sphaeropleales	f__Scenedesmaceae	0.0058
g__Myriangiales_gen_Incertae_sedis	k__Fungi	p__Ascomycota	c__Dothideomycetes	o__Myriangiales	f__Myriangiales_fam_Incertae_sedis	0.0058
g__Steccherinum	k__Fungi	p__Basidiomycota	c__Agaricomycetes	o__Polyporales	f__Steccherinaceae	0.0058
g__Aplosporella	k__Fungi	p__Ascomycota	c__Dothideomycetes	o__Botryosphaeriales	f__Aplosporellaceae	0.0057
g__Hyphodermella	k__Fungi	p__Basidiomycota	c__Agaricomycetes	o__Polyporales	f__Phanerochaetaceae	0.0057
g__Neurospora	k__Fungi	p__Ascomycota	c__Sordariomycetes	o__Sordariales	f__Sordariaceae	0.0057
g__Cuminum	k__Viridiplantae	p__Anthophyta	c__Eudicotyledonae	o__Apiales	f__Apiaceae	0.0056
g__Panax	k__Viridiplantae	p__Anthophyta	c__Eudicotyledonae	o__Apiales	f__Araliaceae	0.0056
g__Pyrrhoderma	k__Fungi	p__Basidiomycota	c__Agaricomycetes	o__Hymenochaetales	f__Hymenochaetaceae	0.0056
g__Artemisia	k__Viridiplantae	p__Anthophyta	c__Eudicotyledonae	o__Asterales	f__Asteraceae	0.0054
g__Medicago	k__Viridiplantae	p__Anthophyta	c__Eudicotyledonae	o__Fabales	f__Fabaceae	0.0054
g__Exobasidium	k__Fungi	p__Basidiomycota	c__Exobasidiomycetes	o__Exobasidiales	f__Exobasidiaceae	0.0053
g__Ustilaginaceae_gen_Incertae_sedis	k__Fungi	p__Basidiomycota	c__Ustilaginomycetes	o__Ustilaginales	f__Ustilaginaceae	0.0053
g__Allovahlkampfia	k__Heterolobosa	p__Heterolobosa_phy_Incertae_sedis	c__Heterolobosea	o__Schizopyrenida	f__Vahlkampfiidae	0.0052
g__Mucor	k__Fungi	p__Mucoromycota	c__Mucoromycetes	o__Mucorales	f__Mucoraceae	0.0052
g__Pseudolagarobasidium	k__Fungi	p__Basidiomycota	c__Agaricomycetes	o__Polyporales	f__Cerrenaceae	0.0052
g__Bjerkandera	k__Fungi	p__Basidiomycota	c__Agaricomycetes	o__Polyporales	f__Phanerochaetaceae	0.0051
g__Chrysozymaceae_gen_Incertae_sedis	k__Fungi	p__Basidiomycota	c__Microbotryomycetes	o__Microbotryomycetes_ord_Incertae_sedis	f__Chrysozymaceae	0.0051
g__Metschnikowia	k__Fungi	p__Ascomycota	c__Saccharomycetes	o__Saccharomycetales	f__Metschnikowiaceae	0.0051
g__Microdochium	k__Fungi	p__Ascomycota	c__Sordariomycetes	o__Xylariales	f__Microdochiaceae	0.0051
g__Paraconiothyrium	k__Fungi	p__Ascomycota	c__Dothideomycetes	o__Pleosporales	f__Didymosphaeriaceae	0.0051
g__Daphniphyllum	k__Viridiplantae	p__Anthophyta	c__Eudicotyledonae	o__Saxifragales	f__Daphniphyllaceae	0.005
g__Fereydounia	k__Fungi	p__Basidiomycota	c__Ustilaginomycetes	o__Urocystidales	f__Fereydouniaceae	0.005
g__Heterolobosa_gen_Incertae_sedis	k__Heterolobosa	p__Heterolobosa_phy_Incertae_sedis	c__Heterolobosa_cls_Incertae_sedis	o__Heterolobosa_ord_Incertae_sedis	f__Heterolobosa_fam_Incertae_sedis	0.005
g__Teratosphaeriaceae_gen_Incertae_sedis	k__Fungi	p__Ascomycota	c__Dothideomycetes	o__Mycosphaerellales	f__Teratosphaeriaceae	0.005
g__Gjaerumia	k__Fungi	p__Basidiomycota	c__Exobasidiomycetes	o__Georgefischeriales	f__Gjaerumiaceae	0.0049
g__Pestalotiopsis	k__Fungi	p__Ascomycota	c__Sordariomycetes	o__Amphisphaeriales	f__Sporocadaceae	0.0048
g__Prillingera	k__Fungi	p__Basidiomycota	c__Tremellomycetes	o__Trichosporonales	f__Trichosporonaceae	0.0048
g__Fuscoporia	k__Fungi	p__Basidiomycota	c__Agaricomycetes	o__Hymenochaetales	f__Hymenochaetaceae	0.0047
g__Hymenochaete	k__Fungi	p__Basidiomycota	c__Agaricomycetes	o__Hymenochaetales	f__Hymenochaetaceae	0.0047
g__Paraphaeosphaeria	k__Fungi	p__Ascomycota	c__Dothideomycetes	o__Pleosporales	f__Didymosphaeriaceae	0.0047
g__Sistotremastrum	k__Fungi	p__Basidiomycota	c__Agaricomycetes	o__Trechisporales	f__Hydnodontaceae	0.0047
g__Diospyros	k__Viridiplantae	p__Anthophyta	c__Eudicotyledonae	o__Ericales	f__Ebenaceae	0.0046
g__Iodophanus	k__Fungi	p__Ascomycota	c__Pezizomycetes	o__Pezizales	f__Pezizaceae	0.0046
g__Kazachstania	k__Fungi	p__Ascomycota	c__Saccharomycetes	o__Saccharomycetales	f__Saccharomycetaceae	0.0046
g__Metarhizium	k__Fungi	p__Ascomycota	c__Sordariomycetes	o__Hypocreales	f__Clavicipitaceae	0.0046
g__Thielaviopsis	k__Fungi	p__Ascomycota	c__Sordariomycetes	o__Microascales	f__Ceratocystidaceae	0.0046
g__Wallemiaceae_gen_Incertae_sedis	k__Fungi	p__Basidiomycota	c__Wallemiomycetes	o__Wallemiales	f__Wallemiaceae	0.0046
g__Albizia	k__Viridiplantae	p__Anthophyta	c__Eudicotyledonae	o__Fabales	f__Fabaceae	0.0045
g__Leptospora	k__Fungi	p__Ascomycota	c__Dothideomycetes	o__Pleosporales	f__Phaeosphaeriaceae	0.0045
g__Hyphodontia	k__Fungi	p__Basidiomycota	c__Agaricomycetes	o__Hymenochaetales	f__Schizoporaceae	0.0043
g__Pseudoridolfia	k__Viridiplantae	p__Anthophyta	c__Eudicotyledonae	o__Apiales	f__Apiaceae	0.0043
g__Suillus	k__Fungi	p__Basidiomycota	c__Agaricomycetes	o__Boletales	f__Suillaceae	0.0043
g__Engyodontium	k__Fungi	p__Ascomycota	c__Sordariomycetes	o__Hypocreales	f__Cordycipitaceae	0.0042
g__Fusicolla	k__Fungi	p__Ascomycota	c__Sordariomycetes	o__Hypocreales	f__Nectriaceae	0.0042
g__Rhizopus	k__Fungi	p__Mucoromycota	c__Mucoromycetes	o__Mucorales	f__Rhizopodaceae	0.0042
g__Sporothrix	k__Fungi	p__Ascomycota	c__Sordariomycetes	o__Ophiostomatales	f__Ophiostomataceae	0.0042
g__Udeniomyces	k__Fungi	p__Basidiomycota	c__Tremellomycetes	o__Cystofilobasidiales	f__Mrakiaceae	0.0042
g__Vermiculariopsiella	k__Fungi	p__Ascomycota	c__Sordariomycetes	o__Vermiculariopsiellales	f__Vermiculariopsiellaceae	0.0041
g__Coniochaeta	k__Fungi	p__Ascomycota	c__Sordariomycetes	o__Coniochaetales	f__Coniochaetaceae	0.004
g__Hexagonia	k__Fungi	p__Basidiomycota	c__Agaricomycetes	o__Polyporales	f__Polyporaceae	0.004
g__Mycosphaerella	k__Fungi	p__Ascomycota	c__Dothideomycetes	o__Mycosphaerellales	f__Mycosphaerellaceae	0.004
g__Rhynchogastrema	k__Fungi	p__Basidiomycota	c__Tremellomycetes	o__Tremellales	f__Rhynchogastremaceae	0.004
g__Skvortzovia	k__Fungi	p__Basidiomycota	c__Agaricomycetes	o__Hymenochaetales	f__Hymenochaetales_fam_Incertae_sedis	0.004
g__Trechispora	k__Fungi	p__Basidiomycota	c__Agaricomycetes	o__Trechisporales	f__Hydnodontaceae	0.004
g__Anthracocystis	k__Fungi	p__Basidiomycota	c__Ustilaginomycetes	o__Ustilaginales	f__Ustilaginaceae	0.0039
g__Ceratobasidium	k__Fungi	p__Basidiomycota	c__Agaricomycetes	o__Cantharellales	f__Ceratobasidiaceae	0.0039
g__Marasmiellus	k__Fungi	p__Basidiomycota	c__Agaricomycetes	o__Agaricales	f__Omphalotaceae	0.0039
g__Phlebiopsis	k__Fungi	p__Basidiomycota	c__Agaricomycetes	o__Polyporales	f__Phanerochaetaceae	0.0039
g__Neocatenulostroma	k__Fungi	p__Ascomycota	c__Dothideomycetes	o__Mycosphaerellales	f__Teratosphaeriaceae	0.0038
g__Stachybotrys	k__Fungi	p__Ascomycota	c__Sordariomycetes	o__Hypocreales	f__Stachybotryaceae	0.0038
g__Bauhinia	k__Viridiplantae	p__Anthophyta	c__Eudicotyledonae	o__Fabales	f__Fabaceae	0.0037
g__Gloeodontia	k__Fungi	p__Basidiomycota	c__Agaricomycetes	o__Russulales	f__Russulales_fam_Incertae_sedis	0.0037
g__Helicogloea	k__Fungi	p__Basidiomycota	c__Atractiellomycetes	o__Atractiellales	f__Phleogenaceae	0.0037
g__Coprinopsis	k__Fungi	p__Basidiomycota	c__Agaricomycetes	o__Agaricales	f__Psathyrellaceae	0.0036
g__Stereaceae_gen_Incertae_sedis	k__Fungi	p__Basidiomycota	c__Agaricomycetes	o__Russulales	f__Stereaceae	0.0036
g__Sulcosporium	k__Fungi	p__Ascomycota	c__Dothideomycetes	o__Pleosporales	f__Halotthiaceae	0.0036
g__Venustampulla	k__Fungi	p__Ascomycota	c__Leotiomycetes	o__Helotiales	f__Pleuroascaceae	0.0036
g__Betula	k__Viridiplantae	p__Anthophyta	c__Eudicotyledonae	o__Fagales	f__Betulaceae	0.0035
g__Itersonilia	k__Fungi	p__Basidiomycota	c__Tremellomycetes	o__Cystofilobasidiales	f__Mrakiaceae	0.0035
g__Microstroma	k__Fungi	p__Basidiomycota	c__Exobasidiomycetes	o__Microstromatales	f__Microstromataceae	0.0035
g__Nigrograna	k__Fungi	p__Ascomycota	c__Dothideomycetes	o__Pleosporales	f__Nigrogranaceae	0.0035
g__Rumex	k__Viridiplantae	p__Anthophyta	c__Eudicotyledonae	o__Caryophyllales	f__Polygonaceae	0.0035
g__Ophioceras	k__Fungi	p__Ascomycota	c__Sordariomycetes	o__Magnaporthales	f__Ophioceraceae	0.0034
g__Ramularia	k__Fungi	p__Ascomycota	c__Dothideomycetes	o__Mycosphaerellales	f__Mycosphaerellaceae	0.0034
g__Antrodia	k__Fungi	p__Basidiomycota	c__Agaricomycetes	o__Polyporales	f__Fomitopsidaceae	0.0033
g__Leptoxyphium	k__Fungi	p__Ascomycota	c__Dothideomycetes	o__Capnodiales	f__Capnodiaceae	0.0033
g__Myoporum	k__Viridiplantae	p__Anthophyta	c__Eudicotyledonae	o__Lamiales	f__Scrophulariaceae	0.0033
g__Ophiosphaerella	k__Fungi	p__Ascomycota	c__Dothideomycetes	o__Pleosporales	f__Phaeosphaeriaceae	0.0033
g__Tulasnella	k__Fungi	p__Basidiomycota	c__Agaricomycetes	o__Cantharellales	f__Tulasnellaceae	0.0033
g__Vaginicolidae_gen_Incertae_sedis	k__Alveolata	p__Ciliophora	c__Oligohymenophorea	o__Oligohymenophorea_ord_Incertae_sedis	f__Vaginicolidae	0.0033
g__Coremiopassalora	k__Fungi	p__Ascomycota	c__Dothideomycetes	o__Mycosphaerellales	f__Mycosphaerellaceae	0.0032
g__Flammulina	k__Fungi	p__Basidiomycota	c__Agaricomycetes	o__Agaricales	f__Physalacriaceae	0.0032
g__Phaseolus	k__Viridiplantae	p__Anthophyta	c__Eudicotyledonae	o__Fabales	f__Fabaceae	0.0032
g__Rachicladosporium	k__Fungi	p__Ascomycota	c__Dothideomycetes	o__Cladosporiales	f__Cladosporiaceae	0.0032
g__Salinomyces	k__Fungi	p__Ascomycota	c__Dothideomycetes	o__Mycosphaerellales	f__Teratosphaeriaceae	0.0032
g__Camellia	k__Viridiplantae	p__Anthophyta	c__Eudicotyledonae	o__Ericales	f__Theaceae	0.0031
g__Conioscypha	k__Fungi	p__Ascomycota	c__Sordariomycetes	o__Conioscyphales	f__Conioscyphaceae	0.0031
g__Cothurnia	k__Alveolata	p__Ciliophora	c__Oligohymenophorea	o__Oligohymenophorea_ord_Incertae_sedis	f__Vaginicolidae	0.0031
g__Mycoacia	k__Fungi	p__Basidiomycota	c__Agaricomycetes	o__Polyporales	f__Meruliaceae	0.0031
g__Atractidochium	k__Fungi	p__Basidiomycota	c__Atractiellomycetes	o__Atractiellales	f__Phleogenaceae	0.003
g__Duportella	k__Fungi	p__Basidiomycota	c__Agaricomycetes	o__Russulales	f__Peniophoraceae	0.003
g__Pseudotremella	k__Fungi	p__Basidiomycota	c__Tremellomycetes	o__Tremellales	f__Bulleraceae	0.003
g__Burgoa	k__Fungi	p__Basidiomycota	c__Agaricomycetes	o__Cantharellales	f__Hydnaceae	0.0029
g__Fibrodontia	k__Fungi	p__Basidiomycota	c__Agaricomycetes	o__Hymenochaetales	f__Schizoporaceae	0.0029
g__Grammothele	k__Fungi	p__Basidiomycota	c__Agaricomycetes	o__Polyporales	f__Polyporaceae	0.0029
g__Limtongozyma	k__Fungi	p__Ascomycota	c__Saccharomycetes	o__Saccharomycetales	f__Saccharomycetales_fam_Incertae_sedis	0.0029
g__Rhytidhysteron	k__Fungi	p__Ascomycota	c__Dothideomycetes	o__Hysteriales	f__Hysteriaceae	0.0029
g__Cardamine	k__Viridiplantae	p__Anthophyta	c__Eudicotyledonae	o__Brassicales	f__Brassicaceae	0.0028
g__Classicula	k__Fungi	p__Basidiomycota	c__Classiculomycetes	o__Classiculales	f__Classiculaceae	0.0028
g__Derxomyces	k__Fungi	p__Basidiomycota	c__Tremellomycetes	o__Tremellales	f__Bulleribasidiaceae	0.0028
g__Physisporinus	k__Fungi	p__Basidiomycota	c__Agaricomycetes	o__Polyporales	f__Meruliaceae	0.0028
g__Thermomyces	k__Fungi	p__Ascomycota	c__Eurotiomycetes	o__Eurotiales	f__Trichocomaceae	0.0028
g__Abelmoschus	k__Viridiplantae	p__Anthophyta	c__Eudicotyledonae	o__Malvales	f__Malvaceae	0.0027
g__Melaleuca	k__Viridiplantae	p__Anthophyta	c__Eudicotyledonae	o__Myrtales	f__Myrtaceae	0.0027
g__Myrmecia	k__Viridiplantae	p__Chlorophyta	c__Trebouxiophyceae	o__Trebouxiales	f__Trebouxiaceae	0.0027
g__Sidera	k__Fungi	p__Basidiomycota	c__Agaricomycetes	o__Hymenochaetales	f__Hymenochaetales_fam_Incertae_sedis	0.0027
g__Zymoseptoria	k__Fungi	p__Ascomycota	c__Dothideomycetes	o__Mycosphaerellales	f__Mycosphaerellaceae	0.0027
g__Epistylis	k__Alveolata	p__Ciliophora	c__Oligohymenophorea	o__Oligohymenophorea_ord_Incertae_sedis	f__Epistylidae	0.0026
g__Inosperma	k__Fungi	p__Basidiomycota	c__Agaricomycetes	o__Agaricales	f__Inocybaceae	0.0026
g__Junghuhnia	k__Fungi	p__Basidiomycota	c__Agaricomycetes	o__Polyporales	f__Steccherinaceae	0.0026
g__Lilium	k__Viridiplantae	p__Anthophyta	c__Monocotyledonae	o__Liliales	f__Liliaceae	0.0026
g__Polyporaceae_gen_Incertae_sedis	k__Fungi	p__Basidiomycota	c__Agaricomycetes	o__Polyporales	f__Polyporaceae	0.0026
g__Rosa	k__Viridiplantae	p__Anthophyta	c__Eudicotyledonae	o__Rosales	f__Rosaceae	0.0026
g__Tinctoporellus	k__Fungi	p__Basidiomycota	c__Agaricomycetes	o__Polyporales	f__Polyporaceae	0.0026
g__Tubulicium	k__Fungi	p__Basidiomycota	c__Agaricomycetes	o__Trechisporales	f__Hydnodontaceae	0.0026
g__Amphisphaeria	k__Fungi	p__Ascomycota	c__Sordariomycetes	o__Amphisphaeriales	f__Amphisphaeriaceae	0.0025
g__Colletotrichum	k__Fungi	p__Ascomycota	c__Sordariomycetes	o__Glomerellales	f__Glomerellaceae	0.0025
g__Stagonosporopsis	k__Fungi	p__Ascomycota	c__Dothideomycetes	o__Pleosporales	f__Didymellaceae	0.0025
g__Clonostachys	k__Fungi	p__Ascomycota	c__Sordariomycetes	o__Hypocreales	f__Bionectriaceae	0.0024
g__Dissoconium	k__Fungi	p__Ascomycota	c__Dothideomycetes	o__Mycosphaerellales	f__Dissoconiaceae	0.0024
g__Hypoxylon	k__Fungi	p__Ascomycota	c__Sordariomycetes	o__Xylariales	f__Hypoxylaceae	0.0024
g__Jumillera	k__Fungi	p__Ascomycota	c__Sordariomycetes	o__Xylariales	f__Xylariaceae	0.0024
g__Letendraea	k__Fungi	p__Ascomycota	c__Dothideomycetes	o__Pleosporales	f__Didymosphaeriaceae	0.0024
g__Melanospora	k__Fungi	p__Ascomycota	c__Sordariomycetes	o__Coronophorales	f__Ceratostomataceae	0.0024
g__Mycoaciella	k__Fungi	p__Basidiomycota	c__Agaricomycetes	o__Polyporales	f__Meruliaceae	0.0024
g__Myxarium	k__Fungi	p__Basidiomycota	c__Agaricomycetes	o__Auriculariales	f__Hyaloriaceae	0.0024
g__Paraloratospora	k__Fungi	p__Ascomycota	c__Dothideomycetes	o__Pleosporales	f__Phaeosphaeriaceae	0.0024
g__Linnemannia	k__Fungi	p__Mortierellomycota	c__Mortierellomycetes	o__Mortierellales	f__Mortierellaceae	0.0023
g__Nigroporus	k__Fungi	p__Basidiomycota	c__Agaricomycetes	o__Polyporales	f__Steccherinaceae	0.0023
g__Ramichloridium	k__Fungi	p__Ascomycota	c__Dothideomycetes	o__Mycosphaerellales	f__Dissoconiaceae	0.0023
g__Scopuloides	k__Fungi	p__Basidiomycota	c__Agaricomycetes	o__Polyporales	f__Meruliaceae	0.0023
g__Vaginatispora	k__Fungi	p__Ascomycota	c__Dothideomycetes	o__Pleosporales	f__Lophiostomataceae	0.0023
g__Agrostis	k__Viridiplantae	p__Anthophyta	c__Monocotyledonae	o__Poales	f__Poaceae	0.0022
g__Bannoa	k__Fungi	p__Basidiomycota	c__Cystobasidiomycetes	o__Erythrobasidiales	f__Erythrobasidiaceae	0.0022
g__Botryobasidium	k__Fungi	p__Basidiomycota	c__Agaricomycetes	o__Cantharellales	f__Botryobasidiaceae	0.0022
g__Dahlia	k__Viridiplantae	p__Anthophyta	c__Eudicotyledonae	o__Asterales	f__Asteraceae	0.0022
g__Hyaloperonospora	k__Stramenopila	p__Oomycota	c__Oomycetes	o__Peronosporales	f__Peronosporaceae	0.0022
g__Laetisaria	k__Fungi	p__Basidiomycota	c__Agaricomycetes	o__Corticiales	f__Corticiaceae	0.0022
g__Nothotrichosporon	k__Fungi	p__Basidiomycota	c__Tremellomycetes	o__Trichosporonales	f__Trichosporonaceae	0.0022
g__Uwebraunia	k__Fungi	p__Ascomycota	c__Dothideomycetes	o__Mycosphaerellales	f__Dissoconiaceae	0.0022
g__Basidiodendron	k__Fungi	p__Basidiomycota	c__Agaricomycetes	o__Auriculariales	f__Auriculariales_fam_Incertae_sedis	0.0021
g__Ceratobasidiaceae_gen_Incertae_sedis	k__Fungi	p__Basidiomycota	c__Agaricomycetes	o__Cantharellales	f__Ceratobasidiaceae	0.0021
g__Golovinomyces	k__Fungi	p__Ascomycota	c__Leotiomycetes	o__Helotiales	f__Erysiphaceae	0.0021
g__Limonomyces	k__Fungi	p__Basidiomycota	c__Agaricomycetes	o__Corticiales	f__Corticiaceae	0.0021
g__Meristemomyces	k__Fungi	p__Ascomycota	c__Dothideomycetes	o__Mycosphaerellales	f__Teratosphaeriaceae	0.0021
g__Poa	k__Viridiplantae	p__Anthophyta	c__Monocotyledonae	o__Poales	f__Poaceae	0.0021
g__Syncephalastrum	k__Fungi	p__Mucoromycota	c__Mucoromycetes	o__Mucorales	f__Syncephalastraceae	0.0021
g__Asparagus	k__Viridiplantae	p__Anthophyta	c__Monocotyledonae	o__Asparagales	f__Asparagaceae	0.002
g__Candolleomyces	k__Fungi	p__Basidiomycota	c__Agaricomycetes	o__Agaricales	f__Psathyrellaceae	0.002
g__Cystobasidiomycetes_gen_Incertae_sedis	k__Fungi	p__Basidiomycota	c__Cystobasidiomycetes	o__Cystobasidiomycetes_ord_Incertae_sedis	f__Cystobasidiomycetes_fam_Incertae_sedis	0.002
g__Didymocyrtis	k__Fungi	p__Ascomycota	c__Dothideomycetes	o__Pleosporales	f__Phaeosphaeriaceae	0.002
g__Earliella	k__Fungi	p__Basidiomycota	c__Agaricomycetes	o__Polyporales	f__Polyporaceae	0.002
g__Erysiphe	k__Fungi	p__Ascomycota	c__Leotiomycetes	o__Helotiales	f__Erysiphaceae	0.002
g__Neosetophoma	k__Fungi	p__Ascomycota	c__Dothideomycetes	o__Pleosporales	f__Phaeosphaeriaceae	0.002
g__Tremella	k__Fungi	p__Basidiomycota	c__Tremellomycetes	o__Tremellales	f__Tremellaceae	0.002
g__Trentepohlia	k__Viridiplantae	p__Chlorophyta	c__Ulvophyceae	o__Trentepohliales	f__Trentepohliaceae	0.002
g__Vanrija	k__Fungi	p__Basidiomycota	c__Tremellomycetes	o__Trichosporonales	f__Trichosporonaceae	0.002
g__Agrocybe	k__Fungi	p__Basidiomycota	c__Agaricomycetes	o__Agaricales	f__Strophariaceae	0.0019
g__Exobasidiales_gen_Incertae_sedis	k__Fungi	p__Basidiomycota	c__Exobasidiomycetes	o__Exobasidiales	f__Exobasidiales_fam_Incertae_sedis	0.0019
g__Fagopyrum	k__Viridiplantae	p__Anthophyta	c__Eudicotyledonae	o__Caryophyllales	f__Polygonaceae	0.0019
g__Hypomontagnella	k__Fungi	p__Ascomycota	c__Sordariomycetes	o__Xylariales	f__Hypoxylaceae	0.0019
g__Lycoperdon	k__Fungi	p__Basidiomycota	c__Agaricomycetes	o__Agaricales	f__Lycoperdaceae	0.0019
g__Paeonia	k__Viridiplantae	p__Anthophyta	c__Eudicotyledonae	o__Saxifragales	f__Paeoniaceae	0.0019
g__Pseudomicrostroma	k__Fungi	p__Basidiomycota	c__Exobasidiomycetes	o__Microstromatales	f__Microstromatales_fam_Incertae_sedis	0.0019
g__Sesamum	k__Viridiplantae	p__Anthophyta	c__Eudicotyledonae	o__Lamiales	f__Pedaliaceae	0.0019
g__Zasmidium	k__Fungi	p__Ascomycota	c__Dothideomycetes	o__Mycosphaerellales	f__Mycosphaerellaceae	0.0019
g__Aporpium	k__Fungi	p__Basidiomycota	c__Agaricomycetes	o__Auriculariales	f__Aporpiaceae	0.0018
g__Debaryomycetaceae_gen_Incertae_sedis	k__Fungi	p__Ascomycota	c__Saccharomycetes	o__Saccharomycetales	f__Debaryomycetaceae	0.0018
g__Omnidemptus	k__Fungi	p__Ascomycota	c__Sordariomycetes	o__Magnaporthales	f__Magnaporthaceae	0.0018
g__Xenasma	k__Fungi	p__Basidiomycota	c__Agaricomycetes	o__Russulales	f__Xenasmataceae	0.0018
g__Acrocalymma	k__Fungi	p__Ascomycota	c__Dothideomycetes	o__Pleosporales	f__Acrocalymmaceae	0.0017
g__Amyloporia	k__Fungi	p__Basidiomycota	c__Agaricomycetes	o__Polyporales	f__Polyporales_fam_Incertae_sedis	0.0017
g__Arthrocladiella	k__Fungi	p__Ascomycota	c__Leotiomycetes	o__Helotiales	f__Erysiphaceae	0.0017
g__Inopinatum	k__Fungi	p__Ascomycota	c__Leotiomycetes	o__Thelebolales	f__Thelebolaceae	0.0017
g__Malvaceae_gen_Incertae_sedis	k__Viridiplantae	p__Anthophyta	c__Eudicotyledonae	o__Malvales	f__Malvaceae	0.0017
g__Poaceascoma	k__Fungi	p__Ascomycota	c__Dothideomycetes	o__Pleosporales	f__Lentitheciaceae	0.0017
g__Punctulariopsis	k__Fungi	p__Basidiomycota	c__Agaricomycetes	o__Corticiales	f__Punctulariaceae	0.0017
g__Skvortzoviella	k__Fungi	p__Basidiomycota	c__Agaricomycetes	o__Hymenochaetales	f__Hymenochaetales_fam_Incertae_sedis	0.0017
g__Taphrina	k__Fungi	p__Ascomycota	c__Taphrinomycetes	o__Taphrinales	f__Taphrinaceae	0.0017
g__Allocryptovalsa	k__Fungi	p__Ascomycota	c__Sordariomycetes	o__Xylariales	f__Diatrypaceae	0.0016
g__Antherospora	k__Fungi	p__Basidiomycota	c__Ustilaginomycetes	o__Urocystidales	f__Floromycetaceae	0.0016
g__Biscogniauxia	k__Fungi	p__Ascomycota	c__Sordariomycetes	o__Xylariales	f__Graphostromataceae	0.0016
g__Coriolopsis	k__Fungi	p__Basidiomycota	c__Agaricomycetes	o__Polyporales	f__Polyporaceae	0.0016
g__Eremothecium	k__Fungi	p__Ascomycota	c__Saccharomycetes	o__Saccharomycetales	f__Saccharomycetaceae	0.0016
g__Eurya	k__Viridiplantae	p__Anthophyta	c__Eudicotyledonae	o__Ericales	f__Pentaphylacaceae	0.0016
g__Genolevuria	k__Fungi	p__Basidiomycota	c__Tremellomycetes	o__Tremellales	f__Bulleraceae	0.0016
g__Hypochnicium	k__Fungi	p__Basidiomycota	c__Agaricomycetes	o__Polyporales	f__Podoscyphaceae	0.0016
g__Jorgewrightia	k__Fungi	p__Basidiomycota	c__Agaricomycetes	o__Polyporales	f__Polyporaceae	0.0016
g__Melanconis	k__Fungi	p__Ascomycota	c__Sordariomycetes	o__Diaporthales	f__Melanconidaceae	0.0016
g__Stagonospora	k__Fungi	p__Ascomycota	c__Dothideomycetes	o__Pleosporales	f__Massarinaceae	0.0016
g__Tropicoporus	k__Fungi	p__Basidiomycota	c__Agaricomycetes	o__Hymenochaetales	f__Hymenochaetaceae	0.0016
g__Utrechtiana	k__Fungi	p__Ascomycota	c__Sordariomycetes	o__Magnaporthales	f__Magnaporthaceae	0.0016
g__Verruciconidia	k__Fungi	p__Ascomycota	c__Sordariomycetes	o__Hypocreales	f__Bionectriaceae	0.0016
g__Cytospora	k__Fungi	p__Ascomycota	c__Sordariomycetes	o__Diaporthales	f__Cytosporaceae	0.0015
g__Durio	k__Viridiplantae	p__Anthophyta	c__Eudicotyledonae	o__Malvales	f__Malvaceae	0.0015
g__Hansfordia	k__Fungi	p__Ascomycota	c__Sordariomycetes	o__Xylariales	f__Hansfordiaceae	0.0015
g__Hypsizygus	k__Fungi	p__Basidiomycota	c__Agaricomycetes	o__Agaricales	f__Lyophyllaceae	0.0015
g__Inonotus	k__Fungi	p__Basidiomycota	c__Agaricomycetes	o__Hymenochaetales	f__Hymenochaetaceae	0.0015
g__Justicia	k__Viridiplantae	p__Anthophyta	c__Eudicotyledonae	o__Lamiales	f__Acanthaceae	0.0015
g__Moniliophthora	k__Fungi	p__Basidiomycota	c__Agaricomycetes	o__Agaricales	f__Marasmiaceae	0.0015
g__Phragmotaenium	k__Fungi	p__Basidiomycota	c__Exobasidiomycetes	o__Georgefischeriales	f__Tilletiariaceae	0.0015
g__Physalacria	k__Fungi	p__Basidiomycota	c__Agaricomycetes	o__Agaricales	f__Physalacriaceae	0.0015
g__Styphnolobium	k__Viridiplantae	p__Anthophyta	c__Eudicotyledonae	o__Fabales	f__Fabaceae	0.0015
g__Trichopezizella	k__Fungi	p__Ascomycota	c__Leotiomycetes	o__Helotiales	f__Lachnaceae	0.0015
g__Brunneomyces	k__Fungi	p__Ascomycota	c__Sordariomycetes	o__Glomerellales	f__Plectosphaerellaceae	0.0014
g__Coniosporium	k__Fungi	p__Ascomycota	c__Dothideomycetes	o__Coniosporiales	f__Coniosporiaceae	0.0014
g__Fomitopsis	k__Fungi	p__Basidiomycota	c__Agaricomycetes	o__Polyporales	f__Fomitopsidaceae	0.0014
g__Geomyces	k__Fungi	p__Ascomycota	c__Leotiomycetes	o__Thelebolales	f__Pseudeurotiaceae	0.0014
g__Gliomastix	k__Fungi	p__Ascomycota	c__Sordariomycetes	o__Hypocreales	f__Bionectriaceae	0.0014
g__Gyrothrix	k__Fungi	p__Ascomycota	c__Sordariomycetes	o__Xylariales	f__Xylariales_fam_Incertae_sedis	0.0014
g__Microbotryozyma	k__Fungi	p__Basidiomycota	c__Microbotryomycetes	o__Microbotryales	f__Ustilentylomataceae	0.0014
g__Oliveonia	k__Fungi	p__Basidiomycota	c__Agaricomycetes	o__Auriculariales	f__Oliveoniaceae	0.0014
g__Pyxidiophora	k__Fungi	p__Ascomycota	c__Laboulbeniomycetes	o__Pyxidiophorales	f__Pyxidiophoraceae	0.0014
g__Sporisorium	k__Fungi	p__Basidiomycota	c__Ustilaginomycetes	o__Ustilaginales	f__Ustilaginaceae	0.0014
g__Sporopachydermia	k__Fungi	p__Ascomycota	c__Saccharomycetes	o__Saccharomycetales	f__Saccharomycetales_fam_Incertae_sedis	0.0014
g__Theleporus	k__Fungi	p__Basidiomycota	c__Agaricomycetes	o__Polyporales	f__Polyporaceae	0.0014
g__Tilletiopsis	k__Fungi	p__Basidiomycota	c__Exobasidiomycetes	o__Entylomatales	f__Entylomataceae	0.0014
g__Trichothecium	k__Fungi	p__Ascomycota	c__Sordariomycetes	o__Hypocreales	f__Myrotheciomycetaceae	0.0014
g__Xenodevriesia	k__Fungi	p__Ascomycota	c__Dothideomycetes	o__Capnodiales	f__Xenodevriesiaceae	0.0014
g__Acaromyces	k__Fungi	p__Basidiomycota	c__Exobasidiomycetes	o__Exobasidiales	f__Cryptobasidiaceae	0.0013
g__Actinidia	k__Viridiplantae	p__Anthophyta	c__Eudicotyledonae	o__Ericales	f__Actinidiaceae	0.0013
g__Calvatia	k__Fungi	p__Basidiomycota	c__Agaricomycetes	o__Agaricales	f__Lycoperdaceae	0.0013
g__Dimennazyma	k__Fungi	p__Basidiomycota	c__Tremellomycetes	o__Tremellales	f__Naemateliaceae	0.0013
g__Elmerina	k__Fungi	p__Basidiomycota	c__Agaricomycetes	o__Auriculariales	f__Auriculariaceae	0.0013
g__Geosmithia	k__Fungi	p__Ascomycota	c__Sordariomycetes	o__Hypocreales	f__Bionectriaceae	0.0013
g__Mallotus	k__Viridiplantae	p__Anthophyta	c__Eudicotyledonae	o__Malpighiales	f__Euphorbiaceae	0.0013
g__Neophaeococcomyces	k__Fungi	p__Ascomycota	c__Eurotiomycetes	o__Chaetothyriales	f__Pyrenotrichaceae	0.0013
g__Peniophoraceae_gen_Incertae_sedis	k__Fungi	p__Basidiomycota	c__Agaricomycetes	o__Russulales	f__Peniophoraceae	0.0013
g__Polyporales_gen_Incertae_sedis	k__Fungi	p__Basidiomycota	c__Agaricomycetes	o__Polyporales	f__Polyporales_fam_Incertae_sedis	0.0013
g__Pseudoramichloridium	k__Fungi	p__Ascomycota	c__Dothideomycetes	o__Mycosphaerellales	f__Extremaceae	0.0013
g__Pterula	k__Fungi	p__Basidiomycota	c__Agaricomycetes	o__Agaricales	f__Pterulaceae	0.0013
g__Setaria	k__Viridiplantae	p__Anthophyta	c__Monocotyledonae	o__Poales	f__Poaceae	0.0013
g__Stemphylium	k__Fungi	p__Ascomycota	c__Dothideomycetes	o__Pleosporales	f__Pleosporaceae	0.0013
g__Trichomerium	k__Fungi	p__Ascomycota	c__Eurotiomycetes	o__Chaetothyriales	f__Trichomeriaceae	0.0013
g__Truncospora	k__Fungi	p__Basidiomycota	c__Agaricomycetes	o__Polyporales	f__Polyporaceae	0.0013
g__Xenopyrenochaetopsis	k__Fungi	p__Ascomycota	c__Dothideomycetes	o__Pleosporales	f__Pyrenochaetopsidaceae	0.0013
g__Beauveria	k__Fungi	p__Ascomycota	c__Sordariomycetes	o__Hypocreales	f__Cordycipitaceae	0.0012
g__Boletus	k__Fungi	p__Basidiomycota	c__Agaricomycetes	o__Boletales	f__Boletaceae	0.0012
g__Caespitomonium	k__Fungi	p__Ascomycota	c__Sordariomycetes	o__Hypocreales	f__Bionectriaceae	0.0012
g__Cerinomyces	k__Fungi	p__Basidiomycota	c__Dacrymycetes	o__Dacrymycetales	f__Cerinomycetaceae	0.0012
g__Fusariella	k__Fungi	p__Ascomycota	c__Sordariomycetes	o__Hypocreales	f__Bionectriaceae	0.0012
g__Italiomyces	k__Fungi	p__Ascomycota	c__Sordariomycetes	o__Diaporthales	f__Sydowiellaceae	0.0012
g__Labyrinthulidia_gen_Incertae_sedis	k__Stramenopila	p__Labyrinthulidia	c__Labyrinthulidia_cls_Incertae_sedis	o__Labyrinthulidia_ord_Incertae_sedis	f__Labyrinthulidia_fam_Incertae_sedis	0.0012
g__Nagrajchalara	k__Fungi	p__Ascomycota	c__Leotiomycetes	o__Helotiales	f__Pezizellaceae	0.0012
g__Parajaminaea	k__Fungi	p__Basidiomycota	c__Exobasidiomycetes	o__Microstromatales	f__Microstromatales_fam_Incertae_sedis	0.0012
g__Perusta	k__Fungi	p__Ascomycota	c__Dothideomycetes	o__Capnodiales	f__Capnodiales_fam_Incertae_sedis	0.0012
g__Piper	k__Viridiplantae	p__Anthophyta	c__Eudicotyledonae	o__Piperales	f__Piperaceae	0.0012
g__Sclerotinia	k__Fungi	p__Ascomycota	c__Leotiomycetes	o__Helotiales	f__Sclerotiniaceae	0.0012
g__Scolecobasidium	k__Fungi	p__Ascomycota	c__Dothideomycetes	o__Venturiales	f__Sympoventuriaceae	0.0012
g__Tilletia	k__Fungi	p__Basidiomycota	c__Exobasidiomycetes	o__Tilletiales	f__Tilletiaceae	0.0012
g__Volutella	k__Fungi	p__Ascomycota	c__Sordariomycetes	o__Hypocreales	f__Nectriaceae	0.0012
g__Acrostalagmus	k__Fungi	p__Ascomycota	c__Sordariomycetes	o__Glomerellales	f__Plectosphaerellaceae	0.0011
g__Alboefibula	k__Fungi	p__Basidiomycota	c__Agaricomycetes	o__Polyporales	f__Phanerochaetaceae	0.0011
g__Bandoniozyma	k__Fungi	p__Basidiomycota	c__Tremellomycetes	o__Tremellales	f__Rhynchogastremaceae	0.0011
g__Bipolaris	k__Fungi	p__Ascomycota	c__Dothideomycetes	o__Pleosporales	f__Pleosporaceae	0.0011
g__Chondrostereum	k__Fungi	p__Basidiomycota	c__Agaricomycetes	o__Agaricales	f__Cyphellaceae	0.0011
g__Coniella	k__Fungi	p__Ascomycota	c__Sordariomycetes	o__Diaporthales	f__Schizoparmaceae	0.0011
g__Garcinia	k__Viridiplantae	p__Anthophyta	c__Eudicotyledonae	o__Malpighiales	f__Clusiaceae	0.0011
g__Millerozyma	k__Fungi	p__Ascomycota	c__Saccharomycetes	o__Saccharomycetales	f__Debaryomycetaceae	0.0011
g__Morus	k__Viridiplantae	p__Anthophyta	c__Eudicotyledonae	o__Rosales	f__Moraceae	0.0011
g__Neovaginatispora	k__Fungi	p__Ascomycota	c__Dothideomycetes	o__Pleosporales	f__Lophiostomataceae	0.0011
g__Occultifur	k__Fungi	p__Basidiomycota	c__Cystobasidiomycetes	o__Cystobasidiales	f__Cystobasidiaceae	0.0011
g__Ochrocladosporium	k__Fungi	p__Ascomycota	c__Dothideomycetes	o__Pleosporales	f__Coniothyriaceae	0.0011
g__Polyspora	k__Viridiplantae	p__Anthophyta	c__Eudicotyledonae	o__Ericales	f__Theaceae	0.0011
g__Scytinostroma	k__Fungi	p__Basidiomycota	c__Agaricomycetes	o__Russulales	f__Lachnocladiaceae	0.0011
g__Sirastachys	k__Fungi	p__Ascomycota	c__Sordariomycetes	o__Hypocreales	f__Stachybotryaceae	0.0011
g__Steccherinaceae_gen_Incertae_sedis	k__Fungi	p__Basidiomycota	c__Agaricomycetes	o__Polyporales	f__Steccherinaceae	0.0011
g__Teunia	k__Fungi	p__Basidiomycota	c__Tremellomycetes	o__Tremellales	f__Cryptococcaceae	0.0011
g__Acanthocorticium	k__Fungi	p__Basidiomycota	c__Agaricomycetes	o__Agaricales	f__Agaricales_fam_Incertae_sedis	0.001
g__Bisifusarium	k__Fungi	p__Ascomycota	c__Sordariomycetes	o__Hypocreales	f__Nectriaceae	0.001
g__Bromus	k__Viridiplantae	p__Anthophyta	c__Monocotyledonae	o__Poales	f__Poaceae	0.001
g__Cantharellales_gen_Incertae_sedis	k__Fungi	p__Basidiomycota	c__Agaricomycetes	o__Cantharellales	f__Cantharellales_fam_Incertae_sedis	0.001
g__Cyanoporus	k__Fungi	p__Basidiomycota	c__Agaricomycetes	o__Polyporales	f__Polyporaceae	0.001
g__Delonix	k__Viridiplantae	p__Anthophyta	c__Eudicotyledonae	o__Fabales	f__Fabaceae	0.001
g__Erratomyces	k__Fungi	p__Basidiomycota	c__Exobasidiomycetes	o__Tilletiales	f__Erratomycetaceae	0.001
g__Eucalyptus	k__Viridiplantae	p__Anthophyta	c__Eudicotyledonae	o__Myrtales	f__Myrtaceae	0.001
g__Geastrum	k__Fungi	p__Basidiomycota	c__Agaricomycetes	o__Geastrales	f__Geastraceae	0.001
g__Gymnopilus	k__Fungi	p__Basidiomycota	c__Agaricomycetes	o__Agaricales	f__Hymenogastraceae	0.001
g__Heterodoassansia	k__Fungi	p__Basidiomycota	c__Exobasidiomycetes	o__Doassansiales	f__Doassansiaceae	0.001
g__Humulus	k__Viridiplantae	p__Anthophyta	c__Eudicotyledonae	o__Rosales	f__Cannabaceae	0.001
g__Hydnodontaceae_gen_Incertae_sedis	k__Fungi	p__Basidiomycota	c__Agaricomycetes	o__Trechisporales	f__Hydnodontaceae	0.001
g__Kockovaella	k__Fungi	p__Basidiomycota	c__Tremellomycetes	o__Tremellales	f__Cuniculitremaceae	0.001
g__Lepista	k__Fungi	p__Basidiomycota	c__Agaricomycetes	o__Agaricales	f__Agaricales_fam_Incertae_sedis	0.001
g__Megathyrsus	k__Viridiplantae	p__Anthophyta	c__Monocotyledonae	o__Poales	f__Poaceae	0.001
g__Microthyriales_gen_Incertae_sedis	k__Fungi	p__Ascomycota	c__Dothideomycetes	o__Microthyriales	f__Microthyriales_fam_Incertae_sedis	0.001
g__Neofusicoccum	k__Fungi	p__Ascomycota	c__Dothideomycetes	o__Botryosphaeriales	f__Botryosphaeriaceae	0.001
g__Pectenia	k__Fungi	p__Ascomycota	c__Lecanoromycetes	o__Peltigerales	f__Pannariaceae	0.001
g__Pipturus	k__Viridiplantae	p__Anthophyta	c__Eudicotyledonae	o__Rosales	f__Urticaceae	0.001
g__Pyxidiophorales_gen_Incertae_sedis	k__Fungi	p__Ascomycota	c__Laboulbeniomycetes	o__Pyxidiophorales	f__Pyxidiophorales_fam_Incertae_sedis	0.001
g__Quercus	k__Viridiplantae	p__Anthophyta	c__Eudicotyledonae	o__Fagales	f__Fagaceae	0.001
g__Resupinatus	k__Fungi	p__Basidiomycota	c__Agaricomycetes	o__Agaricales	f__Pleurotaceae	0.001
g__Rhizoctonia	k__Fungi	p__Basidiomycota	c__Agaricomycetes	o__Cantharellales	f__Ceratobasidiaceae	0.001
g__Rubus	k__Viridiplantae	p__Anthophyta	c__Eudicotyledonae	o__Rosales	f__Rosaceae	0.001
g__Scenedesmaceae_gen_Incertae_sedis	k__Viridiplantae	p__Chlorophyta	c__Chlorophyceae	o__Sphaeropleales	f__Scenedesmaceae	0.001
g__Setophoma	k__Fungi	p__Ascomycota	c__Dothideomycetes	o__Pleosporales	f__Phaeosphaeriaceae	0.001
g__Teratosphaericola	k__Fungi	p__Ascomycota	c__Dothideomycetes	o__Mycosphaerellales	f__Teratosphaeriaceae	0.001
g__Trichomonascus	k__Fungi	p__Ascomycota	c__Saccharomycetes	o__Saccharomycetales	f__Trichomonascaceae	0.001
g__Annulohypoxylon	k__Fungi	p__Ascomycota	c__Sordariomycetes	o__Xylariales	f__Hypoxylaceae	9e-04
g__Bannozyma	k__Fungi	p__Basidiomycota	c__Microbotryomycetes	o__Microbotryomycetes_ord_Incertae_sedis	f__Chrysozymaceae	9e-04
g__Bulbithecium	k__Fungi	p__Ascomycota	c__Sordariomycetes	o__Hypocreales	f__Hypocreales_fam_Incertae_sedis	9e-04
g__Celtis	k__Viridiplantae	p__Anthophyta	c__Eudicotyledonae	o__Rosales	f__Cannabaceae	9e-04
g__Enterocarpus	k__Fungi	p__Ascomycota	c__Sordariomycetes	o__Microascales	f__Microascaceae	9e-04
g__Erodium	k__Viridiplantae	p__Anthophyta	c__Eudicotyledonae	o__Geraniales	f__Geraniaceae	9e-04
g__Hohenbuehelia	k__Fungi	p__Basidiomycota	c__Agaricomycetes	o__Agaricales	f__Pleurotaceae	9e-04
g__Hydnum	k__Fungi	p__Basidiomycota	c__Agaricomycetes	o__Cantharellales	f__Hydnaceae	9e-04
g__Kordyana	k__Fungi	p__Basidiomycota	c__Exobasidiomycetes	o__Exobasidiales	f__Brachybasidiaceae	9e-04
g__Lens	k__Viridiplantae	p__Anthophyta	c__Eudicotyledonae	o__Fabales	f__Fabaceae	9e-04
g__Limonium	k__Viridiplantae	p__Anthophyta	c__Eudicotyledonae	o__Plumbaginales	f__Plumbaginaceae	9e-04
g__Macrocybe	k__Fungi	p__Basidiomycota	c__Agaricomycetes	o__Agaricales	f__Callistosporiaceae	9e-04
g__Parastagonospora	k__Fungi	p__Ascomycota	c__Dothideomycetes	o__Pleosporales	f__Phaeosphaeriaceae	9e-04
g__Phanerochaetaceae_gen_Incertae_sedis	k__Fungi	p__Basidiomycota	c__Agaricomycetes	o__Polyporales	f__Phanerochaetaceae	9e-04
g__Polyporus	k__Fungi	p__Basidiomycota	c__Agaricomycetes	o__Polyporales	f__Polyporaceae	9e-04
g__Radulomyces	k__Fungi	p__Basidiomycota	c__Agaricomycetes	o__Agaricales	f__Radulomycetaceae	9e-04
g__Rhexodenticula	k__Fungi	p__Ascomycota	c__Sordariomycetes	o__Sordariales	f__Sordariales_fam_Incertae_sedis	9e-04
g__Syzygium	k__Viridiplantae	p__Anthophyta	c__Eudicotyledonae	o__Myrtales	f__Myrtaceae	9e-04
g__Trematosphaeria	k__Fungi	p__Ascomycota	c__Dothideomycetes	o__Pleosporales	f__Trematosphaeriaceae	9e-04
g__Trullella	k__Fungi	p__Basidiomycota	c__Agaricomycetes	o__Polyporales	f__Steccherinaceae	9e-04
g__Valsaria	k__Fungi	p__Ascomycota	c__Dothideomycetes	o__Valsariales	f__Valsariaceae	9e-04
g__Waltergamsia	k__Fungi	p__Ascomycota	c__Sordariomycetes	o__Hypocreales	f__Bionectriaceae	9e-04
g__Whalleya	k__Fungi	p__Ascomycota	c__Sordariomycetes	o__Xylariales	f__Lopadostomataceae	9e-04
g__Apiospora	k__Fungi	p__Ascomycota	c__Sordariomycetes	o__Amphisphaeriales	f__Apiosporaceae	8e-04
g__Caryota	k__Viridiplantae	p__Anthophyta	c__Monocotyledonae	o__Arecales	f__Arecaceae	8e-04
g__Clarireedia	k__Fungi	p__Ascomycota	c__Leotiomycetes	o__Helotiales	f__Sclerotiniaceae	8e-04
g__Cyclocybe	k__Fungi	p__Basidiomycota	c__Agaricomycetes	o__Agaricales	f__Tubariaceae	8e-04
g__Doassansia	k__Fungi	p__Basidiomycota	c__Exobasidiomycetes	o__Doassansiales	f__Doassansiaceae	8e-04
g__Eutypella	k__Fungi	p__Ascomycota	c__Sordariomycetes	o__Xylariales	f__Diatrypaceae	8e-04
g__Fraxinus	k__Viridiplantae	p__Anthophyta	c__Eudicotyledonae	o__Lamiales	f__Oleaceae	8e-04
g__Hordeum	k__Viridiplantae	p__Anthophyta	c__Monocotyledonae	o__Poales	f__Poaceae	8e-04
g__Hormonema	k__Fungi	p__Ascomycota	c__Dothideomycetes	o__Dothideales	f__Dothideales_fam_Incertae_sedis	8e-04
g__Humicola	k__Fungi	p__Ascomycota	c__Sordariomycetes	o__Sordariales	f__Chaetomiaceae	8e-04
g__Kneiffiella	k__Fungi	p__Basidiomycota	c__Agaricomycetes	o__Hymenochaetales	f__Hyphodontiaceae	8e-04
g__Kurtia	k__Fungi	p__Basidiomycota	c__Agaricomycetes	o__Hymenochaetales	f__Hymenochaetales_fam_Incertae_sedis	8e-04
g__Mycena	k__Fungi	p__Basidiomycota	c__Agaricomycetes	o__Agaricales	f__Mycenaceae	8e-04
g__Narcissea	k__Fungi	p__Basidiomycota	c__Agaricomycetes	o__Agaricales	f__Psathyrellaceae	8e-04
g__Plectosphaerella	k__Fungi	p__Ascomycota	c__Sordariomycetes	o__Glomerellales	f__Plectosphaerellaceae	8e-04
g__Portulaca	k__Viridiplantae	p__Anthophyta	c__Eudicotyledonae	o__Caryophyllales	f__Portulacaceae	8e-04
g__Quambalaria	k__Fungi	p__Basidiomycota	c__Exobasidiomycetes	o__Microstromatales	f__Quambalariaceae	8e-04
g__Salvia	k__Viridiplantae	p__Anthophyta	c__Eudicotyledonae	o__Lamiales	f__Lamiaceae	8e-04
g__Subulicystidium	k__Fungi	p__Basidiomycota	c__Agaricomycetes	o__Trechisporales	f__Hydnodontaceae	8e-04
g__Ulmus	k__Viridiplantae	p__Anthophyta	c__Eudicotyledonae	o__Rosales	f__Ulmaceae	8e-04
g__Viridiplantae_gen_Incertae_sedis	k__Viridiplantae	p__Viridiplantae_phy_Incertae_sedis	c__Viridiplantae_cls_Incertae_sedis	o__Viridiplantae_ord_Incertae_sedis	f__Viridiplantae_fam_Incertae_sedis	8e-04
g__Abrus	k__Viridiplantae	p__Anthophyta	c__Eudicotyledonae	o__Fabales	f__Fabaceae	7e-04
g__Arecophila	k__Fungi	p__Ascomycota	c__Sordariomycetes	o__Xylariales	f__Cainiaceae	7e-04
g__Bothriochloa	k__Viridiplantae	p__Anthophyta	c__Monocotyledonae	o__Poales	f__Poaceae	7e-04
g__Caryophyllaceae_gen_Incertae_sedis	k__Viridiplantae	p__Anthophyta	c__Eudicotyledonae	o__Caryophyllales	f__Caryophyllaceae	7e-04
g__Chaetocalathus	k__Fungi	p__Basidiomycota	c__Agaricomycetes	o__Agaricales	f__Marasmiaceae	7e-04
g__Coix	k__Viridiplantae	p__Anthophyta	c__Monocotyledonae	o__Poales	f__Poaceae	7e-04
g__Deasonia	k__Viridiplantae	p__Chlorophyta	c__Chlorophyceae	o__Chlamydomonadales	f__Actinochloridaceae	7e-04
g__Hanseniaspora	k__Fungi	p__Ascomycota	c__Saccharomycetes	o__Saccharomycetales	f__Saccharomycodaceae	7e-04
g__Luellia	k__Fungi	p__Basidiomycota	c__Agaricomycetes	o__Trechisporales	f__Hydnodontaceae	7e-04
g__Microporus	k__Fungi	p__Basidiomycota	c__Agaricomycetes	o__Polyporales	f__Polyporaceae	7e-04
g__Mollisia	k__Fungi	p__Ascomycota	c__Leotiomycetes	o__Helotiales	f__Mollisiaceae	7e-04
g__Myrsine	k__Viridiplantae	p__Anthophyta	c__Eudicotyledonae	o__Ericales	f__Primulaceae	7e-04
g__Neoacremonium	k__Fungi	p__Ascomycota	c__Sordariomycetes	o__Hypocreales	f__Neoacremoniaceae	7e-04
g__Penidiellopsis	k__Fungi	p__Ascomycota	c__Dothideomycetes	o__Mycosphaerellales	f__Teratosphaeriaceae	7e-04
g__Phaeosphaeriaceae_gen_Incertae_sedis	k__Fungi	p__Ascomycota	c__Dothideomycetes	o__Pleosporales	f__Phaeosphaeriaceae	7e-04
g__Phragmocamarosporium	k__Fungi	p__Ascomycota	c__Dothideomycetes	o__Pleosporales	f__Lentitheciaceae	7e-04
g__Pithomyces	k__Fungi	p__Ascomycota	c__Dothideomycetes	o__Pleosporales	f__Astrosphaeriellaceae	7e-04
g__Plantago	k__Viridiplantae	p__Anthophyta	c__Eudicotyledonae	o__Lamiales	f__Plantaginaceae	7e-04
g__Pleurotaceae_gen_Incertae_sedis	k__Fungi	p__Basidiomycota	c__Agaricomycetes	o__Agaricales	f__Pleurotaceae	7e-04
g__Pseudallescheria	k__Fungi	p__Ascomycota	c__Sordariomycetes	o__Microascales	f__Microascaceae	7e-04
g__Radulidium	k__Fungi	p__Ascomycota	c__Dothideomycetes	o__Dothideomycetes_ord_Incertae_sedis	f__Dothideomycetes_fam_Incertae_sedis	7e-04
g__Scleroderma	k__Fungi	p__Basidiomycota	c__Agaricomycetes	o__Boletales	f__Sclerodermataceae	7e-04
g__Setophaeosphaeria	k__Fungi	p__Ascomycota	c__Dothideomycetes	o__Pleosporales	f__Pleosporales_fam_Incertae_sedis	7e-04
g__Sonchus	k__Viridiplantae	p__Anthophyta	c__Eudicotyledonae	o__Asterales	f__Asteraceae	7e-04
g__Trichobolus	k__Fungi	p__Ascomycota	c__Pezizomycetes	o__Pezizales	f__Ascodesmidaceae	7e-04
g__Volvariella	k__Fungi	p__Basidiomycota	c__Agaricomycetes	o__Agaricales	f__Pluteaceae	7e-04
g__Amyloflagellula	k__Fungi	p__Basidiomycota	c__Agaricomycetes	o__Agaricales	f__Marasmiaceae	6e-04
g__Anthracophyllum	k__Fungi	p__Basidiomycota	c__Agaricomycetes	o__Agaricales	f__Omphalotaceae	6e-04
g__Bulleribasidium	k__Fungi	p__Basidiomycota	c__Tremellomycetes	o__Tremellales	f__Bulleribasidiaceae	6e-04
g__Burgella	k__Fungi	p__Basidiomycota	c__Agaricomycetes	o__Cantharellales	f__Hydnaceae	6e-04
g__Candelabrochaete	k__Fungi	p__Basidiomycota	c__Agaricomycetes	o__Polyporales	f__Polyporales_fam_Incertae_sedis	6e-04
g__Clitocybe	k__Fungi	p__Basidiomycota	c__Agaricomycetes	o__Agaricales	f__Agaricales_fam_Incertae_sedis	6e-04
g__Elymus	k__Viridiplantae	p__Anthophyta	c__Monocotyledonae	o__Poales	f__Poaceae	6e-04
g__Epithele	k__Fungi	p__Basidiomycota	c__Agaricomycetes	o__Polyporales	f__Polyporaceae	6e-04
g__Euphorbia	k__Viridiplantae	p__Anthophyta	c__Eudicotyledonae	o__Malpighiales	f__Euphorbiaceae	6e-04
g__Flagelloscypha	k__Fungi	p__Basidiomycota	c__Agaricomycetes	o__Agaricales	f__Niaceae	6e-04
g__Fonsecaea	k__Fungi	p__Ascomycota	c__Eurotiomycetes	o__Chaetothyriales	f__Herpotrichiellaceae	6e-04
g__Jaagichlorella	k__Viridiplantae	p__Chlorophyta	c__Trebouxiophyceae	o__Watanabeales	f__watanabeaceae	6e-04
g__Keissleriella	k__Fungi	p__Ascomycota	c__Dothideomycetes	o__Pleosporales	f__Lentitheciaceae	6e-04
g__Lentinus	k__Fungi	p__Basidiomycota	c__Agaricomycetes	o__Polyporales	f__Polyporaceae	6e-04
g__Lepiota	k__Fungi	p__Basidiomycota	c__Agaricomycetes	o__Agaricales	f__Agaricaceae	6e-04
g__Marchandiomyces	k__Fungi	p__Basidiomycota	c__Agaricomycetes	o__Corticiales	f__Corticiaceae	6e-04
g__Monilia	k__Fungi	p__Ascomycota	c__Leotiomycetes	o__Helotiales	f__Sclerotiniaceae	6e-04
g__Montagnula	k__Fungi	p__Ascomycota	c__Dothideomycetes	o__Pleosporales	f__Didymosphaeriaceae	6e-04
g__Neodacampia	k__Fungi	p__Ascomycota	c__Dothideomycetes	o__Pleosporales	f__Phaeosphaeriaceae	6e-04
g__Neodidymelliopsis	k__Fungi	p__Ascomycota	c__Dothideomycetes	o__Pleosporales	f__Didymellaceae	6e-04
g__Phellinus	k__Fungi	p__Basidiomycota	c__Agaricomycetes	o__Hymenochaetales	f__Hymenochaetaceae	6e-04
g__Phylloporia	k__Fungi	p__Basidiomycota	c__Agaricomycetes	o__Hymenochaetales	f__Hymenochaetaceae	6e-04
g__Pyronema	k__Fungi	p__Ascomycota	c__Pezizomycetes	o__Pezizales	f__Pyronemataceae	6e-04
g__Stevia	k__Viridiplantae	p__Anthophyta	c__Eudicotyledonae	o__Asterales	f__Asteraceae	6e-04
g__Suhomyces	k__Fungi	p__Ascomycota	c__Saccharomycetes	o__Saccharomycetales	f__Debaryomycetaceae	6e-04
g__Xylaria	k__Fungi	p__Ascomycota	c__Sordariomycetes	o__Xylariales	f__Xylariaceae	6e-04
g__Anthopleura	k__Metazoa	p__Cnidaria_phy_Incertae_sedis	c__Anthozoa	o__Actiniaria	f__Actiniidae	5e-04
g__Baeospora	k__Fungi	p__Basidiomycota	c__Agaricomycetes	o__Agaricales	f__Agaricales_fam_Incertae_sedis	5e-04
g__Bensingtonia	k__Fungi	p__Basidiomycota	c__Agaricostilbomycetes	o__Agaricostilbales	f__Kondoaceae	5e-04
g__Biappendiculispora	k__Fungi	p__Ascomycota	c__Dothideomycetes	o__Pleosporales	f__Lophiostomataceae	5e-04
g__Brachypodium	k__Viridiplantae	p__Anthophyta	c__Monocotyledonae	o__Poales	f__Poaceae	5e-04
g__Capnobotryella	k__Fungi	p__Ascomycota	c__Dothideomycetes	o__Mycosphaerellales	f__Teratosphaeriaceae	5e-04
g__Chlorococcum	k__Viridiplantae	p__Chlorophyta	c__Chlorophyceae	o__Chlamydomonadales	f__Chlorococcaceae	5e-04
g__Clitopilus	k__Fungi	p__Basidiomycota	c__Agaricomycetes	o__Agaricales	f__Entolomataceae	5e-04
g__Crassiparies	k__Fungi	p__Ascomycota	c__Dothideomycetes	o__Pleosporales	f__Neohendersoniaceae	5e-04
g__Cunninghamella	k__Fungi	p__Mucoromycota	c__Mucoromycetes	o__Mucorales	f__Cunninghamellaceae	5e-04
g__Desmochloris	k__Viridiplantae	p__Chlorophyta	c__Ulvophyceae	o__Ulvophyceae_ord_Incertae_sedis	f__Ulvophyceae_fam_Incertae_sedis	5e-04
g__Dianthus	k__Viridiplantae	p__Anthophyta	c__Eudicotyledonae	o__Caryophyllales	f__Caryophyllaceae	5e-04
g__Euryale	k__Viridiplantae	p__Anthophyta	c__Eudicotyledonae	o__Nymphaeales	f__Nymphaeaceae	5e-04
g__Fomes	k__Fungi	p__Basidiomycota	c__Agaricomycetes	o__Polyporales	f__Polyporaceae	5e-04
g__Gossypium	k__Viridiplantae	p__Anthophyta	c__Eudicotyledonae	o__Malvales	f__Malvaceae	5e-04
g__GS13_gen_Incertae_sedis	k__Fungi	p__Chytridiomycota	c__GS13	o__GS13_ord_Incertae_sedis	f__GS13_fam_Incertae_sedis	5e-04
g__Hedera	k__Viridiplantae	p__Anthophyta	c__Eudicotyledonae	o__Apiales	f__Araliaceae	5e-04
g__Hypomyces	k__Fungi	p__Ascomycota	c__Sordariomycetes	o__Hypocreales	f__Hypocreaceae	5e-04
g__Lecanicillium	k__Fungi	p__Ascomycota	c__Sordariomycetes	o__Hypocreales	f__Cordycipitaceae	5e-04
g__Marchandiobasidium	k__Fungi	p__Basidiomycota	c__Agaricomycetes	o__Corticiales	f__Corticiaceae	5e-04
g__Microsporomyces	k__Fungi	p__Basidiomycota	c__Cystobasidiomycetes	o__Cystobasidiomycetes_ord_Incertae_sedis	f__Microsporomycetaceae	5e-04
g__Mycobernardia	k__Fungi	p__Basidiomycota	c__Agaricomycetes	o__Corticiales	f__Corticiaceae	5e-04
g__Parabartalinia	k__Fungi	p__Ascomycota	c__Sordariomycetes	o__Amphisphaeriales	f__Sporocadaceae	5e-04
g__Perilla	k__Viridiplantae	p__Anthophyta	c__Eudicotyledonae	o__Lamiales	f__Lamiaceae	5e-04
g__Phanerina	k__Fungi	p__Basidiomycota	c__Agaricomycetes	o__Polyporales	f__Phanerochaetaceae	5e-04
g__Pilea	k__Viridiplantae	p__Anthophyta	c__Eudicotyledonae	o__Rosales	f__Urticaceae	5e-04
g__Pyrenophora	k__Fungi	p__Ascomycota	c__Dothideomycetes	o__Pleosporales	f__Pleosporaceae	5e-04
g__Scorias	k__Fungi	p__Ascomycota	c__Dothideomycetes	o__Capnodiales	f__Capnodiaceae	5e-04
g__Senna	k__Viridiplantae	p__Anthophyta	c__Eudicotyledonae	o__Fabales	f__Fabaceae	5e-04
g__Serpula	k__Fungi	p__Basidiomycota	c__Agaricomycetes	o__Boletales	f__Serpulaceae	5e-04
g__Termitomyces	k__Fungi	p__Basidiomycota	c__Agaricomycetes	o__Agaricales	f__Lyophyllaceae	5e-04
g__Tetrapyrgos	k__Fungi	p__Basidiomycota	c__Agaricomycetes	o__Agaricales	f__Marasmiaceae	5e-04
g__Trifolium	k__Viridiplantae	p__Anthophyta	c__Eudicotyledonae	o__Fabales	f__Fabaceae	5e-04
g__Tubulicrinis	k__Fungi	p__Basidiomycota	c__Agaricomycetes	o__Hymenochaetales	f__Hymenochaetaceae	5e-04
g__Verrucaria	k__Fungi	p__Ascomycota	c__Eurotiomycetes	o__Verrucariales	f__Verrucariaceae	5e-04
g__Xenasmatella	k__Fungi	p__Basidiomycota	c__Agaricomycetes	o__Russulales	f__Xenasmataceae	5e-04
g__Acidomyces	k__Fungi	p__Ascomycota	c__Dothideomycetes	o__Mycosphaerellales	f__Teratosphaeriaceae	4e-04
g__Antrodiella	k__Fungi	p__Basidiomycota	c__Agaricomycetes	o__Polyporales	f__Steccherinaceae	4e-04
g__Arthrocatena	k__Fungi	p__Ascomycota	c__Dothideomycetes	o__Capnodiales	f__Capnodiales_fam_Incertae_sedis	4e-04
g__Corticiales_gen_Incertae_sedis	k__Fungi	p__Basidiomycota	c__Agaricomycetes	o__Corticiales	f__Corticiales_fam_Incertae_sedis	4e-04
g__Crepidotus	k__Fungi	p__Basidiomycota	c__Agaricomycetes	o__Agaricales	f__Crepidotaceae	4e-04
g__Echinoporia	k__Fungi	p__Basidiomycota	c__Agaricomycetes	o__Hymenochaetales	f__Schizoporaceae	4e-04
g__Epicoleosporium	k__Fungi	p__Ascomycota	c__Dothideomycetes	o__Mycosphaerellales	f__Mycosphaerellaceae	4e-04
g__Fellomyces	k__Fungi	p__Basidiomycota	c__Tremellomycetes	o__Tremellales	f__Cuniculitremaceae	4e-04
g__Gyrodontium	k__Fungi	p__Basidiomycota	c__Agaricomycetes	o__Boletales	f__Coniophoraceae	4e-04
g__Hypholoma	k__Fungi	p__Basidiomycota	c__Agaricomycetes	o__Agaricales	f__Strophariaceae	4e-04
g__Ilex	k__Viridiplantae	p__Anthophyta	c__Eudicotyledonae	o__Aquifoliales	f__Aquifoliaceae	4e-04
g__Kali	k__Viridiplantae	p__Anthophyta	c__Eudicotyledonae	o__Caryophyllales	f__Amaranthaceae	4e-04
g__Lopadostomataceae_gen_Incertae_sedis	k__Fungi	p__Ascomycota	c__Sordariomycetes	o__Xylariales	f__Lopadostomataceae	4e-04
g__Lophium	k__Fungi	p__Ascomycota	c__Dothideomycetes	o__Mytilinidiales	f__Mytilinidiaceae	4e-04
g__Malus	k__Viridiplantae	p__Anthophyta	c__Eudicotyledonae	o__Rosales	f__Rosaceae	4e-04
g__Medicopsis	k__Fungi	p__Ascomycota	c__Dothideomycetes	o__Pleosporales	f__Neohendersoniaceae	4e-04
g__Meruliaceae_gen_Incertae_sedis	k__Fungi	p__Basidiomycota	c__Agaricomycetes	o__Polyporales	f__Meruliaceae	4e-04
g__Momordica	k__Viridiplantae	p__Anthophyta	c__Eudicotyledonae	o__Cucurbitales	f__Cucurbitaceae	4e-04
g__Neomassarina	k__Fungi	p__Ascomycota	c__Dothideomycetes	o__Pleosporales	f__Neomassarinaceae	4e-04
g__Nothopassalora	k__Fungi	p__Ascomycota	c__Dothideomycetes	o__Mycosphaerellales	f__Mycosphaerellaceae	4e-04
g__Ocimum	k__Viridiplantae	p__Anthophyta	c__Eudicotyledonae	o__Lamiales	f__Lamiaceae	4e-04
g__Parachlorella	k__Viridiplantae	p__Chlorophyta	c__Trebouxiophyceae	o__Chlorellales	f__Chlorellaceae	4e-04
g__Paramyrothecium	k__Fungi	p__Ascomycota	c__Sordariomycetes	o__Hypocreales	f__Stachybotryaceae	4e-04
g__Parasarocladium	k__Fungi	p__Ascomycota	c__Sordariomycetes	o__Hypocreales	f__Sarocladiaceae	4e-04
g__Phanerodontia	k__Fungi	p__Basidiomycota	c__Agaricomycetes	o__Polyporales	f__Polyporales_fam_Incertae_sedis	4e-04
g__Phyllachora	k__Fungi	p__Ascomycota	c__Sordariomycetes	o__Phyllachorales	f__Phyllachoraceae	4e-04
g__Piloderma	k__Fungi	p__Basidiomycota	c__Agaricomycetes	o__Atheliales	f__Atheliaceae	4e-04
g__Pluteus	k__Fungi	p__Basidiomycota	c__Agaricomycetes	o__Agaricales	f__Pluteaceae	4e-04
g__Pyricularia	k__Fungi	p__Ascomycota	c__Sordariomycetes	o__Magnaporthales	f__Pyriculariaceae	4e-04
g__Sarocladium	k__Fungi	p__Ascomycota	c__Sordariomycetes	o__Hypocreales	f__Sarocladiaceae	4e-04
g__Sclerostagonospora	k__Fungi	p__Ascomycota	c__Dothideomycetes	o__Pleosporales	f__Phaeosphaeriaceae	4e-04
g__Shiraia	k__Fungi	p__Ascomycota	c__Dothideomycetes	o__Pleosporales	f__Shiraiaceae	4e-04
g__Sordariales_gen_Incertae_sedis	k__Fungi	p__Ascomycota	c__Sordariomycetes	o__Sordariales	f__Sordariales_fam_Incertae_sedis	4e-04
g__Sporormiella	k__Fungi	p__Ascomycota	c__Dothideomycetes	o__Pleosporales	f__Sporormiaceae	4e-04
g__Stropharia	k__Fungi	p__Basidiomycota	c__Agaricomycetes	o__Agaricales	f__Strophariaceae	4e-04
g__Subulispora	k__Fungi	p__Ascomycota	c__Sordariomycetes	o__Xylariales	f__Xylariales_fam_Incertae_sedis	4e-04
g__Tetraploa	k__Fungi	p__Ascomycota	c__Dothideomycetes	o__Pleosporales	f__Tetraplosphaeriaceae	4e-04
g__Uronema	k__Viridiplantae	p__Chlorophyta	c__Chlorophyceae	o__Chaetophorales	f__Chaetophoraceae	4e-04
g__Valsa	k__Fungi	p__Ascomycota	c__Sordariomycetes	o__Diaporthales	f__Valsaceae	4e-04
g__Vararia	k__Fungi	p__Basidiomycota	c__Agaricomycetes	o__Russulales	f__Peniophoraceae	4e-04
g__Xylomelasma	k__Fungi	p__Ascomycota	c__Sordariomycetes	o__Diaporthomycetidae_ord_Incertae_sedis	f__Barbatosphaeriaceae	4e-04
g__Zygoascus	k__Fungi	p__Ascomycota	c__Saccharomycetes	o__Saccharomycetales	f__Trichomonascaceae	4e-04
g__Ancyromonas	k__Planomonada	p__Planomonada_phy_Incertae_sedis	c__Planomonada_cls_Incertae_sedis	o__Planomonada_ord_Incertae_sedis	f__Ancyromonadidae	3e-04
g__Asterostroma	k__Fungi	p__Basidiomycota	c__Agaricomycetes	o__Russulales	f__Peniophoraceae	3e-04
g__Austroafricana	k__Fungi	p__Ascomycota	c__Dothideomycetes	o__Mycosphaerellales	f__Teratosphaeriaceae	3e-04
g__Barnettozyma	k__Fungi	p__Ascomycota	c__Saccharomycetes	o__Saccharomycetales	f__Phaffomycetaceae	3e-04
g__Bimuria	k__Fungi	p__Ascomycota	c__Dothideomycetes	o__Pleosporales	f__Didymosphaeriaceae	3e-04
g__Cajanus	k__Viridiplantae	p__Anthophyta	c__Eudicotyledonae	o__Fabales	f__Fabaceae	3e-04
g__Capnodiales_gen_Incertae_sedis	k__Fungi	p__Ascomycota	c__Dothideomycetes	o__Capnodiales	f__Capnodiales_fam_Incertae_sedis	3e-04
g__Catablema	k__Metazoa	p__Cnidaria_phy_Incertae_sedis	c__Hydrozoa	o__Hydroidolina	f__Pandeidae	3e-04
g__Chlamydocillium	k__Fungi	p__Ascomycota	c__Sordariomycetes	o__Hypocreales	f__Hypocreales_fam_Incertae_sedis	3e-04
g__Chlamydomonas	k__Viridiplantae	p__Chlorophyta	c__Chlorophyceae	o__Volvocales	f__Chlamydomonadaceae	3e-04
g__Ciliophora_gen_Incertae_sedis	k__Alveolata	p__Ciliophora	c__Ciliophora_cls_Incertae_sedis	o__Ciliophora_ord_Incertae_sedis	f__Ciliophora_fam_Incertae_sedis	3e-04
g__Cladophialophora	k__Fungi	p__Ascomycota	c__Eurotiomycetes	o__Chaetothyriales	f__Herpotrichiellaceae	3e-04
g__Colacogloea	k__Fungi	p__Basidiomycota	c__Microbotryomycetes	o__Microbotryomycetes_ord_Incertae_sedis	f__Colacogloeaceae	3e-04
g__Conoideocrella	k__Fungi	p__Ascomycota	c__Sordariomycetes	o__Hypocreales	f__Clavicipitaceae	3e-04
g__Crustomyces	k__Fungi	p__Basidiomycota	c__Agaricomycetes	o__Agaricales	f__Cystostereaceae	3e-04
g__Curcuma	k__Viridiplantae	p__Anthophyta	c__Monocotyledonae	o__Zingiberales	f__Zingiberaceae	3e-04
g__Cymatoderma	k__Fungi	p__Basidiomycota	c__Agaricomycetes	o__Polyporales	f__Panaceae	3e-04
g__Cystofilobasidiaceae_gen_Incertae_sedis	k__Fungi	p__Basidiomycota	c__Tremellomycetes	o__Cystofilobasidiales	f__Cystofilobasidiaceae	3e-04
g__Dothidotthiaceae_gen_Incertae_sedis	k__Fungi	p__Ascomycota	c__Dothideomycetes	o__Pleosporales	f__Dothidotthiaceae	3e-04
g__Eukaryota_gen_Incertae_sedis	k__Eukaryota_kgd_Incertae_sedis	p__Eukaryota_phy_Incertae_sedis	c__Eukaryota_cls_Incertae_sedis	o__Eukaryota_ord_Incertae_sedis	f__Eukaryota_fam_Incertae_sedis	3e-04
g__Fritschiella	k__Viridiplantae	p__Chlorophyta	c__Chlorophyceae	o__Chaetophorales	f__Chaetophoraceae	3e-04
g__Fusicladium	k__Fungi	p__Ascomycota	c__Dothideomycetes	o__Venturiales	f__Sympoventuriaceae	3e-04
g__Glycyrrhiza	k__Viridiplantae	p__Anthophyta	c__Eudicotyledonae	o__Fabales	f__Fabaceae	3e-04
g__Gnomoniopsis	k__Fungi	p__Ascomycota	c__Sordariomycetes	o__Diaporthales	f__Gnomoniaceae	3e-04
g__Hygrophorus	k__Fungi	p__Basidiomycota	c__Agaricomycetes	o__Agaricales	f__Hygrophoraceae	3e-04
g__Ichthyosporia_gen_Incertae_sedis	k__Ichthyosporia	p__Ichthyosporia_phy_Incertae_sedis	c__Ichthyosporia_cls_Incertae_sedis	o__Ichthyosporia_ord_Incertae_sedis	f__Ichthyosporia_fam_Incertae_sedis	3e-04
g__Imperata	k__Viridiplantae	p__Anthophyta	c__Monocotyledonae	o__Poales	f__Poaceae	3e-04
g__Leucaenicola	k__Fungi	p__Ascomycota	c__Dothideomycetes	o__Pleosporales	f__Bambusicolaceae	3e-04
g__Leucocoprinus	k__Fungi	p__Basidiomycota	c__Agaricomycetes	o__Agaricales	f__Agaricaceae	3e-04
g__Macalpinomyces	k__Fungi	p__Basidiomycota	c__Ustilaginomycetes	o__Ustilaginales	f__Ustilaginaceae	3e-04
g__Marantokordyana	k__Fungi	p__Basidiomycota	c__Exobasidiomycetes	o__Exobasidiales	f__Brachybasidiaceae	3e-04
g__Microsphaera	k__Fungi	p__Ascomycota	c__Leotiomycetes	o__Helotiales	f__Erysiphaceae	3e-04
g__Muyocopron	k__Fungi	p__Ascomycota	c__Dothideomycetes	o__Muyocopronales	f__Muyocopronaceae	3e-04
g__Orbilia	k__Fungi	p__Ascomycota	c__Orbiliomycetes	o__Orbiliales	f__Orbiliaceae	3e-04
g__Panaeolina	k__Fungi	p__Basidiomycota	c__Agaricomycetes	o__Agaricales	f__Agaricales_fam_Incertae_sedis	3e-04
g__Paracamarosporium	k__Fungi	p__Ascomycota	c__Dothideomycetes	o__Pleosporales	f__Didymosphaeriaceae	3e-04
g__Paradevriesia	k__Fungi	p__Ascomycota	c__Dothideomycetes	o__Mycosphaerellales	f__Extremaceae	3e-04
g__Petrophila	k__Fungi	p__Ascomycota	c__Dothideomycetes	o__Mycosphaerellales	f__Extremaceae	3e-04
g__Petroselinum	k__Viridiplantae	p__Anthophyta	c__Eudicotyledonae	o__Apiales	f__Apiaceae	3e-04
g__Phyllozyma	k__Fungi	p__Basidiomycota	c__Spiculogloeomycetes	o__Spiculogloeales	f__Spiculogloeaceae	3e-04
g__Pseudowrightoporia	k__Fungi	p__Basidiomycota	c__Agaricomycetes	o__Russulales	f__Hericiaceae	3e-04
g__Ramaricium	k__Fungi	p__Basidiomycota	c__Agaricomycetes	o__Gomphales	f__Gomphaceae	3e-04
g__Robillarda	k__Fungi	p__Ascomycota	c__Sordariomycetes	o__Amphisphaeriales	f__Sporocadaceae	3e-04
g__Schizoporaceae_gen_Incertae_sedis	k__Fungi	p__Basidiomycota	c__Agaricomycetes	o__Hymenochaetales	f__Schizoporaceae	3e-04
g__Sechium	k__Viridiplantae	p__Anthophyta	c__Eudicotyledonae	o__Cucurbitales	f__Cucurbitaceae	3e-04
g__Skeletocutis	k__Fungi	p__Basidiomycota	c__Agaricomycetes	o__Polyporales	f__Incrustoporiaceae	3e-04
g__Spizellomycetales_gen_Incertae_sedis	k__Fungi	p__Chytridiomycota	c__Spizellomycetes	o__Spizellomycetales	f__Spizellomycetales_fam_Incertae_sedis	3e-04
g__Sterkiella	k__Alveolata	p__Ciliophora	c__Spirotrichea	o__Sporadotrichida	f__Oxytrichidae	3e-04
g__Stolonocarpus	k__Fungi	p__Ascomycota	c__Sordariomycetes	o__Sordariales	f__Chaetomiaceae	3e-04
g__Terminalia	k__Viridiplantae	p__Anthophyta	c__Eudicotyledonae	o__Myrtales	f__Combretaceae	3e-04
g__Tetracystis	k__Viridiplantae	p__Chlorophyta	c__Chlorophyceae	o__Chlamydomonadales	f__Chlorococcaceae	3e-04
g__Teunomyces	k__Fungi	p__Ascomycota	c__Saccharomycetes	o__Saccharomycetales	f__Saccharomycetales_fam_Incertae_sedis	3e-04
g__Tilia	k__Viridiplantae	p__Anthophyta	c__Eudicotyledonae	o__Malvales	f__Malvaceae	3e-04
g__Tricellula	k__Fungi	p__Ascomycota	c__Pezizomycotina_cls_Incertae_sedis	o__Pezizomycotina_ord_Incertae_sedis	f__Pezizomycotina_fam_Incertae_sedis	3e-04
g__Tulasnellaceae_gen_Incertae_sedis	k__Fungi	p__Basidiomycota	c__Agaricomycetes	o__Cantharellales	f__Tulasnellaceae	3e-04
g__Typhula	k__Fungi	p__Basidiomycota	c__Agaricomycetes	o__Agaricales	f__Typhulaceae	3e-04
g__Ustilaginoidea	k__Fungi	p__Ascomycota	c__Sordariomycetes	o__Hypocreales	f__Clavicipitaceae	3e-04
g__Varicosporellopsis	k__Fungi	p__Ascomycota	c__Sordariomycetes	o__Hypocreales	f__Nectriaceae	3e-04
g__Albifimbria	k__Fungi	p__Ascomycota	c__Sordariomycetes	o__Hypocreales	f__Stachybotryaceae	2e-04
g__Alfaria	k__Fungi	p__Ascomycota	c__Sordariomycetes	o__Hypocreales	f__Stachybotryaceae	2e-04
g__Alloacremonium	k__Fungi	p__Ascomycota	c__Sordariomycetes	o__Hypocreales	f__Bionectriaceae	2e-04
g__Ampelomyces	k__Fungi	p__Ascomycota	c__Dothideomycetes	o__Pleosporales	f__Phaeosphaeriaceae	2e-04
g__Angelica	k__Viridiplantae	p__Anthophyta	c__Eudicotyledonae	o__Apiales	f__Apiaceae	2e-04
g__Anthophyta_gen_Incertae_sedis	k__Viridiplantae	p__Anthophyta	c__Anthophyta_cls_Incertae_sedis	o__Anthophyta_ord_Incertae_sedis	f__Anthophyta_fam_Incertae_sedis	2e-04
g__Arachnopeziza	k__Fungi	p__Ascomycota	c__Leotiomycetes	o__Helotiales	f__Arachnopezizaceae	2e-04
g__Ascochyta	k__Fungi	p__Ascomycota	c__Dothideomycetes	o__Pleosporales	f__Didymellaceae	2e-04
g__Avena	k__Viridiplantae	p__Anthophyta	c__Monocotyledonae	o__Poales	f__Poaceae	2e-04
g__Azadirachta	k__Viridiplantae	p__Anthophyta	c__Eudicotyledonae	o__Sapindales	f__Meliaceae	2e-04
g__Begerowomyces	k__Fungi	p__Basidiomycota	c__Cystobasidiomycetes	o__Cystobasidiales	f__Cystobasidiales_fam_Incertae_sedis	2e-04
g__Bezerromyces	k__Fungi	p__Ascomycota	c__Dothideomycetes	o__Tubeufiales	f__Bezerromycetaceae	2e-04
g__Bicornispora	k__Fungi	p__Ascomycota	c__Leotiomycetes	o__Helotiales	f__Rutstroemiaceae	2e-04
g__Boletales_gen_Incertae_sedis	k__Fungi	p__Basidiomycota	c__Agaricomycetes	o__Boletales	f__Boletales_fam_Incertae_sedis	2e-04
g__Bullanockia	k__Fungi	p__Ascomycota	c__Sordariomycetes	o__Hypocreales	f__Bionectriaceae	2e-04
g__Carlosrosaea	k__Fungi	p__Basidiomycota	c__Tremellomycetes	o__Tremellales	f__Trimorphomycetaceae	2e-04
g__Ceratosphaeria	k__Fungi	p__Ascomycota	c__Sordariomycetes	o__Magnaporthales	f__Ceratosphaeriaceae	2e-04
g__Choanephora	k__Fungi	p__Mucoromycota	c__Mucoromycetes	o__Mucorales	f__Choanephoraceae	2e-04
g__Chrysosporium	k__Fungi	p__Ascomycota	c__Eurotiomycetes	o__Onygenales	f__Onygenaceae	2e-04
g__Clethra	k__Viridiplantae	p__Anthophyta	c__Eudicotyledonae	o__Ericales	f__Clethraceae	2e-04
g__Coccomyxa	k__Viridiplantae	p__Chlorophyta	c__Chlorophyceae	o__Chlamydomonadales	f__Coccomyxaceae	2e-04
g__Corticiaceae_gen_Incertae_sedis	k__Fungi	p__Basidiomycota	c__Agaricomycetes	o__Corticiales	f__Corticiaceae	2e-04
g__Crepis	k__Viridiplantae	p__Anthophyta	c__Eudicotyledonae	o__Asterales	f__Asteraceae	2e-04
g__Cryptotrichosporon	k__Fungi	p__Basidiomycota	c__Tremellomycetes	o__Trichosporonales	f__Tetragoniomycetaceae	2e-04
g__Diaporthaceae_gen_Incertae_sedis	k__Fungi	p__Ascomycota	c__Sordariomycetes	o__Diaporthales	f__Diaporthaceae	2e-04
g__Dictyosporella	k__Fungi	p__Ascomycota	c__Sordariomycetes	o__Sordariomycetes_ord_Incertae_sedis	f__Junewangiaceae	2e-04
g__Discula	k__Fungi	p__Ascomycota	c__Sordariomycetes	o__Diaporthales	f__Gnomoniaceae	2e-04
g__Effuseotrichosporon	k__Fungi	p__Basidiomycota	c__Tremellomycetes	o__Trichosporonales	f__Trichosporonaceae	2e-04
g__Entomortierella	k__Fungi	p__Mortierellomycota	c__Mortierellomycetes	o__Mortierellales	f__Mortierellaceae	2e-04
g__Eruca	k__Viridiplantae	p__Anthophyta	c__Eudicotyledonae	o__Brassicales	f__Brassicaceae	2e-04
g__Eucheuma	k__Rhodoplantae	p__Rhodophyta	c__Florideophyceae	o__Gigartinales	f__Solieriaceae	2e-04
g__Festuca	k__Viridiplantae	p__Anthophyta	c__Monocotyledonae	o__Poales	f__Poaceae	2e-04
g__Fomitopsidaceae_gen_Incertae_sedis	k__Fungi	p__Basidiomycota	c__Agaricomycetes	o__Polyporales	f__Fomitopsidaceae	2e-04
g__Fragaria	k__Viridiplantae	p__Anthophyta	c__Eudicotyledonae	o__Rosales	f__Rosaceae	2e-04
g__Funiliomyces	k__Fungi	p__Ascomycota	c__Sordariomycetes	o__Amphisphaeriales	f__Amphisphaeriaceae	2e-04
g__Helotiales_gen_Incertae_sedis	k__Fungi	p__Ascomycota	c__Leotiomycetes	o__Helotiales	f__Helotiales_fam_Incertae_sedis	2e-04
g__Hydrangea	k__Viridiplantae	p__Anthophyta	c__Eudicotyledonae	o__Cornales	f__Hydrangeaceae	2e-04
g__Hymenochaetales_gen_Incertae_sedis	k__Fungi	p__Basidiomycota	c__Agaricomycetes	o__Hymenochaetales	f__Hymenochaetales_fam_Incertae_sedis	2e-04
g__Infundichalara	k__Fungi	p__Ascomycota	c__Leotiomycetes	o__Helotiales	f__Helotiales_fam_Incertae_sedis	2e-04
g__Kluyveromyces	k__Fungi	p__Ascomycota	c__Saccharomycetes	o__Saccharomycetales	f__Saccharomycetaceae	2e-04
g__Leptosillia	k__Fungi	p__Ascomycota	c__Sordariomycetes	o__Xylariales	f__Leptosilliaceae	2e-04
g__Litchi	k__Viridiplantae	p__Anthophyta	c__Eudicotyledonae	o__Sapindales	f__Sapindaceae	2e-04
g__Meruliopsis	k__Fungi	p__Basidiomycota	c__Agaricomycetes	o__Polyporales	f__Irpicaceae	2e-04
g__Micropsalliota	k__Fungi	p__Basidiomycota	c__Agaricomycetes	o__Agaricales	f__Agaricaceae	2e-04
g__Myrmecridium	k__Fungi	p__Ascomycota	c__Sordariomycetes	o__Myrmecridiales	f__Myrmecridiaceae	2e-04
g__Nakazawaea	k__Fungi	p__Ascomycota	c__Saccharomycetes	o__Saccharomycetales	f__Saccharomycetales_fam_Incertae_sedis	2e-04
g__Neohortaea	k__Fungi	p__Ascomycota	c__Dothideomycetes	o__Mycosphaerellales	f__Mycosphaerellales_fam_Incertae_sedis	2e-04
g__Neokalmusia	k__Fungi	p__Ascomycota	c__Dothideomycetes	o__Pleosporales	f__Didymosphaeriaceae	2e-04
g__Oxydothis	k__Fungi	p__Ascomycota	c__Sordariomycetes	o__Amphisphaeriales	f__Oxydothidaceae	2e-04
g__Phaeoacremonium	k__Fungi	p__Ascomycota	c__Sordariomycetes	o__Togniniales	f__Togniniaceae	2e-04
g__Platygloeales_gen_Incertae_sedis	k__Fungi	p__Basidiomycota	c__Pucciniomycetes	o__Platygloeales	f__Platygloeales_fam_Incertae_sedis	2e-04
g__Pouzolzia	k__Viridiplantae	p__Anthophyta	c__Eudicotyledonae	o__Rosales	f__Urticaceae	2e-04
g__Psathyrellaceae_gen_Incertae_sedis	k__Fungi	p__Basidiomycota	c__Agaricomycetes	o__Agaricales	f__Psathyrellaceae	2e-04
g__Psidium	k__Viridiplantae	p__Anthophyta	c__Eudicotyledonae	o__Myrtales	f__Myrtaceae	2e-04
g__Pyrenopeziza	k__Fungi	p__Ascomycota	c__Leotiomycetes	o__Helotiales	f__Ploettnerulaceae	2e-04
g__Rhodoveronaea	k__Fungi	p__Ascomycota	c__Sordariomycetes	o__Diaporthomycetidae_ord_Incertae_sedis	f__Rhamphoriaceae	2e-04
g__Rosellinia	k__Fungi	p__Ascomycota	c__Sordariomycetes	o__Xylariales	f__Xylariaceae	2e-04
g__Roussoella	k__Fungi	p__Ascomycota	c__Dothideomycetes	o__Pleosporales	f__Roussoellaceae	2e-04
g__Saccharomycopsis	k__Fungi	p__Ascomycota	c__Saccharomycetes	o__Saccharomycetales	f__Saccharomycopsidaceae	2e-04
g__Scenedesmus	k__Viridiplantae	p__Chlorophyta	c__Chlorophyceae	o__Sphaeropleales	f__Scenedesmaceae	2e-04
g__Setigeroclavula	k__Fungi	p__Basidiomycota	c__Agaricomycetes	o__Agaricales	f__Clavariaceae	2e-04
g__Simocybe	k__Fungi	p__Basidiomycota	c__Agaricomycetes	o__Agaricales	f__Crepidotaceae	2e-04
g__Simplicidiella	k__Fungi	p__Ascomycota	c__Dothideomycetes	o__Mycosphaerellales	f__Teratosphaeriaceae	2e-04
g__Slooffia	k__Fungi	p__Basidiomycota	c__Microbotryomycetes	o__Microbotryomycetes_ord_Incertae_sedis	f__Microbotryomycetes_fam_Incertae_sedis	2e-04
g__Spongiochloris	k__Viridiplantae	p__Chlorophyta	c__Chlorophyceae	o__Chlamydomonadales	f__Chlorococcaceae	2e-04
g__Strelitziana	k__Fungi	p__Ascomycota	c__Eurotiomycetes	o__Chaetothyriales	f__Trichomeriaceae	2e-04
g__Tilachlidiaceae_gen_Incertae_sedis	k__Fungi	p__Ascomycota	c__Sordariomycetes	o__Hypocreales	f__Tilachlidiaceae	2e-04
g__Tilachlidium	k__Fungi	p__Ascomycota	c__Sordariomycetes	o__Hypocreales	f__Tilachlidiaceae	2e-04
g__Tranzscheliella	k__Fungi	p__Basidiomycota	c__Ustilaginomycetes	o__Ustilaginales	f__Ustilaginaceae	2e-04
g__Violaceomyces	k__Fungi	p__Basidiomycota	c__Ustilaginomycetes	o__Violaceomycetales	f__Violaceomycetaceae	2e-04
g__Virosphaerella	k__Fungi	p__Ascomycota	c__Dothideomycetes	o__Mycosphaerellales	f__Mycosphaerellaceae	2e-04
g__Wilsoniana	k__Stramenopila	p__Oomycota	c__Oomycetes	o__Albuginales	f__Albuginaceae	2e-04
g__Xenoteratosphaeria	k__Fungi	p__Ascomycota	c__Dothideomycetes	o__Mycosphaerellales	f__Teratosphaeriaceae	2e-04
g__Xepicula	k__Fungi	p__Ascomycota	c__Sordariomycetes	o__Hypocreales	f__Stachybotryaceae	2e-04
g__Acidiella	k__Fungi	p__Ascomycota	c__Dothideomycetes	o__Mycosphaerellales	f__Teratosphaeriaceae	1e-04
g__Acrodontium	k__Fungi	p__Ascomycota	c__Dothideomycetes	o__Mycosphaerellales	f__Teratosphaeriaceae	1e-04
g__Actinomucor	k__Fungi	p__Mucoromycota	c__Mucoromycetes	o__Mucorales	f__Mucoraceae	1e-04
g__Akenomyces	k__Fungi	p__Basidiomycota	c__Agaricomycetes	o__Agaricomycetes_ord_Incertae_sedis	f__Agaricomycetes_fam_Incertae_sedis	1e-04
g__Alopecurus	k__Viridiplantae	p__Anthophyta	c__Monocotyledonae	o__Poales	f__Poaceae	1e-04
g__Amaranthus	k__Viridiplantae	p__Anthophyta	c__Eudicotyledonae	o__Caryophyllales	f__Amaranthaceae	1e-04
g__Angustimassarina	k__Fungi	p__Ascomycota	c__Dothideomycetes	o__Pleosporales	f__Amorosiaceae	1e-04
g__Berkeleyomyces	k__Fungi	p__Ascomycota	c__Sordariomycetes	o__Microascales	f__Ceratocystidaceae	1e-04
g__Bidens	k__Viridiplantae	p__Anthophyta	c__Eudicotyledonae	o__Asterales	f__Asteraceae	1e-04
g__Botryotrichum	k__Fungi	p__Ascomycota	c__Sordariomycetes	o__Sordariales	f__Chaetomiaceae	1e-04
g__Calyptella	k__Fungi	p__Basidiomycota	c__Agaricomycetes	o__Agaricales	f__Agaricales_fam_Incertae_sedis	1e-04
g__Campanella	k__Fungi	p__Basidiomycota	c__Agaricomycetes	o__Agaricales	f__Marasmiaceae	1e-04
g__Carcinomyces	k__Fungi	p__Basidiomycota	c__Tremellomycetes	o__Tremellales	f__Carcinomycetaceae	1e-04
g__Carpinus	k__Viridiplantae	p__Anthophyta	c__Eudicotyledonae	o__Fagales	f__Betulaceae	1e-04
g__Castanediella	k__Fungi	p__Ascomycota	c__Sordariomycetes	o__Amphisphaeriales	f__Castanediellaceae	1e-04
g__Catenulostroma	k__Fungi	p__Ascomycota	c__Dothideomycetes	o__Mycosphaerellales	f__Teratosphaeriaceae	1e-04
g__Cephaliophora	k__Fungi	p__Ascomycota	c__Pezizomycetes	o__Pezizales	f__Ascodesmidaceae	1e-04
g__Chenopodium	k__Viridiplantae	p__Anthophyta	c__Eudicotyledonae	o__Caryophyllales	f__Amaranthaceae	1e-04
g__Chlorella	k__Viridiplantae	p__Chlorophyta	c__Trebouxiophyceae	o__Chlorellales	f__Chlorellaceae	1e-04
g__Chromelosporium	k__Fungi	p__Ascomycota	c__Pezizomycetes	o__Pezizales	f__Pezizaceae	1e-04
g__Chromochloris	k__Viridiplantae	p__Chlorophyta	c__Chlorophyceae	o__Sphaeropleales	f__Bracteacoccaceae	1e-04
g__Chrysophyceae_gen_Incertae_sedis	k__Stramenopila	p__Ochrophyta	c__Chrysophyceae	o__Chrysophyceae_ord_Incertae_sedis	f__Chrysophyceae_fam_Incertae_sedis	1e-04
g__Cicer	k__Viridiplantae	p__Anthophyta	c__Eudicotyledonae	o__Fabales	f__Fabaceae	1e-04
g__Clinopodium	k__Viridiplantae	p__Anthophyta	c__Eudicotyledonae	o__Lamiales	f__Lamiaceae	1e-04
g__Collybiopsis	k__Fungi	p__Basidiomycota	c__Agaricomycetes	o__Agaricales	f__Omphalotaceae	1e-04
g__Conlarium	k__Fungi	p__Ascomycota	c__Sordariomycetes	o__Atractosporales	f__Conlariaceae	1e-04
g__Conocybe	k__Fungi	p__Basidiomycota	c__Agaricomycetes	o__Agaricales	f__Bolbitiaceae	1e-04
g__Crustoderma	k__Fungi	p__Basidiomycota	c__Agaricomycetes	o__Polyporales	f__Sparassidaceae	1e-04
g__Cyclotella	k__Stramenopila	p__Ochrophyta	c__Bacillariophyceae	o__Thalassiosirales	f__Stephanodiscaceae	1e-04
g__Cylindroaseptospora	k__Fungi	p__Ascomycota	c__Dothideomycetes	o__Pleosporales	f__Didymosphaeriaceae	1e-04
g__Cymbopogon	k__Viridiplantae	p__Anthophyta	c__Monocotyledonae	o__Poales	f__Poaceae	1e-04
g__Cyphellaceae_gen_Incertae_sedis	k__Fungi	p__Basidiomycota	c__Agaricomycetes	o__Agaricales	f__Cyphellaceae	1e-04
g__Dacryobolus	k__Fungi	p__Basidiomycota	c__Agaricomycetes	o__Polyporales	f__Dacryobolaceae	1e-04
g__Digitaria	k__Viridiplantae	p__Anthophyta	c__Monocotyledonae	o__Poales	f__Poaceae	1e-04
g__Dinemasporium	k__Fungi	p__Ascomycota	c__Sordariomycetes	o__Chaetosphaeriales	f__Chaetosphaeriaceae	1e-04
g__Dittrichia	k__Viridiplantae	p__Anthophyta	c__Eudicotyledonae	o__Asterales	f__Asteraceae	1e-04
g__Edenia	k__Fungi	p__Ascomycota	c__Dothideomycetes	o__Pleosporales	f__Phaeosphaeriaceae	1e-04
g__Elatostema	k__Viridiplantae	p__Anthophyta	c__Eudicotyledonae	o__Rosales	f__Urticaceae	1e-04
g__Eremascus	k__Fungi	p__Ascomycota	c__Eurotiomycetes	o__Coryneliales	f__Eremascaceae	1e-04
g__Eriosporella	k__Fungi	p__Ascomycota	c__Dothideomycetes	o__Capnodiales	f__Capnodiales_fam_Incertae_sedis	1e-04
g__Extremus	k__Fungi	p__Ascomycota	c__Dothideomycetes	o__Mycosphaerellales	f__Extremaceae	1e-04
g__Ficus	k__Viridiplantae	p__Anthophyta	c__Eudicotyledonae	o__Rosales	f__Moraceae	1e-04
g__Flavoplaca	k__Fungi	p__Ascomycota	c__Lecanoromycetes	o__Teloschistales	f__Teloschistaceae	1e-04
g__Galium	k__Viridiplantae	p__Anthophyta	c__Eudicotyledonae	o__Gentianales	f__Rubiaceae	1e-04
g__Glomosporium	k__Fungi	p__Basidiomycota	c__Ustilaginomycetes	o__Urocystidales	f__Glomosporiaceae	1e-04
g__Heinemannomyces	k__Fungi	p__Basidiomycota	c__Agaricomycetes	o__Agaricales	f__Agaricaceae	1e-04
g__Henningsomyces	k__Fungi	p__Basidiomycota	c__Agaricomycetes	o__Agaricales	f__Agaricales_fam_Incertae_sedis	1e-04
g__Hericiaceae_gen_Incertae_sedis	k__Fungi	p__Basidiomycota	c__Agaricomycetes	o__Russulales	f__Hericiaceae	1e-04
g__Holcus	k__Viridiplantae	p__Anthophyta	c__Monocotyledonae	o__Poales	f__Poaceae	1e-04
g__Hyweljonesia	k__Fungi	p__Ascomycota	c__Dothideomycetes	o__Mycosphaerellales	f__Teratosphaeriaceae	1e-04
g__Kappaphycus	k__Rhodoplantae	p__Rhodophyta	c__Florideophyceae	o__Gigartinales	f__Solieriaceae	1e-04
g__Lachancea	k__Fungi	p__Ascomycota	c__Saccharomycetes	o__Saccharomycetales	f__Saccharomycetaceae	1e-04
g__Lagenidium	k__Stramenopila	p__Oomycota	c__Oomycetes	o__Pythiales	f__Pythiaceae	1e-04
g__Langdonia	k__Fungi	p__Basidiomycota	c__Ustilaginomycetes	o__Ustilaginales	f__Ustilaginaceae	1e-04
g__Lavandula	k__Viridiplantae	p__Anthophyta	c__Eudicotyledonae	o__Lamiales	f__Lamiaceae	1e-04
g__Lichtheimia	k__Fungi	p__Mucoromycota	c__Mucoromycetes	o__Mucorales	f__Lichtheimiaceae	1e-04
g__Lycoperdaceae_gen_Incertae_sedis	k__Fungi	p__Basidiomycota	c__Agaricomycetes	o__Agaricales	f__Lycoperdaceae	1e-04
g__Mercurialis	k__Viridiplantae	p__Anthophyta	c__Eudicotyledonae	o__Malpighiales	f__Euphorbiaceae	1e-04
g__Mesembryanthemum	k__Viridiplantae	p__Anthophyta	c__Eudicotyledonae	o__Caryophyllales	f__Aizoaceae	1e-04
g__Mirabilis	k__Viridiplantae	p__Anthophyta	c__Eudicotyledonae	o__Caryophyllales	f__Nyctaginaceae	1e-04
g__Mortierella	k__Fungi	p__Mortierellomycota	c__Mortierellomycetes	o__Mortierellales	f__Mortierellaceae	1e-04
g__Mychonastes	k__Viridiplantae	p__Chlorophyta	c__Chlorophyceae	o__Chlamydomonadales	f__Scotiellocystoidaceae	1e-04
g__Mycocentrospora	k__Fungi	p__Ascomycota	c__Dothideomycetes	o__Pleosporales	f__Dothidotthiaceae	1e-04
g__Naumovozyma	k__Fungi	p__Ascomycota	c__Saccharomycetes	o__Saccharomycetales	f__Saccharomycetaceae	1e-04
g__Neoceratosperma	k__Fungi	p__Ascomycota	c__Dothideomycetes	o__Mycosphaerellales	f__Mycosphaerellaceae	1e-04
g__Neometulocladosporiella	k__Fungi	p__Ascomycota	c__Leotiomycetes	o__Helotiales	f__Rutstroemiaceae	1e-04
g__Neonothopanus	k__Fungi	p__Basidiomycota	c__Agaricomycetes	o__Agaricales	f__Omphalotaceae	1e-04
g__Nepeta	k__Viridiplantae	p__Anthophyta	c__Eudicotyledonae	o__Lamiales	f__Lamiaceae	1e-04
g__Niaceae_gen_Incertae_sedis	k__Fungi	p__Basidiomycota	c__Agaricomycetes	o__Agaricales	f__Niaceae	1e-04
g__Niesslia	k__Fungi	p__Ascomycota	c__Sordariomycetes	o__Hypocreales	f__Niessliaceae	1e-04
g__Nivellea	k__Viridiplantae	p__Anthophyta	c__Eudicotyledonae	o__Asterales	f__Asteraceae	1e-04
g__Nodulisporium	k__Fungi	p__Ascomycota	c__Sordariomycetes	o__Xylariales	f__Xylariaceae	1e-04
g__Odontia	k__Fungi	p__Basidiomycota	c__Agaricomycetes	o__Thelephorales	f__Thelephoraceae	1e-04
g__Oryza	k__Viridiplantae	p__Anthophyta	c__Monocotyledonae	o__Poales	f__Poaceae	1e-04
g__Panicum	k__Viridiplantae	p__Anthophyta	c__Monocotyledonae	o__Poales	f__Poaceae	1e-04
g__Papaver	k__Viridiplantae	p__Anthophyta	c__Eudicotyledonae	o__Ranunculales	f__Papaveraceae	1e-04
g__Paraphoma	k__Fungi	p__Ascomycota	c__Dothideomycetes	o__Pleosporales	f__Phaeosphaeriaceae	1e-04
g__Parasola	k__Fungi	p__Basidiomycota	c__Agaricomycetes	o__Agaricales	f__Psathyrellaceae	1e-04
g__Parateratosphaeria	k__Fungi	p__Ascomycota	c__Dothideomycetes	o__Mycosphaerellales	f__Teratosphaeriaceae	1e-04
g__Passalora	k__Fungi	p__Ascomycota	c__Dothideomycetes	o__Mycosphaerellales	f__Mycosphaerellaceae	1e-04
g__Peziza	k__Fungi	p__Ascomycota	c__Pezizomycetes	o__Pezizales	f__Pezizaceae	1e-04
g__Pholiota	k__Fungi	p__Basidiomycota	c__Agaricomycetes	o__Agaricales	f__Strophariaceae	1e-04
g__Poupartia	k__Viridiplantae	p__Anthophyta	c__Eudicotyledonae	o__Sapindales	f__Anacardiaceae	1e-04
g__Printzina	k__Viridiplantae	p__Chlorophyta	c__Ulvophyceae	o__Trentepohliales	f__Trentepohliaceae	1e-04
g__Protomyces	k__Fungi	p__Ascomycota	c__Taphrinomycetes	o__Taphrinales	f__Protomycetaceae	1e-04
g__Pseudomonodictys	k__Fungi	p__Ascomycota	c__Dothideomycetes	o__Pleosporales	f__Parabambusicolaceae	1e-04
g__Pyrenochaeta	k__Fungi	p__Ascomycota	c__Dothideomycetes	o__Pleosporales	f__Cucurbitariaceae	1e-04
g__Pythium	k__Stramenopila	p__Oomycota	c__Oomycetes	o__Pythiales	f__Pythiaceae	1e-04
g__Quasiphlebia	k__Fungi	p__Basidiomycota	c__Agaricomycetes	o__Polyporales	f__Phanerochaetaceae	1e-04
g__Rhododendron	k__Viridiplantae	p__Anthophyta	c__Eudicotyledonae	o__Ericales	f__Ericaceae	1e-04
g__Rhodonia	k__Fungi	p__Basidiomycota	c__Agaricomycetes	o__Polyporales	f__Polyporales_fam_Incertae_sedis	1e-04
g__Roseograndinia	k__Fungi	p__Basidiomycota	c__Agaricomycetes	o__Polyporales	f__Polyporales_fam_Incertae_sedis	1e-04
g__Saprochaete	k__Fungi	p__Ascomycota	c__Saccharomycetes	o__Saccharomycetales	f__Dipodascaceae	1e-04
g__Scheffersomyces	k__Fungi	p__Ascomycota	c__Saccharomycetes	o__Saccharomycetales	f__Debaryomycetaceae	1e-04
g__Septobasidium	k__Fungi	p__Basidiomycota	c__Pucciniomycetes	o__Septobasidiales	f__Septobasidiaceae	1e-04
g__Spongospora	k__Rhizaria	p__Endomyxa	c__Phytomyxea	o__Plasmodiophorida	f__Plasmodiophoridae	1e-04
g__Srinivasanomyces	k__Fungi	p__Ascomycota	c__Leotiomycetes	o__Helotiales	f__Vibrisseaceae	1e-04
g__Stypella	k__Fungi	p__Basidiomycota	c__Agaricomycetes	o__Auriculariales	f__Hyaloriaceae	1e-04
g__Thelephora	k__Fungi	p__Basidiomycota	c__Agaricomycetes	o__Thelephorales	f__Thelephoraceae	1e-04
g__Tremateia	k__Fungi	p__Ascomycota	c__Dothideomycetes	o__Pleosporales	f__Didymosphaeriaceae	1e-04
g__Trichaptum	k__Fungi	p__Basidiomycota	c__Agaricomycetes	o__Hymenochaetales	f__Hymenochaetales_fam_Incertae_sedis	1e-04
g__Urostylida_gen_Incertae_sedis	k__Alveolata	p__Ciliophora	c__Spirotrichea	o__Urostylida	f__Urostylida_fam_Incertae_sedis	1e-04
g__Verticillium	k__Fungi	p__Ascomycota	c__Sordariomycetes	o__Glomerellales	f__Plectosphaerellaceae	1e-04
g__Vicia	k__Viridiplantae	p__Anthophyta	c__Eudicotyledonae	o__Fabales	f__Fabaceae	1e-04
g__Xenoanthostomella	k__Fungi	p__Ascomycota	c__Sordariomycetes	o__Xylariales	f__Xylariales_fam_Incertae_sedis	1e-04
g__Zoysia	k__Viridiplantae	p__Anthophyta	c__Monocotyledonae	o__Poales	f__Poaceae	1e-04
g__Aegilops	k__Viridiplantae	p__Anthophyta	c__Monocotyledonae	o__Poales	f__Poaceae	0
g__Alpinia	k__Viridiplantae	p__Anthophyta	c__Monocotyledonae	o__Zingiberales	f__Zingiberaceae	0
g__Castanea	k__Viridiplantae	p__Anthophyta	c__Eudicotyledonae	o__Fagales	f__Fagaceae	0
g__Chloroidium	k__Viridiplantae	p__Chlorophyta	c__Trebouxiophyceae	o__Chlorellales	f__Oocystaceae	0
g__Cirsium	k__Viridiplantae	p__Anthophyta	c__Eudicotyledonae	o__Asterales	f__Asteraceae	0
g__Colpoda	k__Alveolata	p__Ciliophora	c__Colpodea	o__Colpodida	f__Colpodidae	0
g__Cosmospora	k__Fungi	p__Ascomycota	c__Sordariomycetes	o__Hypocreales	f__Nectriaceae	0
g__Crepidotaceae_gen_Incertae_sedis	k__Fungi	p__Basidiomycota	c__Agaricomycetes	o__Agaricales	f__Crepidotaceae	0
g__Cylindrocladiella	k__Fungi	p__Ascomycota	c__Sordariomycetes	o__Hypocreales	f__Nectriaceae	0
g__Cyperus	k__Viridiplantae	p__Anthophyta	c__Monocotyledonae	o__Poales	f__Cyperaceae	0
g__Delfinachytrium	k__Fungi	p__Chytridiomycota	c__Chytridiomycetes	o__Chytridiales	f__Chytridiales_fam_Incertae_sedis	0
g__Dinophyta_gen_Incertae_sedis	k__Alveolata	p__Dinophyta	c__Dinophyta_cls_Incertae_sedis	o__Dinophyta_ord_Incertae_sedis	f__Dinophyta_fam_Incertae_sedis	0
g__Enallax	k__Viridiplantae	p__Chlorophyta	c__Chlorophyceae	o__Sphaeropleales	f__Scenedesmaceae	0
g__Floricola	k__Fungi	p__Ascomycota	c__Dothideomycetes	o__Pleosporales	f__Teichosporaceae	0
g__Goffeauzyma	k__Fungi	p__Basidiomycota	c__Tremellomycetes	o__Filobasidiales	f__Filobasidiaceae	0
g__Haematococcus	k__Viridiplantae	p__Chlorophyta	c__Chlorophyceae	o__Volvocales	f__Haematococcaceae	0
g__Helminthotheca	k__Viridiplantae	p__Anthophyta	c__Eudicotyledonae	o__Asterales	f__Asteraceae	0
g__Kalmanozyma	k__Fungi	p__Basidiomycota	c__Ustilaginomycetes	o__Ustilaginales	f__Ustilaginaceae	0
g__Leptosporomyces	k__Fungi	p__Basidiomycota	c__Agaricomycetes	o__Atheliales	f__Byssocorticiaceae	0
g__Lindtneria	k__Fungi	p__Basidiomycota	c__Agaricomycetes	o__Agaricales	f__Stephanosporaceae	0
g__Micractinium	k__Viridiplantae	p__Chlorophyta	c__Trebouxiophyceae	o__Chlorellales	f__Chlorellaceae	0
g__Microascus	k__Fungi	p__Ascomycota	c__Sordariomycetes	o__Microascales	f__Microascaceae	0
g__Moreaua	k__Fungi	p__Basidiomycota	c__Ustilaginomycetes	o__Ustilaginales	f__Anthracoideaceae	0
g__Neochloris	k__Viridiplantae	p__Chlorophyta	c__Chlorophyceae	o__Sphaeropleales	f__Neochloridaceae	0
g__Paracylindrocarpon	k__Fungi	p__Ascomycota	c__Sordariomycetes	o__Hypocreales	f__Bionectriaceae	0
g__Phytophthora	k__Stramenopila	p__Oomycota	c__Oomycetes	o__Peronosporales	f__Peronosporaceae	0
g__Platanus	k__Viridiplantae	p__Anthophyta	c__Eudicotyledonae	o__Proteales	f__Platanaceae	0
g__Plectania	k__Fungi	p__Ascomycota	c__Pezizomycetes	o__Pezizales	f__Sarcosomataceae	0
g__Podoscypha	k__Fungi	p__Basidiomycota	c__Agaricomycetes	o__Polyporales	f__Podoscyphaceae	0
g__Pseudozasmidium	k__Fungi	p__Ascomycota	c__Dothideomycetes	o__Mycosphaerellales	f__Mycosphaerellaceae	0
g__Selenastraceae_gen_Incertae_sedis	k__Viridiplantae	p__Chlorophyta	c__Chlorophyceae	o__Sphaeropleales	f__Selenastraceae	0
g__Symbiochloris	k__Viridiplantae	p__Chlorophyta	c__Trebouxiophyceae	o__Trebouxiales	f__Trebouxiaceae	0
